PART#,TX,PRICE
3310001,0,45.27
3310002,0,43
3310003,0,30.95
3310004,2,42.77
3310005,3,30.18
3310006,6,21.24
3310007,9,26.58
3310008,14,50.26
3310009,4,39.32
3310010,5,32.62
3310011,5,48.59
3310012,6,33.97
3310013,0,25.22
3310014,0,51.83
3310015,5,22.03
3310016,2,50.76
3310019,0,61.25
3310020,7,52.32
3310022,0,39.87
3310023,0,35.56
3310024,7,27.17
3310025,0,32.42
3310026,0,119.91
3310027,0,40.66
3310028,2,24.42
3310029,7,40.84
3310030,6,88.88
3310031,0,34.01
3310032,5,55.32
3310033,13,32.26
3310034,3,23.17
3310035,6,26.37
3310037,4,37.93
3310038,4,32.08
3310039,23,35.16
3310040,2,32.38
3310041,5,35.12
3310042,0,23.71
3310043,2,38.74
3310044,0,62.47
3310045,2,48.05
3310047,4,50.26
3310048,1,29.63
3310049,0,41.56
3310050,2,29.44
3310051,7,31.6
3310052,0,22.85
3310053,3,40.58
3310054,2,30.06
3310057,0,107.83
3310058,4,31.19
3310059,0,60.63
3310060,10,45.48
3310061,0,42.16
3310062,5,66.99
3310063,0,30.47
3310064,0,26.44
3310065,0,24.85
3310066,0,19.57
3310067,0,38.45
3310068,7,77.01
3310069,0,87.2
3310071,0,44.79
3310072,0,33.18
3310073,6,18.27
3310074,0,53.82
3310075,0,55.67
3310076,0,51.47
3310077,0,39.29
3310078,0,97.07
3310079,0,35.32
3310080,9,113.25
3310081,11,117.86
3310082,0,83.81
3310083,0,156.8
3310084,1,118.24
3310085,3,51.94
3310086,4,29.24
3310087,2,44.93
3310088,0,20.68
3310089,0,42.52
3310091,0,24.77
3310092,7,24.94
3310093,3,42.53
3310094,2,48.12
3310095,2,46.95
3310096,8,20.71
3310099,1,37.46
3310100,0,20.87
3310101,2,22.08
3310102,2,75.63
3310104,2,26.56
3310105,0,94.49
3310107,1,48.49
3310108,0,79.94
3310109,0,68.47
3310111,0,63.13
3310112,1,98.12
3310113,0,83.76
3310114,10,176.16
3310116,0,160.64
3310117,6,236.26
3310118,4,147.44
3310120,2,105.64
3310121,0,63.96
3310122,0,28.83
3310123,2,69.73
3310124,0,52.77
3310125,0,43.88
3310126,0,70.33
3310127,3,54.46
3310128,0,5.86
3310129,7,75.14
3310130,4,40.24
3310131,5,23.92
3310132,0,72.46
3310133,0,74.56
3310134,0,86.38
3310135,35,53.21
3310136,8,38.62
3310137,8,22.4
3310138,0,27.49
3310140,0,20.74
3310141,0,10.23
3310142,5,93.26
3310143,0,98.21
3310144,5,20.93
3310145,1,24.26
3310146,4,29.72
3310147,3,20.64
3310148,0,23.77
3310149,1,43.21
3310150,0,72.12
3310151,1,55.4
3310152,0,40.96
3310153,2,31.04
3310154,0,26.28
3310155,0,24.83
3310156,0,25.35
3310157,0,20.92
3310158,0,15.46
3310159,0,62.75
3310160,0,19.29
3310161,0,59.86
3310162,2,50.26
3310163,0,48.42
3310164,1,13.18
3310165,7,13.61
3310166,2,24.23
3310167,19,36.38
3310168,9,31.01
3310169,2,32.47
3310170,0,25.59
3310171,8,18.49
3310172,0,15.37
3310173,0,23.03
3310174,0,21.73
3310175,0,25.02
3310176,0,19.93
3310177,4,83.62
3310178,4,55.67
3310179,1,52.11
3310180,0,71.61
3310181,1,123.79
3310182,2,63.86
3310183,1,58.41
3310184,0,33.86
3310185,2,56.73
3310186,5,117.19
3310187,0,109.61
3310188,0,29.34
3310189,3,87.14
3310190,2,42.32
3310191,0,85.07
3310192,0,61.69
3310193,0,57.87
3310194,0,83.37
3310195,1,78.13
3310196,0,67.47
3310197,0,69.18
3310198,7,11.89
3310199,3,60.18
3310200,7,213.01
3310201,0,116.37
3310202,7,46.39
3310203,0,86.21
3310204,11,33.82
3310205,4,91.55
3310206,4,61.46
3310207,6,88.21
3310208,4,56.18
3310209,0,59.74
3310210,2,36.02
3310211,1,22.68
3310212,0,17.54
3310213,2,20.15
3310214,6,18.65
3310215,0,13.47
3310216,0,19.72
3310217,1,42.75
3310218,0,178.18
3310219,6,22.99
3310220,1,18.34
3310221,0,66.54
3310222,13,47.03
3310223,2,29.26
3310224,0,27.32
3310225,0,23.97
3310226,8,23.24
3310227,0,10.83
3310228,12,115.27
3310229,6,67.62
3310230,0,71.06
3310231,12,21.22
3310232,5,42.52
3310233,5,33.53
3310234,6,21.01
3310235,0,59.91
3310236,2,11.42
3310237,10,20.18
3310238,4,12.77
3310239,1,73.67
3310240,0,34.15
3310243,0,55.06
3310244,0,29.17
3310245,9,16.57
3310246,0,15.11
3310247,3,22.77
3310248,2,49.59
3310249,0,44.07
3310250,1,24.59
3310251,0,32.85
3310252,0,86.43
3310253,2,28.98
3310254,2,29.55
3310255,0,70.12
3310256,5,29.66
3310257,1,57.27
3310258,2,35.76
3310259,0,34.85
3310260,1,48.07
3310261,34,48.17
3310262,0,27.37
3310263,5,24.14
3310264,32,33.22
3310265,0,34.83
3310266,3,11.91
3310267,0,13.57
3310268,0,17.44
3310269,20,38.74
3310270,0,22.55
3310271,4,38.94
3310272,0,55.06
3310273,3,23.09
3310274,6,39.96
3310275,9,38.13
3310276,6,34.88
3310277,1,118.14
3310278,6,11.89
3310279,3,21.53
3310280,0,20.18
3310281,0,20.75
3310282,0,16.92
3310283,0,92.29
3310284,0,74.01
3310285,1,94.23
3310286,4,128.02
3310287,0,158.75
3310288,0,29.95
3310289,0,19.86
3310290,0,26.36
3310291,1,11.91
3310292,4,32.78
3310293,4,53.69
3310294,13,62.17
3310295,5,17.97
3310296,4,191.26
3310297,0,11.46
3310298,0,16.93
3310299,3,20.73
3310300,0,16.55
3310301,0,79.17
3310302,3,21.72
3310303,0,71.69
3310304,0,23.34
3310305,0,17.39
3310306,11,52.08
3310307,0,63.03
3310308,0,18.77
3310309,0,55.36
3310310,0,67.71
3310311,0,56.26
3310312,0,79.23
3310313,3,13.37
3310314,8,13.39
3310315,0,12.38
3310378,0,64.93
3310406,1,#N/A
3310407,3,#N/A
3310408,1,18.91
3310409,0,13.14
3310410,1,36.43
3310411,0,13.22
3310417,6,20.14
3310418,0,38.87
3310432,0,18.95
3310433,1,27.31
3310434,2,13.01
3310435,0,62.02
3310436,0,35.17
3310437,1,71.66
3310438,0,24.14
3310439,2,15.33
3310440,0,14.84
3310442,0,34.62
3310443,0,41.09
3310444,2,59.82
3310445,9,67.81
3310446,5,56.72
3310447,0,47.81
3310448,0,21.97
3310449,5,51.58
3310450,6,37.55
3310451,5,87.87
3310452,4,49.69
3310453,4,50.68
3310454,0,18.62
3310455,0,19.75
3310456,0,18.09
3310457,0,36.89
3310458,3,21.87
3310459,0,73.22
3310460,0,26.95
3310461,8,14.91
3310462,0,78.64
3310463,0,72.07
3310466,0,72.87
3310467,0,66.92
3310468,0,28.41
3310469,0,57.82
3310512,2,25.79
3310519,0,67.54
3310547,1,99.65
3310549,2,23.06
3310550,0,48.85
3310551,2,37.39
3310552,0,53.92
3310553,3,32.68
3310554,0,35.74
3310555,6,38.63
3310556,0,25.22
3310557,0,27
3310558,0,31.19
3310559,0,28.14
3310560,0,47.72
3310561,0,30.18
3310562,0,33.72
3310563,1,24.95
3310564,8,37.15
3310565,5,35.47
3310566,0,52.98
3310567,3,38.45
3310568,4,29.25
3310569,1,47.05
3310570,5,45.63
3310571,6,29.46
3310572,0,38.6
3310573,0,44.79
3310574,1,28.93
3310575,6,32.85
3310576,2,24.75
3310577,0,38.72
3310578,0,37.49
3310579,0,44.21
3310581,2,24.67
3310582,0,36.09
3310583,1,26.21
3310584,0,25.53
3310585,0,35.93
3310586,3,42.61
3310587,1,27.16
3310588,0,27.24
3310594,0,133.96
3310603,6,24.78
3310604,0,41.16
3310605,5,71.8
3310606,4,24.36
3310607,0,24.37
3310608,0,16.25
3310609,7,48.42
3310610,0,24.2
3310611,4,52.68
3310619,0,131.54
3310625,0,30.42
3310632,2,78.91
3310633,0,91.54
3310639,6,122.62
3310640,1,153.03
3310641,1,22.42
3310643,7,111.99
3310645,3,65.19
3310647,0,22.06
3310648,2,13.37
3310649,0,44.17
3310651,0,27.06
3310652,1,30.29
3310653,9,30.53
3310654,1,32.64
3310655,4,34.45
3310656,0,36.81
3310657,2,105.48
3310659,0,42.88
3310660,3,86.6
3310661,0,26.62
3310662,5,81.87
3310664,0,#N/A
3310666,0,104.88
3310671,0,71.12
3310673,0,95.08
3310675,0,24.85
3310676,0,76.87
3310678,3,75.78
3310679,0,44.2
3310681,0,24.01
3310682,0,125.8
3310684,0,71.76
3310685,2,21.44
3310686,0,125.63
3310687,0,84.85
3310688,0,125.09
3310692,0,82.43
3310693,0,34.81
3310694,2,26.27
3310695,0,28.52
3310696,6,101.39
3310697,0,18.94
3310701,6,33.76
3310702,0,24.29
3310713,6,33.38
3310714,0,13.47
3310721,0,28.47
3310724,0,81.04
3310725,1,28.88
3310726,0,32.88
3310727,2,123.31
3310728,2,86.21
3310729,0,31.85
3310730,2,88.45
3310733,0,34.05
3310734,1,98.09
3310735,1,17.18
3310736,3,139.24
3310738,2,123.38
3310739,2,26.62
3310740,3,142.22
3310744,0,24.57
3310745,0,25.42
3310751,1,74.58
3310753,0,25.89
3310754,0,38.18
3310757,0,147.62
3310758,1,69.45
3310760,0,138.2
3310761,0,21.26
3310762,0,90.96
3310763,2,136.46
3310764,0,108.33
3310766,0,25.56
3310767,0,52.07
3360001,5,1.99
3410003,0,19.67
3410004,0,12.86
3410005,0,31.17
3410009,0,17.59
3410013,0,17.83
3410016,0,12.53
3410023,0,39.09
3410026,0,52.13
3410027,0,20.83
3410029,0,11.19
3410030,0,28.72
3410032,0,19.32
3410034,0,14.08
3410035,0,17.57
3410036,0,65.16
3410037,0,34.59
3410038,0,52.13
3410039,0,21.31
3410040,0,29.07
3410041,0,27.37
3410042,0,23.32
3410043,0,19.55
3410044,0,13.67
3410045,0,13.66
3410046,0,61.05
3410047,0,68.42
3410048,0,28.58
3410049,0,26.35
3410050,0,26.56
3410051,0,19.98
3410052,0,25.99
3410053,0,28.83
3410054,0,52.63
3410055,0,32.58
3410056,0,31.21
3410057,0,45.12
3410058,0,38.09
3410059,0,40
3410060,0,27.46
3410061,0,17.56
3410062,0,46.95
3410063,0,23.21
3410064,0,31.92
3410065,0,25.67
3410066,0,30.88
3410067,0,16.17
3410068,0,25.13
3410069,0,16.04
3410070,0,26.24
3410071,0,28.57
3410072,0,24.53
3410073,0,29.59
3410074,0,38.45
3410075,0,36.85
3410076,0,22.08
3410077,0,44.21
3410078,0,13.52
3410079,0,14.91
3410080,0,25.26
3410081,0,17.96
3410082,0,16.84
3410084,0,12.87
3410085,0,21.31
3410086,0,15.14
3410087,0,32.97
3410088,0,20.53
3410089,0,15.14
3410090,0,32.97
3410091,0,16.58
3410092,0,17.45
3410093,0,31.58
3410094,0,21.05
3410095,0,17.04
3410096,0,31.58
3410097,0,38.01
3410098,0,15.79
3410099,0,43.95
3410100,0,52.4
3410101,0,41.05
3410102,0,21.99
3410106,0,38.26
3410110,0,50.89
3410117,0,49.62
3410119,0,104.21
3410120,0,29.07
3410123,0,61.05
3410126,0,15.26
3410138,0,26.06
3410148,0,44.72
3410156,0,32.92
3410160,0,18.16
3410161,0,82.11
3410162,0,27.46
3410163,0,28.43
3410164,0,22.44
3410165,0,16.71
3410168,0,15.04
3410169,0,22.45
3410170,0,27.6
3410171,0,45.12
3410173,0,14.74
3410175,0,50.92
3410192,0,39.09
3410193,0,40.11
3410194,0,26.16
3410197,0,61.34
3410207,0,40.42
3410209,0,30.53
3410210,0,48.93
3410211,0,19.75
3410213,0,40.2
3410214,0,25.35
3410217,0,19.73
3410218,0,31.58
3410219,0,20.23
3410237,0,59.07
3410238,0,19.82
3410239,0,18.2
3410240,0,19.64
3410242,0,41.58
3410246,0,30.07
3410252,0,20.21
3410257,0,26.38
3410263,0,11.47
3410271,0,51.22
3410272,0,44.43
3410273,0,44.43
3410277,0,17.69
3410294,0,19.76
3410297,0,28.16
3410298,0,30.07
3410299,0,#N/A
3410300,0,20.79
3410307,0,31.58
3410309,0,26.14
3410310,0,19.56
3410311,0,31.58
3410312,0,45
3410313,0,45
3410314,0,50.05
3410315,0,47.72
3410316,0,39.26
3410317,0,33.89
3410318,0,37.05
3410319,0,45.15
3410321,0,21.95
3410322,0,24.18
3410323,0,55.65
3410324,0,29.31
3410325,0,16.62
3410326,0,15.96
3410327,0,53.8
3410328,0,17.06
3410329,0,43.79
3410330,0,15.96
3410331,0,15.96
3410332,0,14.46
3410334,0,22.01
3410335,0,32.57
3410336,0,21.09
3410337,0,39.79
3410338,0,16.68
3410339,0,20.53
3410340,0,24.58
3410341,0,16.73
3410342,0,52.15
3410347,0,50.72
3410348,0,50.03
3410350,0,45.66
3410351,0,41.91
3410352,0,22.8
3410353,0,29.94
3410354,0,24.69
3410355,0,25.88
3410357,0,18.78
3410360,0,26.95
3410362,2,83.21
3410363,0,49.91
3410366,0,31.13
3410367,0,21.63
3410368,0,31.93
3410369,0,65.94
3410371,0,32.93
3410372,0,53.73
3410373,0,63.78
3410374,0,63.78
3410375,0,38.91
3410376,0,52.13
3410377,0,150.53
3410378,0,84.61
3410381,0,36.98
3410382,0,26.68
3410383,0,45.54
3410384,0,41.58
3410385,0,30.09
3410386,0,41.58
3410387,0,45.54
3410389,0,104.11
3410390,0,60.06
3410391,0,101.65
3410392,0,60.06
3410393,0,150.53
3410394,0,41.05
3410395,0,54.74
3410396,0,31.41
3410397,0,85.21
3410398,0,36.84
3410399,0,49.53
3410400,0,54.74
3410401,0,68.42
3410402,0,65.78
3410403,0,43.03
3410404,0,88.39
3410405,0,74.73
3410406,0,57.17
3410407,0,105.26
3410409,0,94.74
3410410,0,61.05
3410412,0,85.21
3410413,0,95.24
3410414,0,35.56
3410415,0,40.12
3410417,0,45.12
3410418,0,27.6
3410419,0,32.97
3410420,0,60.06
3410422,0,37.45
3410423,0,114.74
3410424,0,60.06
3410425,0,53.09
3410426,0,44.88
3410427,0,39.6
3410429,0,60.06
3410430,0,24.74
3410431,0,57.18
3410432,0,45.54
3410433,0,28.46
3410434,0,29.62
3410435,0,34.98
3410437,0,25.75
3410438,0,58.69
3410439,0,27.84
3410440,0,61.06
3410441,0,51.64
3410443,0,25.63
3410444,0,26.51
3410445,1,24.89
3410446,0,28.23
3410447,0,25.28
3410449,0,22.49
3410450,0,27.82
3410451,0,65.68
3410452,0,49.49
3410453,0,27.81
3410454,0,22.13
3410455,0,28.05
3410456,0,75.17
3410457,0,43.63
3410458,0,68.42
3410459,0,71.29
3410460,0,60.06
3410461,0,42.18
3410462,0,49.81
3410463,0,24.56
3410465,0,73.94
3410466,0,64.74
3410467,0,29.84
3410468,0,28.05
3410469,0,69.58
3410470,0,20.14
3410471,0,82.64
3410472,0,47
3410473,0,20.16
3410474,0,51.03
3410475,0,17.37
3410476,0,29.27
3410477,0,45.93
3410479,0,18.2
3410480,0,63.82
3410481,0,18.81
3410482,0,35.94
3410483,0,24.53
3410484,0,20.55
3410485,0,15.24
3410486,0,52.37
3410491,0,35.14
3410492,0,94.05
3410493,0,28.08
3410494,0,44.83
3410495,0,43.37
3410496,0,25.41
3410497,0,24.53
3410498,0,58.42
3410499,0,52.55
3410500,0,60.89
3410501,0,52.85
3410502,0,25.89
3410503,0,56.91
3410504,4,66.69
3410505,0,38.65
3410506,0,18.24
3410507,0,19.07
3410508,0,48.2
3410509,0,29.88
3410510,0,44.86
3410511,0,17.54
3410512,0,57.2
3410513,0,36.65
3410514,0,14.85
3410515,0,41.03
3410516,2,69.47
3410517,0,27.03
3410518,0,30.49
3410519,0,45.88
3410520,0,24.91
3410521,0,28.95
3410522,0,40.85
3410523,0,27.93
3410524,0,70.07
3410525,0,27.16
3410526,0,52.71
3410527,0,29.11
3410528,0,42.16
3410529,0,43.37
3410530,0,41.07
3410531,0,44.46
3410532,0,25.41
3410533,0,60.06
3410534,0,25.95
3410535,0,59.26
3410536,0,33.66
3410537,0,43.37
3410538,0,33.66
3410539,0,53.52
3410541,0,27.05
3410542,0,22.59
3410543,0,39.32
3410544,0,27.96
3410545,0,20.79
3410546,0,30.21
3410547,0,17.36
3410548,0,36.14
3410549,0,32.33
3410550,0,27.61
3410551,0,27.84
3410552,0,34.08
3410553,0,31.59
3410554,0,28.38
3410555,0,34.14
3410556,0,29.69
3410557,2,36.82
3410558,0,31.07
3410559,0,41.85
3410561,0,40.14
3410562,0,28.38
3410563,0,21.43
3410564,0,29.64
3410565,0,20.16
3410566,0,30.49
3410567,0,41.8
3410568,0,29.04
3410569,0,24.82
3410570,0,25.75
3410572,0,37.75
3410573,0,32.93
3410574,0,44.08
3410575,0,37.57
3410576,0,25.24
3410577,0,58.28
3410578,0,26.52
3410579,0,26.94
3410580,0,68.2
3410581,0,47.16
3410582,0,41.85
3410583,0,45.12
3410584,0,25.08
3410585,0,46.53
3410586,0,59.37
3410587,0,68.13
3410588,0,34.74
3410589,0,67.04
3410590,0,65.01
3410592,0,45.12
3410593,0,60.15
3410594,0,23.33
3410595,0,41.05
3410596,0,60.69
3410600,0,21.89
3410601,0,21.89
3410602,0,78.95
3410603,0,32.84
3410604,0,42.11
3410605,0,75.19
3410606,0,68.42
3410607,0,41.58
3410608,0,42.11
3410609,0,42.11
3410610,0,23.58
3410611,0,36.49
3410612,0,40.11
3410613,0,43.18
3410614,0,27.93
3410615,0,45.54
3410616,0,73.68
3410617,0,52.63
3410618,0,94.05
3410619,0,52.32
3410620,0,42.11
3410621,0,40.11
3410623,0,75.19
4010001,0,51.78
4010002,0,39.72
4010004,0,52.17
4010005,0,76.06
4010006,0,80.98
4010007,10,52.62
4010008,0,33.84
4010009,0,47.28
4010010,4,53.03
4010011,13,57.06
4010012,0,45.77
4010013,0,48.04
4010014,13,51.93
4010015,2,64.57
4010016,6,19.48
4010017,0,52.17
4010019,5,23.32
4010020,0,41.56
4010021,2,85.4
4010022,5,35.19
4010023,11,77.98
4010024,13,82.45
4010025,5,50.35
4010026,0,40.55
4010027,0,74.17
4010028,5,15.22
4010029,0,54.11
4010031,3,62.28
4010032,5,40.05
4010033,6,35.07
4010034,15,51.66
4010035,10,61.07
4010036,16,64.37
4010037,6,67.95
4010038,3,40.93
4010039,1,33.33
4010040,5,45.55
4010041,6,61.43
4010042,0,34.23
4010043,5,40.05
4010045,9,56.25
4010046,10,43.71
4010047,0,59.51
4010048,0,56.25
4010049,0,43.25
4010050,0,34.87
4010051,0,51.93
4010052,0,35.85
4010053,7,96.42
4010054,6,33.53
4010055,5,43.47
4010056,1,27.56
4010057,0,56.25
4010058,0,58.31
4010060,5,32.73
4010061,5,50.22
4010062,3,30.88
4010064,3,42.08
4010065,11,53.89
4010066,4,29.27
4010067,0,34.93
4010068,4,31.92
4010069,7,32.03
4010070,19,29.67
4010071,0,27.59
4010072,6,43.02
4010073,1,46.64
4010074,6,38.82
4010075,5,55.58
4010076,7,59.26
4010077,9,35.18
4010078,0,24.28
4010079,5,34.4
4010080,3,40.14
4010081,6,38.04
4010082,0,66.35
4010083,0,40.59
4010084,3,54.14
4010085,1,104.68
4010086,20,63.63
4010087,9,60.41
4010088,1,59.86
4010089,1,17.85
4010090,0,54.59
4010091,1,46.87
4010092,5,65.8
4010093,1,31.8
4010094,3,28.64
4010095,3,28.16
4010096,6,29.43
4010097,5,27.07
4010098,3,38.86
4010099,0,73.58
4010100,5,47.59
4010101,0,27.46
4010102,4,45.08
4010103,5,40.23
4010104,5,33.03
4010105,0,79.47
4010106,2,29.03
4010107,0,75.58
4010108,2,46.66
4010109,6,52.37
4010110,0,27.46
4010111,10,33.44
4010112,0,57.09
4010113,7,58.12
4010114,0,48.72
4010115,7,55.41
4010116,0,45.34
4010117,0,57.19
4010118,0,52.41
4010119,5,34.99
4010120,15,57.51
4010121,12,55.92
4010122,0,41.38
4010123,5,104.95
4010124,2,45.82
4010125,0,33.89
4010126,0,36.63
4010127,3,57.09
4010128,18,45.15
4010129,0,36.63
4010130,0,31.65
4010131,0,49.78
4010132,0,33.44
4010133,0,42.39
4010134,1,44.63
4010135,0,61.85
4010136,0,60.83
4010137,1,71
4010138,25,19.09
4010140,6,42.54
4010141,14,49.91
4010142,3,44.25
4010143,12,47.82
4010144,3,41.21
4010145,5,40.11
4010146,7,47
4010147,22,32.73
4010148,5,40.11
4010149,0,25.57
4010150,5,39.41
4010151,0,27.53
4010152,0,38.67
4010153,41,38.68
4010154,4,52.04
4010155,3,61.05
4010156,0,33.44
4010157,0,64.8
4010158,10,49.76
4010159,9,25.81
4010160,9,59.96
4010161,0,36.43
4010162,4,32.75
4010163,19,26.83
4010164,3,35.86
4010165,2,57.48
4010166,0,531.14
4010167,0,60.26
4010168,1,50.81
4010169,21,25.57
4010170,4,46.03
4010171,2,50.54
4010172,11,34.53
4010173,0,31.65
4010174,5,30.86
4010175,0,36.93
4010176,0,60.6
4010177,7,43.96
4010178,7,55.45
4010179,1,46.56
4010180,0,43.55
4010181,0,21.94
4010182,13,65.21
4010183,0,67.13
4010184,0,31.64
4010185,0,55.92
4010186,1,43.15
4010187,4,57.85
4010188,6,38.34
4010189,3,39.97
4010190,1,39.74
4010191,0,41.48
4010192,5,34.82
4010193,8,35.4
4010194,1,22.46
4010195,9,28.28
4010196,0,36.07
4010197,0,36.59
4010198,1,31.65
4010199,0,70.85
4010200,5,32.23
4010201,5,56.71
4010202,0,55.19
4010203,1,44.38
4010204,0,62.43
4010205,5,26.94
4010206,0,38.01
4010207,5,78.86
4010208,5,49.72
4010209,0,19.48
4010210,30,49.69
4010211,3,45.07
4010212,2,41.88
4010213,0,26.55
4010214,6,41.4
4010215,0,78.13
4010216,6,37.31
4010217,4,35.34
4010218,4,42.63
4010219,4,54.42
4010220,14,59.58
4010221,0,64.75
4010222,0,105.14
4010223,5,25.02
4010224,0,54.85
4010225,0,37.53
4010226,0,35.17
4010227,3,58.35
4010228,13,51.41
4010229,0,48.72
4010230,0,57.98
4010231,0,42.68
4010232,1,47.86
4010233,3,45.86
4010234,0,69.34
4010235,5,51.55
4010236,0,46.92
4010237,0,111.98
4010238,0,42.73
4010239,1,35.64
4010240,5,15.75
4010241,10,43.29
4010242,10,35.53
4010243,0,54.86
4010244,6,38.01
4010245,5,48.04
4010246,8,30.28
4010247,5,37.18
4010248,4,38.83
4010249,4,63.65
4010250,7,26.06
4010251,7,59.06
4010252,18,30.78
4010253,1,46.12
4010254,0,57.47
4010255,10,27.05
4010256,0,37.72
4010257,0,52.59
4010258,0,34.82
4010259,22,77.15
4010260,6,51.71
4010261,3,62.41
4010262,7,31.18
4010263,1,37.66
4010264,0,35.24
4010265,6,34.82
4010266,0,42.58
4010267,0,57.57
4010268,0,47.28
4010269,14,50.23
4010270,3,52.22
4010271,5,43.63
4010272,14,42.23
4010273,22,36.11
4010274,5,40.05
4010275,3,36.51
4010276,8,35
4010277,14,41.57
4010278,0,59.16
4010279,0,37.35
4010280,9,27.69
4010281,0,61.93
4010282,0,61.22
4010283,0,36.47
4010284,0,40.71
4010285,5,29.96
4010286,0,52.87
4010287,7,73.77
4010288,0,58.95
4010289,5,48.17
4010290,0,52.87
4010291,0,63.97
4010292,0,39.74
4010293,6,68.25
4010294,0,45.37
4010295,0,59.25
4010296,0,41.53
4010297,11,51.23
4010298,0,33.89
4010300,4,73.51
4010301,0,31.55
4010302,6,69.78
4010303,3,37.6
4010304,17,55.93
4010305,13,47.57
4010306,0,50.56
4010307,0,74.33
4010308,4,63.48
4010309,0,36.04
4010310,0,41.48
4010312,0,46.92
4010313,23,57.77
4010314,9,55.55
4010315,0,47.58
4010316,2,82.61
4010317,6,106.25
4010318,23,41.48
4010319,6,38.83
4010320,6,42.37
4010321,0,40.41
4010322,0,84.83
4010323,0,52.33
4010324,10,58.79
4010325,4,42.2
4010326,5,33.16
4010327,27,30.46
4010328,6,32.49
4010329,5,39.63
4010330,0,36.85
4010332,5,36.77
4010333,1,48.65
4010334,15,39.93
4010335,0,71.79
4010336,0,41.53
4010337,0,41.53
4010338,1,41.31
4010339,6,45
4010340,4,54.46
4010341,8,33.72
4010342,3,48.37
4010343,0,71.99
4010344,0,63.44
4010345,14,61.22
4010346,0,56.17
4010347,6,52.26
4010348,0,28.52
4010349,5,58.06
4010350,6,56.87
4010352,0,32.34
4010353,6,55.22
4010354,6,45.69
4010355,4,50.52
4010356,6,34.02
4010357,9,43.65
4010358,4,33.78
4010359,5,42.42
4010360,0,51.23
4010361,1,42.38
4010362,4,43.38
4010363,17,56.66
4010364,0,45.23
4010365,5,57.26
4010366,3,30.28
4010367,0,39.34
4010368,0,45.17
4010369,6,60.59
4010370,0,54.92
4010371,0,68
4010372,1,57.74
4010373,11,74.8
4010374,4,93.14
4010375,2,37.21
4010376,5,43.86
4010377,5,53.15
4010378,14,71.69
4010379,5,77.02
4010380,0,36.14
4010381,4,40.49
4010382,3,49.82
4010383,3,56.09
4010384,5,41.79
4010385,0,44.75
4010386,5,58.79
4010387,6,53.97
4010388,2,86.4
4010389,4,44.68
4010390,0,56.8
4010391,0,95.37
4010392,3,45.23
4010393,0,769.38
4010394,3,71.29
4010395,0,76.38
4010396,9,120.33
4010397,16,60
4010398,0,41.17
4010399,0,58.23
4010400,0,57.98
4010401,0,51.11
4010402,7,85.78
4010403,0,60.85
4010404,0,51.11
4010405,0,53.01
4010406,15,66.56
4010407,0,64.97
4010408,0,50.12
4010409,13,38.23
4010410,7,58.66
4010411,9,42.64
4010412,6,63.12
4010413,16,59.08
4010414,4,40.79
4010415,12,52.97
4010416,16,53.21
4010417,0,59.75
4010419,2,70.54
4010420,5,59.08
4010421,0,49.36
4010422,0,60.59
4010423,2,68.81
4010424,4,52.67
4010425,5,58.12
4010426,6,78.09
4010427,3,55.94
4010428,8,38.77
4010429,17,99.07
4010430,0,60.08
4010431,0,82.68
4010432,0,74.28
4010433,10,35.63
4010434,0,48.23
4010435,0,79.42
4010436,0,52.39
4010437,0,39.23
4010438,0,61.21
4010439,0,52.94
4010440,2,75.93
4010441,4,47.63
4010442,0,42.84
4010443,0,83.37
4010444,1,44.32
4010445,7,40.27
4010446,1,58.33
4010447,0,72.35
4010448,0,55.03
4010449,0,64.76
4010450,0,57.35
4010451,23,59.38
4010452,4,51.11
4010453,0,57.28
4010454,0,67.62
4010455,0,68.47
4010456,1,74.27
4010457,3,36.24
4010458,0,78.87
4010459,0,72.2
4010460,2,90.96
4010461,10,60.76
4010462,7,47.33
4010463,10,51.38
4010464,0,79.07
4010465,0,68.63
4010466,0,57.74
4010467,0,46.46
4010468,0,74.22
4010469,0,39.08
4010470,6,76.42
4010471,0,71.12
4010472,0,52.98
4010473,0,76.13
4010474,0,65.52
4010475,0,58.41
4010476,0,57.08
4010477,7,68.08
4010478,0,78.45
4010479,0,44.58
4010480,4,54.03
4010481,0,56.41
4010482,0,98.77
4010483,0,40.85
4010484,0,53.6
4010485,4,53.67
4010486,0,50.35
4010487,1,33.34
4010488,7,31.65
4010489,0,56.37
4010490,0,65.17
4010491,0,90.49
4010492,0,53.89
4010493,0,41.88
4010494,0,64.8
4010495,0,41.31
4010497,0,74.99
4010498,0,55.41
4010500,16,46.19
4010501,0,58.44
4010502,0,74.22
4010503,0,56.58
4010504,0,43.42
4010505,0,55.54
4010506,12,58.28
4010507,0,58.63
4010508,0,47.51
4010509,4,48.06
4010510,4,96.85
4010511,6,35.95
4010512,0,52.43
4010513,1,53.61
4010514,5,82.45
4010515,0,63.15
4010516,2,77.15
4010517,8,49.08
4010518,8,54.52
4010519,0,64.85
4010520,3,139.74
4010521,2,45.64
4010522,0,41.16
4010523,0,54.82
4010524,0,66.81
4010525,0,87.27
4010526,10,54.05
4010527,0,70.05
4010528,0,47.58
4010529,0,53.01
4010530,0,40.95
4010531,0,45.59
4010532,0,38.61
4010533,0,93.4
4010534,1,82.99
4010536,0,68.08
4010537,2,54.64
4010538,0,59.55
4010539,0,56.26
4010540,0,74.4
4010541,6,73.15
4010542,0,58.12
4010543,1,60.21
4010544,0,53.43
4010545,0,56.2
4010546,0,57.69
4010547,0,44
4010548,0,59.02
4010549,0,77.42
4010550,0,68.6
4010551,0,75.78
4010552,0,63.92
4010553,0,67.92
4010554,0,52.42
4010555,4,106.36
4010556,0,77.93
4010557,2,56.99
4010558,2,74.86
4010559,5,52.82
4010560,0,54.06
4010561,11,60.54
4010562,18,74.83
4010563,6,68.39
4010564,0,72.07
4010565,9,37.02
4010566,0,79.25
4010567,1,78.09
4010568,0,60.21
4010569,5,45.65
4010570,9,91.2
4010571,0,58.44
4010572,0,96.51
4010573,0,57.8
4010574,0,47.21
4010575,0,48.8
4010576,0,51.93
4010577,0,93.93
4010578,3,33.68
4010579,0,81.51
4010580,5,58.83
4010581,0,58.12
4010582,10,48.61
4010583,0,77.09
4010584,1,41.4
4010585,3,78.73
4010587,0,61.98
4010588,9,77.38
4010589,1,59.21
4010590,4,63.11
4010591,0,61.98
4010592,5,50.58
4010593,0,41.39
4010594,0,69.95
4010595,0,76.37
4010596,0,40.94
4010597,0,101.36
4010598,0,75.11
4010599,0,76.02
4010600,9,64.18
4010601,1,69.64
4010602,0,55.24
4010603,0,58.32
4010604,1,77.62
4010605,0,102.39
4010606,5,58.8
4010607,4,84.28
4010608,0,63.54
4010609,0,120.33
4010610,13,55.66
4010612,0,73.63
4010613,0,46.68
4010614,0,70.27
4010615,0,51.79
4010616,11,65.46
4010617,2,60.59
4010618,0,77.02
4010619,0,62.36
4010620,0,66.31
4010621,0,78.48
4010622,22,60.89
4010623,0,58.35
4010624,0,56.48
4010625,4,81.88
4010626,0,84.8
4010627,0,88.11
4010628,1,56.47
4010629,0,44.43
4010630,14,77.93
4010631,0,62
4010632,4,103.83
4010633,0,73
4010634,0,82.4
4010635,0,96.87
4010636,0,41.19
4010637,7,71.4
4010638,14,86.77
4010639,5,59.06
4010640,0,64.81
4010641,0,48.25
4010642,0,85.77
4010643,0,86.62
4010644,0,37.64
4010645,0,47.57
4010646,2,56.18
4010647,0,58.74
4010648,0,61.61
4010649,8,76.79
4010650,0,54.15
4010651,0,96.09
4010652,0,76.24
4010653,0,53.27
4010654,2,83.15
4010655,0,70.61
4010656,0,76.93
4010657,0,70.33
4010660,0,92.18
4010661,9,143.87
4010663,0,68.51
4010664,0,69.02
4010665,5,112.28
4010666,0,70.05
4010667,1,104.95
4010668,1,125.89
4010669,0,94.01
4010670,5,50.96
4010671,12,69.79
4010672,0,68.77
4010673,0,54.56
4010674,1,55.66
4010675,0,64.88
4010676,4,61.32
4010677,0,68.68
4010678,0,54.64
4010679,0,61.69
4010680,0,50.96
4010681,17,58.39
4010682,0,77.11
4010683,0,64.93
4010684,0,71.15
4010685,0,63.39
4010686,0,97.01
4010687,2,51.12
4010688,0,90.96
4010689,0,59.16
4010690,0,71.53
4010691,0,64.22
4010692,0,46.29
4010693,0,72.12
4010694,0,77.85
4010695,0,54.58
4010696,0,77.11
4010697,0,59.19
4010698,0,63.51
4010699,0,87.03
4010700,2,62.74
4010701,0,72.17
4010702,7,48.77
4010703,0,74.83
4010704,5,77.8
4010705,4,118.42
4010706,0,56.93
4010707,0,72.03
4010708,0,48.43
4010709,0,83.71
4010710,0,64.93
4010711,0,51.86
4010712,0,77.93
4010713,4,69.86
4010714,0,80.58
4010715,0,80.29
4010716,4,78.64
4010717,0,61.36
4010718,0,74.03
4010719,0,75.13
4010720,0,73.19
4010721,0,71.95
4010722,1,53.38
4010723,0,85.77
4010724,0,70.61
4010725,0,56.43
4010726,0,68.52
4010727,0,74.83
4010728,0,69.34
4010729,0,83.33
4010730,0,47.21
4010731,0,89.25
4010732,0,75.24
4010733,3,76.07
4010734,0,60.48
4010735,0,81.53
4010736,0,63.15
4010737,0,64.81
4010738,0,70.49
4010739,0,61.22
4010740,0,71.53
4010741,0,74.52
4010742,0,64.31
4010743,0,95
4010744,0,97.69
4010745,0,71.67
4010746,21,65.86
4010747,0,92.08
4010748,0,67.62
4010749,0,76.35
4010750,0,68.08
4010751,1,77.82
4010752,3,61.88
4010753,6,40.64
4010754,0,33.23
4010755,1,65.02
4010756,0,76.16
4010757,8,68
4010758,0,67.59
4010759,0,97.51
4010760,0,69.44
4010761,5,58.77
4010762,7,98.41
4010763,0,89.44
4010764,7,62.05
4010765,2,61.13
4010766,0,74.83
4010767,0,69.91
4010768,0,68.13
4010769,0,94.11
4010770,6,63.24
4010771,5,72.61
4010772,0,61.82
4010773,0,85.18
4010774,1,76.67
4010775,2,65.22
4010776,0,62.37
4010777,0,101.48
4010778,0,96.64
4010779,0,76.12
4010780,0,95.13
4010781,0,66.86
4010782,0,77.35
4010783,0,58.85
4010784,1,86.77
4010786,15,58.95
4010788,1,83.65
4010789,0,91.86
4010790,15,82.49
4010791,0,84.43
4010793,1,35.09
4010794,0,53.57
4010795,0,53.85
4010813,0,68.63
4010814,2,63.77
4010816,8,42.69
4010826,9,41.98
4010830,12,40.05
4010842,0,63.62
4010858,5,83.26
4010865,0,41.62
4010899,0,47.18
4010915,0,50.15
4010921,7,38.06
4010929,0,51.87
4010930,1,36.01
4010931,7,46.46
4010935,4,50.96
4010944,0,90.39
4010945,0,63.02
4010946,0,102.39
4010947,0,57.56
4010949,0,56.18
4010953,3,143.78
4010956,0,60.45
4010957,0,154.82
4010958,2,68.13
4010960,0,52.08
4010965,4,44.25
4010966,4,74.02
4010968,0,70.61
4010969,0,50.32
4010970,0,119.44
4010974,0,49.83
4010978,0,63.97
4010981,0,86.77
4010982,0,53.27
4010983,0,45.34
4010984,2,45.69
4010986,0,56.06
4010987,0,103.51
4010988,0,77.63
4010991,0,88.07
4010992,0,66.66
4010993,0,56.58
4010994,0,68.71
4010996,0,50.15
4010997,0,50.15
4010998,0,60.45
4011000,0,50.15
4011006,0,50.15
4011007,0,55
4011008,0,84.96
4011009,0,45.34
4011010,0,66.86
4011011,0,111.92
4011012,2,45.51
4011014,0,78.95
4011015,0,69.34
4011016,0,84.83
4011017,87,79.82
4011018,0,81.52
4011019,2,56
4011020,16,63.49
4011021,0,67.88
4011022,0,41.66
4011023,0,80.07
4011024,0,64.67
4011025,1,45.73
4011026,5,36.17
4011027,2,37.58
4011028,3,44.2
4011029,3,37.72
4011030,1,59.49
4011031,0,58.49
4011032,0,82.75
4011033,0,44.8
4011034,6,43.18
4011035,1,68.55
4011036,0,74.85
4011037,24,78.49
4011038,14,46.44
4011039,5,59.6
4011040,3,43.87
4011041,2,106.2
4011042,48,107.03
4011043,10,62.73
4011044,1,60.17
4011045,19,66.76
4011046,13,69.65
4011047,0,47.04
4011048,0,47.49
4011049,10,65.37
4011050,0,71.22
4011051,88,64.07
4011052,3,42.63
4011053,18,65.18
4011054,0,58.05
4011055,0,56.69
4011056,0,72.58
4011057,0,107.55
4011058,11,94.12
4011059,5,47.76
4011060,0,51.16
4011061,10,84.16
4011062,8,69.38
4011063,3,44.65
4011064,0,72.08
4011065,6,44.21
4011066,4,52.43
4011067,4,44.95
4011068,0,64.8
4011069,1,78.61
4011070,0,58.05
4011071,0,57.72
4011072,0,140.22
4011073,5,23.52
4011074,0,42.13
4011075,3,49.44
4011076,1,55.58
4011077,0,48.66
4011078,1,38.46
4011079,5,31.05
4011080,48,61.6
4011081,0,58.53
4011082,0,56.17
4011083,0,57.38
4011084,0,61.51
4011085,6,70.96
4011087,0,40.51
4011088,5,90.81
4011089,0,65.34
4011090,1,48.88
4011091,0,43.74
4011092,9,72.31
4011093,0,27.58
4011094,10,42.31
4011095,0,42.05
4011096,12,36.48
4011097,10,40.74
4011098,0,41.83
4011099,0,59.69
4011100,4,56.24
4011101,5,36.47
4011102,1,44.31
4011103,3,43.41
4011105,1,43.67
4011106,0,42.31
4011107,13,45.74
4011108,7,43.49
4011109,4,59.84
4011110,4,53.03
4011111,6,43.56
4011112,6,33.23
4011113,32,55.11
4011114,0,59.34
4011115,0,58
4011116,5,62.62
4011117,7,35.89
4011118,0,66.26
4011119,7,51.13
4011120,0,40.95
4011121,0,37.69
4011122,0,59.96
4011123,4,42.59
4011124,5,33.85
4011125,0,40.95
4011126,0,98.29
4011127,0,44.72
4011128,5,61.68
4011129,0,54.37
4011130,5,65.98
4011131,0,58.73
4011132,14,83.53
4011133,0,91.54
4011134,0,53.73
4011135,0,60.47
4011136,0,88.81
4011137,0,54.23
4011138,0,42.06
4011139,0,49.36
4011140,4,52.03
4011141,5,39.89
4011142,0,27.46
4011143,7,51.89
4011144,18,46.47
4011145,0,84.2
4011146,0,68.73
4011147,0,28.79
4011148,7,39.97
4011149,0,50.77
4011150,0,#N/A
4011151,0,#N/A
4011152,0,47.04
4011153,1,45.18
4011154,1,51.36
4011155,0,65.75
4011156,0,43.26
4011157,0,160.4
4011158,0,29.12
4011159,1,73.53
4011160,0,60.73
4011164,7,45.52
4011165,10,55.46
4011166,0,79.13
4011167,0,79.34
4011168,0,#N/A
4011169,10,70.36
4011171,0,18.43
4011173,0,40.24
4011175,6,63.58
4011176,0,95.69
4011177,0,#N/A
4011178,0,#N/A
4011179,0,#N/A
4011180,1,42.87
4011181,0,#N/A
4011182,0,#N/A
4011183,0,68.76
4011184,0,596.34
4011185,0,63.27
4011186,1,42.64
4011187,15,42.98
4011188,0,25.04
4011189,0,73.43
4011190,0,40.64
4011191,0,48.63
4011192,0,153.27
4011193,55,48.81
4011194,0,61.77
4011195,5,72.02
4011196,13,45.51
4011197,0,28.49
4011198,4,44.8
4011199,0,65.02
4011200,21,85.89
4011201,0,111.64
4011203,0,44.15
4011204,0,50.89
4011205,0,54.73
4011206,0,43.42
4011207,0,42.05
4011208,1,34.54
4011209,7,44.68
4011210,0,36.04
4011211,7,40.01
4011212,9,42.58
4011213,4,38.63
4011214,20,35.07
4011215,0,47.99
4011216,0,44.76
4011217,8,34.6
4011218,4,37.34
4011219,8,39.23
4011220,0,40.69
4011221,3,40.02
4011222,3,39.23
4011223,1,39.23
4011224,1,40.67
4011225,0,41.19
4011226,7,39.34
4011227,52,55.29
4011228,0,77.38
4011229,0,74.83
4011230,0,50.96
4011231,9,43.76
4011232,0,78.92
4011233,0,71.54
4011234,0,94.02
4011235,0,89.39
4011236,0,82.38
4011237,0,72.01
4011238,0,55.26
4011239,2,40.29
4011241,0,69.73
4011244,2,33.35
4011245,7,27.05
4011246,4,45.8
4011247,8,61.88
4011248,3,63.2
4011249,0,#N/A
4011250,2,46.06
4011252,0,48.23
4011253,0,48.23
4011254,0,#N/A
4011255,0,116.68
4011256,0,60.64
4011257,0,59.69
4011263,8,44.88
4011264,4,57.87
4011265,0,#N/A
4011266,0,66.4
4011267,0,58.19
4011268,0,94.25
4011269,9,61.54
4011273,0,#N/A
4011274,0,173.14
4011275,0,#N/A
4011276,0,53.42
4011277,0,55.26
4011278,1,75.48
4011279,0,102.68
4011280,0,77.48
4011281,0,104.22
4011282,0,#N/A
4011283,0,#N/A
4011284,5,90.32
4011285,0,54.83
4011286,0,49.91
4011287,0,#N/A
4011288,0,102.87
4011289,0,131.98
4011290,0,#N/A
4011291,0,68.63
4011292,0,57.09
4011293,20,43.47
4011294,0,596.02
4011295,0,#N/A
4011296,0,64.31
4011298,6,73.79
4011299,0,60.85
4011300,0,50.15
4011301,0,47.26
4011302,0,96.64
4011303,5,92.04
4011304,4,97.77
4011305,0,46.85
4011306,0,53.62
4011308,0,101.63
4011309,6,76.22
4011310,0,101.63
4011311,0,101.63
4011312,4,106.32
4011313,1,61.44
4011314,0,78.52
4011315,0,72.07
4011316,0,58.65
4011317,0,73.31
4011318,0,40.69
4011319,0,31.36
4011320,0,109.02
4011322,10,76.49
4011323,0,64.8
4011324,0,79.6
4011325,0,44.15
4011326,2,53.94
4011327,0,38.85
4011328,5,73.69
4011329,0,57
4011330,3,72.25
4011331,0,85.74
4011332,0,34.13
4011333,0,71.48
4011334,0,34.72
4011335,0,40.37
4011336,0,62.06
4011337,0,46.44
4011338,0,48.59
4011339,0,68.92
4011340,4,42.06
4011343,1,81.02
4011348,5,51.61
4011349,0,76.22
4011350,0,71.53
4011351,0,50.22
4011352,0,84.25
4011353,0,95.37
4011354,0,72.92
4011355,8,72.01
4011356,0,78.14
4011357,0,73.04
4011358,0,35.42
4011359,0,39.03
4011360,5,45.29
4011361,30,74.58
4011364,4,46.6
4011365,0,56.07
4011366,0,29.39
4011368,1,50.97
4011369,0,81.76
4011370,0,57.21
4011371,0,67.99
4011372,17,63.33
4011373,0,94.11
4011374,4,75.26
4011375,0,53.89
4011376,0,71.6
4011377,0,61.99
4011378,0,73.89
4011379,0,101.38
4011380,0,81.18
4011381,5,68.63
4011383,3,64.18
4011384,4,30.8
4011385,2,51.31
4011386,0,68.56
4011387,0,85.29
4011388,0,51.68
4011389,0,60.25
4011390,0,60.62
4011391,0,67.62
4011392,0,64.51
4011393,0,64.51
4011394,0,55.68
4011395,0,50.45
4011396,0,70.44
4011397,0,86.71
4011398,4,43.35
4011399,0,99.96
4011400,0,53.12
4011401,3,75.53
4011402,0,64.51
4011403,1,41.09
4011404,0,63.4
4011405,0,76.03
4011406,0,44.27
4011407,20,72.25
4011408,5,87.2
4011409,0,47.51
4011410,0,58.17
4011411,0,86.27
4011412,0,51.41
4011413,0,46
4011414,0,108.83
4011415,0,107.67
4011416,0,108.83
4011417,0,70.19
4011418,0,98.61
4011419,0,70.38
4011420,2,76.82
4011421,0,61.31
4011423,7,45.94
4011424,0,42.2
4011425,0,67.05
4011426,0,47.34
4011428,0,63.17
4011429,0,126.92
4011432,0,62.44
4011433,4,62.44
4011434,2,90.27
4011435,0,71.69
4011437,0,82.69
4011438,0,33.31
4011439,0,69.35
4011440,0,76.51
4011442,0,68.51
4011443,0,68.51
4011444,0,68.63
4011445,1,59.81
4011446,0,80.35
4011447,0,75.12
4011449,0,65.89
4011450,0,77.02
4011451,0,75.08
4011452,0,32.34
4011453,0,49.07
4011454,0,95.2
4011455,21,68.46
4011456,2,47.36
4011457,0,51.16
4011458,0,45.88
4011459,0,86.15
4011460,0,60.39
4011462,0,54.33
4011463,0,54.42
4011464,0,79.34
4011465,0,78.08
4011466,0,52.75
4011467,0,54.38
4011468,0,52.75
4011469,0,62.94
4011470,0,98.02
4011471,1,67.43
4011472,0,86.99
4011473,0,54.79
4011474,0,56.13
4011476,0,51.47
4011477,0,44.63
4011478,0,102.19
4011479,0,96.64
4011480,0,75.31
4011482,0,74.09
4011483,0,47.14
4011485,0,81.31
4011486,2,91.92
4011487,0,55.26
4011489,0,73.6
4011491,0,49.82
4011492,1,138.27
4011493,0,43.03
4011494,0,36.38
4011495,0,70.52
4011496,0,80.88
4011497,0,92.01
4011498,0,45.54
4011500,0,39.86
4011502,0,62.52
4011503,0,60.78
4011504,0,60.24
4011505,1,63.4
4011506,0,69.49
4011507,0,56.17
4011508,0,43.27
4011510,0,67.71
4011511,0,61.27
4011512,0,74.83
4011513,0,53.91
4011515,0,70.52
4011516,0,74.83
4011517,0,60.33
4011518,0,81.04
4011519,0,64.38
4011520,0,39.98
4011522,0,65.4
4011523,0,60.21
4011524,0,61.96
4011525,0,38.03
4011526,0,79.94
4011529,0,54.49
4011531,0,74.83
4011533,0,62.96
4011534,0,48.97
4011535,0,90.4
4011545,0,52.92
4011546,4,48.28
4011552,0,46.44
4011553,0,83.42
4011554,3,69.36
4011555,4,74.04
4011557,1,49.96
4011558,0,49.96
4011567,0,56.94
4011581,0,60.69
4011584,0,53.75
4011591,1,35.38
4011593,0,76.09
4011594,7,56.06
4011595,0,63.87
4011597,0,47.08
4011601,0,63.57
4011604,0,67.12
4011606,0,47.15
4011612,0,37.57
4011614,0,58.34
4011615,0,79.04
4011616,0,67.09
4011617,0,54.36
4011618,0,61.68
4011619,0,47.6
4011620,0,86.79
4011621,1,36.82
4011622,0,40.11
4011623,0,56.47
4017001,193,29.42
4017002,261,33.67
4017003,19,40.22
4017004,10,40.22
4017005,17,41.77
4017006,106,33.62
4017007,24,36.48
4017008,35,29.42
4017009,122,28.46
4017010,0,43.32
4017011,21,33.36
4017012,102,20.62
4017013,29,37.18
4017014,23,46.73
4017015,38,33.62
4017016,90,29.42
4017017,11,41.95
4017018,0,19.15
4017019,0,19.15
4017020,0,19.15
4017021,47,19.15
4017022,0,19.15
4017023,0,43.59
4017025,138,40.22
4017026,9,45.8
4017027,11,55.02
4017028,7,43.8
4017029,0,50.21
4017030,0,38.33
4017031,0,29.98
4017032,0,39.78
4017033,0,28.44
4017034,4,39.97
4017035,0,41.22
4017036,0,37.74
4017037,0,41.58
4017038,0,28.37
4017039,0,31.53
4017040,0,37.12
4017041,0,40.86
4017042,0,37.12
4017043,3,29.83
4017044,1,34.48
4017045,3,28.67
4017046,3,37.85
4017047,0,29.98
4017048,0,39.97
4017049,5,33.2
4017050,2,31.62
4017051,11,31.53
4017052,6,32.98
4017053,3,28.55
4017054,1,35.35
4017055,0,27.35
4017056,0,40.38
4017057,0,34.63
4017058,0,39.16
4017059,10,33.09
4017060,11,42.81
4017061,2,30
4017062,0,33.62
4017063,8,34.36
4017064,6,60.21
4017065,2,30
4017066,0,57.78
4017067,1,33.33
4017068,5,27.08
4017069,0,28.74
4017070,8,30.23
4017071,0,53.49
4017072,1,33.33
4017073,0,36.64
4017076,2,34.88
4017077,0,34.99
4017078,0,39.38
4017079,0,34.99
4017080,0,34.99
4017081,60,44.45
4017082,0,33.62
4017083,0,42.44
4017084,2,36.81
4017085,6,33.33
4017086,10,34.94
4017087,0,#N/A
4017088,154,31.11
4017089,13,31.11
4017090,0,31.11
4017091,0,31.11
4017092,49,31.11
4017093,12,25.11
4017094,17,48.92
4017095,63,42.23
4017096,0,36.68
4017097,0,23.33
4017098,12,34.89
4017099,26,46.65
4017100,0,39.93
4017101,21,47.02
4017103,2,33.58
4017104,4,33.88
4017105,0,43.98
4017106,13,39.6
4017107,5,34.89
4017108,0,36.64
4017109,1,39.6
4017110,0,40.24
4017111,10,49.08
4017112,2,28.08
4017113,2,42.67
4017114,1,39.6
4017115,20,38.02
4017116,0,36.64
4017117,4,35.17
4017118,13,30.17
4017119,2,31.75
4017120,2,31.27
4017121,37,31.67
4017122,2,37.98
4017123,3,26.92
4017124,0,37.56
4017125,0,48.92
4017126,0,36.41
4017127,0,44.72
4017128,3,23.81
4017129,4,23.81
4017130,0,31.75
4017131,0,30.14
4017132,1,48.92
4017133,0,34.14
4017134,22,36.68
4017135,0,43.84
4017136,2,25.58
4017137,2,25.58
4017138,2,24.45
4017139,0,36.68
4017140,0,36.68
4017141,70,33.47
4017142,8,33.47
4017143,13,48.92
4017144,20,48.92
4017145,0,48.38
4017146,0,32.02
4017147,31,46.54
4017148,11,51.17
4017149,0,48.92
4017150,0,43.84
4017151,4,34.94
4017152,3,34.94
4017153,6,30.63
4017154,11,41.58
4017155,1,34.94
4017156,3,34.94
4017157,19,25.35
4017158,1,35.05
4017159,1,35.05
4017160,0,47.07
4017161,0,47.07
4017162,0,45.06
4017163,0,45.06
4017164,11,34.89
4017165,16,47.02
4017166,4,38.38
4017167,4,36.55
4017168,0,53.23
4017169,0,49.08
4017170,0,36.68
4017171,1,45.14
4017172,6,55.44
4017173,9,53.65
4017174,7,36.89
4017175,12,50.2
4017176,1,34.94
4017177,3,34.94
4017178,0,43.36
4017179,0,26.26
4017180,0,36.68
4017181,4,29.09
4017182,35,35.08
4017183,12,33.41
4017184,0,36.68
4017185,1,34.94
4017186,0,34.14
4017187,0,34.91
4017188,0,45.8
4017189,5,26.92
4017190,0,36.68
4017191,2,33.33
4017192,10,34.88
4017193,0,39.93
4017194,2,30.33
4017195,22,49.08
4017196,0,40.24
4017197,3,55.44
4017198,0,43.58
4017199,0,45.52
4017200,3,36.68
4017201,18,34.94
4017202,3,28.04
4017203,0,28.04
4017204,28,34.19
4017205,13,44.42
4017206,11,35.22
4017207,0,32.63
4017208,0,36.69
4017209,14,36.63
4017210,9,27.46
4017211,0,33.62
4017212,14,32.02
4017213,36,48.85
4017214,9,34.94
4017215,24,50.95
4017216,1,34.94
4017217,8,35.01
4017218,0,73.05
4017219,0,34.99
4017220,5,32.27
4017221,54,45.18
4017222,2,39.6
4017223,10,34.27
4017224,0,35.99
4017225,3,34.94
4017226,1,34.94
4017227,1,34.94
4017228,6,32.52
4017229,8,31.75
4017230,0,42.03
4017231,0,33.33
4017232,5,34.99
4017233,0,38.02
4017234,2,32.35
4017235,0,34.84
4017236,15,51.74
4017237,9,44.12
4017238,0,34.07
4017239,8,49.17
4017240,0,35.33
4017241,2,36.28
4017242,11,35.68
4017243,5,52.25
4017244,0,44.91
4017245,0,51.16
4017246,2,19.34
4017247,0,#N/A
4017248,0,33.65
4017249,3,41.53
4017250,0,28.4
4017253,1,34.94
4017254,2,38.28
4017255,1,36.46
4017256,0,38.28
4017257,4,33.58
4017258,1,39.6
4017259,0,36.68
4017260,0,36.68
4017261,0,33.62
4017262,2,32.02
4017263,0,69.29
4017264,0,33.62
4017265,0,34.56
4017266,2,32.02
4017267,0,33.62
4017268,0,42.94
4017269,0,30.06
4017270,21,30.08
4017271,11,30.23
4017272,0,40.64
4017273,8,26.19
4017274,33,31.75
4017275,9,30.23
4017276,0,33.62
4017277,0,18.2
4017278,0,33.62
4017279,2,32.02
4017280,1,49.78
4017281,0,48.8
4017282,0,44.83
4017283,0,39.95
4017284,1,31.75
4017285,5,38.78
4017286,0,33.62
4017287,2,34.94
4017288,10,34.94
4017289,10,23.61
4017290,19,42.23
4017291,0,36.68
4017292,2,34.94
4017293,16,27.83
4017294,1,29.4
4017295,0,38.96
4017296,1,41.17
4017297,1,34.14
4017298,7,30.63
4017299,13,25.4
4017300,1,22.67
4017301,0,36.68
4017302,0,25.28
4017303,0,33.62
4017305,5,25.54
4017306,0,33.34
4017307,13,35.92
4017308,0,26.94
4017309,2,49.08
4017310,11,41.17
4017311,2,21.85
4017312,0,20.58
4017313,0,22.69
4017314,5,48.92
4017315,12,23.02
4017316,20,25.35
4017317,5,25.35
4017318,5,36.09
4017319,0,29.15
4017320,0,30.86
4017321,2,34.94
4017322,0,28.17
4017323,0,28.17
4017324,0,28.17
4017325,0,28.17
4017326,0,35.48
4017327,0,34.99
4017328,4,34.94
4017329,8,48.92
4017330,0,36.68
4017331,7,35.01
4017332,2,27.48
4017333,2,31.77
4017334,4,33.62
4017335,15,32.54
4017336,5,48.92
4017337,2,26.53
4017338,3,36.19
4017339,0,44.87
4017341,0,44.03
4017342,0,82.14
4017343,14,46.59
4017344,0,49.29
4017345,2,31.39
4017355,3,56.95
4017356,16,77.44
4017357,0,18.92
4017358,0,46.11
4017366,1,27.04
4017368,2,26.4
4017369,0,90.99
4017370,1,85.15
4017371,0,114.99
4017372,17,81.67
4017373,0,54.12
4017374,25,36.63
4017375,19,36.13
4017376,0,35.12
4017377,6,82.14
4017378,0,56.87
4017379,6,15.41
4017380,0,33.65
4017381,28,37.83
4017382,25,59.8
4017383,1,36.97
4017384,2,28.47
4017385,6,59.33
4017386,0,40.62
4017388,0,60.75
4017390,3,36.35
4017391,0,49.29
4017392,0,36.97
4017393,0,36.97
4017394,1,56.12
4017395,4,36.98
4017396,0,40.4
4017397,0,36.97
4017398,0,46.58
4017399,0,20.69
4017400,0,46.58
4020088,1,11.17
4020089,9,9.08
4020090,5,12.62
4020095,0,20.17
4020096,19,8.34
4020098,2,12.78
4020099,0,35.51
4020100,46,18.73
4020101,30,18.73
4020102,0,51.74
4020103,0,22.74
4020104,13,28.79
4020105,0,16.59
4020106,9,10.81
4020107,5,13.02
4020108,3,10.81
4020109,2,10
4020110,9,30.94
4020111,0,15.13
4020112,0,13.59
4020113,0,15.13
4020114,85,15.13
4020115,0,14.68
4020116,0,19.71
4020117,5,10.81
4020118,0,46.24
4020119,0,29.09
4020120,6,11.14
4020121,0,17.43
4020122,16,15.83
4020123,9,22.09
4020124,0,15.13
4020125,0,14.92
4020126,7,19.89
4020127,0,18.26
4020128,20,17.19
4020129,1,15.13
4020130,6,15.13
4020131,0,19.49
4020132,0,16.28
4020133,6,26.18
4020134,0,39.38
4020135,9,25.65
4020136,1,12.85
4020137,6,43.66
4020138,4,26.26
4020139,1,15.72
4020140,0,15.23
4020141,5,45.34
4020142,0,30.48
4020143,4,58.78
4020144,0,13.28
4020146,4,20.22
4020147,0,16.33
4020148,9,36.41
4020149,4,12.62
4020150,0,44.59
4020151,4,21.07
4020152,0,12.65
4020153,13,26.69
4020154,5,16.12
4020155,11,33.99
4020156,5,20.19
4020157,8,17.62
4020159,12,16.96
4020160,1,35.98
4020161,4,28.26
4020162,21,28.37
4020163,5,12.95
4020164,0,#N/A
4020165,2,11.63
4020166,0,15.74
4020167,4,15.28
4020168,0,25.74
4020169,5,12.95
4020170,3,13.76
4020171,5,10.81
4020172,0,31.99
4020173,0,#N/A
4020174,2,15.66
4020175,0,10.51
4020176,0,#N/A
4020177,0,#N/A
4020178,1,12.73
4020179,0,11.35
4020180,0,#N/A
4020181,0,#N/A
4020182,0,29.18
4020183,0,#N/A
4020185,2,13
4020186,3,35.98
4020187,6,16.34
4020188,0,15.44
4020190,6,21.98
4020191,0,12.24
4020192,6,13.76
4020194,4,34.84
4020195,0,19.76
4020196,0,25.74
4020197,5,31.12
4020198,0,26.31
4020199,7,23.68
4020200,3,25.76
4020201,8,12.45
4020202,6,12.95
4020203,0,14.01
4020204,22,13.07
4020205,26,14.05
4020206,5,10.48
4020207,0,13.02
4020208,5,29.33
4020209,1,35.52
4020210,13,38.01
4020211,2,12.62
4020212,3,13.69
4020213,17,10.22
4020214,0,14.75
4020215,0,15.13
4020216,5,11.4
4020217,23,16.28
4020218,0,64.05
4020219,5,32.11
4020220,3,11.99
4020221,0,13.55
4020222,0,12.85
4020223,1,21.38
4020224,0,13.59
4020225,0,12.21
4020226,0,34.54
4020227,0,11.95
4020228,2,11.95
4020229,0,58.61
4020230,8,42.4
4020231,0,55.55
4020232,0,23.37
4020233,0,17.67
4020234,2,16.86
4020235,5,17.48
4020236,0,18.66
4020237,3,15.98
4020238,0,14.05
4020239,0,17.43
4020240,103,27.41
4020241,32,16.66
4020242,0,15.13
4020243,5,24.21
4020244,6,10.65
4020245,3,12.28
4020246,2,15.72
4020247,4,12.77
4020248,3,20.29
4020249,1,12.17
4020250,6,25.23
4020251,2,10.11
4020252,0,26.39
4020253,2,31.86
4020254,2,19.51
4020255,0,8.43
4020256,0,17.89
4020257,0,#N/A
4020258,4,17.69
4020259,2,33.04
4020260,2,33.47
4020261,3,20.84
4020262,1,12.31
4020263,0,16.57
4020264,0,13.25
4020265,0,22.79
4020266,5,21.02
4020267,5,24.47
4020268,5,13.27
4020269,7,14.85
4020270,0,13.91
4020271,1,17.35
4020272,0,25.12
4020274,4,39.8
4020275,2,41.86
4020276,0,38.8
4020277,5,14.61
4020278,0,38.8
4020279,0,#N/A
4020280,0,#N/A
4020281,0,12.12
4020282,2,33.96
4020283,0,19.17
4020285,4,9.18
4020289,8,9.09
4020291,0,15.09
4020292,0,11.35
4020300,5,14.26
4020301,8,23
4020302,0,18.35
4020303,0,15.12
4020304,6,26.22
4020305,0,14.05
4020306,2,10.81
4020307,0,14.05
4020308,1,42.36
4020309,4,14.26
4020310,3,18.21
4020311,0,62.71
4020312,8,11.93
4020313,3,21.77
4020314,0,11.95
4020315,0,19.39
4020316,2,27.67
4020317,0,17.43
4020318,0,19.97
4020319,1,14.78
4020320,3,25.07
4020321,0,17.43
4020322,0,17.67
4020323,0,17.19
4020324,3,17.19
4020325,0,22.86
4020326,0,19.58
4020327,0,14.78
4020328,0,13.41
4020329,0,25.65
4020330,0,18.58
4020331,0,34.68
4020332,0,14
4020333,0,26.58
4020334,0,35.19
4020335,2,19.26
4020336,4,23.47
4020337,0,22.86
4020338,0,22.74
4020339,3,21.13
4020340,0,25.25
4020341,0,34.22
4020343,2,25.2
4020344,0,92.41
4020346,0,26.24
4020347,17,30.06
4020348,1,12.32
4020349,0,16.28
4020351,1,12.28
4020352,0,9.08
4020354,0,23.37
4020358,0,16.63
4020359,0,26.31
4020360,0,10.51
4020362,0,17.55
4020363,5,7.72
4020366,0,12.47
4020368,0,30.23
4020369,0,22.67
4020370,0,22.07
4020371,0,16.15
4020372,0,12.12
4020373,0,30.23
4020374,0,21
4020375,0,22.71
4020378,0,22.12
4020379,0,21.53
4020380,0,12.21
4020382,0,10.33
4020383,0,28.64
4020384,0,46.25
4020385,0,25.56
4020386,0,13.35
4020388,20,8.84
4020389,0,19.24
4020390,0,20.85
4020391,0,15.65
4020398,0,17.22
4020500,10,19.88
4020501,0,30.68
4020502,0,17.67
4020503,0,58.61
4020504,0,14.44
4020505,0,17.67
4020506,0,#N/A
4020507,1,39.42
4020508,5,46.76
4020509,0,20.85
4020510,5,17.67
4020511,0,16.59
4020512,0,#N/A
4020513,0,14.48
4020514,0,#N/A
4020515,4,12.11
4020516,1,40.47
4020517,0,#N/A
4020518,1,12.62
4020519,0,27.27
4020520,0,17.67
4020521,1,54.48
4020522,0,28.37
4020523,0,28.31
4020525,0,14.09
4020526,16,28.05
4020527,0,65.46
4020528,0,19.88
4020529,0,19.69
4030000,1,14.09
4030001,3,10.2
4030002,0,20.22
4030003,0,18.26
4030004,7,13.17
4030005,0,15.31
4030006,0,13.64
4030007,0,18.64
4030008,0,14.72
4030009,0,16.21
4030011,0,18.91
4030012,0,18.43
4030013,1,12.92
4030014,0,15.29
4030015,4,12.91
4030016,0,18.57
4030017,0,11.78
4030018,0,12.86
4030019,5,28.92
4030020,0,21.51
4030021,0,28.69
4030022,2,13.34
4030023,0,19.49
4030024,37,14.51
4030025,1,14.27
4030026,3,14.16
4030027,0,12.08
4030028,1,12.92
4030029,0,16.89
4030030,0,22.68
4030031,0,14.23
4030035,2,13.77
4030036,6,15.74
4030037,0,15.88
4030038,18,17.25
4030039,2,12.98
4030040,0,17.25
4030041,0,12.65
4030043,2,10.93
4030044,0,#N/A
4030045,5,12.07
4030046,0,18.43
4030047,0,17.01
4030048,0,17.01
4030049,11,17.01
4030050,2,13.13
4030053,12,16.21
4030054,0,14.62
4030055,8,23.19
4030056,1,23.65
4030057,0,18.71
4030059,0,12.25
4030060,0,15.6
4030061,0,51.63
4030062,0,13.74
4030063,0,13.14
4030064,2,15.37
4030065,0,17.35
4030066,0,10.91
4030067,0,23.24
4030068,0,15.65
4030069,6,11.44
4030070,0,10.56
4030071,0,17.55
4030072,0,17.33
4030073,0,14.86
4030074,0,23.19
4030075,0,11.04
4030076,1,30.23
4030077,0,#N/A
4030078,0,69.02
4030079,6,12.72
4030080,0,11.79
4030081,0,23.19
4030082,0,#N/A
4030083,2,14.92
4030084,0,23.11
4030085,11,16.72
4030086,0,17.69
4030087,0,24.24
4030088,0,23.19
4030089,0,16.56
4030090,0,14.54
4030091,4,16.27
4030092,0,#N/A
4030093,0,18.46
4030094,0,27.78
4030095,0,20.99
4030096,1,18.39
4030097,0,24.85
4030099,4,22.15
4030100,0,27.83
4030101,0,23.11
4030102,0,23.4
4030103,0,17.69
4030104,0,24.13
4030106,0,14.17
4030107,2,13.29
4030110,2,12.47
4030112,0,18.74
4030113,3,16.8
4030114,1,16.91
4030115,1,34.02
4030116,1,12.52
4030117,0,#N/A
4030122,0,25.15
4030126,0,25.17
4030129,0,44.26
4030131,0,15.44
4030133,0,12.92
4030134,0,16.97
4030135,4,17.01
4030136,8,18.27
4030137,0,18.23
4030138,0,17.49
4030139,0,#N/A
4030140,0,17.4
4030141,0,13.53
4030142,0,18.19
4030143,0,10.67
4030144,0,#N/A
4030145,0,#N/A
4030146,27,14.54
4030147,0,#N/A
4030148,0,#N/A
4030149,0,12.73
4030150,0,10
4030151,0,11.35
4030152,0,10.81
4030153,3,10.42
4030154,0,10.99
4030155,8,15.03
4030156,4,14.28
4030157,2,10.08
4030158,0,10.81
4030159,0,18.89
4030160,54,12.26
4030161,0,14.96
4030162,0,10.13
4030164,18,28.18
4030165,1,38.77
4030166,0,23.65
4030167,0,14.86
4030169,0,11.57
4030170,0,20.96
4030171,0,#N/A
4030172,0,21.05
4030173,0,16.17
4030174,6,19.36
4030175,3,13.05
4030176,2,13.37
4030177,0,16.97
4030178,0,13.8
4030180,0,18.39
4030181,0,15.93
4030182,0,29.84
4030183,8,16.05
4030184,2,13.81
4030185,0,16.17
4030186,0,17.01
4030187,4,16.95
4030189,31,15.03
4030191,0,24.46
4030192,1,15.55
4030193,0,29.14
4030194,0,23.19
4030195,23,18.12
4030196,0,18.61
4030197,19,17.8
4030198,0,17.12
4030199,12,21.67
4030200,0,38.37
4030201,0,17.34
4030203,0,17.11
4030204,0,15.61
4030205,15,18.24
4030206,3,20.49
4030207,3,16.75
4030208,0,14.45
4030209,231,14.45
4030210,6,14.74
4030211,0,15.32
4030212,3,14.54
4030213,0,14.45
4030214,1,14.45
4030215,0,16.58
4030216,0,13.91
4030217,0,20.18
4030218,0,17.67
4030219,0,15.32
4030220,0,14.6
4030221,0,15.32
4030222,141,15.19
4030223,0,15.27
4030224,0,14.45
4030225,9,17.34
4030226,0,17.34
4030227,2,15.27
4030228,1,10.55
4030229,0,15.48
4030230,13,13.29
4030231,0,15.82
4030232,0,18.24
4030233,0,14.23
4030234,0,23.8
4030235,0,21.44
4030236,0,#N/A
4030237,0,15.61
4030238,0,15.99
4030239,0,23.8
4030240,13,16.42
4030241,0,23.51
4030242,0,23.8
4030243,73,18.24
4030244,0,24
4030245,25,23.11
4030246,0,23.11
4030247,0,15.19
4030249,0,17.33
4030250,32,17.67
4030251,5,15.32
4030252,0,23.11
4030253,0,17.34
4030254,0,16.51
4030255,0,18.24
4030256,0,#N/A
4030257,0,#N/A
4030258,1,13.03
4030259,0,13.68
4030260,0,11.15
4030261,1,13.06
4030262,0,#N/A
4030263,2,13.09
4030264,1,12.79
4030265,0,10.69
4030266,0,#N/A
4030267,0,15.19
4030268,15,17.67
4030269,3,13.03
4030270,0,#N/A
4030271,0,#N/A
4030272,0,15.32
4030273,0,15.32
4030274,3,23.11
4030276,0,#N/A
4030277,0,#N/A
4030279,8,10.94
4030280,0,#N/A
4030282,0,11.89
4030286,0,23.25
4030287,0,25.22
4030288,0,17.46
4030289,0,17.39
4030290,3,19.84
4030291,0,15.97
4030292,0,68.15
4030295,2,16.51
4030297,0,33.34
4030298,0,19.72
4030300,0,#N/A
4030303,0,10.39
4030304,0,#N/A
4030305,1,11.26
4030306,2,16.63
4030308,1,17.28
4030309,0,128.76
4030310,1,12.52
4030313,0,47.36
4030316,2,12.75
4030318,0,#N/A
4030320,0,52.86
4030321,0,25.72
4030323,0,16.38
4030324,0,10.45
4030326,0,#N/A
4030327,1,12.56
4030328,0,23.96
4030330,2,19.88
4030331,3,14.72
4030332,0,16.89
4030333,2,43.39
4030334,3,12.55
4030335,0,33.56
4030336,44,47.84
4032001,0,119.24
4032002,0,119.24
4032003,0,134.12
4032004,0,135.41
4032005,4,141.52
4032008,0,128.91
4032009,0,128.91
4032010,0,129.77
4032012,0,154.02
4032013,0,154.02
4032014,0,154.02
4032015,1,115.52
4032016,0,154.32
4032017,0,154.02
4032018,0,173.02
4032019,0,165.97
4032020,0,125.12
4032021,0,125.12
4032022,0,129.24
4032023,21,124.47
4032024,0,167.12
4032026,0,166.82
4032027,0,165.97
4032028,0,#N/A
4032030,2,194.65
4032031,0,144
4032032,9,183.41
4032034,0,165.97
4032036,0,130.98
4032037,0,182.98
4032038,0,135.72
4032039,0,117.75
4032040,5,112.14
4032080,0,213.11
4032081,0,213.11
4040100,5,19.67
4040101,2,10.02
4040102,5,14.03
4040103,6,17.89
4040104,5,13.08
4040105,7,16.05
4040106,4,21.62
4040107,3,8.89
4040108,4,19.54
4040109,8,19.54
4040110,7,10.79
4040111,12,7.4
4040112,11,7.37
4040113,4,15.12
4040114,9,10.48
4040115,6,12.79
4040116,1,9.09
4040117,0,20.46
4040118,2,16.87
4040119,5,21.62
4040120,3,12.01
4040121,3,18.13
4040122,1,14.63
4040123,1,14.86
4040124,0,20.31
4040125,6,11.01
4040126,9,10.01
4040127,4,17.89
4040128,1,9.48
4040129,4,14.51
4040130,4,18.19
4040131,0,20.31
4040132,2,11.22
4040200,3,15.94
4040201,1,17.12
4040202,2,13.97
4040203,1,20.23
4040204,0,26.57
4040205,4,6.17
4040206,0,16.85
4040207,0,20.76
4040208,7,23.42
4040209,0,19.96
4040210,4,18.11
4040211,0,12.17
4040212,6,23.42
4040213,3,7.97
4040214,6,13.37
4040215,3,16.05
4040216,12,21.06
4040217,5,7.82
4040218,6,13.83
4040219,4,13.81
4040220,4,8.72
4040221,1,12.05
4040222,1,18.45
4040223,6,7.52
4040224,1,14.93
4040225,4,8.74
4040226,1,25.06
4040227,0,15.78
4040228,0,29.22
4040229,7,13.81
4040230,3,8.61
4040231,3,9.08
4040232,5,8.78
4040233,0,17.32
4040234,0,21.88
4040235,5,17.65
4040236,4,6.37
4040237,4,9.32
4040238,2,9.59
4040239,5,12.41
4040300,7,13.29
4040301,5,13.8
4040302,5,12.33
4040303,6,14.33
4040304,6,9.37
4040305,6,25.13
4040306,1,7.6
4040307,3,19.23
4040308,3,5.58
4040309,2,11.83
4040310,0,15.12
4040311,3,22.65
4040312,4,7.82
4040313,1,8.51
4040315,5,13.97
4040316,2,17.29
4040317,3,13.37
4040318,9,8.51
4040319,3,15.58
4040320,4,7.64
4040321,7,14.52
4040322,9,9.27
4040323,6,10.62
4040324,6,14.62
4040325,4,8.51
4040326,0,15
4040327,0,10.25
4040328,3,7.79
4040329,4,16.79
4040330,0,6.04
4040331,6,19.03
4040332,3,8.51
4040333,4,16.32
4040334,4,8.34
4040335,5,13.32
4040336,2,10.8
4040337,12,18.84
4040338,0,27.03
4040339,0,18.11
4040340,9,30.61
4040341,9,12.99
4040342,5,7.61
4040343,3,9.67
4040344,8,49.82
4040345,0,10.75
4040346,0,16.09
4040347,0,16.55
4040348,0,18.94
4040349,0,14.27
4040350,4,11.47
4040351,0,18.29
4040352,0,16.85
4040353,0,24.39
4040354,4,10.04
4040355,3,9.22
4040356,3,38.49
4040357,4,16.94
4040358,2,16.52
4040359,0,16.53
4040400,4,21.62
4040401,0,14.36
4040402,4,15.39
4040403,5,7.53
4040404,2,10.23
4040405,6,20.23
4040406,6,25.38
4040407,5,13.86
4040408,3,14.67
4040409,3,33.22
4040410,2,13.06
4040411,2,28.12
4040412,3,29.69
4040413,3,16.19
4040414,3,12.56
4040415,0,21.53
4040416,1,31.25
4040417,6,11.12
4040418,0,18.41
4040419,0,17.56
4040420,8,23.42
4040421,5,25.93
4040422,0,24.39
4040423,4,19.27
4040424,3,25.65
4040425,5,23.73
4040426,3,9.16
4040427,0,21.63
4040428,5,50.14
4040429,0,12.04
4040430,3,8.23
4040431,3,24.52
4040432,0,25.38
4040433,0,22.52
4040434,10,13.37
4040435,3,10
4040436,4,14.25
4040437,3,8.51
4040438,3,21.87
4040439,1,10.52
4040440,5,15.14
4040441,2,13.18
4040442,2,8.53
4040443,0,26.77
4040444,3,14.71
4040445,1,11.02
4040446,3,7.64
4040447,4,6.87
4040448,6,18.52
4040449,0,16.33
4040450,0,18.48
4040451,1,18.06
4040452,0,21.02
4040453,6,8.51
4040454,1,12.93
4040455,3,7.99
4040456,2,32.11
4040457,3,14.75
4040458,5,14.19
4040459,0,12.28
4040460,4,30.61
4040461,1,16.77
4040462,0,13
4040463,0,23.42
4040464,2,21.38
4040465,0,21.21
4040466,0,19.03
4040467,6,6.98
4040468,0,22.47
4040469,6,20.32
4040470,6,24.39
4040471,8,13.55
4040472,4,20.23
4040473,0,20.52
4040474,8,27.79
4040475,0,17.38
4040476,9,19.55
4040477,0,31.18
4040478,0,18.54
4040479,0,27.21
4040480,4,33.22
4040481,3,13.53
4040482,5,15.41
4040483,2,12.71
4040484,4,16.58
4040485,6,20.94
4040486,13,10.64
4040487,1,22.65
4040488,0,22.65
4040489,0,8.67
4040490,0,9.15
4040491,9,23.96
4040492,5,18.52
4040493,2,48.08
4040494,2,19.58
4040495,6,25.93
4040496,2,17.38
4040497,0,15.71
4040498,0,19.34
4040499,2,11.98
4040500,0,24.6
4040501,0,18.35
4040502,0,46.83
4040503,2,25.26
4040504,1,7.6
4040505,2,24.13
4040506,4,16.78
4040507,0,39.32
4040508,0,15.2
4040509,0,22.54
4040510,0,37.34
4040511,0,39.78
4040512,0,41.8
4040513,0,36.07
4040514,3,15.05
4040515,0,45.93
4040516,0,10.14
4040517,4,97.91
4040600,0,13.72
4040601,0,21.24
4040602,5,18.14
4040603,0,16.75
4040604,0,36.79
4040605,0,18.99
4040606,0,20.52
4040607,5,13.23
4040608,14,55.45
4040609,0,50.56
4040610,3,23.42
4040611,0,16.04
4040612,0,27.17
4040613,0,20.71
4040614,0,4.25
4040615,0,20.41
4040616,4,20.74
4040617,0,15.38
4040618,22,18.11
4040619,0,10.73
4040620,0,37.81
4040621,5,22.65
4040622,0,17.72
4040623,18,37.11
4040624,0,16.25
4040625,1,7.13
4040626,0,17.77
4040627,0,26.37
4040628,2,9.59
4040629,10,7.43
4040630,2,15.07
4040631,0,10.75
4040632,1,13.55
4040633,2,18.12
4040634,4,22.47
4040635,0,25.93
4040636,5,44
4040637,9,19.57
4040638,0,38.69
4040639,4,19.78
4040640,0,33.78
4040641,0,15.12
4040642,0,16.96
4040643,0,11.97
4040644,0,24.01
4040645,0,12.95
4040646,7,22.47
4040647,0,21.95
4040648,0,32.08
4040649,0,24.24
4040650,0,26.92
4040651,0,40.38
4040652,0,25.93
4040653,0,27.83
4040654,2,12.05
4040655,0,19.17
4040656,0,13.59
4040657,0,25
4040658,0,8.93
4040659,0,45.09
4040660,0,15.35
4040661,0,17.46
4040662,0,11.67
4040663,3,9.62
4040664,0,20.87
4040665,6,11.36
4040666,5,31.84
4040667,1,58.67
4040668,0,16.25
4040669,15,18.52
4040670,0,39.07
4040671,0,25.78
4040673,0,16.85
4040674,0,8.04
4040675,0,44.45
4040676,11,57.69
4040677,4,10.23
4040678,2,10.18
4040679,0,33.22
4040680,1,25.25
4040681,0,34.33
4040682,0,27.44
4040683,0,18.29
4040684,0,9.84
4040685,0,26.37
4040686,0,25.17
4040687,0,18.43
4040688,0,24.81
4040689,6,57.6
4040690,0,63.24
4040691,0,33.71
4040692,0,31.93
4040693,0,12.26
4040694,2,31.88
4040695,7,23.05
4040696,11,14.07
4040697,0,17.57
4040698,0,29.31
4040699,0,29.31
4040700,0,41.13
4040701,0,25.42
4040702,0,19.12
4040703,0,25.15
4040704,0,19.12
4040705,5,16.63
4040706,0,24.39
4040707,0,25.62
4040708,7,32.93
4040709,0,45.09
4040710,9,42.11
4040711,0,24.39
4040712,0,30.61
4040713,15,8
4040714,4,8.6
4040715,2,17.89
4040716,0,20.28
4040717,0,31.52
4040718,25,23.37
4040719,0,37.11
4040720,0,24.17
4040721,5,32.98
4040722,0,35.16
4040723,19,17.55
4040724,2,12.11
4040725,0,20.21
4040726,1,19.93
4040727,0,16.25
4040728,0,20.26
4040729,0,9.84
4040730,0,28.73
4040731,9,25.21
4040732,0,29.31
4040733,0,59.24
4040734,0,22.47
4040735,0,17.62
4040736,0,10.75
4040737,3,13.57
4040738,0,39.25
4040739,0,63.86
4040740,4,36.38
4040741,0,27.25
4040742,0,11.67
4040743,0,10.75
4040744,0,13.68
4040745,0,38.36
4040746,0,14.33
4040747,0,55.61
4040748,1,21.98
4040749,0,53.32
4040750,0,14.33
4040751,0,40.64
4040752,0,33.31
4040753,0,53.76
4040755,0,10.75
4040756,5,21.16
4040757,0,32.75
4040758,18,23.11
4040759,0,31.84
4040760,8,36.17
4040761,0,39.69
4040762,0,10.14
4040763,2,18.82
4040764,1,24.29
4040765,2,11.68
4040766,6,24.43
4040767,6,16.52
4040768,3,23.99
4040769,4,15.92
4040770,3,16.42
4040771,0,23.51
4040772,6,9.92
4040773,5,11.68
4040774,1,35.41
4040775,0,15.57
4040776,0,40.65
4040777,0,22.37
4040778,0,33.69
4040779,5,12.97
4040780,5,18.25
4040781,0,12.04
4040782,0,14.33
4040783,4,10.23
4040784,0,18.8
4040785,0,11.67
4040786,1,18.59
4040787,6,17.05
4040788,6,12.71
4040789,8,26.21
4040790,0,25.31
4040791,5,13.56
4040793,0,9.88
4040794,0,29.82
4040795,0,13.34
4040796,3,41.76
4040798,0,23.42
4040800,0,37.11
4040801,0,18.67
4040802,0,26.37
4040803,0,64.22
4040804,0,18.29
4040805,0,45.18
4040806,0,15.35
4040807,0,13.64
4040808,0,16.85
4040809,0,26.39
4040810,0,14.4
4040811,5,30.19
4040812,0,12.58
4040813,0,10.75
4040814,0,56.76
4040815,0,10.75
4040816,0,23.42
4040817,0,9.84
4040818,0,14.95
4040819,0,12.26
4040820,0,12.26
4040821,2,12.12
4040822,0,13.34
4040823,0,12.26
4040824,0,10.75
4040825,0,37.11
4040826,0,24.89
4040827,0,13.13
4040828,0,10.14
4040829,0,14.4
4040830,0,17.13
4040831,0,10.75
4040832,0,25.98
4040833,0,12.14
4040834,0,22.01
4040835,0,20.62
4040836,0,17.32
4040837,1,35.67
4040838,0,40.01
4040839,0,23.61
4040840,0,16.25
4040841,0,10.27
4040842,0,36.51
4040843,0,45.86
4040844,0,10.75
4040845,0,15.47
4040846,1,15.68
4040848,0,29.39
4040849,0,16.14
4040850,0,14.4
4040851,0,27.04
4040852,0,29.62
4040853,0,25.01
4041100,0,43.35
4050100,2,1.11
4050101,34,1.27
4050102,0,1.06
4050103,0,1.56
4050104,22,1.38
4050105,5,1.25
4050200,1,1.17
4050201,34,1.36
4050202,26,1.93
4050203,0,1.63
4050204,4,1.11
4050205,0,1.59
4050206,4,1.48
4050207,11,1.25
4050208,3,1.12
4050209,7,1.19
4050210,0,1.28
4050211,0,1.16
4050212,0,1.17
4050213,0,0.89
4050214,3,1.12
4050215,0,1.16
4050216,0,1.22
4050217,25,1.44
4050218,10,1.44
4050219,1,1.17
4050220,0,1.02
4050221,2,1.78
4050222,0,1.29
4050223,6,1.03
4050224,6,0.92
4050225,1,0.91
4050226,1,1.78
4050227,1,3.69
4050228,0,3.77
4050229,0,2.53
4050230,0,1.25
4050231,0,4.04
4050232,0,2.32
4050233,0,2.32
4050234,0,1.24
4050300,9,1.17
4050301,2,1.22
4050302,39,1.47
4050303,0,2.16
4050304,6,10.41
4050305,0,17.74
4050306,0,1.99
4050307,1,1.39
4050308,0,1.38
4050309,4,1.43
4050310,5,2.23
4050311,0,1.68
4050312,0,1.18
4050313,1,1.73
4050314,0,1.35
4050315,1,1.42
4050316,0,1.31
4050317,0,0.95
4050318,5,1.29
4050319,13,0.94
4050320,24,1.85
4050321,13,1.11
4050322,0,1.19
4050323,0,1.29
4050324,2,1.62
4050325,1,2.08
4050326,1,1.44
4050327,10,1.59
4050328,1,1.95
4050329,0,1.52
4050330,0,1.55
4050331,28,1.27
4050332,0,1.88
4050333,2,0.94
4050334,9,1.48
4050335,0,1.16
4050336,15,1.38
4050337,0,1.22
4050338,0,1.74
4050339,0,1.05
4050340,0,1.23
4050341,0,1.23
4050342,4,0.94
4050343,1,1.08
4050344,0,1.74
4050345,4,1.21
4050346,11,1.48
4050347,10,1.55
4050348,0,2.36
4050349,15,1.26
4050350,0,1.17
4050351,0,1.12
4050352,1,3.64
4050353,0,117.04
4050354,0,1.25
4050400,0,1.82
4050401,0,1.57
4050402,0,1.19
4050403,0,1.68
4050404,16,1.25
4050405,11,2.78
4050406,17,2.45
4050407,15,1.81
4050408,0,1.23
4050409,3,1.35
4050410,0,2.07
4050411,0,2.65
4050412,28,2.64
4050413,0,2.32
4060001,4,6.16
4060002,0,1.77
4060003,0,4.05
4060004,0,4.62
4060005,0,1.55
4060006,0,1.67
4060008,442,4.17
4060009,235,4.43
4060010,15,4.17
4060011,3,3.13
4060012,0,3.13
4060013,0,1.15
4060014,40,3.4
4060015,2,5.67
4060017,2,4.21
4060018,0,5.86
4060019,0,#N/A
4060020,1,3.99
4060021,2,#N/A
4060022,0,#N/A
4060023,10,2.66
4060024,0,3.74
4060025,0,5.65
4060028,0,0.87
4060030,21,3.87
4060033,0,2.67
4060034,2,2.4
4060035,0,3.91
4060037,1,#N/A
4060038,0,#N/A
4060039,0,7.58
4060040,0,3.89
4060042,0,5.52
4060043,0,3.26
4060045,295,3.72
4060046,4,3.16
4060047,0,#N/A
4060048,13,1.64
4060049,0,#N/A
4060050,0,#N/A
4060053,34,3.89
4060054,1,#N/A
4060059,406,4.43
4060060,0,3.87
4060061,26,6.39
4060062,337,3.54
4060063,0,3.13
4060064,1719,8.56
4060065,800,3.87
4060066,121,3.8
4060067,1,3.58
4060068,0,#N/A
4060069,0,2.81
4060070,0,#N/A
4060072,0,#N/A
4060073,0,#N/A
4060074,0,#N/A
4060075,0,#N/A
4060076,0,#N/A
4060077,1,2.65
4060078,0,2.79
4060079,3,4.98
4060080,0,4.35
4060081,0,2.96
4060082,0,#N/A
4060083,0,#N/A
4060084,13,3.42
4060085,0,3.74
4060086,0,1.14
4060087,0,3.26
4060088,0,3.26
4060089,0,2.96
4060090,0,3.11
4060091,0,4.23
4060092,0,#N/A
4060093,0,2.96
4060094,0,5.51
4060095,0,#N/A
4060096,0,#N/A
4060097,0,4.38
4060098,0,1.99
4060100,0,#N/A
4060101,0,#N/A
4060102,0,#N/A
4060103,0,16.02
4060104,0,3.89
4060105,0,#N/A
4060106,0,#N/A
4060107,0,#N/A
4060109,0,2.97
4060110,0,2.97
4060111,0,#N/A
4060112,1,5.4
4060113,0,#N/A
4060114,0,#N/A
4060115,7,3.54
4060116,0,1.38
4060119,0,2.97
4060120,0,2.97
4060136,0,5.12
4063018,0,39.76
4063019,0,39.76
4063020,0,31.34
4063021,0,29.82
4063022,0,39.76
4063023,5,30.48
4063024,0,25.93
4063025,0,24.88
4063026,0,36.89
4063027,1,24.35
4063028,1,29.37
4063029,0,40.42
4063030,2,26.19
4063031,10,37.48
4063032,1,44.52
4063033,0,43.41
4063034,0,44.52
4063035,0,33.45
4063036,0,35.49
4063037,0,43.44
4063038,0,40.42
4063039,0,33.89
4063040,3,33.89
4063041,0,45.19
4063042,5,27.36
4063043,0,28
4063044,1,36.35
4063045,2,34.73
4063046,0,30.73
4063047,0,23.04
4063048,0,21.56
4063049,4,28.38
4063050,3,36.81
4063051,3,31.68
4063052,5,36.81
4063053,0,60.97
4063054,0,57.06
4063055,0,60.97
4063056,0,44.56
4063057,2,42.68
4063058,1,38.49
4063059,0,51.57
4063060,4,34.88
4063061,0,56.28
4063062,4,43.49
4063064,1,42.38
4063065,5,42.38
4063066,0,53.44
4063067,0,40.08
4063068,0,32.72
4063069,0,28.2
4063070,0,35.42
4063071,0,46.8
4063072,0,60.97
4063074,2,43.97
4063075,6,40.87
4063076,0,33.47
4063077,1,45.73
4063078,4,51.32
4063079,0,44.49
4063080,0,62.95
4063081,0,49.26
4063082,0,65.68
4063083,0,34.33
4063084,0,31.59
4063085,1,41.87
4063087,0,38.62
4063088,0,42.72
4063090,0,30.28
4063091,0,35.04
4063093,0,34.55
4063094,1,40.2
4063095,0,33.89
4063097,0,30.09
4063098,2,40.2
4063101,0,82.28
4063102,0,42.33
4063103,0,40.47
4063104,0,40.47
4063105,0,37.69
4063106,0,43.41
4063109,0,45.29
4063110,0,33.47
4063112,1,34.55
4063113,0,25.05
4063115,0,34.87
4063116,3,45.24
4063119,1,41.31
4063120,0,26.31
4063121,0,38.19
4063124,0,45.73
4063125,0,26.86
4063126,0,27.86
4063127,0,32.95
4063128,0,36.89
4063130,3,39.18
4063131,0,32.58
4063132,0,44.52
4063133,0,27.26
4063134,0,46.44
4063135,1,40.2
4063136,0,45.73
4063137,0,45.73
4063139,0,51.05
4063140,0,45.73
4063141,0,45.73
4063142,0,45.73
4063144,0,38.65
4063145,7,32.82
4063146,0,47.51
4063147,2,36.13
4063148,0,51.02
4063149,0,39.29
4063150,0,45.73
4063153,0,50.54
4063155,3,37.39
4063156,0,36.71
4063157,0,24.96
4063158,0,37.56
4063159,0,30.84
4063160,0,42.25
4063161,0,26.28
4063162,0,36.35
4063163,0,29.82
4063164,0,30.84
4063165,0,33.37
4063166,0,72.65
4063168,0,50.83
4063169,0,53.89
4063170,0,40.42
4063171,0,40.42
4063172,2,38.49
4063173,0,42.31
4063174,2,42.06
4063175,0,47.51
4063176,0,48.81
4063177,0,58.68
4063178,0,22.09
4063179,0,90.94
4063180,3,36.78
4063181,0,27.73
4063182,2,26.28
4063183,2,25.47
4063184,0,32.72
4063185,0,40.42
4063186,0,49.26
4063187,3,46.92
4063188,0,30.98
4063189,1,35.14
4063191,0,47.51
4063192,2,40.2
4063193,0,28.58
4063194,1,43.26
4063195,1,39.78
4063196,1,25.91
4063198,0,33.37
4063199,2,31.78
4063201,0,44.32
4063202,0,51.54
4063203,0,26.31
4063204,0,35.07
4063205,0,33.37
4063206,2,46.92
4063207,0,47.05
4063208,2,49.12
4063209,5,48.62
4063210,0,46.35
4063211,0,51.05
4063213,0,42.21
4063215,3,29.98
4063216,5,57.39
4063217,1,44.81
4063218,1,44.34
4063220,0,46.8
4063221,0,75.01
4063222,7,40.57
4063223,0,34.53
4063224,0,41.05
4063225,0,71.84
4063226,4,49.96
4063227,2,41.87
4063228,0,41.87
4063229,7,12.47
4063230,3,48.88
4063231,0,41.97
4063232,0,58.62
4063233,0,36.35
4063234,0,25.62
4063235,6,47.21
4063236,2,29.82
4063237,2,102.12
4063238,0,23.27
4063239,1,30.08
4063240,0,44.49
4063241,0,43.97
4063242,0,47.51
4063243,0,45.24
4063244,0,26.31
4063245,0,57.88
4063246,5,64.29
4063247,1,35.4
4063248,1,41.51
4063249,2,45.73
4063250,2,48.62
4063251,1,31.78
4063252,0,31.59
4063253,0,49.21
4063254,4,41.87
4063255,0,31.64
4063256,0,27.86
4063257,0,47.51
4063258,0,63.34
4063259,0,35.15
4063260,0,52.81
4063262,0,45.73
4063263,1,49.12
4063264,0,46.8
4063265,0,43.97
4063266,0,42.2
4063267,0,18.58
4063268,0,54.96
4063269,1,41.77
4063270,0,46.16
4063271,0,25.35
4063272,0,39.76
4063273,0,67.88
4063274,0,63.72
4063275,0,37.6
4063276,0,25.67
4063277,2,41.87
4063278,0,35.15
4063279,0,37.43
4063280,0,26.57
4063283,0,29
4063285,0,22.06
4063286,0,29.98
4063287,0,33.18
4063288,1,72.77
4063289,0,58.85
4063292,0,71.83
4063293,0,19.25
4063294,0,19.25
4063295,0,25.67
4063296,0,19.25
4063297,0,54.18
4063298,5,51.05
4063299,0,44.52
4063300,0,49.12
4063301,0,81.23
4063302,0,59.54
4063304,0,57.87
4063305,0,30.64
4063306,0,17.13
4063307,1,43.55
4063308,0,50.54
4063309,0,43.97
4063310,1,52.74
4063311,0,42.21
4063312,0,22.76
4063313,0,49.26
4063314,3,46.92
4063315,0,42.18
4063316,0,35.15
4063317,0,35.15
4063318,0,43.97
4063319,2,26.74
4063320,0,43.97
4063321,0,62.83
4063322,0,53.89
4063323,0,46.16
4063324,0,56.88
4063325,0,53.77
4063326,0,44.32
4063328,0,33.37
4063329,1,19.96
4063330,0,29.42
4063331,0,15.73
4063332,0,24.04
4063333,1,28.4
4063334,1,28.07
4063335,0,36.46
4063336,0,24.54
4063337,0,24.54
4063338,0,63.54
4063339,0,38.27
4063340,0,51.17
4063341,0,133.32
4063342,0,94.55
4063343,0,90.88
4063344,0,34.46
4063345,3,41.39
4063346,1,36.62
4063348,0,77.44
4063349,0,64.09
4063350,0,42.2
4063351,1,19.37
4063352,2,20.34
4063353,0,20.34
4063354,3,20.34
4063357,0,58.12
4063359,1,24.21
4063360,0,70.4
4063361,0,72.22
4063362,1,46.83
4063363,0,33.37
4063364,0,35.15
4063365,0,52.13
4063366,0,59.25
4063367,0,40.42
4063368,0,64.74
4063369,0,68.88
4063370,0,17.47
4063371,1,21.58
4063372,5,32.72
4063373,0,59.36
4063375,0,38.07
4063376,2,18.34
4063377,0,41.13
4063378,0,27.25
4063379,2,53.89
4063380,0,44.49
4063381,0,24.21
4063382,0,22.11
4063383,0,60.97
4063384,0,39.38
4063385,0,51.54
4063386,0,82.22
4063387,0,15.32
4063388,0,63.34
4063389,0,47.51
4063390,0,42.21
4063391,0,12.18
4063392,2,43.55
4063393,0,39.02
4063394,0,42.25
4063395,0,39.02
4063396,0,32.46
4063397,0,53.89
4063398,0,56.96
4063399,4,68.28
4063400,0,37.96
4063401,0,53.26
4063402,0,36.89
4063403,0,57.68
4063404,3,27.74
4063405,0,48.84
4063406,2,53.89
4063407,1,25.05
4063408,0,27
4063409,0,32.29
4063410,0,20.76
4063411,3,39.19
4063412,1,36.77
4063413,2,35.06
4063414,1,41.87
4063415,0,36.89
4063416,0,36.89
4063417,2,53.26
4063419,0,54.86
4063421,0,56.71
4063422,0,56.71
4063424,0,25.67
4063425,0,18.87
4063426,0,22.06
4063427,0,26.35
4063428,0,46.6
4063430,0,44.65
4063431,0,53.81
4063432,0,126.35
4063433,0,24.21
4063435,0,64.37
4063436,3,61.71
4063437,0,30.02
4063438,0,30.35
4063439,0,33.37
4063440,0,36.89
4063441,0,41.15
4063442,0,32.01
4063443,0,38.65
4063444,1,45.02
4063445,0,43.97
4063446,0,58.62
4063447,2,45.73
4063448,0,47.51
4063449,0,69.68
4063450,1,40.47
4063451,0,57.63
4063452,0,49.26
4063453,0,52.8
4063454,0,63.34
4063455,1,40.2
4063456,0,71.8
4063457,0,43.97
4063458,0,59.55
4063459,0,27.43
4063460,0,40.42
4063461,2,108.74
4063462,0,111.63
4063463,0,72.45
4063464,0,38.19
4063465,0,58.62
4063466,0,59.55
4063467,1,37.12
4063468,0,36
4063469,0,50.04
4063470,0,45.73
4063471,0,40.42
4063472,0,43.97
4063473,0,53.81
4063474,0,44.65
4063475,4,42.53
4063476,0,58.98
4063478,0,56.49
4063479,2,24.07
4063480,0,44.86
4063481,0,59.82
4063482,0,44.86
4063483,0,56.66
4063484,0,57.82
4063485,0,38.86
4063486,0,23.14
4063487,0,30.85
4063489,0,47.06
4063490,0,45.97
4063491,0,65.29
4063492,0,53.81
4063493,0,24.79
4063495,2,41.52
4063496,0,32.28
4063498,4,53.09
4063499,0,62.99
4063500,0,39.15
4063501,0,25.63
4063502,0,25.06
4063503,0,33.37
4063504,0,53.81
4063505,1,40.47
4063506,2,52.79
4063507,0,54.46
4063509,8,42.91
4063510,0,52.63
4063511,0,39.47
4063512,0,28.44
4063513,0,42.91
4063514,0,74.71
4063515,0,63.58
4063516,0,63.58
4063517,0,50.32
4063519,0,37.74
4063520,0,37.74
4063521,0,65.8
4063522,0,69.16
4063523,0,69.16
4063524,0,39.47
4063525,0,32.58
4063526,0,36.03
4063527,0,70.09
4063528,0,39.47
4063529,0,66.37
4063530,0,63.75
4063531,0,36.03
4063532,0,44.62
4063533,0,48.52
4063534,0,50.37
4063535,0,53.39
4063536,0,60.85
4063537,0,57.91
4063538,0,42.88
4063539,0,49.64
4063540,0,48.06
4063541,0,64.08
4063543,0,61.78
4063544,0,61.78
4063547,0,63.84
4063552,0,64.68
4063553,0,68.17
4063554,0,54.14
4063555,0,57.18
4063556,0,61.78
4063557,0,57.91
4063558,0,72.18
4063559,0,61.78
4063560,0,38.47
4063561,0,47.41
4063562,0,63.21
4063563,7,51.75
4063564,0,38.81
4063565,0,54.92
4063566,0,41.19
4063567,0,47.41
4063568,0,51.66
4063569,0,46.64
4063570,1,53.87
4063571,0,50.37
4063572,0,25.68
4063573,0,64.08
4063574,0,50.28
4063576,0,67.08
4063577,0,51.52
4063578,0,54.92
4063579,0,92.21
4063580,0,61.78
4063581,0,49.11
4063582,0,48.06
4063583,0,48.06
4063584,0,50.37
4063585,0,51.84
4063586,0,54.92
4063704,5,46.41
4065001,0,30.92
4065012,0,9.6
4065030,3,3.8
4065031,1,3.53
4065032,1,3.43
4065033,0,9.8
4065034,6,3.84
4065070,0,36.84
4065071,0,38.24
4065072,4,94.45
4065075,0,28.63
5010001,0,368.34
5010002,0,221.05
5010003,0,324.66
5010004,1,410.61
5010005,0,191.53
5010006,0,103.43
5010007,0,256.17
5010008,0,342.78
5010012,3,185.53
5010013,0,247.41
5010014,0,317.77
5010015,1,98.81
5010016,5,176.39
5010017,0,94.42
5010018,0,153.52
5010019,1,119.06
5010020,0,210.09
5010021,0,136.46
5010022,5,208.42
5010023,0,108.46
5010024,2,134.15
5010025,0,129.13
5010026,0,126.46
5010027,0,161.36
5010028,0,111.08
5010032,0,108.59
5010033,1,91.29
6010001,0,52.79
6010002,0,98.07
6010004,0,223.53
6010005,0,230.85
6010006,0,49.88
6010007,2,68.12
6010009,0,63.38
6010010,45,36.79
6010012,140,329.51
6010013,4,79.65
6010014,2,170.87
6010016,1,79.65
6010017,0,37.76
6010019,0,153.88
6010020,1,128.49
6010021,3,54.37
6010022,0,136.15
6010023,0,306.32
6010024,0,190.49
6010025,4,329.51
6010026,13,51.38
6010027,1,339.99
6010028,13,408.42
6010029,0,154.96
6010030,21,64.75
6010031,0,65.42
6010032,4,94.86
6010033,3,101.17
6010035,0,82.78
6010036,0,62.08
6010037,2,181.13
6010038,0,215.96
6010039,1,291.73
6010041,0,119.2
6010042,0,79.27
6010043,0,62.82
6010044,4,27.08
6010045,0,57.52
6010046,0,34.03
6010047,1,82.62
6010048,0,36.72
6010049,0,131.99
6010050,0,104.33
6010051,30,84.13
6010052,0,#N/A
6010053,0,44.64
6010054,0,71.23
6010055,0,97.01
6010057,0,41.44
6010058,0,68.34
6010059,0,30.21
6010061,0,92.13
6010062,0,90.05
6010063,2,141.76
6010064,0,36.73
6010065,0,51.2
6010066,0,63.62
6010067,12,68.76
6010068,1,101.63
6010069,0,51.78
6010070,0,40.05
6010071,0,56.54
6010072,0,83.04
6010073,0,38.03
6010074,0,85.06
6010075,0,72.49
6010076,3,88.81
6010077,0,98.37
6010078,0,55.38
6010079,0,36.87
6010080,0,43.34
6010081,11,81.23
6010082,0,33.95
6010083,90,81.11
6010084,0,35.17
6010085,0,33.09
6010086,0,64.05
6010087,0,77.62
6010088,0,115.03
6010089,7,71.16
6010090,0,56.8
6010091,0,35.86
6010092,0,36.26
6010093,12,104.67
6010094,0,104.14
6010095,0,178.23
6010096,3,116.09
6010097,1,74.22
6010098,0,94.12
6010100,1,152.47
6010101,0,37.17
6010102,0,60.12
6010103,0,90.56
6010104,0,36.62
6010105,2,49.54
6010106,1,23.57
6010107,2,59.03
6010108,0,90.06
6010109,0,156.8
6010110,1,130.96
6010114,0,128.58
6010115,4,86.16
6010116,0,36.26
6010117,1,68.74
6010118,0,37.88
6010121,0,47.83
6010122,0,64.73
6010125,0,81.15
6010126,0,74.68
6010128,0,71.23
6010129,0,42.35
6010130,0,88.89
6010133,0,43.51
6010134,4,90.99
6010135,0,145.38
6010136,0,26.78
6010137,0,89.68
6010138,13,70.25
6010139,4,93.74
6010140,7,59.11
6010141,0,63.84
6010142,4,79.58
6010143,0,68.23
6010144,18,53.05
6010146,2,21.88
6010147,0,125.8
6010148,2,94.84
6010149,3,60.8
6010150,0,61.98
6010151,0,61.98
6010180,0,115.16
6010182,0,69.64
6010183,1,167.88
6010194,0,89.63
6010195,1,99.15
6010196,4,112.47
6010204,0,49.65
6010210,0,87.62
6010213,0,33.23
6010215,0,35.48
6010222,0,39.12
6010236,0,92.55
6010238,0,258.53
6010239,0,314.78
6010242,0,94.01
6010246,0,159.2
6010257,0,61.02
6010259,1,27.79
6010260,0,44.83
6010270,0,366.36
6010271,4,206.56
6010273,1,93.21
6010274,1,96.24
6010275,0,104.01
6010276,0,58.85
6010277,0,155.19
6010278,0,125.97
6010279,0,260.45
6010280,0,280.18
6010281,2,94.32
6010282,1,86.74
6010283,0,90.36
6010284,0,87.54
6010285,0,107.36
6010286,0,60.83
6010288,37,193.22
6010289,0,88.39
6010290,0,65.81
6010291,2,206.56
6010292,2,155.08
6010293,15,84.51
6010294,0,123.71
6010295,47,342.68
6010296,11,120.97
6010297,0,408.42
6010298,0,117.73
6010299,0,133.02
6010300,0,38.11
6010301,23,39.38
6010302,3,81.47
6010303,0,42.96
6010304,0,40.03
6010305,0,39.36
6010306,3,82.68
6010307,0,97.48
6010308,5,85.05
6010309,0,38.28
6010310,0,49.94
6010311,16,101.55
6010312,1,75.99
6010313,0,104.12
6010315,0,59.49
6010316,0,64.81
6010317,0,94.05
6010318,67,126.98
6010320,0,245.82
6010321,0,79
6010322,2,80.84
6010323,0,377.6
6010324,2,94.29
6010325,1,130.96
6010326,0,40.51
6010327,0,65.05
6010328,0,97.29
6010329,0,82.73
6010330,0,94.57
6010331,7,117.6
6010332,0,120.97
6010333,0,195.92
6010334,0,60.09
6010337,0,145.38
6010338,0,192.41
6010339,0,111.71
6010340,1,88.74
6010341,3,140.68
6010342,0,54.62
6010343,5,229.6
6010344,14,256.26
6010345,0,37.56
6010346,0,37.56
6010347,0,37.78
6010348,0,309.78
6010349,0,110.11
6010350,3,62.82
6010351,3,605
6010352,0,376.52
6010353,0,276.87
6010354,0,611.41
6010355,0,157.41
6010357,0,306.32
6010358,0,87.79
6010359,0,122.33
6010361,0,107.13
6010363,3,55.23
6010364,0,83.13
6010365,0,113.69
6010366,0,117.14
6010367,0,136.92
6010368,21,129.85
6010369,0,102.2
6010371,1,141.72
6010372,0,110.65
6010374,0,80.67
6010375,0,144.09
6010376,0,207.41
6010377,0,76.81
6010378,0,125.23
6010379,0,106.28
6010380,3,110.78
6010381,17,283.75
6010382,0,276.96
6010383,0,132.97
6010385,0,43.97
6010386,0,101.06
6010387,0,105.85
6010388,0,152.05
6010389,7,135.66
6010391,0,86.64
6010392,0,134.11
6010394,7,128.87
6010395,0,117.02
6010396,1,65.48
6010397,2,45.81
6010398,0,189.47
6010399,1,47.83
6010400,1,89.09
6010401,0,88.29
6010403,0,48.13
6010404,0,59.28
6010406,0,34.78
6010407,0,27.88
6010408,0,28.37
6010409,0,44.52
6010410,0,43.13
6010411,0,81.44
6010412,1,63.69
6010414,4,71.83
6010415,0,43.36
6010416,0,67.78
6010417,0,101.68
6010418,0,74.45
6010419,0,90.44
6010420,8,69.58
6010421,0,66.47
6010422,0,29.6
6010423,0,65.63
6010425,0,41.6
6010426,0,29.58
6010427,0,28.17
6010428,0,98.06
6010429,0,55.99
6010430,0,133.48
6010431,0,130.41
6010432,15,85.31
6010434,0,99.96
6010435,0,165.06
6010436,5,160.28
6010437,2,65.95
6010438,3,121.73
6010439,2,97.16
6010440,0,92.96
6010441,0,172.64
6010442,0,123.79
6010443,0,81.02
6010444,0,92.14
6010445,0,95.58
6010446,0,101.11
6010447,0,69.58
6010448,0,129.78
6010450,0,77.66
6010451,0,69.11
6010452,0,119.58
6010453,0,190.67
6010454,0,86.98
6010455,0,71.37
6010456,0,108.54
6010457,0,132.09
6010458,0,281.63
6010459,0,111.57
6010460,2,81.82
6010461,3,180.92
6010462,0,86.02
6010463,0,212.81
6010464,5,113.76
6010465,0,235.02
6010466,0,141.64
6010467,0,132.05
6010468,2,106.71
6010469,0,230.96
6010470,0,209.37
6010471,0,290.08
6010472,0,132.41
6010473,0,250.56
6010474,0,138.36
6010475,5,278.95
6010476,0,191.95
6010477,0,57.35
6010478,0,197.31
6010479,22,53.81
6010480,4,60.8
6010481,0,56.87
6010482,0,197.39
6010483,0,97.47
6010485,0,83.96
6010486,0,227.32
6010487,0,93.48
6010488,4,183.29
6010489,1,478.43
6010490,0,284.88
6010491,1,196.76
6010492,0,173.72
6010493,0,344.88
6010494,0,201.31
6010495,0,224.22
6010496,2,317.05
6010498,0,38.28
6010499,0,49.24
6010500,1,130.35
6010501,0,42.03
6010502,2,130.41
6010503,0,109.26
6010504,0,146.45
6010505,17,202.6
6010506,18,202.6
6010509,5,97.08
6010510,0,91.74
6010513,0,101.97
6010516,0,231.8
6010519,0,30.71
6010521,18,428.44
6010529,1,30.13
6010530,0,535.38
6010531,17,517.44
6010535,0,63.08
6010536,1,73.17
6010537,0,108.77
6010538,1,141.89
6010540,0,65.2
6010541,10,96.83
6010542,13,96.83
6010543,4,112.2
6010544,0,119.04
6010545,0,173.57
6010546,0,95.43
6010547,0,91.03
6010548,0,83.43
6010549,0,195.92
6010550,22,67.77
6010551,0,68.12
6010552,0,149.94
6010553,0,135.73
6010554,10,95.44
6010555,23,417.68
6010556,20,392.66
6010557,20,160.26
6010558,0,119.04
6011102,0,43.29
6011103,0,34.32
6011108,1,55.54
6011109,0,33.63
6011110,0,62.92
6011111,4,39.04
6011113,0,38.16
6011114,0,40.72
6011116,1,39.79
6011117,0,35.42
6011118,0,40.35
6011119,0,#N/A
6012101,0,86.78
6012102,4,54.2
6012103,1,29.43
6012104,1,37.03
6012105,1,83.48
6012106,4,83.54
6012107,0,86.78
6013101,0,85.34
6013102,1,59.78
6013105,0,159.51
6013107,0,58.06
6014101,0,73.61
6014102,0,117.76
6014103,0,103.29
6014104,3,34.33
6014105,2,50.39
6015101,1,51.82
6015102,0,82.15
6015103,0,76.64
6015105,2,123.86
6015107,0,54.68
6015108,4,81.42
6016103,1,36.36
6016104,2,36.36
6016105,6,37.32
6016106,0,36.14
6016107,1,35.06
6016108,0,46.4
6016109,0,50.44
6016110,1,32.38
6016111,0,51.69
6016112,0,91.36
6016113,0,32.98
6016119,0,48.51
6016120,3,47.92
6016121,0,33.25
6016124,0,75.28
6016125,5,83.13
6016126,0,36.79
6016128,0,95.33
6016129,0,120.47
6016131,2,22.26
6016133,0,39.04
6016134,0,48.51
6016135,0,127.63
6016136,0,48.21
6016137,1,82.97
6016138,1,49.16
6016139,0,92.46
6016141,0,85.48
6016142,14,61.57
6016143,0,84.76
6016144,0,51.55
6016145,0,88.22
6016146,32,84.52
6016148,0,68.62
6016149,0,60.49
6016152,0,73.22
6016153,0,#N/A
6016154,0,80.35
6016155,0,101.46
6016156,0,90.44
6016157,0,100.14
6016158,0,93.98
6016202,3,64.96
6017102,0,38.51
6017103,5,80.56
6017104,0,39.37
6017105,0,39.37
6017106,0,74.91
6017107,0,76.24
6017108,0,#N/A
6017109,0,36.43
6017110,0,58.91
6017111,0,59.17
6017113,3,54.14
6017114,3,72.07
6017115,0,83.63
6017116,3,60.94
6017117,1,106.03
6017120,3,59.17
6017122,26,51.36
6017125,6,50.07
6017126,5,72.59
6017127,0,56.75
6017128,0,27.39
6017130,0,67.66
6017131,0,58.64
6017801,2,70.07
6018101,2,47.69
6018106,0,47.69
6018109,3,36.8
6018110,1,36.09
6018111,0,100.56
6018112,0,67.66
6018113,2,50.08
6018114,0,50.75
6018115,0,51.04
6018116,0,51.03
6018117,0,48.65
6018118,0,58.92
6018119,0,70.79
6018120,4,62.87
6018121,1,70.02
6018122,0,66.76
6018123,15,73.98
6018124,0,#N/A
6018125,0,41.93
6018126,8,71.76
6018127,4,32.66
6018128,0,110.74
6018129,0,87.65
6018131,0,93.08
6018133,0,125.51
6018135,0,71.64
6018136,0,91.23
6018137,7,99.44
6018138,4,121.97
6018139,1,107.76
6018140,0,80.07
6018141,0,151.93
6018143,0,85.53
6018144,0,64.07
6018146,2,43.12
6018147,0,54.69
6018150,2,72.57
6018151,0,100.45
6018152,0,#N/A
6018153,8,83.91
6018154,23,87.74
6018155,0,117.74
6018156,0,39.54
6018437,0,105.13
6019101,0,22.4
6019102,0,36.39
6019103,0,58.71
6019105,4,53.4
6019106,0,39.67
6019107,0,35.84
6019108,0,32.07
6019109,0,41.15
6019110,7,32.96
6019111,2,41.17
6019112,0,30.6
6019113,0,31.38
6019114,0,29.78
6019115,0,30.57
6019116,0,61.76
6019117,0,55.2
6019118,2,58.11
6019119,10,58.11
6019120,3,41.21
6019121,0,32.96
6019122,0,33.19
6019123,0,34.28
6019124,0,43.69
6019125,0,31.58
6019127,0,34.65
6019128,0,31.4
6019129,0,35.55
6019130,0,69.35
6019131,0,60.51
6019134,0,61.77
6019135,0,39.62
6019136,0,35.53
6019137,0,43.48
6019138,0,40.51
6019139,10,69.59
6019140,0,27.2
6019141,0,44.17
6019142,0,45.55
6019143,0,32.96
6019144,0,34.32
6019145,0,38.66
6019146,5,38.2
6019147,0,32.96
6019148,0,68.62
6019149,0,38.61
6019151,3,53.42
6019152,0,37.17
6019153,0,37.55
6019154,0,38.95
6020101,6,35.35
6020102,0,34.04
6020103,1,31.78
6020104,0,31.56
6020105,5,44.13
6020106,1,51.37
6020107,5,40.79
6020108,0,25.99
6020109,8,44.68
6020110,2,52.67
6020111,0,82.32
6020112,2,45.54
6020113,2,103.83
6020114,0,49.76
6020115,5,55.83
6020116,0,30.93
6020117,0,36.66
6020118,4,49.05
6020120,2,102.64
6020121,0,56.54
6020122,5,105.84
6020124,1,48.24
6020125,3,51.57
6021101,6,53.17
6022102,0,44.47
6022103,0,37.09
6022104,11,37.57
6022105,0,48.03
6022106,0,42.6
6022107,22,43.82
6022108,0,70.19
6022109,0,50.83
6022110,0,69.89
6022111,0,57.6
6022113,0,85.51
6022114,19,80.21
6023101,2,39.85
6023102,0,41.11
6023103,3,51.4
6023104,0,52.19
6023105,1,37.98
6023106,0,41.11
6023107,0,52.11
6023109,0,57.06
6023110,1,81.93
6023111,0,56.45
6023112,3,54.85
6023113,5,39.79
6023114,2,52.26
6023115,0,88.81
6023116,2,65.66
6023117,0,#N/A
6023119,0,137.84
6023120,20,57.89
6023121,0,#N/A
6023122,0,108.77
6024101,3,66.57
6024102,6,84.6
6024103,7,96.13
6025103,4,128.49
6025104,0,86.87
6025105,0,95.41
6025106,2,140.03
6025107,0,138.68
6025108,0,125.63
6025109,0,89.4
6026101,0,28.53
6026103,1,44.63
6026104,0,41.11
6026108,1,37.22
6026110,0,61.93
6026111,0,73.06
6026112,0,41.11
6026113,0,41.11
6026114,1,38.02
6026115,0,92.18
6026116,0,26.08
6026117,0,46.73
6026118,3,33.71
6026119,5,33.71
6026120,0,96.37
6026123,0,64.67
6026124,4,98.22
6026125,0,69.56
6027101,0,75.94
6027103,0,93.15
6028102,2,10.02
6028104,2,26.36
6028105,1,40.64
6028107,0,27.67
6028108,0,29.34
6028110,0,#N/A
6028111,0,#N/A
6028114,8,30.39
6028115,5,72.39
6028116,3,77.08
6028117,0,62.63
6028118,5,63
6028119,0,111.38
6028120,0,64.59
6028121,0,110.4
6028123,0,24.78
6028124,0,32.74
6029101,1,86.09
6029102,0,62.18
6029103,1,67.92
6029105,0,86.91
6029110,6,26.81
6029111,1,31.47
6029113,0,26.37
6029115,1,26.98
6029116,0,30.83
6029119,1,31.58
6029120,1,61.01
6029121,0,31.92
6029122,0,37.38
6029123,0,33.95
6029124,0,35.67
6029126,0,40.89
6029127,0,60.24
6029128,0,77.91
6029129,2,61.23
6029130,8,83.88
6029131,12,70.27
6029132,0,85.78
6029133,1,65.72
6029134,4,61.8
6029136,3,64.32
6029137,26,80.46
6029138,0,32.33
6029139,0,43.33
6029140,0,71.33
6029141,0,49.86
6029142,10,39.4
6029143,0,83.43
6029144,0,62.95
6029145,1,85.97
6029146,2,49.91
6029147,0,63.34
6029149,8,56.49
6031103,5,36.93
6031104,4,33.49
6031105,3,32.32
6031107,0,130.35
6031109,0,74.57
6032101,0,63.37
6032102,4,42.39
6032103,0,46.71
6032104,0,47.08
6032105,1,48.89
6032106,0,140.33
6032107,3,82.49
6033102,0,37.95
6033103,0,35.74
6033106,8,32.73
6033109,0,78.03
6033110,2,71.23
6033111,13,58.11
6033112,7,58.11
6033113,0,37.78
6033114,3,64.67
6034101,1,57.51
6034102,7,50.44
6034103,0,34.02
6034104,0,35
6034107,1,28.53
6034108,0,42.61
6034109,0,51.51
6034110,0,#N/A
6034111,1,40.75
6034112,0,53.95
6034113,0,38.66
6034114,0,38.87
6034115,0,38.03
6034116,0,42.4
6034117,0,77.43
6034118,0,50.19
6034120,0,28.84
6034122,0,36.55
6034123,0,39.02
6034124,0,32.96
6034126,0,62.75
6034127,0,77.57
6034131,0,58.75
6034132,1,48.73
6034133,0,49.11
6034134,0,72.03
6034135,0,42.94
6034136,0,51.19
6034137,0,63.67
6034138,0,82.75
6034140,0,80.13
6034141,0,79.04
6034142,9,98.41
6034143,0,84.04
6034144,9,120.21
6034145,0,98.6
6034146,0,84.04
6034147,0,161.95
6034148,0,47.76
6034149,0,67.62
6034150,0,88.08
6034151,0,60.47
6034152,0,34.18
6034153,20,76.54
6034154,7,100
6034155,0,341.91
6034156,0,64.14
6034157,0,44.54
6034520,0,91.88
6035101,0,65.31
6035102,0,22.42
6035103,0,72.09
6035105,0,87.79
6035106,0,110.47
6036101,0,120.29
6036102,0,71.33
6036103,3,113.94
6036104,14,112.75
6037101,2,87.83
6038101,3,106.44
6039101,0,41.11
6039102,1,39.51
6039103,0,51.99
7010001,0,31.36
7010003,0,51.78
7010005,0,57.13
7010006,0,58.2
7010007,26,32.85
7010008,0,34.37
7010009,0,40.87
7010010,0,41
7010011,0,38.11
7010013,2,42.58
7010015,0,41.69
7010016,0,52.07
7010017,0,46.56
7010019,2,47.24
7010020,1,54.64
7010021,10,39.54
7010022,0,37.34
7010024,0,37.22
7010025,0,31.66
7010026,0,36.89
7010027,0,38.23
7010028,24,58.78
7010029,9,46.82
7010030,0,46.36
7010031,0,50.22
7010032,0,51.06
7010033,0,36.2
7010035,0,39.74
7010036,137,51.82
7010037,0,40.94
7010038,0,48.07
7010039,0,47.44
7010040,0,48.41
7010041,0,39.96
7010042,0,43.37
7010043,0,44.92
7010044,0,43.15
7010046,5,41.99
7010047,0,35.01
7010049,3,40.12
7010050,0,30.27
7010051,0,44.73
7010052,4,34.62
7010053,0,44.16
7010054,0,47.13
7010057,0,40.66
7010058,0,51
7010059,2,42.54
7010060,0,53.8
7010061,0,81.43
7010063,0,40.09
7010064,0,41.8
7010065,0,40.51
7010066,0,33.95
7010068,4,48.59
7010069,0,39.86
7010070,14,39.35
7010072,8,43.63
7010073,0,40.63
7010075,0,35.49
7010076,0,54.94
7010077,0,40
7010078,11,42.68
7010079,0,42.75
7010081,4,28.83
7010082,0,49.13
7010083,0,52.76
7010084,0,47.61
7010086,0,68.77
7010088,0,45.29
7010089,0,49.26
7010090,1,28.65
7010091,11,52.87
7010092,0,33.28
7010093,0,34.81
7010094,0,44.55
7010095,0,39.48
7010096,0,30.71
7010097,0,59.17
7010099,76,34.35
7010100,21,34.64
7010102,5,37.19
7010105,0,46.81
7010106,0,43.33
7010108,0,40.51
7010109,0,39.21
7010110,0,42.15
7010113,0,32.61
7010114,0,36.85
7010116,0,46.01
7010118,0,37.94
7010119,0,46.48
7010121,0,35.59
7010122,0,38.4
7010127,0,42.44
7010128,48,43.75
7010129,1,61.44
7010130,0,33.73
7010131,0,57.06
7010132,0,47.78
7010134,0,47.17
7010135,0,43.33
7010137,0,39.32
7010139,0,53.52
7010141,0,47.46
7010142,0,40.41
7010147,0,43.83
7010148,0,58.86
7010149,0,44.66
7010150,0,45.13
7010151,0,34.49
7010153,0,38.96
7010155,0,42.09
7010160,0,34.77
7010162,0,44.54
7010163,0,37.82
7010164,0,45
7010167,1,59.78
7010169,0,51.27
7010170,0,52
7010171,0,49.4
7010172,0,39.66
7010173,0,40.51
7010174,0,37.31
7010175,0,47.76
7010176,0,50.62
7010177,0,48.39
7010178,0,51.25
7010179,0,25.83
7010180,0,27.07
7010182,10,43.15
7010183,0,54.49
7010185,0,44.37
7010188,0,38.16
7010190,0,59.41
7010191,0,47.38
7010192,0,44.98
7010197,0,46.18
7010198,0,45.85
7010202,0,53.82
7010205,0,36.75
7010206,0,44.38
7010207,0,40.22
7010208,0,36.12
7010209,0,39.71
7010210,0,55.79
7010211,0,45.49
7010212,0,34.93
7010213,0,63.61
7010214,0,38.67
7010221,1,41.59
7010226,0,34.45
7010227,0,48.88
7010229,0,35.26
7010230,0,58.95
7013000,22,30.95
7013001,1,36.88
7013002,0,47.93
7013003,8,44.47
7013004,0,34.09
7013005,0,50.19
7013006,12,24.57
7013008,1,54.71
7013009,16,45.52
7013011,0,52.46
7013014,0,40.8
7013016,0,49.86
7013017,3,34.74
7013020,0,42.49
7013022,9,42.82
7013023,46,47.59
7013024,0,46.56
7013025,4,63.79
7013026,70,45.11
7013028,0,34.53
7013030,90,52.13
7013032,0,41.61
7013033,18,37.27
7013034,42,50.02
7013035,0,45.63
7013036,6,27.04
7013038,13,31.94
7013039,1,41.02
7013040,0,#N/A
7013042,0,39.67
7013045,0,42.94
7013046,0,43.97
7013047,1,42.56
7013048,0,34.18
7013049,0,40.4
7013050,56,63.04
7013051,18,51.04
7013052,17,46.89
7013053,118,47.48
7013054,27,54.31
7013055,0,37.21
7013056,12,35.74
7013057,96,41.39
7013058,76,35.33
7013060,0,33.25
7013061,2,48.52
7013062,2,45.36
7013063,3,41.31
7013066,0,37.79
7013067,0,37.57
7013068,0,#N/A
7013070,16,58.69
7013071,2,42.61
7013072,0,38.85
7013073,1,42.57
7013074,1,29.22
7013075,7,38.57
7013076,0,39.04
7013077,7,41.91
7013078,0,26.6
7013079,5,41.81
7013080,9,39.14
7013081,0,39.16
7013082,23,38.32
7013083,1,36.73
7013084,20,44.29
7013085,0,37.63
7013086,150,37.65
7013089,4,36.75
7013092,145,45.56
7013093,0,36.62
7013094,0,47.19
7013097,13,57.8
7013098,4,45.12
7013099,3,44.04
7013100,13,44.46
7013101,0,44.96
7013102,1,37
7013103,17,37.23
7013104,6,37.45
7013105,0,40.24
7013107,3,41.13
7013108,0,50.45
7013109,10,48.85
7013110,0,62.69
7013111,3,45.99
7013112,26,41.4
7013114,0,62.23
7013115,3,51.65
7013116,1,40.71
7013118,0,61.76
7013119,6,25.19
7013140,9,32.16
7013148,0,38.91
7013152,6,35.15
7013153,12,33.52
7013159,2,54.41
7013160,0,27.44
7013182,0,48.67
7013193,0,37.42
7013206,4,24.01
7013218,0,62.37
7013219,0,58.32
7013220,2,49.76
7013221,0,64.71
7013224,0,36.58
7013232,0,64.58
7013237,0,55.58
7013238,11,48.43
7013239,0,51.16
7013240,2,42.11
7013244,0,45.53
7013245,7,30.45
7013246,397,45.17
7013247,79,44.28
7013248,19,39.93
7013249,23,49.53
7013253,0,53.8
7013254,1,34.02
7013255,46,42.39
7013257,17,35.18
7013258,0,45.93
7013259,5,38.6
7013261,1,38.32
7013263,5,46.62
7013264,1,42.41
7013265,118,44.37
7013267,0,32.37
7013268,0,45.86
7013269,5,61.84
7013274,0,26.22
7013275,0,59.03
7013278,7,42.49
7013279,253,37.78
7013280,0,28.83
7013281,0,44.89
7013282,0,45.26
7013284,0,44.05
7013286,4,29.91
7013287,8,40.88
7013289,0,37.89
7013290,89,51.95
7013294,0,55.55
7013295,2,34.4
7013296,0,36.03
7013297,0,38.18
7013298,15,42.47
7013299,1,39.15
7013300,0,26.86
7013304,4,42.54
7013314,17,40.66
7013318,3,44.74
7013320,123,53.35
7013323,4,48.71
7013327,0,62.95
7013331,1,62.18
7013336,16,67.75
7013343,1,35.72
7013344,5,38.05
7013345,9,35.56
7013347,0,43
7013348,0,46.03
7013349,0,53.38
7013357,0,60.21
7013360,1,42.75
7013361,11,45.52
7013362,23,39.41
7013367,0,30
7013377,1,49.13
7013378,2,45.46
7013379,20,45.14
7013381,0,45.31
7013382,0,43.58
7013383,2,56.21
7013384,0,36.43
7013385,0,50.89
7013386,5,42.99
7013390,36,43.57
7013391,10,42.89
7013392,1,47.34
7013393,0,49.84
7013394,3,29.72
7013395,9,34.89
7013396,0,42.53
7013397,11,42.73
7013398,1,50.07
7013399,11,35.34
7013405,6,43.96
7013420,0,44.51
7013421,1,32.68
7013422,11,35.81
7013424,9,26.98
7013431,0,47.4
7013438,2,35.99
7013439,0,35.94
7013443,0,39.69
7013444,0,48.8
7013445,0,42.01
7013457,15,46.57
7013462,16,33.43
7013464,0,52.09
7013467,90,49.19
7013468,0,47.96
7013472,0,56.07
7013474,244,55.4
7013478,7,59.42
7013480,8,54.2
7013481,0,45.14
7013490,0,42.05
7013491,0,54.98
7013493,0,44.08
7013500,2,47.99
7013506,0,43.08
7013507,2,41.84
7013513,6,42.32
7013519,0,52.76
7013523,3,41.29
7013525,21,42.56
7013532,0,53.29
7013536,1,39.8
7013554,0,55.55
7013555,10,41.41
7013557,41,52.28
7013558,2,26.68
7013569,29,39.46
7013570,2,44.24
7013571,0,35.95
7013573,0,43.84
7013575,0,41.76
7013576,0,46.23
7013578,4,58.16
7013579,8,60.8
7013580,0,38.89
7013581,0,51.29
7013582,9,42.24
7013584,0,63
7013585,0,48.34
7013586,6,39.32
7013587,4,38.82
7013589,0,57.14
7013590,0,40.81
7013591,0,43.32
7013592,25,40.88
7013593,5,38.66
7013594,1,41.32
7013595,2,24.77
7013596,0,36.45
7013597,10,30.11
7013598,0,62.43
7013599,10,39.8
7013600,0,44.77
7013603,30,52.52
7013605,86,46.82
7013608,22,56.49
7013612,34,64.12
7013613,0,45.31
7013616,27,61.91
7013618,59,45.82
7013628,30,38.49
7013630,6,56.98
7013632,0,33.58
7013633,1,60.59
7013634,17,66.31
7013635,18,50.71
7013636,0,53.89
7013639,0,46.61
7013640,0,61.29
7013642,0,55.67
7013643,6,41.05
7013647,0,61.32
7013649,0,43.59
7013656,4,41.52
7013657,0,44.24
7013658,0,49.4
7013664,0,43
7013666,0,39.67
7013669,34,39.63
7013672,0,52.75
7013674,25,50.71
7013675,0,44.59
7013678,218,54.05
7013680,385,37.68
7013682,0,55.33
7013684,2,51.95
7013686,0,34.06
7013687,19,42.81
7013688,0,43.76
7013689,14,35.69
7013690,8,47.95
7013691,18,47.27
7013692,1,43.57
7013693,0,38.74
7013694,0,47.03
7013695,0,44.84
7013699,6,33.01
7013700,0,19.07
7013716,1,54.38
7013725,6,34.88
7013731,0,45.87
7013733,1,46.43
7013737,0,50.61
7013738,0,42.73
7013739,0,40.64
7013746,26,41.34
7013747,0,43.88
7013749,0,48.55
7013753,80,49.26
7013760,0,51.97
7013761,0,50.39
7013762,4,24.84
7013764,1,28.84
7013766,0,39.04
7013767,6,43.07
7013768,0,44.54
7013771,0,51.28
7013772,1,57.8
7013773,0,49.51
7013774,0,48.03
7013775,0,56.52
7013776,0,46.81
7013778,0,69.21
7013782,0,43.57
7013783,0,41.18
7013784,6,43.61
7013785,0,37.65
7013786,0,42.14
7013787,0,41.27
7013788,0,43.66
7013789,18,45.74
7013790,4,38.33
7013791,0,40.03
7013792,0,60.62
7013793,0,29.45
7013794,0,38.02
7013795,0,50.28
7013796,12,40.41
7013797,0,46.94
7013799,0,47.72
7013802,10,50.95
7013803,1,55.17
7013844,0,56.76
7013845,0,47.91
7013846,0,50.93
7013862,7,43.79
7013863,0,46.91
7013864,14,41.38
7013865,0,29.16
7013866,0,46.81
7013867,0,51.36
7013868,0,38.66
7013869,3,38.81
7013870,10,59.37
7013871,0,31.24
7013872,8,50.39
7013875,0,49.34
7013876,0,42.12
7013877,33,40.42
7013878,2,60.94
7013881,0,43.71
7013882,0,48.17
7013884,1,34.4
7013885,0,44.43
7013886,261,78.02
7013887,84,46.2
7013888,0,48.92
7013889,1,38.75
7013891,0,45.46
7013892,0,50.14
7013893,0,49.29
7013894,0,54.27
7013895,0,69.15
7013896,9,34.46
7013897,0,56.59
7013898,0,33.76
7013899,0,42.11
7013902,0,52.12
7013911,0,64.42
7013932,4,40.01
7013936,244,47.74
7013937,252,43.19
7013942,4,42.31
7013944,2,30.14
7013946,0,38.19
7013947,0,49.72
7013948,0,58.28
7013949,14,53.76
7013959,11,63.99
7013965,0,37.44
7013967,0,44.31
7013968,0,34.07
7013975,186,41.64
7013977,2,35.49
7013978,0,47.49
7013979,0,39.11
7013981,12,36.42
7013982,0,49.65
7013983,0,51.93
7013984,0,56.34
7013985,3,48.54
7013986,0,38.11
7013987,0,37.59
7013988,0,43.58
7013989,0,32.83
7013992,6,47.66
7013993,0,37.72
7013995,127,44.97
7013997,3,42.35
7013998,0,59.93
7014005,0,49.32
7014006,0,66.19
7014007,0,67.21
7014008,0,67.97
7014010,0,48.66
7014011,0,51.06
7014012,0,39.32
7014013,0,64.09
7014014,2,51.36
7014019,1,45.37
7014036,2,36.29
7014044,0,29.53
7014045,4,47.98
7014054,1,29.96
7014055,0,41.36
7014063,20,37.57
7014065,1,44.24
7014066,0,56.75
7014069,0,32.11
7014075,0,78.33
7014083,0,29.25
7014085,0,65.98
7014088,13,52.32
7014089,6,38.39
7014097,0,38.69
7014102,0,39.63
7014103,0,34.92
7014104,0,42.52
7014106,0,44.29
7014115,0,52.62
7014117,0,35.36
7014118,0,34.94
7014119,58,45.77
7014120,0,39.11
7014127,9,45.22
7014137,0,62.36
7014143,8,70.53
7014145,0,35.29
7014148,0,61.56
7014152,23,47.63
7014153,0,57.91
7014154,6,72.38
7014156,0,103.33
7014160,0,54.52
7014163,9,54.57
7014165,0,35.87
7014168,22,52.16
7014171,0,38.74
7014172,0,43.57
7014173,13,34.87
7014174,4,54.03
7014182,0,35.24
7014184,0,31.06
7014188,1,43.08
7014189,0,51.33
7014192,0,47.36
7014201,60,54.53
7014213,0,45.06
7014214,34,40.52
7014216,0,44.89
7014222,15,40.34
7014223,0,49.95
7014224,9,55.19
7014226,0,40.08
7014227,0,42.82
7014228,0,43.8
7014229,0,39.92
7014230,0,34.94
7014232,6,44.94
7014233,0,47.27
7014236,0,45.44
7014237,0,26.38
7014238,1,85.02
7014239,24,43.99
7014241,0,57.14
7014242,8,46.02
7014243,0,54.85
7014246,0,37.02
7014250,14,30.44
7014252,5,32.24
7014253,0,57.22
7014254,9,39.32
7014256,1,43.67
7014258,0,53.42
7014262,0,50.82
7014266,0,30.89
7014267,5,37.51
7014270,0,55.41
7014276,0,45.86
7014277,0,53.94
7014279,2,44.12
7014282,0,48.41
7014283,0,55.36
7014284,0,72.08
7014285,4,45.28
7014290,5,56.21
7014291,11,37.81
7014292,1,44.27
7014293,0,42.69
7014294,0,41.82
7014295,0,38.73
7014297,0,45.06
7014298,0,71.87
7014299,6,51.61
7014300,1,51.93
7014302,11,34.95
7014303,0,46.07
7014307,7,37.82
7014309,2,39.23
7014310,0,58.19
7014311,0,42.13
7014312,0,37.98
7014313,0,45.41
7014315,0,59.36
7014316,0,43.46
7014318,7,57.59
7014319,0,55.35
7014321,0,47.24
7014322,0,74.58
7014326,3,45.6
7014327,0,#N/A
7014328,4,34.34
7014329,4,47.39
7014331,0,24.44
7014333,7,57.56
7014334,2,40.61
7014335,7,43.71
7014340,2,40.88
7014345,2,27.31
7014351,0,55.61
7014355,0,53.97
7014361,0,44.58
7014365,18,27.03
7014367,0,56.89
7014368,3,41.09
7014369,25,49.04
7014372,4,49.35
7014375,0,50.98
7014379,0,43.24
7014380,0,57.91
7014381,9,46.37
7014383,2,34.18
7014387,1,67.25
7014389,0,45.18
7014390,0,48.04
7014392,42,67.58
7014393,0,57.57
7014395,34,55.88
7014397,6,45.8
7014402,0,42.64
7014404,0,44.88
7014405,0,43.81
7014407,0,#N/A
7014413,0,60.84
7014414,1,35.41
7014421,0,83.96
7014423,0,41.57
7014424,5,51.84
7014426,0,34.98
7014431,0,46.58
7014432,0,#N/A
7014433,0,51.75
7014434,0,37.08
7014435,0,46.84
7014436,33,67.92
7014437,0,45.64
7014438,0,39.17
7014439,0,50.61
7014440,0,30.44
7014441,0,38.19
7014442,24,45.55
7014445,0,52.09
7014446,0,67.17
7014447,6,25.23
7014448,0,57.13
7014454,3,37.06
7014459,0,43.54
7014460,0,46.87
7014462,6,40.67
7014469,2,43.32
7014471,0,43.29
7014472,0,50.82
7014473,0,45.55
7014475,0,30.6
7014480,15,47.41
7014486,7,49.97
7014487,0,41.48
7014502,10,43.14
7014503,0,38.41
7014505,0,36.25
7014511,0,41.42
7014512,0,#N/A
7014513,7,33.97
7014516,0,52.73
7014519,0,47.41
7014526,6,35.14
7014531,143,57.06
7014536,0,46.41
7014537,0,43.78
7014538,0,36.36
7014540,9,27.82
7014544,711,39.46
7014547,0,65
7014549,0,51.54
7014550,24,56.68
7014553,0,#N/A
7014554,4,59.51
7014555,0,47.97
7014558,2,38.81
7014560,83,47.74
7014562,9,27.88
7014565,5,39.34
7014569,2,32.27
7014570,1,42.92
7014571,0,50.32
7014575,0,54.93
7014577,0,38.81
7014579,35,41.8
7014580,0,56.43
7014586,12,61.69
7014588,0,38.56
7014590,0,28.34
7014598,0,61.53
7014600,0,42.58
7014602,4,30.83
7014604,6,35.04
7014605,3,27.73
7014606,1,49.88
7014609,6,53.57
7014612,30,43.83
7014614,0,38.71
7014615,7,39.69
7014616,6,42.89
7014617,0,41.07
7014620,0,36.68
7014621,0,36.36
7014622,0,42.92
7014623,0,43.29
7014624,0,47.08
7014625,0,36.25
7014627,0,40.46
7014628,0,57.13
7014629,0,58.11
7014630,0,46.47
7014635,1,39.39
7014638,0,45.34
7014640,0,37.78
7014643,0,29.19
7014644,5,43.16
7014645,4,32.67
7014647,0,61
7014648,2,34.46
7014651,3,28.75
7014653,0,37.04
7014655,3,27.73
7014658,1,26.8
7014659,3,36.75
7014660,3,29.65
7014662,8,41.8
7014663,0,46.99
7014664,0,32.17
7014666,0,42.08
7014667,2,47.36
7014668,0,27.81
7014671,21,59.08
7014672,0,45.28
7014673,0,64.92
7014676,2,60.6
7014678,129,47.08
7014681,0,46.01
7014682,5,25.63
7014683,0,34.07
7014684,0,32.63
7014686,2,45.54
7014687,0,40.04
7014688,0,48.07
7014689,0,48.13
7014690,4,54.36
7014692,4,40.26
7014693,0,43.82
7014695,3,51.06
7014696,5,39.01
7014697,0,37.08
7014699,17,52.93
7014702,13,25.86
7014703,0,28.79
7014704,7,48.01
7014707,0,48.62
7014709,11,33.18
7014710,7,37.95
7014711,6,44.33
7014712,0,29.99
7014715,14,42.16
7014716,6,41.77
7014717,1,46.37
7014718,0,37.08
7014719,0,49.34
7014722,1,51.46
7014724,0,45.95
7014726,0,52.07
7014727,2,53.38
7014728,6,60.33
7014729,0,31.04
7014730,4,22.53
7014732,1,30.97
7014733,4,29.02
7014734,2,54.15
7014736,0,#N/A
7014738,0,45.14
7014739,0,47.69
7014740,0,48.75
7014741,0,55.83
7014742,0,37.52
7014744,33,36.46
7014747,3,32.56
7014748,1,29.29
7014749,0,31.61
7014750,7,33.16
7014756,0,42.48
7014758,10,25.83
7014759,0,33.57
7014761,0,49.32
7014762,0,35.04
7014763,0,45.8
7014765,0,57.09
7014766,2,28.16
7014768,0,57.19
7014770,7,35.36
7014773,0,40.66
7014774,1,26.91
7014775,3,29.07
7014779,150,41.93
7014782,0,38.59
7014784,22,56
7014785,5,47.37
7014786,0,45.11
7014787,4,53.97
7014788,1,40.02
7014789,0,43.75
7014793,6,33.58
7014794,0,38.96
7014798,4,61.01
7014802,0,32.22
7014803,10,38.52
7014806,96,61.84
7014808,7,46.33
7014810,4,25.16
7014811,3,52.28
7014812,1,39.51
7014813,0,45.04
7014814,2,49.64
7014817,6,42.53
7014819,1,33.74
7014821,70,45.13
7014825,0,49.88
7014826,0,60.43
7014837,0,29.91
7014838,0,36.11
7014839,0,35.17
7014846,1,59.79
7014848,0,20.56
7014852,7,36.61
7014857,0,28.87
7014859,0,52.37
7014862,3,43.33
7014868,1,61.51
7014879,140,45.59
7014881,0,53.4
7014882,0,37.02
7014883,0,47.51
7014885,0,71.84
7014891,6,33.21
7014892,0,37.45
7014893,2,34.18
7014894,10,25.84
7014895,29,44.08
7014896,1,44.94
7014897,3,38.31
7014898,0,31.88
7014899,0,35.76
7014900,19,32.58
7014901,0,45.48
7014904,99,40.16
7014907,1,32.34
7014914,0,38.58
7014915,4,32.46
7014917,0,39.15
7014918,0,38.11
7014920,7,32.8
7014923,4,43.94
7014924,1,35.31
7014925,14,35.83
7014927,21,75.29
7014928,0,36.38
7014929,11,31.41
7014930,12,39.84
7014931,0,42.01
7014932,2,34.8
7014933,29,48.96
7014934,0,50.32
7014936,7,36.88
7014937,1,27.21
7014938,11,37.76
7014939,2,44.28
7014941,0,45.72
7014943,7,34.39
7014945,0,44.74
7014946,14,22.24
7014947,4,28.57
7014949,3,37.63
7014950,84,55.48
7014951,0,37.01
7014953,222,39.67
7014954,7,30.37
7014957,34,45.95
7014963,0,28.66
7014965,0,31.73
7014966,0,37.06
7014967,3,47.48
7014968,0,48.41
7014969,0,40.13
7014970,16,57.89
7014972,3,36.93
7014973,3,27.76
7014974,8,31.05
7014975,0,44.89
7014976,15,43.33
7014977,62,28.79
7014978,4,36.88
7014979,0,27.01
7014980,1,26.83
7014981,0,42.73
7014982,11,43.58
7014983,100,36.41
7014984,301,32.34
7014985,30,58.95
7014986,0,45.22
7014988,0,31.99
7014991,0,47.51
7014993,9,32.59
7014994,0,36.42
7014995,0,#N/A
7014997,67,49.15
7067001,2,74.73
7067002,1,39.42
7067003,0,60.71
7067004,0,56.97
7067005,0,58.37
7067006,0,52.97
7067007,0,57.32
7067008,0,58.58
7067009,0,38.75
7067010,0,63.25
7067011,0,75.99
7067012,0,31.66
7067013,0,37.17
8010001,0,110.37
8010019,37,56.97
8010021,0,63.95
8010023,0,45.93
8010024,2,46.47
8010033,8,110.91
8010046,0,40.4
8010050,13,68.93
8010068,21,50.42
8010072,0,170.27
8010077,6,87.38
8010078,5,84.12
8010083,0,76.43
8010094,21,54.02
8010098,19,48.31
8010109,0,39.88
8010119,0,380.35
8010130,0,110.6
8010132,0,121.22
8010140,11,51.07
8010147,3,75.58
8010153,0,114.6
8010155,0,95.07
8010161,229,67.19
8010162,82,63.11
8010165,0,108.77
8010169,0,77.48
8010170,0,46.36
8010178,0,54.93
8010192,0,#N/A
8010197,1,49.48
8010204,0,69.44
8010206,0,60.87
8010222,2,26.26
8010229,0,59.79
8010232,4,91.74
8010233,2,50.66
8010234,10,54.37
8010246,0,134.61
8010250,5,58.36
8010261,0,93.95
8010263,8,47.67
8010265,0,#N/A
8010281,0,76.45
8010284,0,128.43
8010289,0,132.89
8010292,21,66.05
8010302,0,95.8
8010312,3,55.24
8010314,216,49.76
8010318,0,277.65
8010321,0,382.95
8010322,2,102.98
8010329,0,76.24
8010333,0,56.64
8010337,1,127.32
8010338,0,120.24
8010339,1,86.62
8010340,0,75.86
8010357,0,#N/A
8010359,0,85.94
8010369,0,131
8010370,0,248.57
8010381,2,129.6
8010390,0,101.16
8010397,0,101.14
8010401,0,136.58
8010433,0,134.26
8010434,99,71.79
8010438,0,62.58
8010442,10,86.73
8010444,0,157.23
8010451,0,120.31
8010453,20,72.26
8010454,0,98.27
8010473,0,84.29
8010477,0,228.08
8010478,1,124.79
8010480,0,157.23
8010500,0,121.8
8010509,0,109.11
8010511,2,97.37
8010521,0,131.27
8010532,0,10.53
8010537,13,41.67
8010545,0,191.86
8010556,74,77.6
8010557,0,101.89
8010558,0,87.66
8010561,0,132.71
8010565,1,#N/A
8010569,0,156.84
8010570,8,82.35
8010571,25,70.36
8010573,20,81.72
8010581,0,153.59
8010583,0,135.04
8010618,0,69.38
8010622,65,77.17
8010633,0,#N/A
8010658,3,58.35
8010670,0,46.76
8010674,0,74.45
8010677,3,93.77
8010681,4,78.89
8010683,12,89.52
8010687,0,74.77
8010700,0,88.39
8010705,0,74.05
8010709,5,79.53
8010710,0,#N/A
8010712,34,76.32
8010717,0,137.88
8010719,7,73.48
8010729,0,100.37
8010730,0,128.24
8010738,1,81.52
8010741,0,61.86
8010747,0,51.23
8010762,0,83.45
8010768,4,54.85
8010771,0,#N/A
8010774,0,229.4
8010781,0,60.44
8010785,1,164.68
8010788,7,47.94
8010829,0,68.21
8010836,0,63.63
8010840,0,72.58
8010845,0,214.78
8010856,18,92.87
8010858,7,53.85
8010865,0,90.31
8010870,5,118.94
8010881,8,53.35
8010886,67,54.15
8010891,0,82.32
8010897,0,55.75
8010901,40,77.04
8010908,1,89.64
8010919,0,93.22
8010920,0,64.18
8010921,11,89.69
8010922,0,94.23
8010924,4,73.31
8010928,22,64.96
8010931,14,60.72
8010933,0,#N/A
8010934,0,#N/A
8010935,12,60.45
8010939,0,84.45
8010942,8,75.71
8010943,17,71.28
8010944,0,51.72
8010945,131,63.21
8010951,0,86.41
8010952,7,87.06
8010954,0,47.85
8010955,3,63.68
8010959,26,91.15
8010961,16,100.26
8010962,15,84.24
8010965,1,51.58
8010975,2,55.69
8010977,0,68.18
8010979,15,87.24
8010980,2,54.71
8010981,0,80.83
8010982,0,113.36
8011014,0,#N/A
8011015,3,67.48
8011032,2,46.18
8011039,0,84.63
8011043,6,48.75
8011047,4,72.11
8011049,0,50.42
8011051,9,68.39
8011052,2,83.63
8011062,4,67.72
8011067,73,99.19
8011081,0,69.86
8011090,0,#N/A
8011094,9,77.35
8011095,9,95.15
8011107,6,76.93
8011108,3,43.83
8011109,0,63.74
8011117,4,48.86
8011118,0,55.28
8011124,24,88.82
8011125,39,67.59
8011128,12,80.09
8011135,5,65.64
8011140,0,67.06
8011145,11,48.55
8011151,0,49.72
8011152,0,68.64
8011155,45,64.37
8011164,0,91.74
8011165,0,175.65
8011166,0,268.87
8011167,0,#N/A
8011174,0,63.34
8011178,11,57.22
8011183,9,42.85
8011190,19,86.54
8011193,590,61.51
8011198,0,188.98
8011199,0,#N/A
8011202,35,71.21
8011203,6,79
8011206,0,129.05
8011211,10,84.01
8011212,0,99.76
8011216,2,61.02
8011242,0,54.69
8011244,5,58.87
8011256,0,36.62
8011273,163,63.46
8011277,5,55.23
8011278,0,100.96
8011279,0,78.69
8011286,0,#N/A
8011290,16,32.64
8011291,0,197.66
8011295,11,57.68
8011298,0,81.65
8011302,0,79.19
8011303,12,72.34
8011304,0,55.44
8011306,0,63.38
8011307,1,56.15
8011310,0,93.15
8011311,3,68.52
8011312,2,71.61
8011313,11,91.15
8011316,1,50.42
8011317,5,61.95
8011318,4,50.79
8011319,10,69.95
8011322,0,50.39
8011323,84,66.94
8011324,29,67.16
8011325,0,66.28
8011326,8,64.09
8011329,1,118.79
8011330,0,64.33
8011333,0,131.07
8011339,19,62.99
8011340,0,66.83
8011342,14,84.64
8011343,3,50.03
8011344,6,55.45
8011347,7,88.98
8011372,5,88.42
8011381,0,47.24
8011384,2,92.76
8011387,8,78.73
8011388,0,90.18
8011390,51,66.83
8011391,3,80.94
8011392,12,62.55
8011393,2,52.53
8011394,152,86.78
8011396,10,77.02
8011398,18,53.8
8011399,1,53.92
8011400,0,83.66
8011401,30,80.08
8011407,10,44.65
8011409,0,51.15
8011421,0,55.35
8011424,0,80.47
8011432,0,80.98
8011446,18,73.55
8011447,9,70.93
8011448,0,249.11
8011451,129,96.98
8011452,53,79.76
8011453,6,81.21
8011454,46,102.68
8011455,7,117.81
8011456,0,115.69
8011457,21,386.17
8011458,6,61.92
8011463,0,99.42
8011469,6,99.27
8011471,0,#N/A
8011475,6,71.8
8011476,1,75.79
8011477,6,99.04
8011482,0,73.94
8011485,0,72.66
8011486,2,85.14
8011488,0,81.14
8011489,16,91.93
8011494,107,41.47
8011504,20,84.77
8011511,6,55.03
8011512,0,85.81
8011515,36,62.12
8011516,1,114.85
8011517,11,100
8011518,2,135.72
8011520,81,106.39
8011521,55,156.49
8011522,219,90.44
8011523,0,132.87
8011530,0,120.66
8011531,25,52.51
8011533,0,87.79
8011538,8,114.96
8011542,0,#N/A
8011544,0,110.58
8011545,2,113.93
8011548,18,58.01
8011550,21,76.6
8011552,214,78.96
8011553,25,97.52
8011555,84,161.78
8011556,8,39.96
8011557,0,58.6
8011558,3,89.94
8011561,11,52.78
8011568,38,55.8
8011571,16,59
8011572,4,43.76
8011573,179,61.97
8011574,11,54.62
8011575,0,59.03
8011577,9,68.49
8011599,0,91.37
8011608,0,56.46
8011609,6,69.57
8011610,8,51.03
8011614,0,#N/A
8011615,0,49.81
8011622,0,41.56
8011623,21,37.91
8011626,18,44.76
8011687,117,70.82
8011688,9,68.15
8011696,33,123.28
8011700,10,66.53
8011702,40,74.15
8011704,14,61.02
8011707,21,77.4
8011709,7,109.23
8011711,0,125.13
8011718,21,51.48
8011720,0,79.39
8011721,4,97.02
8011722,28,81.77
8011724,6,99.49
8011725,146,125.89
8011726,0,73.05
8011728,2,114.81
8011729,0,90.22
8011732,0,106.35
8011735,0,75.32
8011736,5,56.74
8011737,6,85.42
8011746,0,69.67
8011748,0,72.52
8011749,9,66.53
8011750,0,54.2
8011751,20,49.28
8011752,116,65.47
8011755,145,74.09
8011764,0,71.27
8011767,11,153.4
8011770,0,#N/A
8011774,46,70.54
8011775,0,140.17
8011776,11,58.92
8011777,15,52.43
8011778,0,66.22
8011787,8,162.57
8011790,0,90.11
8011791,0,68.79
8011799,3,65.17
8011809,7,152.39
8011815,1,50.55
8011816,5,41.21
8011819,15,81.88
8011823,4,62.67
8011824,36,121.78
8011826,123,66.98
8011830,135,66.49
8011831,61,111.41
8011833,0,#N/A
8011838,0,52.16
8011839,31,54.61
8011841,44,59.99
8011844,0,55.68
8011845,6,53.58
8011847,0,67.55
8011850,22,67.45
8011851,0,72.72
8011854,15,45.97
8011859,30,66.19
8011862,164,88.89
8011864,0,56.71
8011880,0,65.85
8011881,22,75.15
8011885,0,75.28
8011889,115,59.36
8011890,24,63.24
8011892,6,55.11
8011897,27,65.17
8011905,3,100.55
8011906,19,40.05
8011907,5,39.47
8011909,326,51.65
8011910,0,70.6
8011912,29,64.76
8011918,5,99.82
8011924,24,59.14
8011927,4,84.96
8011994,10,95.76
8011995,51,118.64
8011998,42,70.99
8012003,13,64.33
8012010,1,45.38
8012023,32,50.68
8012024,0,121.64
8012030,3,43.56
8012031,15,44.39
8012034,29,58.26
8012038,2,76.05
8012039,36,53.36
8012042,32,89.26
8012043,10,147.49
8012044,0,90.65
8012051,0,50.89
8012053,0,96.59
8012054,15,47.24
8012056,10,35.4
8012057,28,69.61
8012058,8,46.93
8012062,13,83.75
8012063,2,58.16
8012065,12,68.83
8012068,0,173.22
8012069,19,92.81
8012071,0,78.88
8012072,0,67.69
8012075,3,75.34
8012078,0,71
8012080,6,78.58
8012082,22,64.43
8012085,0,30.29
8012087,0,57.42
8012089,0,63.19
8012094,2,66.83
8012098,6,51.05
8012099,4,86.43
8012101,41,65.11
8012136,101,97.95
8012138,0,78.79
8012139,13,78.23
8012140,25,65.53
8012141,17,91.65
8012147,168,49.68
8012148,205,57.21
8012152,29,60.28
8012153,0,69.99
8012157,5,67.96
8012165,95,91.56
8012170,99,112.87
8012171,138,112.62
8012172,0,84.25
8012173,151,80.03
8012174,28,126.96
8012184,161,71.93
8012186,0,116.71
8012189,0,63.77
8012190,0,94.61
8012191,420,46.07
8012195,43,77.14
8012196,3,45.66
8012197,0,75.17
8012198,5,47.23
8012203,78,49.95
8012205,0,57.99
8012206,12,80.2
8012212,0,173.22
8012213,0,93.8
8012215,58,58.05
8012222,4,61.85
8012241,0,58.66
8012250,103,70.01
8012251,3,76.43
8012256,0,62.69
8012257,70,75.24
8012258,0,83.76
8012259,13,79.12
8012262,434,78.07
8012263,0,89.68
8012265,14,54.61
8012266,0,#N/A
8012268,50,54.18
8012270,63,66.05
8012278,0,144.62
8012282,0,67.12
8012284,3,47.58
8012285,0,73.59
8012286,1,59.75
8012287,9,88.51
8012290,0,57.01
8012292,2,72.46
8012294,184,78.4
8012296,252,45.05
8012298,216,58.26
8012301,36,48.55
8012305,7,47.87
8012306,0,71.24
8012307,41,60.72
8012308,65,70.12
8012309,15,94.33
8012311,808,71.69
8012312,29,76.94
8012317,14,90.79
8012320,38,97.04
8012321,5,99.62
8012323,264,67.8
8012324,2,68.77
8012325,0,73.65
8012328,24,57.95
8012329,264,60.33
8012330,24,73.22
8012331,0,52.51
8012334,13,72.16
8012335,57,61.27
8012336,16,73.29
8012337,4,76.88
8012338,14,56.81
8012339,45,64.72
8012340,12,77.94
8012342,31,61.02
8012343,0,56.96
8012344,0,106.82
8012345,0,68.95
8012346,6,49.43
8012347,67,63.97
8012349,0,68.63
8012351,63,79.4
8012353,0,74.12
8012354,132,43.25
8012356,108,62.83
8012358,4,31.08
8012362,163,56.25
8012363,103,56.14
8012365,0,153.14
8012369,10,90.86
8012370,355,93.13
8012375,28,55.13
8012376,7,83
8012377,0,72.43
8012381,13,52.54
8012386,10,40.45
8012387,33,49.74
8012389,0,70.02
8012392,34,44.92
8012400,18,34.73
8012402,3,61
8012403,0,72.25
8012405,0,#N/A
8012408,6,33.55
8012409,11,90.75
8012410,142,68.49
8012412,0,63.57
8012413,7,39.68
8012414,21,54.02
8012417,0,69.68
8012418,4,81.27
8012421,3,75.99
8012423,265,85.59
8012424,17,78.4
8012426,19,60.89
8012428,0,45.26
8012430,0,59.33
8012431,2,37.98
8012434,0,61.18
8012436,0,62.58
8012437,0,55.83
8012441,13,72.79
8012442,54,91.63
8012443,0,58.23
8012445,6,56.94
8012447,0,54.47
8012448,65,60.47
8012450,7,62.79
8012451,6,63.49
8012453,0,66.75
8012454,0,142.53
8012455,65,63.45
8012456,13,57.75
8012458,135,69.02
8012459,34,48.14
8012461,0,#N/A
8012462,36,55.34
8012464,11,50.6
8012465,1,54.95
8012467,0,53.52
8012469,3,75.63
8012470,0,93
8012474,8,87.58
8012476,7,60.26
8012479,49,67.02
8012480,45,72.12
8012481,37,66.94
8012482,0,54.05
8012490,1,71.16
8012491,2,76
8012492,11,79.82
8012493,0,92.65
8012498,0,133.57
8012509,19,145.74
8012513,4,114.85
8012514,0,171.66
8012518,145,73.67
8012520,9,43.14
8012533,8,99.68
8012536,0,89.72
8012537,26,165.59
8012538,18,140.21
8012541,14,50.85
8012556,0,76.21
8012562,2,70.36
8012563,0,62.36
8012565,0,50.51
8012571,0,50.39
8012572,11,56.94
8012574,1,57
8012575,0,77.42
8012576,1,66.06
8012578,1,77.18
8012580,36,68.88
8012581,37,81.14
8012584,0,70.81
8012585,64,79.49
8012588,103,63.41
8012590,99,87.62
8012593,6,83.44
8012594,0,68.75
8012596,0,82.43
8012599,0,49.44
8012603,15,77.94
8012605,0,81.51
8012606,6,102.68
8012607,53,50.76
8012608,0,54.03
8012609,29,105.4
8012610,0,60.31
8012611,4,70.03
8012617,3,50.62
8012620,0,85.67
8012621,0,85.94
8012622,0,56.13
8012623,0,47.67
8012627,2,370.93
8012629,1,95.95
8012635,0,#N/A
8012636,0,54.61
8012639,11,229.27
8012645,2,71.8
8012648,12,79.96
8012651,0,99.84
8012652,8,94.09
8012671,39,70.33
8012672,22,66.79
8012673,86,67.49
8012674,1,55.79
8012675,0,143.87
8012676,11,54.63
8012677,7,64.38
8012682,16,98.05
8012683,0,66.4
8012689,0,101.22
8012691,0,86.92
8012692,154,50.79
8012693,72,61.25
8012694,96,66.61
8012696,2,48.33
8012700,8,41.27
8012701,11,45.97
8012702,195,74.85
8012703,77,62.07
8012707,11,62.39
8012710,192,62.69
8012711,75,107.49
8012712,3,85.31
8012713,13,119.24
8012714,12,73.76
8012715,0,51.39
8012716,0,114.85
8012719,360,99.38
8012723,1,64.41
8012725,1,101.78
8012727,36,56.79
8012730,10,55.11
8012731,0,70.95
8012733,0,75.76
8012738,199,89.76
8012740,8,88.24
8012741,120,105.52
8012745,0,44.94
8012747,5,64.58
8012752,0,71.32
8012754,4,87.32
8012756,3,106.95
8012757,102,123.83
8012758,0,81.19
8012759,0,85.95
8012761,0,65.51
8012762,15,61.56
8012763,4,98.37
8012764,0,79.06
8012765,6,56.93
8012767,99,57.99
8012768,47,76.31
8012770,51,94.56
8012771,0,117.94
8012773,17,56.67
8012774,23,54.02
8012776,0,52.94
8012777,0,51.72
8012778,15,58.22
8012779,0,55.11
8012780,4,68.68
8012781,12,78.26
8012782,0,115.44
8012783,25,53.76
8012784,3,59.61
8012785,27,65.69
8012786,0,64.28
8012788,18,70.89
8012789,0,65.85
8012790,0,56.52
8012791,97,90.82
8012792,0,89.53
8012793,212,91.83
8012794,6,53.34
8012795,316,73.4
8012796,2,104.34
8012799,2,91.86
8012800,28,74.68
8012805,1,91.23
8012806,11,66.91
8012807,63,86.96
8012808,0,74.92
8012809,0,135.06
8012810,0,159.86
8012812,17,46.86
8012813,457,76.39
8012816,0,89.04
8012817,8,59.54
8012818,96,75.55
8012819,111,94.62
8012820,1,58.86
8012822,6,64.07
8012825,2,106.11
8012827,0,51.61
8012828,0,58.64
8012830,3,93.35
8012831,0,60.77
8012836,0,61.06
8012837,49,69.29
8012838,11,74.18
8012839,34,68.45
8012840,163,76.2
8012841,9,82.03
8012842,0,61.72
8012845,60,55.53
8012846,0,75.08
8012850,0,63.67
8012852,0,62.16
8012853,0,78.39
8012854,7,82.24
8012855,3,66.19
8012856,0,76.39
8012857,7,163.44
8012859,8,55.99
8012861,0,57.21
8012862,2,74.14
8012864,0,64.26
8012868,18,76.09
8012870,15,51.2
8012873,389,49.09
8012878,0,88.08
8012879,61,75.4
8012881,4,73.68
8012882,0,58.18
8012883,0,60.67
8012884,0,90.69
8012886,33,111.95
8012887,176,123.02
8012890,12,41.32
8012891,0,52.51
8012892,7,53.47
8012893,0,70.18
8012894,0,49.08
8012896,0,59
8012897,13,66.86
8012898,12,79.92
8012906,0,85.76
8012907,11,91.46
8012909,20,101.82
8012912,2,221.05
8012914,0,69.11
8012916,0,69.26
8012917,0,55.96
8012918,4,81.55
8012919,0,68.29
8012920,0,139.12
8012922,0,49.38
8012923,36,52.64
8012924,7,59.46
8012925,41,67.93
8012926,0,49.98
8012927,85,54.19
8012928,0,61.74
8012929,12,61.11
8012930,0,85.68
8012933,1,76.33
8012935,9,130.16
8012936,36,57.61
8012937,4,65.34
8012938,2,83.16
8012939,262,73.29
8012941,206,61.09
8012942,1,130.77
8012947,79,148.26
8012948,27,170.36
8012950,67,54.07
8012953,0,128.52
8012954,0,60.87
8012955,0,55.38
8012956,26,72.25
8012957,288,61.97
8012959,2,71.41
8012960,0,182.85
8012961,7,64.26
8012962,0,83.76
8012964,0,141.55
8012966,9,61.19
8012968,0,48.73
8012969,10,74.6
8012970,0,62.61
8012971,416,76.08
8012973,2,62.39
8012975,3,70.18
8012976,10,109.81
8012977,0,103.62
8012978,0,60.01
8012979,0,47.04
8012980,3,147.58
8012981,0,46.35
8012984,0,86.22
8012986,106,82.2
8012987,4,137.12
8012988,0,48.89
8012989,0,71.65
8012990,0,56.67
8012992,0,93.72
8012993,17,121.82
8012994,309,93.25
8012995,0,40.8
8012998,8,49.36
8012999,17,63.78
8013000,5,46.79
8013001,0,117.94
8013002,7,55.24
8013005,169,54.32
8013007,41,83.88
8013012,0,45.83
8013014,46,68.18
8013015,0,59.84
8013018,0,61.61
8013019,0,66.85
8013022,0,183.69
8013024,15,84.67
8013025,74,68.46
8013026,12,62.91
8013027,0,99.04
8013030,9,67.71
8013031,8,57.08
8013035,0,63.27
8013037,31,72.98
8013039,23,68.64
8013040,0,67.55
8013041,0,57.73
8013043,0,105.89
8013044,0,79.08
8013045,239,99.82
8013047,0,48.54
8013048,1,57.35
8013049,0,56.64
8013050,0,147.58
8013055,0,72.42
8013056,0,66.79
8013057,52,91.21
8013058,4,59.51
8013059,0,70.33
8013060,382,68.77
8013063,483,71.96
8013065,0,83.59
8013066,1,86.78
8013068,0,59.29
8013070,3,62.99
8013071,19,70.95
8013076,22,72.62
8013078,91,74.43
8013079,0,68.45
8013080,0,127.87
8013081,1,89.14
8013082,52,66.48
8013084,0,44.68
8013085,0,82.87
8013087,0,56.47
8013089,0,127.2
8013090,0,77.72
8013091,0,49.85
8013093,0,51.71
8013095,1,65.65
8013096,0,58.27
8013097,2,64.35
8013099,0,91.49
8013100,0,48.52
8013101,5,45.64
8013103,0,69.23
8013105,0,44.87
8013106,0,48.72
8013111,13,44.32
8013112,6,67.4
8013115,111,51.95
8013116,0,66.19
8013119,0,42.35
8013120,0,63.34
8013121,0,81.53
8013123,1,93.67
8013124,0,29.34
8013126,35,73.44
8013129,0,77.86
8013131,0,157.29
8013133,1,126.35
8013134,0,54.03
8013135,39,52.59
8013136,0,60.04
8013137,0,46.68
8013138,0,26.65
8013141,1,75.93
8013142,2,87.75
8013144,0,63.92
8013145,442,159.86
8013146,85,62.03
8013148,0,89.61
8013150,3,59.97
8013151,0,132.62
8013152,0,49.14
8013155,1,66.2
8013157,0,61.32
8013158,22,73.15
8013160,0,59.75
8013161,0,67.11
8013162,19,101.44
8013163,0,245.26
8013164,0,194.21
8013165,0,265.26
8013167,3,45.97
8013168,0,145.42
8013169,10,57.55
8013177,6,110.65
8013178,19,55.26
8013179,0,71.99
8013181,0,95.27
8013184,0,59.65
8013185,15,73.61
8013187,0,62.23
8013188,21,89.55
8013189,0,53.78
8013191,3,63.06
8013194,0,65.85
8013197,0,61.73
8013201,21,41.05
8013202,3,117.94
8013204,0,63.62
8013207,26,80.85
8013208,0,66.14
8013209,7,61.99
8013210,0,87.21
8013213,0,75.69
8013214,5,107.51
8013215,0,50.71
8013217,0,116.08
8013219,0,43.91
8013220,0,52.47
8013221,0,48.75
8013225,9,101.61
8013226,41,95.19
8013227,29,94.83
8013229,256,98.99
8013230,175,138.43
8013233,15,51.32
8013235,14,69.6
8013237,0,63.62
8013240,1,164.25
8013241,0,95.27
8013242,0,115.47
8013244,12,172.68
8013245,0,108.56
8013247,4,51.99
8013248,17,70.35
8013249,0,65.13
8013250,6,70.18
8013251,1,98.12
8013253,15,48.83
8013254,25,77.91
8013255,0,63.99
8013256,0,79.55
8013257,33,64.64
8013263,0,30.22
8013264,0,60.26
8013266,0,79.42
8013267,0,83.48
8013268,1,40.52
8013269,51,59.44
8013271,12,69.67
8013272,2,121.64
8013273,0,55.33
8013274,0,110.36
8013277,0,96.79
8013278,0,93.02
8013281,0,61.44
8013282,0,71.32
8013283,0,42.11
8013284,0,71.74
8013285,0,70.15
8013286,9,84.54
8013287,0,197.67
8013292,0,49.62
8013293,121,49.13
8013296,227,148.45
8013300,0,33.42
8013301,147,104.97
8013303,2,57.57
8013304,7,27.39
8013306,4,88.51
8013307,0,75.99
8013308,19,70.22
8013313,10,60.75
8013314,0,50.86
8013315,2,63.16
8013316,2,123.44
8013317,0,65.51
8013318,3,82.23
8013319,0,57.36
8013321,4,68.49
8013323,0,56.12
8013324,0,68.01
8013325,0,70.77
8013326,321,66.85
8013327,5,54.52
8013328,0,67.29
8013330,6,59.96
8013331,0,122.06
8013332,3,77.48
8013333,30,52.51
8013335,102,166.56
8013336,0,120.24
8013338,8,71.62
8013339,7,137.52
8013340,2,67.19
8013342,0,56.88
8013345,34,93.44
8013346,0,55.24
8013348,0,86.57
8013349,0,70.57
8013352,0,66.48
8013353,0,103.58
8013355,1,33.05
8013356,5,84.72
8013358,0,80.35
8013360,0,59.07
8013361,4,82.85
8013363,0,55.97
8013364,75,80.14
8013365,12,53.56
8013366,0,75.78
8013367,4,60.92
8013368,35,70.57
8013370,0,69.86
8013371,0,60.14
8013373,0,59.53
8013374,0,#N/A
8013376,0,68.8
8013377,0,152.14
8013380,7,120.56
8013387,0,71.74
8013388,0,105.13
8013389,0,59.55
8013390,37,89.48
8013392,49,77.02
8013393,0,73.26
8013394,1,56.52
8013395,3,43.13
8013396,7,105.68
8013398,0,93.17
8013400,0,55.15
8013401,3,63.53
8013402,0,64.49
8013404,0,70.61
8013405,2,69.63
8013412,10,59.24
8013414,0,50.14
8013415,1,56.14
8013416,0,44.66
8013418,0,48.24
8013419,0,68.84
8013420,0,69.85
8013421,0,114.36
8013422,0,102.99
8013423,8,80.38
8013424,6,54.44
8013427,4,52.46
8013430,0,60.97
8013431,0,60.16
8013432,5,75.32
8013433,0,187.46
8013436,0,33.36
8013439,0,34.23
8013440,81,74.71
8013442,15,45.85
8013443,21,57.55
8013445,0,78.95
8013448,637,67.93
8013449,7,79.58
8013450,9,81.02
8013451,4,63.51
8013453,25,71.92
8013454,138,76.64
8013456,0,79.2
8013457,0,61.99
8013458,2,65.86
8013460,0,72.56
8013461,17,65
8013462,0,60.72
8013466,0,161.4
8013468,6,56.6
8013469,0,47.72
8013470,0,63.96
8013471,0,139.69
8013473,0,64.42
8013475,0,38.84
8013476,0,101.27
8013477,0,67.27
8013486,14,86.54
8013488,0,61.11
8013490,74,109.43
8013492,0,89
8013493,19,86.43
8013494,63,105.76
8013498,1,162.4
8013499,2,70.6
8013500,6,114.78
8013501,9,93.99
8013503,0,71.59
8013505,0,85.91
8013506,0,134.39
8013507,22,66.82
8013508,0,80.75
8013509,0,75.36
8013510,0,91.27
8013511,6,87.78
8013512,0,60.14
8013513,5,69.81
8013514,2,76.07
8013515,0,54.85
8013516,0,74.02
8013517,0,58.75
8013518,7,57.79
8013519,1,63.91
8013520,9,85.98
8013521,0,70.62
8013522,16,81.73
8013525,0,62.74
8013526,3,69.47
8013528,5,77.64
8013529,0,79.67
8013532,0,79.67
8013533,4,69.42
8013535,18,45.84
8013536,0,59.8
8013537,0,71.49
8013538,0,38.12
8013539,0,52.6
8013540,1,131.59
8013543,3,64.72
8013544,1,65.34
8013551,0,184.24
8013552,18,69.52
8013553,0,42.56
8013554,22,108.01
8013555,11,89.34
8013559,0,80.39
8013561,0,154.99
8013562,0,71.39
8013565,13,87.12
8013568,0,92.6
8013570,0,58.88
8013571,12,46.84
8013572,3,69.94
8013574,20,81.32
8013575,5,74.24
8013576,0,60.18
8013577,0,65.59
8013578,0,122.95
8013579,0,51.12
8013582,0,68.56
8013583,7,48.63
8013584,0,60.87
8013585,0,49.38
8013587,26,89.08
8013588,0,109.63
8013589,108,77.39
8013590,14,55.32
8013591,0,55.54
8013593,32,73.88
8013595,1,150.24
8013596,18,67.29
8013597,7,68.33
8013598,3,110.16
8013599,6,109.22
8013600,0,40.88
8013602,1,63.08
8013603,0,115.61
8013604,0,72.8
8013609,0,50.2
8013610,0,83.37
8013611,0,#N/A
8013612,1,75.78
8013613,0,100.49
8013614,0,37.39
8013615,0,#N/A
8013616,7,207.78
8013617,0,70.48
8013620,0,99.91
8013622,0,69.91
8013623,0,68.35
8013624,0,201.31
8013625,0,50.13
8013626,34,65.67
8013628,14,82.88
8013629,0,71.37
8013630,0,57.51
8013631,0,77.93
8013632,0,89.06
8013633,0,102.35
8013634,9,93.43
8013635,0,69.86
8013642,411,88.58
8013643,0,202.56
8013644,0,61.51
8013646,0,129.05
8013650,12,73.48
8013651,4,87.23
8013652,12,199.36
8013653,1,82.21
8013654,0,119.79
8013655,1,159.58
8013656,0,77.26
8013657,0,89.67
8013658,1,97.05
8013663,0,107.41
8013664,0,112.17
8013665,0,86.68
8013666,62,56.38
8013670,0,54.06
8013672,0,64.72
8013674,0,84.56
8013675,0,76.79
8013676,0,281.76
8013677,0,177.55
8013678,37,60.59
8013685,14,67.02
8013688,0,169.8
8013689,27,118.95
8013690,30,280.05
8013691,3,95.74
8013694,0,115.27
8013695,0,83.37
8013696,0,75.57
8013699,0,67.54
8013700,0,92.55
8013703,14,104.39
8013709,35,65.47
8013710,20,62.64
8013713,0,65.31
8013714,74,45
8013716,23,152.2
8013717,242,234.28
8013718,58,147.04
8013748,0,74.37
8013751,0,84.42
8013753,1,122.45
8013755,0,159.46
8013756,0,98.47
8013759,0,106.74
8013766,3,95.54
8013767,0,113.74
8013768,0,67.91
8013769,0,136.58
8013771,0,67.63
8013772,0,119.65
8013773,0,99.36
8013774,0,87.8
8013775,57,66.14
8013777,15,84.07
8013778,0,86.65
8013783,0,113.05
8013787,2,129.02
8013788,0,143.79
8013791,9,113.12
8013792,0,184.68
8013799,5,81.12
8013801,0,71.02
8013802,0,58.58
8013803,0,66.68
8013804,8,105.34
8013807,0,195.38
8013808,0,80.94
8013812,0,78.68
8013813,1,85.21
8013817,3,106.71
8013822,6,193.68
8013823,0,56.43
8013824,2,156.54
8013825,0,71.42
8013826,7,97.05
8013828,0,56.73
8013829,0,236.46
8013833,1,66.59
8013842,2,85.02
8013850,0,133.73
8013857,3,180.93
8013862,0,103.13
8013863,0,100.21
8013865,0,96.35
8013870,0,78.64
8013875,0,134.58
8013900,3,103.12
8013905,0,67.75
8013927,0,44.24
8013928,0,44.71
8067100,10,114.23
8067101,0,154.57
8067102,0,141.67
8067103,0,124.79
8067104,0,74.01
8067105,0,94.76
8067106,0,153.65
8067107,0,134.54
8067108,0,120.63
8067109,0,116.15
8067110,0,116.27
8067200,0,117.87
8067201,1,145.35
8067202,0,151.78
8067203,0,183.46
8067204,0,187.37
8067205,0,162.77
8067207,0,224.18
8067208,0,212.2
8067209,0,197.57
8067210,0,133.29
8067211,0,156.56
8067212,0,261.46
8067214,8,184.22
8067300,0,133.41
8067301,1,181.53
8067302,0,118.32
8067303,0,184.09
8067400,0,133.28
8067401,3,173.89
8067402,0,125.19
8067404,0,169.08
8067405,0,91.51
8067406,5,105.22
8067407,2,77.19
8067409,7,237.42
8070001,0,350.01
8070003,0,273.92
8070006,0,327.22
8070008,2,294.37
8070009,1,393.29
8070012,0,229.48
8070016,0,304.85
8070018,0,326.31
8070021,0,227.58
8070022,0,274.94
8070023,0,289.25
8070024,0,292.35
8070025,1,351.93
8070028,31,317.34
8070029,24,255.45
8070031,10,345.53
8070032,1,354.62
8070034,0,367.24
8070035,0,253.87
8070037,0,228.22
8070039,0,282.14
8070040,0,270.26
8070041,0,276.74
8070043,4,228.19
8070045,1,392.42
8070052,0,368.82
8070053,0,321.38
8070054,0,350.01
8070055,24,355
8070056,4,419.2
8070057,0,386.32
8070058,14,366.06
8070060,0,276.88
8070063,0,293.45
8070064,0,254.26
8070065,0,408.07
8070066,1,353.47
8070067,1,252.28
8070071,0,325.92
8070073,0,288.31
8070077,0,305.6
8070082,0,296.92
8070083,0,251.29
8070085,0,406.83
8070088,0,349.46
8070089,0,332.31
8070091,0,537.14
8070094,8,536.02
8070105,0,451.21
8070111,0,335.43
8070113,2,487.69
8070114,0,337.49
8070119,1,387.77
8070123,0,291.75
8070124,0,261.6
8070137,0,276.81
8070156,0,383.26
8070157,0,390.92
8070158,5,307.34
8070159,0,333.04
8870001,18,65.52
8870002,19,284.46
8870003,18,83.55
8870004,17,116.16
8870005,16,80.12
8870006,19,507.36
8870007,18,49.39
8870008,18,178.08
9010000,6,23.23
9010001,0,89.97
9010003,4,18.09
9010004,5,15.24
9010005,7,19.65
9010006,0,17.82
9010008,128,41.15
9010009,11,21.78
9010010,2,25.59
9010015,362,16.51
9010016,5,7.81
9010017,1,19.91
9010018,0,16
9010019,0,11.79
9010020,33,14.56
9010021,81,17.72
9010022,0,21.06
9010023,7,36.37
9010024,2,11.19
9010025,235,18.69
9010026,9,10.68
9010027,5,20.87
9010028,96,19.15
9010029,52,17.99
9010030,0,16.29
9010031,0,19.17
9010032,2,23.41
9010033,84,18.23
9010034,0,9.56
9010035,133,17.14
9010036,2,13.98
9010037,26,21.65
9010038,1,10.62
9010039,6,14.01
9010040,135,14.98
9010042,231,13.22
9010043,4,13.49
9010044,0,11.82
9010045,0,14.86
9010046,0,15.28
9010047,13,14.37
9010048,0,#N/A
9010049,0,15.51
9010050,0,14.39
9010051,0,#N/A
9010054,0,26.67
9010055,0,29.95
9010056,0,26.95
9010057,0,15.27
9010058,0,18.03
9010059,6,83.37
9010060,0,15.02
9010061,0,108.35
9010062,0,27.95
9010064,0,20.35
9010065,0,14.35
9010066,23,16.93
9010067,0,16.01
9010068,23,16.52
9010070,0,21.22
9010071,0,15.38
9010072,0,16.62
9010073,0,26.33
9010075,0,25.81
9010077,0,43.16
9010078,0,28.2
9010079,0,15.23
9010080,0,14.26
9010081,0,49.16
9010082,0,28.31
9010083,0,52.63
9010085,0,52.42
9010086,13,15.34
9010087,0,80.21
9010088,0,16.2
9010089,0,14.36
9010090,0,38.2
9010092,0,57.05
9010093,0,61.68
9010094,0,51.47
9010096,6,19.76
9010097,0,19.95
9010099,39,25.56
9010100,7,15.76
9010101,15,14.2
9010103,0,15.41
9010104,0,48.95
9010106,0,26.91
9010107,0,67.68
9010110,4,72.98
9010111,14,15.82
9010112,0,38.91
9010113,120,14.06
9010114,0,43.16
9010115,23,15.04
9010116,0,54.74
9010117,0,74.39
9010119,1,42.63
9010121,29,17.99
9010122,105,16.75
9010127,0,25.84
9010128,2,16.44
9010129,1,47.79
9010130,0,13.64
9010131,0,18.74
9010132,13,16.07
9010133,2,19.15
9010135,0,15.74
9010136,125,23.45
9010137,7,19.62
9010139,0,42.56
9010141,0,20.34
9010142,0,15.87
9010143,85,17.11
9010144,2,10.57
9010145,0,12.89
9010146,7,10.14
9010153,0,46.63
9010158,4,8.31
9010164,8,19.96
9010165,0,22.45
9010166,0,14.74
9010167,0,16.63
9010169,7,18.71
9010170,0,16.64
9010171,2,14.6
9010173,3,45.41
9010174,0,139.58
9010175,5,16.75
9010176,0,12.51
9010178,0,#N/A
9010179,0,#N/A
9010181,2,11.38
9010182,22,23.36
9010183,4,25.98
9010184,0,48.84
9010185,0,21.15
9010186,4,19.03
9010187,34,16.77
9010190,3,32.09
9010191,2,12.43
9010193,24,10.47
9010195,0,16.69
9010196,0,62.18
9010197,92,14.12
9010198,2,14.22
9010199,0,15.4
9010200,162,14.49
9010201,37,16.49
9010202,7,17.57
9010203,2,10.64
9010204,0,42
9010205,69,16.24
9010206,1,16.67
9010207,8,25.38
9010208,0,15.15
9010210,0,30.73
9010211,100,14.86
9010212,0,11.86
9010213,25,19.72
9010214,1014,16.21
9010215,20,16.73
9010217,0,9.86
9010218,15,17.67
9010219,21,14.18
9010220,13,15.05
9010221,58,17.46
9010222,0,12.47
9010223,1,10.88
9010224,11,17.47
9010225,0,19.71
9010226,1,12.11
9010227,1,13.59
9010228,221,16
9010229,3,12.17
9010230,4,15.52
9010231,1,11.07
9010232,0,54.74
9010233,0,69.55
9010234,11,15.19
9010235,1,12.33
9010236,0,#N/A
9010237,1,15.85
9010238,8,9.61
9010239,9,19.75
9010240,0,12.23
9010241,1,23.39
9010242,0,43.16
9010243,41,13.25
9010244,0,14.77
9010245,0,15.29
9010246,0,16.82
9010247,6,17.72
9010248,0,9.32
9010249,6,14.77
9010250,0,13.57
9010251,58,20.58
9010252,7,13.07
9010253,165,15.75
9010254,0,16.45
9010255,1,11.41
9010256,2,15.28
9010257,32,16.56
9010258,0,18.44
9010261,0,46.67
9010263,168,22.86
9010264,0,57.8
9010265,2,14.09
9010266,23,26.19
9010267,15,14.96
9010269,8,17.15
9010272,0,74.39
9010274,0,23.71
9010278,13,15.61
9010280,1,11.58
9010281,0,17.4
9010282,85,20.84
9010283,0,23.69
9010284,30,20.05
9010285,50,15.27
9010286,0,13.05
9010287,0,13.43
9010289,0,11.36
9010292,0,67.47
9010293,0,64
9010294,1,13.02
9010295,0,48.95
9010296,0,17.72
9010297,0,77.89
9010298,6,67.57
9010299,11,16.75
9010300,0,53.79
9010302,0,#N/A
9010303,0,19.23
9010304,0,41.05
9010305,0,20.83
9010306,0,16.08
9010307,0,65.26
9010308,0,50.11
9010309,0,15.86
9010310,19,11.99
9010311,12,39.65
9010313,0,20.96
9010315,19,17.85
9010317,0,16.35
9010320,0,79.16
9010321,0,64
9010322,0,58.21
9010325,0,26.67
9010326,0,24.89
9010327,0,75.58
9010328,0,97.68
9010329,0,75.58
9010330,0,67.37
9010332,0,72.11
9010333,1,72.11
9010334,0,23.71
9010335,0,17.95
9010336,0,69.79
9010337,0,47.79
9010338,0,24.22
9010342,0,55.89
9010346,0,45.47
9010350,0,#N/A
9010353,0,50.79
9010355,0,57.05
9010360,6,12.39
9010361,0,17.36
9010362,0,18.48
9010363,4,11.93
9010364,7,21.61
9010365,11,10.96
9010366,35,19.33
9010368,0,67.16
9010369,0,23.66
9010370,2,40.21
9010371,8,30.37
9010372,1,16.89
9010373,0,11.07
9010374,0,27.51
9010375,11,15.13
9010376,10,12.98
9010377,1,20.93
9010378,1,18.35
9010379,9,16.45
9010380,0,15.38
9010381,0,21.31
9010382,47,17.76
9010383,0,13.82
9010384,139,18.35
9010385,133,16.6
9010388,0,23.65
9010389,2,28.08
9010390,3,33.23
9010391,4,24.79
9010392,0,15.62
9010393,35,20.75
9010394,0,15.96
9010395,59,13.29
9010398,8,11.75
9010399,0,16.46
9010400,20,32.29
9010401,4,15.44
9010402,0,48.16
9010403,0,19.72
9010404,0,17.56
9010405,47,19.07
9010406,10,20.75
9010410,0,20.04
9010411,0,14.28
9010412,33,27.74
9010413,2,14.63
9010414,17,24.29
9010415,0,24.28
9010416,4,21.48
9010417,19,20.77
9010418,17,19.61
9010419,93,17.31
9010422,0,22.22
9010423,0,15.81
9010432,0,14.37
9010433,1,13.51
9010437,1,16.92
9010443,0,22.45
9010444,51,11.24
9010446,6,10.25
9010448,1,15.15
9010450,120,13.97
9010451,287,17.22
9010452,15,23.11
9010453,51,17.91
9010454,30,14.91
9010455,2,18.86
9010456,0,23.54
9010457,1,28.97
9010458,1,16.38
9010459,0,12.69
9010460,11,18.54
9010462,47,18.14
9010463,46,17.97
9010464,0,21.06
9010465,0,20.68
9010466,0,17.35
9010467,17,21.25
9010468,18,30.15
9010469,0,27.61
9010470,6,21.89
9010471,252,15.96
9010476,1,22.61
9010478,4,19.49
9010479,45,18.19
9010480,10,19.15
9010481,4,14.19
9010482,0,12.6
9010483,4,14.28
9010484,0,14.32
9010485,0,11
9010487,2,16.77
9010488,10,20.72
9010489,2,19.58
9010490,95,18.58
9010491,1,23.04
9010492,1,26.81
9010493,0,24.51
9010494,0,26.07
9010495,0,24.42
9010496,29,17.81
9010497,4,26.27
9010498,0,17
9010499,15,18.41
9010500,20,36.54
9010501,27,14.66
9010502,0,17.4
9010503,52,24.43
9010504,12,15.92
9010505,0,17.48
9010506,0,19.74
9010507,0,21.19
9010508,29,14.12
9010509,0,11.92
9010510,0,25.32
9010511,6,15.74
9010512,0,24
9010513,26,22.24
9010514,0,19.55
9010515,2,15.76
9010517,33,17.26
9010518,481,20.56
9010519,2,21.19
9010520,0,22.15
9010521,11,23.86
9010522,22,21.29
9010523,7,14.2
9010524,2,22.57
9010525,5,9.95
9010526,0,14.79
9010527,10,17.77
9010528,15,20.42
9010529,10,21.01
9010530,11,16.46
9010531,7,24.72
9010532,0,16.24
9010533,0,21.15
9010534,0,17.78
9010535,0,18.48
9010536,0,15.17
9010537,0,16.55
9010538,0,14.42
9010539,0,20.83
9010540,0,21.81
9010541,6,15.03
9010542,0,27.71
9010543,0,27.87
9010544,0,15.64
9010545,0,20.12
9010546,0,16.43
9010547,1,9.94
9010548,1,14.55
9010549,2,11.41
9010550,0,13.73
9010551,1,21.11
9010552,10,14.6
9010553,0,19.2
9010554,0,16.09
9010555,0,14.06
9010556,0,15.55
9010557,184,16.21
9010558,0,15.36
9010559,0,16.63
9010560,6,25.09
9010561,0,25.08
9010562,127,18.24
9010563,0,16.76
9010564,0,20.58
9010565,0,17.57
9010566,0,23.17
9010567,0,18.13
9010568,0,25.48
9010569,212,18.39
9010570,0,19.05
9010571,8,28.66
9010572,0,18.11
9010573,0,18.92
9010574,0,23.92
9010575,1,11.88
9010576,11,18.62
9010577,52,16.29
9010578,0,17.76
9010579,2,27.78
9010581,0,17.02
9010582,0,21.53
9010584,0,23.12
9010585,0,22.35
9010586,3,21.61
9010587,9,15.29
9010588,0,17.79
9010589,0,17.96
9010590,0,17.38
9010591,0,22.31
9010592,0,11.51
9010593,7,15.84
9010594,2,15.64
9010595,0,27.03
9010596,0,16.15
9010597,0,43.35
9010599,0,21.8
9010601,0,20.89
9010602,0,21.32
9010603,0,25.31
9010604,0,21.06
9010605,2,22.32
9010607,0,24.13
9010609,0,24.25
9010610,1,17.19
9010613,0,25.36
9010614,2,19.53
9010615,1,16.76
9010616,0,27.78
9010617,1,21.48
9010618,4,16.53
9010619,5,10.46
9010620,0,12.71
9010621,0,9.34
9010622,9,10.41
9010623,5,12.96
9010625,10,17.36
9010626,0,12.28
9010627,5,10.65
9010628,0,15.59
9010629,5,22.15
9010630,1,18.38
9010631,1,17.14
9010632,2,13.15
9010633,0,20.55
9010634,0,18.53
9010635,4,18.42
9010636,0,14.46
9010637,3,19.04
9010638,0,23.28
9010639,1,21.74
9010640,0,15.39
9010641,0,15.71
9010642,27,25.85
9010643,2,10.21
9010644,0,19.08
9010645,1,24.08
9010646,6,20.09
9010647,0,19.27
9010648,9,18.54
9010649,0,11.92
9010650,0,20.52
9010651,16,37
9010652,5,16.48
9010653,10,14.29
9010654,6,21.36
9010655,16,23.67
9010656,10,33.61
9010657,6,26.74
9010658,0,16.84
9010659,1,15.87
9010660,0,15.03
9010662,0,21.8
9010663,6,16.6
9010665,0,24.07
9010666,0,18.61
9010667,0,18.4
9010668,26,14.47
9010669,0,14.79
9010670,0,18.28
9010671,0,14.55
9010672,0,24.62
9010673,2,40.83
9010674,0,23.02
9010675,0,24.96
9010676,3,20.85
9010677,0,15.81
9010678,1,19.39
9010679,0,16.02
9010680,2,15.73
9010681,1,15.56
9010682,0,20.12
9010683,2,16.66
9010684,0,24.59
9010685,6,33.82
9010686,0,16.84
9010688,0,14.82
9010689,0,15.81
9010690,7,39.69
9010691,23,19.84
9010692,1,16.83
9010693,1,22.27
9010694,2,19.72
9010695,14,17.69
9010696,13,17.78
9010697,21,39.92
9010698,35,43.54
9010699,4,53.98
9010701,0,11.81
9010702,0,20.58
9010705,0,21.39
9010706,0,18.91
9010708,8,54.43
9010709,0,19.24
9010710,0,13.4
9010711,4,47.61
9010712,0,23.49
9010713,0,28.72
9010714,26,22.71
9010715,0,20.58
9010716,14,52.49
9010717,0,29.78
9010718,0,32.54
9010719,0,15.73
9010720,13,47.25
9010721,0,28.72
9010722,2,40.26
9010726,8,50.65
9010727,0,28.13
9010728,32,11.42
9010729,0,24.88
9010730,3,16.47
9010731,7,37.02
9010732,0,46.05
9010733,11,43.74
9010734,13,50.03
9010735,24,47.06
9010736,33,39.67
9010737,8,30.6
9010738,0,26.77
9010739,601,42.32
9010740,3,54.35
9010741,185,51.13
9010742,1,25.26
9010743,0,26.07
9010745,0,23.96
9010746,0,36.59
9010747,2,24.98
9010748,0,40.92
9010749,0,13.08
9010753,0,16.07
9010754,6,19.38
9010755,0,10.55
9010757,0,19.45
9010758,0,20.86
9010759,3,15.93
9010760,0,38.66
9010761,1,41.95
9010762,0,37.18
9010763,23,43.76
9010764,2,52.62
9010765,2,39.12
9010766,0,34.94
9010767,17,24.45
9010768,3,39.12
9010769,0,34.41
9010770,0,26.23
9010772,0,32.14
9010777,0,29.08
9010779,0,49.98
9010780,5,36.58
9010786,9,24.96
9010790,1,14.19
9010791,13,21.65
9010798,9,51.85
9010809,33,20.68
9010810,0,16.45
9010813,0,19.74
9010819,0,40.26
9010825,0,32.91
9010830,0,36.22
9010831,0,34.6
9010834,2,60.57
9010835,1,47.29
9010901,0,31.19
9010904,0,21.11
9010905,0,20.16
9010907,0,38.64
9010915,0,46.27
9010923,0,20.66
9010924,0,40.46
9010925,0,39.36
9010926,0,45.64
9010927,0,31.45
9010928,0,29.92
9010930,0,64.13
