09-0651,1
1011234,19
1011235,1
1011237,5
1011238,19
1011239,26
1011240,6
1011243,42
1011244,71
1011247,6
1011249,3
1011251,2
1020116,3
1020118,3
1020120,2
1020122,55
1020416,4
1020418,39
1020420,40
1020516,3
1020518,24
1020520,12
1020616,35
1020618,41
1020620,17
1020622,28
1020716,83
1020718,44
1020720,37
1020722,10
1020816,58
1020818,43
1020822,4
1020916,22
1020918,42
1020920,44
1020922,48
1021022,137
1021078,1719
1021320,22
1021416,32
1021418,8
1021420,3
1021422,2
1021516,32
1021518,1
1021520,97
1021616,34
1021618,53
1021620,52
1021716,49
1021718,20
1021720,88
1021722,44
1021816,31
1021820,3
1021822,48
1021900,4
1021916,37
1021918,15
1021920,12
1021921,7
1021922,10
1021934,11
1021935,1
1021938,1
1021939,3
1022016,35
1022018,47
1022020,26
1022022,19
1022044,41
1022116,50
1022118,26
1022120,54
1022122,79
1022206,3
1022216,13
1022218,87
1022220,15
1022222,33
1022316,49
1022318,236
1022322,209
1022351,237
1022352,338
1022353,358
1022354,167
1022381,60
1022382,245
1022383,77
1022384,50
1022391,75
1022393,350
1022394,152
1022401,134
1022402,428
1022403,164
1022404,66
1022416,32
1022418,6
1022420,3
1022470,24
1022472,70
1022720,4
1022728,49
1022730,5
1022738,11
1022748,1
1022798,3
1022830,3
1022916,141
1022920,3
1022960,25
1023416,71
1023418,5
1023420,12
1023430,39
1023432,29
1023522,24
1023616,4
1023618,54
1023620,5
1023622,1
1023630,21
1023718,61
1023720,11
1023816,61
1023818,26
1023820,45
1023822,80
1023838,4
1023920,1
1023930,4
1023950,1
1023956,6
1023957,52
1023958,9
1023959,5
1023960,37
1023962,5
1023963,6
1023964,43
1024016,370
1024018,206
1024022,22
1024030,44
1024116,76
1024118,58
1024120,173
1024122,27
1024128,101
1024186,16
1024188,3
1024198,8
1024216,473
1024218,366
1024220,186
1024222,45
1024226,7
1024228,66
1024230,16
1024236,125
1024238,152
1024241,149
1024242,386
1024243,96
1024244,79
1024262,31
1024271,19
1024272,71
1024273,81
1024274,73
1024316,30
1024318,50
1024320,84
1024322,38
1024330,78
1024331,2
1024336,5
1024338,9
1024340,3
1024418,27
1024422,10
1024430,68
1024436,62
1024438,11
1024450,91
1024456,41
1024466,34
1024468,28
1024470,92
1024472,9
1024476,1
1024482,29
1024518,5
1024536,45
1024538,2
1024582,31
1024636,163
1024638,19
1024676,38
1024682,143
1024696,62
1024728,99
1024730,66
1024738,21
1024740,20
1024828,10
1024830,84
1024832,1
1024928,31
1024936,128
1024938,91
1024940,1
1024946,52
1024952,24
1024956,49
1024958,188
1024960,151
1024962,43
1024968,14
1024970,183
1024976,52
1024978,82
1024980,58
1025018,5
1025022,3
1025322,16
1025416,48
1025418,68
1025420,63
1025430,39
1025432,44
1025518,30
1025520,7
1025522,93
1025616,77
1025618,115
1025620,136
1025622,109
1025630,63
1025720,6
1025816,22
1025818,317
1025820,3
1025822,5
1025826,5
1025828,108
1025830,49
1025838,16
1025840,3
1025916,1
1025926,43
1025930,15
1026162,10
1026163,85
1026165,2
1026316,94
1026318,11
1026320,30
1026332,69
1026432,5
1026616,9
1026620,50
1026622,7
1026756,39
1026758,29
1026759,26
1026773,15
1026826,191
1026828,433
1026830,608
1026832,623
1027222,39
1027226,93
1027228,5
1027232,5
1027242,17
1027316,9
1027318,41
1027320,44
1027322,10
1027332,4
1027416,4
1027418,63
1027422,115
1027676,14
1027762,69
1027765,8
1027770,8
1027774,45
1027860,19
1027861,2
1027862,105
1027863,10
1027864,12
1027866,48
1027868,4
1027870,23
1027876,2
1027880,2
1027891,1
1027893,5
1027918,34
1027920,45
1027926,30
1027928,12
1027930,4
1027932,8
1027936,34
1027940,56
1027942,1
1027946,31
1027950,13
1027956,35
1027962,44
1027966,9
1027968,40
1027970,5
1027972,21
1027982,3
1027988,24
1027990,29
1027992,32
1028003,1
1028004,1
1028006,46
1028008,2
1028009,1
1028014,13
1028015,236
1028016,150
1028017,142
1028021,33
1028022,1
1028023,5
1028025,33
1028026,60
1028027,4
1028028,9
1028050,3
1028061,5
1028063,50
1028064,20
1028068,1
1028089,2
1028091,8
1028113,3
1028117,4
1028118,2
1028119,5
1028121,23
1028124,5
1028125,3
1028127,4
1028128,4
1028129,13
1028133,4
1028136,2
1028141,6
1028144,2
1028146,8
1028151,8
1028153,30
1028161,10
1028170,1
1028173,4
1028174,6
1028179,4
1028185,43
1028190,2
1028194,1
1028202,1
1028219,2
1028225,4
1028232,3
1028248,1
1028265,46
1028266,53
1028267,48
1028268,17
1028272,40
1028273,5
1028274,6
1028286,81
1028290,9
1028294,31
1028295,1
1028296,4
1028297,3
1028303,4
1028304,4
1028305,16
1028306,12
1028307,1
1028308,643
1028309,2
1028310,12
1028311,7
1028312,18
1028313,4
1028315,4
1028316,10
1028317,4
1028318,3
1029235,2
1029237,5
1029238,2
1029239,1
1029241,7
1029243,13
1029244,8
1029245,5
1029246,3
1029247,9
1029248,17
1029249,19
1029250,5
1029251,2
1029253,3
1029254,3
1029256,1
1029257,3
1029258,11
1029259,18
1029260,6
1029261,2
1029264,2
1029266,15
1029268,20
1029269,18
1029270,20
1029272,24
1029273,20
1029274,22
1029275,5
1029276,24
1029277,6
1029278,3
1029279,19
1029280,14
1029281,20
1029282,2
1029283,3
1029298,1
1029302,5
1029317,5
1029327,1
1029327,1
1029341,10
1029342,3
1029343,5
1029345,2
1029354,1
1029356,4
1029358,6
1029368,2
1029369,1
1029396,3
1029397,41
1029398,11
1029399,1
1029400,2
1029401,3
1029402,2
1029403,5
1029431,2
1029434,1
1029437,4
1029440,1
1029447,5
1029448,1
1029449,1
1062C,25
1080,1
10-9296,7056
10-9306,1090
10-9312,3596
10-9322,2014
10-9324,3023
10-9326,3
10-9329,6
1094C,8
10-9732,1
1106,1
1108C,19
1117C,18
1124C,25
1125C,6
1135C,15
1140C,6
1164C,19
1174C,8
1183,1
1183C,1
1202C,31
1203C,1
1206C,19
1211234,21
1211235,3
1211236,2
1211237,28
1211238,2
1211239,1
1211240,2
1211241,1
1211242,2
1211243,2
1211245,1
1211248,1
1211250,4
1211251,1
1211252,2
1211253,2
1211256,2
1211258,1
1211259,2
1211260,2
1211262,14
1211263,1
1211264,2
1211265,1
1211268,1
1211269,2
1211271,2
1211272,3
1211273,1
1211274,2
1211275,1
1211276,1
1211277,1
1211278,2
1211279,10
1211280,2
1211283,1
1211285,2
1211287,1
1211290,2
1211293,1
1211294,2
1211296,7
1211298,1
1211299,1
1211300,3
1211301,2
1211302,1
1211305,1
1211306,2
1211308,2
1211309,1
1211311,6
1211312,2
1211313,3
1211314,2
1211320,1
1211321,3
1211322,2
1211323,1
1211326,1
1211327,1
1211333,1
1211334,1
1211335,1
1211338,1
1211341,4
1211345,5
1211350,2
1211351,1
1211352,2
1211355,1
1211356,2
1211357,2
1211358,1
1211359,1
1211361,1
1211362,2
1211363,1
1211364,1
1211369,3
1211370,1
1211371,2
1211374,1
1211376,1
1211378,1
1211379,1
1211380,1
1211382,1
1211387,2
1211388,6
1211390,2
1211392,2
1211393,1
1211395,3
1211396,1
1211397,1
1211400,1
1211401,3
1211402,3
1211403,2
1211405,12
1211406,1
1211407,2
1211409,1
1211410,5
1211411,2
1211417,1
1211421,3
1211422,1
1211423,1
1211427,2
1211428,20
1211429,2
1211430,1
1211431,1
1211432,4
1211433,3
1211434,1
1211435,1
1211436,1
1211437,1
1211438,2
1211439,2
1211440,1
1211443,2
1211445,1
1211446,1
1211448,2
1211449,38
1211450,2
1211451,1
1211452,1
1211453,3
1211454,1
1211455,1
1211456,1
1211457,1
1211458,1
1211459,1
1211460,1
1211467,10
1211468,9
1211469,6
1211470,3
1211471,1
1211475,3
1211484,2
1211C,3
124RG,16
12721722,2
12721722,2
12737252,3
1273C,35
1278C,6
1279C,1
1290C,55
1295C,23
13001C,23
13005C,90
13007C,58
13009C,35
13012C,51
13014C,2
13015C,7
13019C,21
13020C,21
13021C,14
13022C,51
13023C,60
13024C,29
13025C,27
13026C,4
13027C,2
13029C,68
13030C,15
13031C,19
13032C,24
13035C,11
13037C,5
13038C,33
13039C,16
13040C,21
13041C,43
13042C,41
13043C,21
13044C,12
13045C,21
13046C,34
13047C,37
13049C,2
1304C,17
13051C,23
13052C,2
13053C,16
13054C,29
13055C,3
13056C,4
13057C,3
13059C,31
1305C,14
13060C,6
13062C,39
13065C,19
13067C,3
13068C,52
1306C,2
13070C,2
13071C,32
13074C,35
13076C,11
13078C,31
13079C,25
13080C,11
13082C,16
13084C,73
13086C,8
13087C,21
13089C,29
13090C,33
13092C,27
13095C,32
13096C,4
13097C,7
13098C,13
13099C,3
13100C,32
13101C,12
13103C,9
13104C,3
13106C,33
13107C,1
13108C,3
13111C,1
1311243,21
1311244,36
1311245,13
1311246,3
1311248,9
1311250,6
1311251,11
1311252,40
1311253,6
1311260,21
1311262,4
1311272,184
1311276,2
1311277,10
1311278,19
1311279,140
1311280,17
1311281,19
1311282,6
1311283,1
1311288,60
1311289,221
1311290,240
1311291,20
1311292,158
1311293,1540
1311294,315
1311295,20
1311296,21
1311297,20
13112C,2
1311300,21
1311301,40
1311302,1020
1311303,50
1311304,90
1311306,50
1311307,220
1311308,221
1311310,380
1311311,223
1311312,110
1311313,40
1311314,20
1311317,1
1311322,26
1311324,48
1311326,3
1311327,204
1311329,803
1311330,10
1311331,25
1311332,108
1311333,80
1311334,21
1311335,362
1311336,83
1311337,1396
1311338,89
1311340,327
1311341,250
1311342,60
1311343,11
1311344,290
1311345,37
1311346,770
1311347,53
1311348,20
1311349,370
1311350,193
1311351,1410
1311352,9962
1311353,3918
1311354,4118
1311355,3
1311357,35
1311359,422
1311360,442
1311366,60
1311367,1120
1311368,140
1311369,5
1311370,120
1311371,1560
1311372,660
1311373,3916
1311374,160
1311375,17191
1311376,2299
1311377,16890
1311379,12083
1311380,295
1311381,952
1311382,927
1311384,9
1311385,500
1311386,1280
1311387,721
1311388,584
1311389,425
1311390,805
1311392,220
1311393,100
1311395,121
1311396,1136
1311397,840
1311398,541
1311399,220
13113C,1
1311400,136
1311401,442
1311402,120
1311403,1380
1311404,2249
1311405,1700
1311406,1240
1311407,630
1311408,1400
1311409,620
1311410,20
1311411,680
1311413,443
1311415,1440
1311416,1580
1311417,680
1311418,530
1311419,2
1311421,41
1311422,7496
1311423,120
1311446,1600
1311447,30
1311448,5
1311449,100
1311450,161
1311452,47
1311453,800
1311454,521
1311456,81
1311457,456
1311458,961
1311459,80
1311460,140
1311461,645
1311462,221
1311463,760
1311464,20
1311466,20
1311468,5
1311471,60
1311472,60
1311474,40
1311475,60
1311476,60
1311478,40
1311481,240
1311482,60
1311485,20
1311486,2040
1311489,20
1311490,8
1311491,152
1311492,322
1311493,460
1311494,220
1311495,42
1311496,240
1311497,85
1311498,60
1311501,49
1311502,18
1311503,662
1311504,29
1311505,1
1311507,60
1311508,10
1311510,7
1311513,9
1311514,81
1311518,19
1311519,850
1311520,460
1311521,270
1311522,617
1311523,500
1311524,433
1311525,167
1311526,17
1311533,8
1311537,199
1311538,21
1311539,241
1311540,47
1311541,160
1311542,162
1311543,51
1311544,270
1311545,152
1311546,142
1311547,233
1311548,205
1311549,93
1311550,370
1311552,17
1311553,88
1311555,70
1311559,24
1311560,55
1311561,40
1311562,4
1311563,50
1311564,106
1311566,20
1311567,605
1311568,690
1311569,4764
1311570,2560
1311571,521
1311572,1224
1311573,420
1311574,542
1311575,9187
1311576,120
1311577,341
1311581,980
1311583,40
1311585,39
1311587,120
1311588,237
1311589,1949
1311590,520
1311591,40
1311593,80
1311594,20
1311595,40
1311597,351
1311598,80
1311599,100
13115C,16
1311600,160
1311601,240
1311602,20
1311603,10
1311605,30
1311606,2
1311607,70
1311608,147
1311609,60
1311610,160
1311612,20
1311613,168
1311614,40
1311615,40
1311618,54
1311619,80
1311621,37
1311622,20
1311626,40
1311627,6
1311629,214
1311630,15
1311631,40
1311632,12
1311633,182
1311634,337
1311635,382
1311636,12
1311637,280
1311638,100
1311639,20
1311640,205
1311641,40
1311642,89
1311643,783
1311644,238
1311645,380
1311646,51
1311647,17
1311648,20
1311649,7
1311652,1
1311654,42
1311657,4
1311661,13
1311662,6
1311664,13
1311667,60
1311668,50
1311669,20
1311670,10
1311671,5
1311672,6
1311673,3
1311674,306
1311677,20
1311680,8
1311682,80
1311683,115
1311684,789
1311685,214
1311686,4
1311687,4
1311688,81
1311691,140
1311692,200
1311693,270
1311694,160
1311695,260
1311696,10
1311697,510
1311698,421
1311699,190
13116C,30
1311700,9
1311701,113
1311706,9
1311707,1
1311709,1
1311716,148
1311717,4
1311718,210
1311719,90
1311720,200
1311721,69
1311722,75
1311723,39
1311724,47
1311725,58
1311726,81
1311727,4
1311728,2
1311729,3
1311730,3
1311732,6
1311738,1
1311741,10
1311742,40
1311743,5
1311744,10
1311745,31
1311746,15
1311747,34
1311748,52
1311751,1
1311752,16
13117C,5
13118C,1
13119C,5
13120C,5
13121C,10
13122C,13
13123C,19
13125C,21
13126C,18
13127C,2
13128C,9
13129C,457
13132C,29
13133C,9
13134C,4
13135C,6
13136C,29
13137C,6
13139C,2
13141C,1
13142C,1
13143C,12
13144C,6
13145C,44
13146C,2
13148C,4
13149C,35
13150C,1
13151C,1
13152C,3
13155C,31
13157C,179
13158C,32
13161C,24
13162C,5
13167C,29
13173C,2
13177C,12
13178C,17
13179C,17
1317C,8
13184C,9
13185C,40
13186C,8
13187C,63
13188C,1
13189C,2
1318C,45
13191C,56
13192C,10
13193C,1
13194C,4
13195C,17
13199C,3
1319C,14
131C,1
13200C,91
13205C,18
13206C,38
13207C,3
13208C,7
13209C,3
13210C,49
1321238,84
1321239,189
1321240,1020
1321241,1231
1321242,193
1321243,35
1321244,131
1321245,25
1321246,28
1321247,11
1321248,20
1321249,655
1321250,21
1321251,180
1321252,343
1321253,674
1321254,380
1321255,2991
1321256,1357
1321257,80
1321258,499
1321259,117
1321260,515
1321261,112
1321262,455
1321263,898
1321264,23
1321265,666
1321266,135
1321267,31
1321268,85
1321269,60
1321270,146
1321271,189
1321272,951
1321273,359
1321274,700
1321275,74
1321276,1045
1321277,1502
1321278,4123
1321279,332
1321280,281
1321281,142
1321282,6482
1321283,6594
1321284,138
1321285,88
1321286,134
1321287,57
1321288,106
1321289,459
1321290,158
1321291,198
1321292,91
1321293,141
1321294,125
1321295,466
1321296,574
1321297,114
1321298,688
1321299,61
13212C,21
1321300,53
1321301,689
1321302,411
1321303,25
1321304,186
1321305,14
1321306,321
1321307,63
1321308,25
1321310,612
1321311,2064
1321312,419
1321313,618
1321314,240
1321315,77
1321316,34
1321317,90
1321318,64
1321319,61
1321320,29
1321321,106
1321322,3134
1321323,1128
1321324,107
1321325,436
1321326,135
1321327,62
1321328,1153
1321329,293
1321330,728
1321331,38
1321332,29
1321333,55
1321334,181
1321335,97
1321336,1882
1321337,8543
1321338,536
1321339,274
1321340,96
1321341,29
1321342,616
1321343,323
1321344,1220
1321345,290
1321346,631
1321347,3544
1321348,712
1321349,5298
1321350,205
1321351,119
1321352,166
1321353,25
1321354,32
1321355,322
1321356,406
1321357,619
1321358,132
1321359,226
1321360,156
1321361,3849
1321362,645
1321363,159
1321364,30
1321365,20
1321366,50
1321367,51
1321368,19
1321369,26
1321370,245
1321371,5
1321372,81
1321373,53
1321374,1034
1321375,318
1321376,244
1321377,109
1321378,139
1321379,191
1321380,64
1321381,827
1321382,758
1321383,1021
1321384,874
1321385,295
1321386,320
1321387,28
1321388,68
1321389,32
1321390,322
1321391,74
1321392,58
1321393,2716
1321394,163
1321395,26
1321396,85
1321397,30
1321398,211
1321399,382
13213C,5
1321400,407
1321401,87
1321402,166
1321403,49
1321404,23
1321405,31
1321406,85
1321407,10
1321408,56
1321409,52
1321410,89
1321411,40
1321412,75
1321413,55
1321414,1191
1321415,26
1321416,90
1321417,15
1321420,14
1321421,19
1321422,148
1321423,367
1321424,219
1321425,240
1321430,115
1321431,50
1321432,99
1321433,77
1321433,77
1321433,77
1321433,77
1321433,77
1321433,77
1321434,73
1321435,77
1321436,76
1321437,9
1321438,9
1321440,3
1321444,1
13215C,32
13217C,1
13219C,66
13220C,2
13221C,24
13222C,32
13223C,7
13225C,17
13226C,14
13227C,20
13228C,2
13229C,19
1322C,11
13230C,56
13231C,17
13232C,18
13233C,37
13235C,2
1323C,14
13240C,1
13241C,8
13244C,24
13245C,42
13247C,18
13248C,32
13249C,17
13251C,3
13252C,12
13253C,21
13254C,2
13255C,3
13256C,4
13257C,13
13258C,14
13259C,3
13262C,6
13263C,2
13264C,11
13265C,3
13266C,1
13268C,1
13270C,53
13271C,3
13272C,15
13277C,28
13281C,43
13284C,8
13285C,5
13292C,3
13293C,39
13296C,4
13298C,2
13301C,202
13303C,2
13304C,2
13306C,12
13307C,3
13308C,12
13309C,3
13313C,32
13314C,2
13315C,9
13316C,1
13317C,11
13318C,3
13319C,3
13320C,3
13321C,35
13322C,13
13323C,33
13324C,2
13325C,21
13326C,7
13327C,12
13328C,12
13331C,3
13332C,2
13333C,7
13335C,13
13336C,3
13338C,37
13339C,15
13341C,24
13342C,3
13345C,19
13346C,21
13347C,28
13348C,35
13351C,4
13352C,33
13353C,5
13356C,3
13358C,2
13360C,3
13361C,28
13362C,1
13363C,54
13364C,10
13365C,87
13366C,3
13367C,20
13370C,11
13373C,10
13374C,9
13376C,4
13377C,30
13380C,7
13383C,19
13384C,4
13385C,4
13387C,12
13388C,2
13389C,1
13391C,7
13393C,26
13394C,23
13395C,12
13396C,4
13398C,193
13400C,67
13401C,27
13402C,11
13404C,3
13405C,42
13412C,5
13413C,3
13414C,34
13415C,2
13416C,1
13418C,1
13419C,1
13420C,15
13421C,22
13423C,7
1342C,1
13430C,3
13431C,34
13432C,7
13433C,3
13436C,6
13439C,4
13442C,2
13447C,6
13448C,20
13449C,9
1344C,2
13450C,29
13451C,9
13453C,16
13454C,46
13455C,4
13456C,20
13457C,5
13458C,2
13460C,44
13461C,3
13467C,40
13469C,19
13470C,27
13471C,4
13473C,2
13476C,26
13477C,2
13486C,3
13488C,22
13489C,29
13490C,89
13492C,7
13493C,93
13494C,2
13498C,13
13499C,5
13500C,16
13502C,8
13503C,3
13505C,5
13506C,2
13507C,3
13508C,21
13509C,41
13510C,46
13511C,2
13512C,28
13513C,41
13514C,25
13515C,35
13516C,3
13519C,9
13520C,20
13521C,3
13525C,18
13526C,2
13528C,10
13529C,4
13531C,36
13532C,4
13533C,21
13534C,33
13535C,20
13536C,2
13538C,15
13539C,43
13540C,2
13541C,2
13544C,35
13549C,2
13551C,2
13552C,25
13554C,4
13555C,17
13559C,18
13560C,11
13561C,14
13562C,1
13565C,5
13569C,21
1356C,1
13570C,7
13572C,3
13574C,15
13575C,26
13576C,27
13577C,1
13579C,1
13581C,3
13582C,3
13583C,12
13584C,8
13585C,1
13587C,2
13589C,25
13590C,3
13591C,22
13592C,1
13593C,39
13595C,35
13596C,12
13599C,8
13602C,13
13603C,2
13604C,2
13605C,2
13608C,9
13609C,15
13610C,2
13611C,7
13612C,5
13613C,2
13616C,2
13617C,1
13620C,37
13622C,2
13623C,3
13624C,4
13626C,18
13630C,28
13631C,1
13632C,13
13633C,5
13634C,8
13635C,2
13637C,1
13641C,25
13642C,40
13643C,25
13644C,1
13646C,3
13647C,1
13651C,1
13652C,6
13655C,1
13656C,12
13657C,2
13658C,1
13659C,5
13662C,35
13663C,6
13664C,2
13665C,11
13666C,6
13666C,6
13668C,7
13670C,116
13672C,3
13674C,13
13675C,3
13676C,16
13678C,65
13679C,2
13681C,1
13682C,8
13683C,10
13687C,27
13688C,26
13689C,13
13695C,3
13696C,14
13697C,1
13698C,42
13699C,3
13700C,39
13703C,2
13705C,23
13706C,7
13708C,2
13709C,23
13710C,15
13715C,2
13716C,4
13717C,46
13718C,21
13725C,27
13748C,17
13749C,1
13753C,2
13754C,4
13762C,10
13765C,2
13766C,2
13767C,76
13769C,1
13770C,6
13771C,49
13772C,28
13773C,21
13774C,8
13775C,43
13776C,2
13777C,18
13778C,11
13779C,34
13783C,11
13784C,4
13786C,2
13787C,2
13788C,3
13790C,1
13795C,5
13797C,35
13798C,2
13799C,4
13801C,13
13802C,7
13803C,6
13804C,24
13812C,15
13817C,4
1381C,1
13820C,1
13823C,2
13825C,3
13826C,13
13827C,2
13832C,2
13833C,9
13834C,31
13835C,1
13838C,1
13841C,8
13842C,19
13844C,1
13851C,2
13852C,30
13853C,26
13856C,29
13857C,4
13858C,1
13859C,35
13862C,2
13864C,23
13865C,2
13869C,2
13870C,13
13871C,23
13875C,1
13877C,14
13879C,12
13880C,3
13881C,1
13886C,3
13888C,2
13893C,1
13900C,8
13907C,3
1390C,18
13912C,4
13913C,2
13914C,1
13915C,26
13916C,23
13917C,3
1391C,2
13920C,2
13924C,1
13929C,3
13932C,2
13939C,1
13944C,2
13946C,1
1394C,20
13956C,2
1396C,46
13983C,6
13983C,6
1398C,6
1400C,1
1401C,6
1407C,16
1409C,38
140C,21
1411234,5
1411235,118
1411236,12
1411237,27
1411238,1
1411239,70
1411240,9
1411241,25
1411242,24
1411243,16
1411244,14
1411245,216
1411247,55
1411249,28
1411250,45
1411251,43
1411252,9
1411253,2
1411254,5
1411255,30
1411256,22
1411258,13
1411259,2
1411260,391
1411261,25
1411262,55
1411263,168
1411264,11
1411265,135
1411266,825
1411267,42
1411268,10
1411269,18
1411270,176
1411271,5
1411272,22
1411273,110
1411274,47
1411275,2
1411276,3
1411278,1458
1411279,119
1411280,8
1411281,94
1411282,75
1411283,13
1411284,3
1411285,8
1411286,5
1411287,5
1411288,12
1411289,107
1411290,45
1411291,78
1411292,10
1411293,1
1411294,27
1411295,336
1411296,23
1411298,9
1411299,16
1411300,3
1411301,5
1411302,454
1411303,15
1411304,3
1411305,125
1411306,137
1411307,62
1411308,71
1411309,127
1411310,182
1411311,4
1411312,9
1411314,5
1411315,30
1411316,8
1411317,5
1411318,43
1411319,62
1411321,32
1411322,3
1411323,2
1411324,26
1411325,16
1411326,109
1411327,73
1411328,12
1411329,3
1411330,2
1411331,23
1411332,40
1411333,195
1411334,63
1411335,91
1411336,37
1411337,41
1411338,4
1411339,299
1411340,45
1411341,91
1411342,56
1411344,1
1411345,33
1411346,8
1411347,92
1411348,32
1411349,25
1411351,2
1411352,109
1411353,49
1411354,7
1411355,2
1411356,9
1411357,597
1411358,52
1411359,46
1411360,534
1411361,66
1411362,3
1411363,26
1411364,94
1411365,905
1411366,86
1411367,3
1411368,3
1411369,46
1411370,3
1411371,13
1411372,4
1411373,5
1411374,16
1411375,14
1411376,72
1411377,6
1411378,46
1411379,28
1411380,44
1411381,21
1411382,5
1411383,2
1411384,8
1411385,8
1411386,38
1411387,2
1411388,69
1411389,34
1411390,6
1411391,8
1411393,4
1411396,14
1411398,5
1411399,11
1411401,62
1411402,20
1411403,21
1411404,4
1411405,26
1411406,19
1411407,17
1411409,57
1411410,36
1411413,2
1411417,5
1411419,211
1411424,17
1411425,1
1411426,41
1411431,9
1411433,32
1411434,9
1411435,102
1411436,12
1411438,18
1411439,29
1411440,19
1411443,6
1411444,2
1411446,7
1411447,2
1411449,3
1411450,40
1411451,2
1411454,21
1411456,10
1411457,81
1411458,2
1411459,63
1411460,4
1411462,2
1411464,3
1411465,64
1411466,11
1411469,38
1411471,128
1411474,326
1411477,2
1411478,1
1411481,5
1411486,5
1411487,62
1411488,13
1411489,1
1411490,27
1411491,5
1411492,13
1411494,1
1411495,116
1411496,5
1411497,19
1411498,31
1411499,96
1411500,8
1411502,38
1411503,24
1411504,2
1411505,2
1411506,19
1411507,4
1411508,20
1411509,62
1411510,11
1411512,173
1411513,7
1411514,62
1411515,35
1411516,104
1411518,33
1411519,69
1411520,2
1411521,24
1411522,41
1411523,10
1411524,25
1411525,3
1411526,3
1411527,86
1411528,43
1411531,21
1411532,9
1411533,12
1411535,36
1411536,49
1411537,128
1411538,32
1411539,41
1411540,40
1411541,18
1411542,1
1411543,20
1411544,12
1411545,8
1411546,43
1411547,78
1411548,86
1411549,70
1411550,67
1411551,23
1411552,44
1411553,11
1411554,27
1411555,3
1411557,81
1411558,12
1411559,9
1411561,61
1411562,563
1411563,28
1411564,1
1411565,40
1411566,9
1411567,109
1411569,7
1411570,51
1411571,194
1411572,1
1411573,1
1411576,5
1411578,32
1411579,6
1411580,15
1411581,1
1411582,17
1411583,50
1411585,32
1411586,11
1411587,43
1411588,18
1411589,41
1411590,142
1411591,8
1411592,10
1411593,195
1411594,159
1411595,130
1411596,7
1411597,252
1411598,42
1411599,9
1411600,41
1411601,104
1411602,23
1411603,2
1411605,2
1411607,4
1411608,28
1411609,3
1411610,4
1411613,1
1411614,23
1411615,11
1411616,524
1411617,37
1411618,21
1411619,7
1411620,182
1411621,158
1411622,107
1411623,372
1411624,69
1411625,454
1411626,47
1411627,69
1411628,12
1411629,131
1411630,177
1411631,109
1411632,134
1411633,111
1411634,22
1411635,15
1411636,62
1411637,47
1411638,726
1411639,157
1411640,85
1411641,228
1411642,157
1411644,92
1411646,312
1411647,1323
1411648,729
1411649,202
1411652,162
1411653,251
1411654,311
1411655,1394
1411656,48
1411657,24
1411658,235
1411659,16
1411660,120
1411661,50
1411662,31
1411664,116
1411665,305
1411666,56
1411667,616
1411668,179
1411670,66
1411672,174
1411674,16
1411675,18
1411676,590
1411677,377
1411678,129
1411679,47
1411680,26
1411681,131
1411682,20
1411683,77
1411684,283
1411685,246
1411686,99
1411687,55
1411688,47
1411689,123
1411690,67
1411691,6
1411693,480
1411694,78
1411695,93
1411696,38
1411697,1
1411698,70
1411699,14
1411700,18
1411701,4
1411702,1
1411705,34
1411706,27
1411707,4
1411708,28
1411709,47
1411710,15
1411711,82
1411712,20
1411713,50
1411714,17
1411717,83
1411718,109
1411720,4
1411721,45
1411722,44
1411723,7
1411724,29
1411727,10
1411728,3
1411730,17
1411731,5
1411734,128
1411736,115
1411737,639
1411738,102
1411741,16
1411742,106
1411743,140
1411745,365
1411747,40
1411748,50
1411750,33
1411751,149
1411752,82
1411754,35
1411756,89
1411757,97
1411758,48
1411760,45
1411761,17
1411763,46
1411764,6
1411765,26
1411766,56
1411769,12
1411770,23
1411772,109
1411773,221
1411774,32
1411775,29
1411778,127
1411779,3
1411780,75
1411781,45
1411782,56
1411783,21
1411784,26
1411787,55
1411788,99
1411792,2202
1411793,12
1411794,35
1411795,41
1411796,56
1411798,66
1411800,221
1411801,93
1411802,177
1411803,407
1411805,4
1411806,204
1411807,162
1411808,30
1411809,38
1411810,86
1411811,191
1411812,1177
1411813,77
1411814,84
1411815,111
1411816,66
1411818,58
1411819,77
1411820,523
1411821,34
1411822,96
1411823,134
1411824,575
1411825,5
1411826,55
1411827,232
1411828,23
1411829,77
1411830,1090
1411831,45
1411833,383
1411834,74
1411835,113
1411836,7
1411837,20
1411838,3
1411839,38
1411844,7
1411845,63
1411846,10
1411851,1
1411853,100
1411858,1
1411859,121
1411860,16
1411861,282
1411863,86
1411864,563
1411867,250
1411869,6
1411870,18
1411873,10
1411874,4
1411876,119
1411877,1
1411879,96
1411880,2
1411882,121
1411884,36
1411885,51
1411886,115
1411887,10
1411889,20
1411900,33
1411901,344
1411902,15
1411903,35
1411904,5
1411905,2
1411908,2
1411910,1070
1411912,276
1411913,68
1411914,98
1411916,86
1411917,4
1411918,28
1411921,2
1411923,48
1411925,64
1411927,1
1411928,1227
1411929,68
1411930,181
1411931,44
1411932,6
1411933,199
1411934,41
1411935,3
1411936,86
1411937,95
1411938,43
1411939,106
1411940,45
1411941,82
1411942,95
1411943,63
1411944,5
1411945,3
1411946,168
1411947,423
1411948,27
1411949,19
1411950,81
1411951,105
1411952,43
1411953,61
1411955,15
1411956,79
1411959,150
1411960,5
1411961,244
1411962,19
1411963,121
1411964,117
1411965,1
1411966,437
1411967,28
1411968,1
1411971,12
1411972,792
1411973,6
1411974,74
1411975,45
1411976,113
1411978,50
1411981,4
1411982,30
1411983,20
1411987,8
1411989,233
1411991,36
1411994,76
1411997,43
1411999,2
1412001,18
1412003,8
1412004,1
1412006,67
1412008,153
1412010,4
1412011,1
1412012,1
1412013,82
1412014,359
1412015,628
1412016,28
1412017,2
1412018,42
1412019,3
1412020,302
1412021,369
1412022,44
1412023,69
1412024,290
1412025,3
1412026,72
1412027,14
1412028,129
1412029,128
1412030,69
1412032,43
1412034,110
1412035,74
1412036,18
1412037,5
1412038,17
1412039,3
1412040,4
1412043,134
1412044,5
1412045,297
1412046,162
1412047,1
1412048,15
1412049,1
1412051,5
1412052,3
1412055,59
1412056,60
1412057,128
1412058,17
1412059,174
1412060,1
1412061,1
1412062,2
1412063,113
1412064,2
1412065,6
1412066,76
1412067,4
1412068,36
1412069,112
1412070,208
1412071,10
1412073,321
1412074,51
1412076,34
1412077,1
1412078,92
1412079,40
1412080,3
1412081,3
1412082,1
1412084,1
1412086,8
1412087,10
1412089,34
1412090,65
1412091,91
1412092,21
1412093,19
1412094,14
1412095,61
1412096,580
1412097,3
1412098,1
1412100,27
1412102,14
1412103,6
1412104,159
1412105,59
1412106,6
1412107,18
1412108,14
1412109,5
1412110,32
1412111,5
1412113,8
1412115,1
1412116,5
1412117,4
1412119,5
1412121,16
1412122,6
1412124,3
1412129,2
1412134,1
1412137,9
1412138,200
1421C,2
1426C,10
1446C,20
1451C,23
1452C,2
1453C,18
1454C,8
1455C,1
1469C,1
1474C,3
1475C,2
1477C,2
1482C,2
1485C,17
1486C,25
1488C,30
1489C,19
1494C,18
15-11125G,22
1515C,19
1516C,8
1517C,18
1518C,11
1519C,55
1520C,48
1522C,111
1525,1
1531C,27
1533C,29
1544C,1
1548C,3
1550C,2
1551C,17
1552C,4
1553C,116
1568C,11
1571C,2
1573C,20
1574C,43
1577C,3
16000C,11
16001C,51
16002C,4
1609C,4
1610C,22
161C,25
162C,5
165C,1
1682C,53
1682C,53
1687C,42
1688C,34
1696C,28
1711234,56
1711236,75
1711237,166
1711239,60
1711240,15
1711241,5
1711243,125
1711245,210
1711248,1
1711249,11
1711250,323
1711251,35
1711252,30
1711253,33
1711254,69
1711257,3
1711258,3
1711264,37
1711267,40
1711269,6
1711270,30
1711274,2
1711275,1
1711277,116
1711279,18
1711280,7
1711281,57
1711283,17
1711284,16
1711285,7
1711287,16
1711289,193
1711291,9
1711292,15
1711293,1
1711295,8
1711299,97
1711300,4
1711301,11
1711306,2
1711308,3
1711310,6
1711312,6
1711313,148
1711320,2
1711326,83
1711327,30
1711329,16
1711330,6
1711331,2
1711332,97
1711333,44
1711334,619
1711335,59
1711337,3
1711340,3
1711341,1
1711342,5
1711343,8
1711344,62
1711348,120
1711349,113
1711350,30
1711351,62
1711352,10
1711355,10
1711361,8
1711362,616
1711363,106
1711364,46
1711366,8
1711367,17
1711368,81
1711369,592
1711371,51
1711373,45
1711374,14
1711381,6
1711392,7
1711395,9
1711402,1
1711403,6
1711406,7
1711411,2
1711412,1
1711418,66
1711420,5
1711421,4
1711422,23
1711423,2
1711424,228
1711425,481
1711426,10
1711427,704
1711429,2
1711430,4
1711431,253
1711432,8
1711433,2
1711434,20
1711435,10
1711436,2
1711437,2
1711438,178
1711440,13
1711443,1
1711444,9
1711445,26
1711446,96
1711447,6
1711449,6
1711450,24
1711451,9
1711452,113
1711454,53
1711455,89
1711456,1280
1711461,3
1711463,20
1711464,40
1711465,18
1711466,59
1711467,34
1711468,5
1711469,78
1711470,196
1711473,136
1711474,729
1711475,26
1711477,38
1711478,16
1711481,15
1711482,17
1711483,22
1711485,16
1711486,10
1711488,17
1711489,229
1711490,35
1711491,137
1711492,404
1711493,284
1711495,33
1711496,12
1711497,139
1711498,22
1711499,59
1711502,417
1711503,17
1711504,84
1711512,44
1711513,994
1711514,3
1711515,42
1711517,620
1711518,336
1711521,186
1711522,53
1711523,4
1711524,42
1711527,46
1711530,81
1711531,31
1711532,3
1711549,37
1711550,187
1711553,515
1711554,128
1711555,55
1711559,54
1711565,59
1711569,9
1711586,28
1711598,21
1711599,54
1711600,25
1711601,10
1711602,6
1711607,2
1711608,1
1711614,1
1711622,8
1711627,1
1711629,14
1711630,6
1711634,13
1711638,10
1711640,26
1711641,10
1711643,47
1711651,701
1711652,31
1711653,193
1711655,37
1711656,9
1711659,21
1711660,10
1711663,5
1711664,2
1711666,1
1711668,5
1711672,9
1711673,19
1711675,26
1711676,11
1711677,395
1711679,34
1711681,24
1711683,2
1711685,14
1711687,100
1711688,29
1711689,5
1711691,23
1711692,11
1711693,19
1711694,7
1711697,22
1711701,16
1711703,12
1711704,234
1711705,1
1711706,11
1711707,19
1711709,85
1711710,93
1711711,19
1711713,3
1711714,1
1711715,13
1711716,18
1711720,9
1711725,41
1711726,1
1711730,5
1711732,13
1711733,3
1711734,13
1711737,123
1711738,38
1711740,49
1711741,21
1711742,5
1711744,2
1711745,902
1711746,24
1711749,16
1711750,3
1711752,5
1711753,6
1711755,709
1711756,130
1711757,441
1711760,18
1711763,79
1711764,20
1711766,9
1711767,39
1711768,2
1711769,40
1711770,6
1711771,3
1711772,3
1711773,1
1711775,283
1711776,17
1711777,1
1711778,9
1711779,7
1711780,19
1711782,9
1711783,5
1711792,7
1711794,5
1711795,14
1711796,5
1711803,5
1711805,4
1711811,6
1711813,1
1711814,11
1711816,6
1711817,5
1711818,30
1711820,3
1711822,11
1711823,5
1711825,1
1711826,24
1711827,6
1711828,3
1711831,4
1711832,3
1711833,21
1711835,4
1711836,4
1711844,5
1711846,4
1711854,80
1711855,26
1711856,14
1711858,13
1711860,13
1711862,1
1711865,5
1711866,13
1711868,1
1711869,2
1711876,24
1711877,7
1711878,70
1711879,1
1711880,64
1711881,6
1711884,18
1711885,18
1711886,15
1711887,4
1711888,11
1711889,5
1711890,11
1711891,4
1711892,30
1711893,20
1711894,15
1711895,36
1711896,16
1711897,10
1711898,27
1711899,11
1711901,11
1711902,7
1711905,6
1711906,90
1711907,19
1711908,12
1711909,17
1711910,30
1711912,26
1711913,49
1711914,13
1711915,9
1711916,8
1711917,4
1711918,8
1711919,11
1711922,4
1711923,18
1711924,9
1711925,3
1711926,44
1711927,25
1711928,4
1711929,18
1711930,41
1711931,37
1711932,38
1711933,3
1711934,22
1711935,32
1711937,229
1711938,153
1711939,1
1711949,20
1711950,1
1711951,6
1711953,4
1711955,19
1711956,2
1711959,3
1711966,344
1711967,21
1711969,40
1711970,12
1711971,3
1711972,448
1711973,102
1711975,798
1711976,1138
1711977,54
1711978,104
1711979,203
1711980,106
1711981,1
1711982,3
1711991,49
1711992,2
1711993,66
1711994,43
1711995,1
1711996,16
1711997,54
1711999,31
1712002,50
1712003,15
1712005,9
1712006,2
1712007,3
1712010,12
1712014,5
1712015,3
1712017,7
1712018,5
1712019,6
1712020,6
1712021,3
1712023,9
1712024,7
1712025,2
1712026,24
1712027,12
1712028,5
1712030,253
1712031,10
1712032,1015
1712034,7
1712036,67
1712037,90
1712038,7
1712039,39
1712040,870
1712041,219
1712042,77
1712043,10
1712044,7
1712045,27
1712046,12
1712051,19
1712052,139
1712054,31
1712055,12
1712056,5
1712057,11
1712061,10
1712062,60
1712063,12
1712064,13
1712065,483
1712066,93
1712067,5
1712068,9
1712070,155
1712071,90
1712072,13
1712073,22
1712074,8
1712075,38
1712076,4
1712077,37
1712079,12
1712081,39
1712084,6
1712085,14
1712086,4
1712087,14
1712089,5
1712090,13
1712091,4
1712092,13
1712093,11
1712094,2
1712096,5
1712097,65
1712100,2
1712107,17
1712108,120
1712113,2
1712154,7
1712157,11
1712160,14
1712161,799
1712163,85
1712164,13
1712167,9
1712168,12
1712169,20
1712170,20
1712171,72
1712172,4
1712173,11
1712174,10
1712176,54
1712177,4
1712178,53
1712179,211
1712180,14
1712181,13
1712182,107
1712183,54
1712184,20
1712185,113
1712186,23
1712187,87
1712188,18
1712189,641
1712190,2
1712191,24
1712194,6
1712195,179
1712196,8
1712197,7
1712198,2
1712199,2
1712202,25
1712203,7
1712204,93
1712205,35
1712206,48
1712207,29
1712208,8
1712209,34
1712210,13
1712211,178
1712212,34
1712213,110
1712214,34
1712215,1
1712216,44
1712218,40
1712220,8
1712222,208
1712224,17
1712225,24
1712226,56
1712227,4
1712228,9
1712229,295
1712230,147
1712234,1165
1712235,29
1712236,2
1712237,101
1712239,10
1712240,54
1712241,9
1712242,20
1712243,2
1712244,6
1712245,28
1712246,69
1712247,4
1712248,5
1712250,4
1712251,2
1712252,3
1712253,3
1712254,14
1712255,14
1712256,27
1712257,21
1712258,27
1712261,1
1712262,1
1712263,1
1712264,1
1712265,1
1712266,4
1712267,27
1712268,544
1712269,8
1712270,240
1712271,2
1712272,31
1712273,34
1712274,17
1712275,6
1712277,5
1712278,10
1712279,3
1712280,5
1712281,4
1712282,11
1712283,1
1712284,1
1712285,13
1712286,1
1712287,3
1712288,1
1712289,4
1712290,40
1712291,50
1712293,4
1712294,35
1712295,19
1712296,191
1712297,27
1712298,18
1712299,3
1712300,9
1712301,7
1712302,8
1712303,24
1712304,10
1712306,34
1712307,6
1712308,4
1712310,5
1712311,8
1712312,2
1712314,3
1712315,5
1712316,6
1712317,8
1712318,21
1712319,22
1712320,7
1712321,3
1712322,4
1712323,5
1712324,4
1712325,5
1712326,8
1712327,42
1712328,26
1712329,5
1712330,52
1712331,5
1712332,4
1712333,6
1712334,286
1712335,1
1712336,74
1712337,43
1712339,1134
1712341,245
1712343,560
1712344,122
1712345,34
1712346,27
1712347,1
1712348,4
1712349,1
1712350,3
1712352,12
1712353,13
1712355,3
1712357,38
1712358,8
1712359,1
1712360,7
1712363,2
1712364,9
1712365,6
1712366,2
1712368,24
1712369,14
1712370,4
1712371,5
1712372,4
1712374,24
1712375,3
1712376,1
1712377,1
1712378,75
1712379,4
1712380,4
1712381,8
1712382,156
1712383,11
1712384,1
1712385,25
1712386,440
1712387,9
1712388,11
1712389,122
1712390,19
1712391,44
1712392,22
1712393,12
1712396,47
1712397,42
1712398,417
1712399,7
1712400,10
1712401,39
1712402,8
1712403,4
1712404,7
1712405,13
1712406,4
1712407,21
1712408,88
1712409,4
1712410,3
1712411,7
1712412,2
1712413,4
1712414,11
1712416,113
1712417,31
1712418,32
1712421,1
1712425,706
1712426,67
1712427,149
1712427,149
1712430,4
1712431,32
1712434,37
1712436,33
1712437,2
1712438,26
1712439,18
1712440,9
1712441,12
1712442,1
1712444,5
1712445,6
1712447,211
1712447,211
1712447,211
1712448,1
1712449,2
1712450,2
1712451,57
1712453,3
1712454,6
1712460,37
1712462,1
1712463,1
1712465,9
1712470,18
1712471,182
1712472,33
1712473,5
1712474,2
1712475,1
1712476,25
1712477,4
1712478,44
1712479,39
1712480,20
1712481,11
1712483,35
1712484,11
1712487,43
1712488,52
1712489,57
1712490,20
1712491,9
1712492,13
1712493,246
1712494,6
1712495,3
1712496,1
1712498,21
1712499,3
1712500,46
1712501,27
1712502,27
1712504,281
1712505,2
1712506,3
1712507,18
1712508,20
1712509,10
1712510,27
1712511,38
1712513,2
1712514,89
1712515,118
1712516,4
1712517,36
1712518,55
1712519,10
1712520,109
1712522,16
1712523,3
1712526,4
1712528,6
1712529,2
1712530,22
1712531,1
1712532,149
1712532,149
1712533,1
1712534,14
1712535,1
1712537,22
1712538,1
1712539,4
1712540,8
1712541,4
1712542,1
1712543,3
1712544,3
1712545,4
1712547,28
1712548,17
1712549,1
1712550,3
1712551,354
1712552,16
1712553,42
1712555,16
1712556,131
1712557,13
1712560,23
1712561,12
1712562,3
1712563,8
1712564,33
1712566,9
1712567,3
1712568,4
1712570,28
1712571,2
1712572,10
1712573,13
1712574,50
1712575,6
1712576,9
1712577,5
1712578,7
1712579,3
1712580,68
1712581,23
1712582,3
1712584,15
1712585,2
1712586,3
1712587,8
1712588,29
1712590,5
1712591,1
1712592,1
1712594,10
1712595,7
1712596,17
1712597,23
1712598,22
1712599,17
1712600,13
1712602,3
1712603,4
1712604,3
1712605,4
1712606,3
1712608,3
1712609,24
1712610,5
1712611,1
1712612,1
1712614,17
1712615,3
1712616,1
1712617,4
1712618,29
1712620,41
1712621,11
1712622,6
1712623,4
1712624,2
1712625,5
1712626,5
1712627,16
1712628,4
1712629,8
1712630,4
1712631,5
1712632,65
1712633,9
1712634,9
1712635,15
1712637,29
1712638,3
1712639,1
1712640,6
1712641,5
1712642,4
1712643,37
1712644,25
1712645,16
1712647,11
1712648,8
1712649,10
1712650,2
1712651,12
1712652,2
1712653,2
1712655,4
1712656,27
1712657,5
1712658,23
1712660,15
1712661,8
1712663,43
1712664,4
1712665,20
1712666,16
1712669,5
1712670,1
1712671,11
1712672,8
1712673,9
1712674,1
1712675,2
1712677,18
1712678,445
1712679,283
1712680,38
1712681,4
1712682,24
1712684,16
1712685,1
1712686,6
1712687,2
1712688,1
1712689,2
1712694,4
1712695,18
1712696,46
1712698,8
1712699,19
1712700,7
1712701,15
1712704,10
1712706,7
1712708,8
1712709,1
1712711,7
1712712,32
1712714,23
1712715,5
1712716,5
1712717,5
1712718,1
1712719,3
1712720,4
1712721,12
1712722,3
1712723,10
1712724,5
1712725,2
1712726,12
1712727,1
1712728,2
1712729,221
1712730,40
1712731,336
1712732,69
1712733,25
1712734,125
1712735,16
1712736,3
1712737,236
1712738,1
1712739,1
1712740,20
1712741,10
1712742,9
1712743,22
1712744,5
1712745,62
1712746,32
1712747,430
1712748,12
1712749,20
1712750,13
1712751,135
1712752,164
1712753,7
1712754,4
1712755,1
1712756,3
1712757,10
1712758,24
1712759,32
1712760,26
1712761,19
1712762,3
1712763,3
1712764,54
1712765,15
1712766,18
1712767,15
1712769,100
1712770,648
1712771,235
1712772,48
1712773,270
1712774,213
1712775,7
1712776,13
1712777,9
1712778,10
1712779,5
1712780,7
1712782,126
1712783,11
1712784,20
1712785,17
1712786,50
1712787,26
1712788,16
1712789,32
1712790,1
1712792,138
1712794,4
1712795,27
1712796,16
1712797,5
1712798,12
1712799,12
1712800,12
1712801,32
1712802,4
1712803,5
1712804,26
1712805,15
1712806,28
1712807,18
1712809,48
1712810,37
1712811,58
1712812,37
1712813,4
1712814,93
1712815,1
1712816,13
1712817,211
1712817,211
1712817,211
1712818,8
1712819,6
1712820,12
1712821,1
1712822,58
1712823,26
1712824,7
1712825,28
1712826,23
1712827,21
1712828,6
1712829,11
1712830,6
1712831,5
1712832,1
1712833,7
1712835,21
1712836,43
1712837,6
1712838,13
1712839,11
1712840,16
1712841,1
1712842,70
1712843,18
1712844,1
1712845,8
1712846,4
1712847,3
1712848,5
1712849,13
1712850,9
1712851,10
1712852,30
1712853,4
1712854,6
1712856,24
1712857,7
1712858,31
1712859,18
1712860,14
1712861,119
1712862,2
1712863,24
1712864,10
1712865,30
1712866,33
1712867,4
1712868,11
1712869,6
1712870,37
1712871,16
1712872,7
1712873,28
1712874,142
1712875,157
1712876,6
1712877,10
1712878,1
1712879,8
1712880,28
1712881,7
1712882,17
1712883,16
1712884,57
1712885,70
1712887,3
1712888,17
1712889,6
1712890,30
1712891,12
1712893,34
1712894,21
1712895,12
1712896,168
1712897,3
1712898,11
1712899,15
1712900,83
1712902,4
1712905,16
1712906,56
1712907,12
1712908,37
1712909,8
1712910,1
1712911,3
1712912,2
1712913,10
1712914,9
1712915,7
1712916,4
1712917,29
1712918,1
1712919,4
1712923,121
1712924,4
1712927,1
1712927,1
1712928,10
1712936,3
1712940,3
1712948,20
1712949,15
1712950,1
1712963,16
1712968,9
1712973,10
1712977,4
1712978,235
1712984,36
1712987,18
1712991,18
1713007,4
1713019,43
1713025,5
1713031,1
1713033,7
1713034,40
1713041,3
1713048,3
1713057,1
1713059,4
1713062,27
1713063,7
1713068,3
1713079,69
1713080,2
1713108,17
1713123,4
1713124,150
1713125,28
1713126,5
1713127,5
1713128,39
1713129,4
1713130,6
1713131,10
1713132,5
1713133,5
1713134,4
1713135,4
1713138,4
1713139,4
1713140,2
1713141,3
1713142,7
1713143,5
1713144,18
1713145,5
1713147,3
1713159,19
1713189,14
1713190,2
1713191,46
1713192,1
1713379,6
1713381,12
1713382,30
1713383,22
1713384,26
1713385,28
1713386,26
1713387,25
1713389,21
1713390,9
1713391,16
1713392,9
1713393,8
1713394,8
1713402,13
1713407,1
1713410,7
1713413,8
1713414,9
1713415,7
1713418,9
1713419,4
1713422,15
1713423,3
1713426,4
1713427,2
1713428,1
1713430,3
1713434,1
1713436,1
1713437,3
1713440,3
1713444,3
1713446,1
1713449,6
1713450,4
1713453,3
1713460,12
1713462,1
1713464,1
1713465,5
1713466,10
1713471,5
1713473,1
1713474,1
1713476,5
1713477,1
1713477,1
1713482,1
1713485,1
1713487,1
1713488,3
1713490,3
1713493,5
1713495,1
1713496,16
1713499,3
1713503,1
1713505,1
1713506,5
1713507,1
1713509,1
1713511,1
1713515,1
1713518,1
1713519,7
1713521,4
1713522,5
1713524,1
1713525,1
1713526,1
1713531,1
1713532,8
1713534,3
1713540,6
1713542,8
1713544,1
1713545,6
1713547,1
1713550,4
1713551,1
1713552,1
1713553,1
1713555,7
1713559,6
1713561,1
1713562,1
1713563,1
1713564,1
1713566,1
1713567,1
1713568,1
1713574,2
1713582,1
1713583,1
1713585,1
1713588,1
1713589,1
1713590,1
1713591,1
1713592,1
1713593,1
1713594,1
1713612,1
1719C,4
1720,2
1721C,13
1722C,5
1724C,11
1725C,1
1726C,3
1728C,52
1729C,21
1732C,15
1737C,9
1738C,7
1741C,16
1746C,2
1750C,26
1751C,1
1752C,19
1755C,4
1761264,4
1761266,1
1761486,3
1761683,6
1762072,7
1774C,5
1776C,10
1777C,2
1778C,25
1786C,7
1788C,27
1789C,1
1798C,25
1811234,31
1811235,6
1811236,2
1811237,17
1811238,203
1811239,4
1811240,7
1811241,43
1811242,5
1811243,58
1811244,11
1811245,57
1811246,40
1811247,20
1811248,51
1811249,74
1811250,33
1811251,25
1811252,11
1811253,42
1811254,45
1811255,51
1811257,2
1811258,6
1811259,3
1811260,7
1811261,81
1811262,27
1811263,43
1811264,15
1811265,16
1811266,5
1811267,11
1811268,11
1811270,5
1811271,4
1811273,1
1811274,3
1811275,13
1811276,4
1811277,7
1811279,20
1811280,18
1811281,3
1811282,3
1811283,13
1811284,1
1811285,1
1811286,1
1811287,1
1811288,11
1811289,52
1811290,12
1811291,26
1811292,1
1811294,3
1811295,7
1811296,1
1811297,2
1811298,6
1811299,2
1811301,6
1811302,3
1811303,8
1811304,51
1811305,17
1811306,6
1811307,2
1811308,1
1811309,2
1811311,3
1811312,11
1811313,38
1811314,1
1811317,17
1811318,2
1811319,144
1811320,4
1811322,14
1811323,13
1811324,8
1811325,10
1811326,6
1811327,14
1811329,14
1811331,30
1811332,5
1811334,5
1811335,3
1811338,1
1811339,124
1811340,5
1811342,3
1811344,1
1811346,68
1811347,8
1811348,1
1811350,1
1811352,3
1811353,1
1811356,7
1811357,2
1811358,1
1811359,2
1811361,5
1811362,5
1811364,1
1811365,5
1811366,4
1811367,2
1811368,2
1811369,3
1811370,2
1811371,5
1811372,4
1811373,1
1811374,1
1811375,1
1811376,1
1811377,4
1811378,3
1811379,3
1811380,4
1811381,13
1811382,3
1811383,2
1811384,3
1811385,2
1811386,2
1811387,2
1811388,1
1811389,6
1811390,5
1811391,1
1811392,1
1811393,2
1811394,1
1811395,3
1811396,3
1811397,3
1811398,2
1811399,2
1811400,24
1811401,2
1811402,2
1811403,1
1811404,2
1811405,7
1811406,3
1811408,1
1811409,6
1811410,8
1811411,39
1811412,5
1811413,4
1811414,9
1811415,1
1811416,3
1811417,6
1811418,4
1811419,5
1811420,1
1811421,3
1811422,3
1811423,2
1811424,2
1811425,2
1811428,1
1811429,4
1811430,1
1811431,5
1811432,4
1811433,3
1811434,6
1811436,4
1811437,1
1811438,3
1811439,6
1811440,5
1811441,2
1811442,2
1811444,9
1811447,7
1811448,1
1811449,1
1811450,2
1811452,3
1811453,2
1811454,3
1811455,3
1811456,2
1811457,2
1811458,2
1811459,2
1811460,3
1811461,35
1811462,2
1811463,2
1811464,3
1811465,3
1811466,7
1811467,6
1811468,4
1811469,13
1811470,1
1811471,3
1811472,2
1811473,2
1811474,2
1811475,3
1811476,3
1811477,8
1811478,2
1811479,1
1811480,2
1811481,2
1811482,4
1811483,6
1811484,2
1811485,4
1811486,3
1811487,7
1811489,1
1811491,25
1811492,8
1811492,8
1811492,8
1811493,3
1811494,5
1811495,8
1811496,1
1811498,33
1811499,5
1811500,2
1811501,1
1811502,10
1811503,4
1811504,3
1811507,3
1811508,3
1811509,2
1811510,2
1811512,2
1811513,7
1811515,2
1811516,4
1811519,3
1811520,2
1811522,1
1811526,4
1811527,1
1811528,5
1811530,5
1811531,3
1811532,7
1811533,2
1811534,1
1811535,2
1811536,4
1811537,1
1811539,5
1811540,2
1811541,1
1811542,3
1811543,3
1811544,2
1811545,2
1811546,1
1811547,1
1811549,5
1811550,2
1811551,3
1811552,2
1811553,3
1811554,2
1811556,3
1811557,2
1811558,1
1811559,1
1811560,2
1811561,53
1811562,7
1811563,30
1811564,3
1811565,4
1811566,3
1811567,4
1811568,3
1811569,1
1811570,3
1811571,1
1811572,10
1811573,1
1811574,33
1811575,6
1811576,13
1811577,2
1811578,11
1811579,21
1811580,17
1811581,3
1811582,6
1811584,30
1811585,2
1811586,3
1811587,8
1811588,5
1811589,1
1811590,12
1811591,3
1811592,1
1811593,33
1811594,14
1811595,11
1811596,2
1811597,4
1811598,1
1811599,1
1811600,8
1811601,3
1811602,1
1811603,13
1811604,7
1811605,2
1811607,25
1811608,1
1811609,1
1811610,7
1811611,3
1811612,20
1811613,4
1811614,1
1811615,7
1811616,2
1811617,4
1811618,2
1811619,2
1811620,2
1811621,4
1811622,4
1811623,3
1811624,2
1811625,3
1811626,3
1811627,2
1811630,4
1811632,5
1811633,5
1811634,7
1811635,2
1811636,13
1811637,3
1811638,1
1811639,8
1811640,5
1811641,2
1811642,3
1811643,3
1811645,3
1811646,3
1811647,5
1811648,1
1811649,3
1811650,8
1811651,3
1811652,1
1811653,9
1811654,5
1811655,3
1811656,3
1811657,7
1811658,3
1811659,2
1811660,14
1811661,2
1811662,2
1811663,3
1811664,3
1811665,1
1811666,7
1811667,2
1811669,2
1811670,1
1811671,3
1811673,4
1811674,1
1811675,2
1811677,3
1811678,1
1811679,2
1811680,1
1811681,3
1811683,2
1811684,1
1811685,4
1811687,2
1811688,1
1811689,3
1811690,2
1811692,8
1811693,3
1811695,2
1811699,3
1811700,1
1811701,3
1811702,1
1811703,2
1811704,3
1811707,3
1811708,1
1811709,3
1811711,2
1811712,7
1811713,6
1811714,1
1811715,1
1811717,3
1811719,1
1811721,15
1811722,2
1811723,3
1811725,1
1811726,1
1811727,3
1811731,9
1811732,20
1811733,35
1811734,6
1811735,2
1811736,2
1811737,117
1811738,17
1811739,7
1811740,4
1811741,3
1811742,7
1811744,2
1811745,2
1811746,2
1811747,3
1811748,1
1811749,40
1811750,1
1811751,19
1811752,2
1811753,7
1811754,4
1811755,4
1811756,3
1811757,5
1811758,11
1811759,3
1811760,17
1811761,5
1811762,2
1811763,5
1811764,6
1811765,17
1811767,4
1811768,3
1811769,6
1811770,15
1811771,3
1811772,2
1811773,3
1811774,3
1811775,5
1811776,3
1811777,5
1811778,7
1811779,6
1811780,39
1811781,5
1811782,3
1811783,3
1811784,3
1811785,1
1811786,14
1811787,1
1811788,7
1811789,7
1811790,13
1811791,6
1811793,1
1811794,3
1811796,1
1811797,2
1811798,1
1811799,19
1811800,20
1811801,2
1811802,4
1811803,1
1811804,3
1811805,3
1811806,1
1811807,3
1811808,5
1811809,8
1811810,1
1811811,7
1811812,3
1811813,3
1811814,3
1811815,3
1811816,2
1811817,1
1811818,3
1811819,9
1811820,3
1811821,4
1811822,3
1811824,4
1811825,1
1811826,1
1811827,3
1811828,1
1811829,20
1811830,4
1811831,3
1811832,6
1811833,3
1811834,13
1811835,4
1811836,8
1811837,1
1811838,3
1811839,2
1811840,7
1811841,1
1811842,5
1811843,7
1811844,10
1811845,4
1811846,10
1811847,1
1811848,1
1811849,2
1811850,4
1811851,1
1811852,5
1811853,2
1811854,1
1811855,14
1811856,1
1811857,8
1811858,8
1811859,2
1811860,8
1811861,2
1811862,1
1811863,4
1811864,8
1811865,1
1811866,1
1811867,3
1811868,3
1811869,8
1811870,4
1811871,1
1811872,4
1811873,1
1811874,1
1811875,5
1811876,4
1811877,2
1811878,2
1811879,2
1811880,1
1811881,1
1811882,1
1811883,1
1811884,22
1811885,6
1811886,1
1811887,9
1811889,2
1811890,2
1811891,4
1811892,3
1811893,1
1811894,6
1811895,4
1811896,4
1811897,6
1811898,1
1811899,1
1811900,5
1811901,1
1811902,1
1811903,1
1811904,2
1811905,2
1811906,5
1811908,2
1811909,2
1811910,5
1811911,1
1811912,1
1811913,2
1811914,2
1811915,2
1811917,2
1811918,1
1811919,5
1811920,1
1811921,5
1811922,1
1811923,1
1811924,1
1811925,1
1811926,2
1811928,2
1811929,1
1811930,4
1811931,1
1811932,1
1811933,5
1811934,8
1811935,5
1811937,1
1811938,3
1811939,2
1811940,2
1811941,1
1811942,2
1811943,2
1811944,1
1811945,3
1811946,1
1811947,2
1811948,2
1811949,1
1811950,2
1811951,2
1811952,1
1811953,2
1811954,5
1811956,3
1811957,3
1811958,6
1811959,4
1811960,3
1811961,2
1811962,1
1811963,3
1811964,5
1811965,1
1811966,2
1811967,1
1811968,3
1811969,2
1811970,1
1811971,1
1811972,1
1811973,1
1811974,1
1811975,2
1811976,2
1811977,2
1811979,8
1811980,38
1811981,7
1811982,3
1811983,3
1811984,10
1811985,1
1811986,7
1811987,7
1811988,3
1811989,2
1811990,6
1811991,15
1811993,2
1811994,2
1811995,20
1811996,5
1811997,6
1811998,17
1811999,5
1812000,32
1812001,34
1812002,5
1812003,35
1812004,3
1812005,8
1812006,4
1812007,3
1812008,16
1812009,17
1812010,27
1812011,5
1812012,1
1812013,11
1812014,17
1812015,3
1812016,12
1812017,13
1812018,7
1812019,10
1812020,10
1812022,17
1812023,10
1812024,10
1812026,4
1812027,8
1812029,4
1812030,3
1812031,2
1812032,1
1812033,6
1812034,7
1812035,2
1812036,2
1812037,25
1812038,3
1812039,9
1812040,6
1812041,15
1812042,1
1812043,3
1812044,3
1812045,7
1812046,1
1812047,6
1812048,4
1812050,15
1812051,2
1812052,13
1812053,3
1812055,5
1812056,7
1812057,5
1812058,11
1812059,1
1812061,3
1812062,1
1812064,8
1812065,3
1812067,3
1812068,2
1812070,14
1812071,7
1812072,1
1812074,2
1812075,1
1812077,1
1812078,4
1812079,3
1812080,1
1812081,8
1812083,3
1812084,1
1812085,3
1812086,2
1812087,4
1812088,10
1812089,6
1812090,2
1812092,2
1812093,2
1812094,1
1812095,3
1812097,2
1812098,2
1812099,1
1812100,6
1812101,1
1812102,3
1812103,1
1812104,7
1812105,2
1812107,3
1812113,2
1812114,4
1812120,3
1812121,2
1812127,20
1812128,25
1812129,6
1812130,10
1812131,22
1812132,17
1812133,21
1812134,6
1812135,4
1812136,12
1812138,3
1812140,4
1812141,8
1812142,2
1812143,3
1812144,2
1812145,4
1812146,13
1812147,7
1812148,16
1812149,75
1812153,2
1812154,5
1812155,31
1812156,23
1812159,2
1812161,1
1812162,3
1812165,2
1812166,3
1812168,18
1812169,19
1812170,5
1812171,4
1812172,17
1812173,3
1812174,7
1812175,3
1812176,1
1812177,1
1812178,1
1812179,2
1812180,4
1812181,3
1812182,4
1812183,3
1812185,8
1812186,3
1812187,4
1812188,2
1812189,4
1812191,4
1812192,2
1812193,1
1812194,1
1812195,2
1812196,3
1812197,1
1812198,1
1812199,1
1812200,1
1812201,1
1812202,1
1812203,6
1812204,1
1812206,3
1812207,1
1812208,5
1812209,1
1812210,3
1812211,3
1812212,1
1812213,3
1812214,1
1812216,1
1812217,7
1812218,20
1812219,4
1812220,3
1812221,6
1812222,1
1812223,3
1812225,3
1812226,3
1812227,2
1812228,3
1812229,4
1812230,3
1812231,2
1812232,4
1812233,3
1812234,13
1812235,4
1812236,7
1812237,15
1812238,1
1812240,3
1812241,1
1812242,1
1812243,3
1812244,2
1812245,2
1812246,3
1812248,3
1812249,5
1812250,2
1812251,1
1812252,22
1812253,3
1812254,1
1812255,1
1812256,2
1812258,1
1812259,2
1812261,3
1812262,4
1812263,7
1812264,5
1812266,5
1812267,1
1812268,1
1812269,11
1812270,3
1812271,1
1812272,2
1812273,1
1812274,5
1812275,2
1812276,1
1812277,3
1812278,4
1812279,3
1812280,1
1812281,4
1812282,5
1812283,2
1812285,1
1812287,1
1812288,1
1812289,3
1812290,3
1812291,1
1812292,2
1812294,2
1812296,3
1812297,3
1812298,2
1812299,1
1812300,1
1812302,4
1812303,1
1812304,5
1812305,2
1812307,4
1812308,6
1812309,2
1812311,11
1812312,2
1812313,1
1812314,1
1812315,8
1812316,16
1812317,4
1812318,2
1812319,4
1812320,14
1812321,9
1812322,3
1812323,14
1812324,1
1812325,1
1812326,2
1812327,1
1812328,3
1812329,13
1812330,3
1812332,1
1812333,24
1812335,2
1812336,7
1812337,2
1812338,7
1812339,8
1812340,2
1812341,8
1812343,2
1812344,2
1812345,2
1812346,1
1812347,8
1812348,2
1812349,5
1812350,3
1812351,1
1812352,1
1812353,2
1812354,9
1812355,4
1812356,4
1812357,16
1812358,2
1812359,6
1812360,1
1812361,20
1812362,11
1812363,13
1812364,13
1812365,3
1812366,2
1812367,2
1812368,1
1812370,3
1812371,36
1812372,30
1812373,3
1812375,20
1812376,27
1812377,34
1812378,31
1812379,4
1812380,3
1812381,27
1812382,35
1812383,3
1812384,4
1812385,3
1812386,3
1812387,6
1812388,12
1812389,13
1812390,2
1812391,5
1812392,2
1812393,7
1812394,2
1812395,6
1812396,17
1812397,14
1812398,2
1812399,2
1812400,2
1812401,2
1812402,2
1812403,2
1812404,1
1812405,14
1812406,8
1812407,4
1812408,2
1812409,16
1812410,5
1812411,2
1812412,8
1812413,5
1812414,4
1812415,18
1812416,3
1812417,15
1812418,12
1812419,6
1812420,4
1812421,4
1812422,3
1812423,12
1812424,7
1812425,7
1812426,3
1812427,7
1812428,4
1812429,2
1812430,20
1812431,1
1812432,3
1812433,2
1812434,11
1812435,14
1812436,14
1812437,7
1812438,17
1812439,15
1812440,6
1812441,2
1812442,6
1812443,1
1812444,2
1812445,23
1812446,5
1812447,7
1812448,2
1812449,3
1812450,10
1812451,2
1812452,5
1812453,5
1812454,2
1812455,5
1812456,3
1812457,18
1812458,5
1812459,6
1812460,9
1812461,1
1812462,3
1812463,3
1812464,13
1812465,5
1812467,5
1812468,1
1812469,4
1812470,4
1812471,3
1812472,6
1812473,3
1812474,8
1812475,1
1812476,14
1812477,3
1812478,16
1812479,8
1812480,1
1812481,6
1812482,8
1812483,2
1812484,27
1812485,9
1812486,1
1812487,5
1812488,2
1812489,1
1812490,37
1812491,2
1812492,12
1812493,2
1812494,3
1812495,3
1812496,4
1812497,4
1812498,10
1812499,3
1812500,3
1812501,14
1812502,3
1812503,1
1812504,5
1812505,3
1812506,5
1812507,1
1812508,2
1812509,4
1812510,3
1812511,2
1812512,3
1812513,22
1812514,7
1812516,7
1812517,2
1812519,7
1812520,12
1812521,3
1812522,7
1812523,3
1812524,7
1812525,4
1812526,2
1812527,3
1812528,1
1812529,2
1812530,28
1812531,3
1812532,2
1812533,1
1812534,1
1812535,2
1812536,2
1812537,1
1812538,1
1812539,10
1812540,4
1812541,2
1812542,3
1812543,75
1812544,6
1812546,5
1812547,2
1812548,1
1812549,61
1812550,1
1812551,3
1812552,2
1812553,10
1812554,3
1812555,17
1812556,4
1812557,8
1812558,3
1812559,5
1812560,3
1812561,1
1812562,5
1812563,1
1812564,16
1812565,3
1812566,3
1812567,4
1812568,2
1812569,2
1812570,3
1812571,2
1812572,3
1812573,6
1812574,5
1812575,3
1812576,5
1812577,10
1812578,2
1812579,2
1812580,1
1812581,2
1812583,4
1812584,3
1812585,11
1812586,10
1812587,2
1812588,3
1812589,1
1812590,21
1812591,2
1812592,2
1812593,3
1812594,20
1812595,2
1812596,4
1812597,2
1812598,2
1812599,5
1812600,4
1812601,3
1812602,8
1812603,5
1812604,2
1812605,3
1812606,9
1812607,8
1812608,3
1812609,3
1812610,6
1812611,1
1812612,1
1812613,9
1812614,6
1812615,2
1812616,3
1812617,2
1812618,9
1812619,3
1812620,3
1812621,1
1812622,3
1812623,2
1812624,26
1812626,20
1812627,3
1812628,9
1812629,1
1812630,19
1812631,3
1812632,2
1812633,8
1812634,29
1812635,2
1812636,4
1812638,4
1812639,3
1812640,74
1812641,4
1812642,3
1812643,1
1812644,1
1812645,7
1812646,2
1812647,4
1812649,2
1812650,5
1812651,1
1812652,7
1812653,2
1812654,2
1812655,4
1812656,15
1812657,3
1812658,2
1812659,4
1812660,2
1812661,3
1812662,6
1812663,2
1812664,7
1812665,35
1812666,4
1812667,1
1812668,3
1812669,2
1812670,2
1812671,1
1812673,3
1812674,2
1812675,6
1812676,2
1812677,2
1812678,2
1812679,2
1812680,2
1812681,2
1812682,3
1812683,5
1812684,13
1812685,19
1812686,9
1812687,1
1812688,2
1812689,15
1812690,3
1812691,2
1812692,3
1812693,5
1812694,3
1812695,7
1812696,2
1812697,7
1812698,2
1812699,2
1812700,3
1812701,3
1812702,5
1812703,2
1812704,1
1812705,6
1812706,4
1812707,33
1812708,4
1812709,3
1812710,2
1812711,5
1812712,2
1812713,8
1812714,1
1812715,28
1812716,5
1812717,3
1812718,2
1812719,3
1812720,3
1812721,2
1812722,4
1812723,1
1812724,3
1812725,5
1812726,2
1812727,1
1812728,11
1812729,3
1812730,2
1812731,15
1812732,3
1812733,4
1812734,2
1812735,2
1812736,2
1812737,3
1812738,5
1812739,2
1812740,4
1812741,1
1812742,1
1812743,2
1812744,3
1812745,4
1812746,7
1812747,4
1812748,9
1812749,6
1812750,3
1812751,2
1812752,2
1812753,13
1812754,2
1812755,2
1812756,11
1812757,16
1812758,4
1812759,1
1812760,4
1812761,7
1812762,29
1812763,2
1812764,2
1812765,3
1812766,1
1812767,2
1812768,3
1812769,6
1812770,10
1812771,3
1812772,5
1812773,1
1812774,2
1812775,2
1812776,2
1812777,3
1812778,3
1812779,2
1812780,1
1812781,1
1812782,2
1812783,3
1812784,1
1812785,5
1812786,2
1812787,4
1812789,4
1812790,1
1812791,2
1812792,2
1812793,1
1812794,14
1812795,3
1812796,2
1812797,2
1812798,3
1812799,3
1812800,5
1812801,2
1812802,5
1812803,9
1812804,11
1812805,4
1812806,3
1812807,2
1812808,1
1812809,6
1812810,11
1812811,2
1812812,1
1812813,5
1812814,2
1812815,2
1812816,3
1812817,2
1812818,2
1812819,3
1812820,2
1812821,1
1812822,2
1812823,4
1812824,1
1812826,14
1812827,5
1812828,1
1812829,8
1812830,2
1812831,16
1812832,12
1812833,4
1812834,6
1812835,2
1812836,2
1812837,18
1812838,8
1812840,1
1812841,5
1812843,1
1812844,2
1812845,2
1812846,1
1812847,7
1812848,2
1812849,1
1812850,1
1812851,2
1812852,2
1812853,2
1812854,2
1812856,2
1812857,1
1812858,2
1812859,2
1812860,1
1812861,2
1812862,4
1812863,2
1812865,12
1812866,6
1812867,4
1812868,2
1812869,5
1812870,2
1812872,3
1812873,6
1812874,7
1812875,2
1812876,2
1812877,2
1812878,12
1812879,2
1812881,2
1812882,2
1812883,2
1812884,1
1812885,2
1812886,1
1812887,2
1812888,9
1812889,1
1812890,3
1812891,3
1812892,2
1812893,3
1812894,2
1812895,2
1812896,2
1812897,3
1812898,2
1812899,1
1812900,3
1812901,1
1812902,2
1812903,2
1812904,2
1812905,2
1812906,11
1812907,3
1812908,8
1812909,1
1812910,2
1812911,5
1812912,5
1812913,2
1812914,2
1812915,10
1812916,7
1812917,1
1812919,2
1812920,8
1812921,2
1812922,5
1812923,5
1812924,6
1812925,2
1812926,2
1812927,5
1812928,2
1812929,4
1812930,2
1812934,4
1812935,9
1812937,3
1812938,3
1812940,5
1812941,18
1812942,3
1812943,10
1812944,3
1812946,2
1812947,2
1812948,1
1812949,80
1812950,9
1812951,9
1812953,11
1812954,6
1812955,7
1812956,1
1812957,13
1812958,3
1812959,1
1812961,2
1812963,6
1812965,2
1812965,2
1812966,1
1812966,1
1812968,2
1812969,1
1812970,1
1812971,2
1812972,2
1812973,5
1812974,3
1812975,2
1812976,4
1812976,4
1812977,8
1812978,15
1812979,4
1812980,3
1812981,3
1812982,2
1812984,1
1812985,2
1812986,13
1812987,1
1812988,28
1812989,8
1812990,43
1812991,3
1812992,19
1812993,34
1812994,43
1812995,18
1812996,17
1812997,2
1812998,2
1812999,3
1813000,1
1813001,8
1813002,3
1813003,6
1813004,2
1813005,24
1813006,21
1813007,2
1813008,16
1813009,3
1813010,6
1813011,1
1813012,7
1813013,22
1813014,3
1813015,14
1813016,19
1813017,10
1813018,1
1813019,1
1813020,1
1813021,21
1813022,22
1813023,1
1813024,1
1813025,1
1813026,1
1813027,3
1813028,5
1813029,1
1813030,1
1813031,2
1813032,35
1813033,91
1813034,2
1813035,1
1813036,3
1813037,4
1813038,2
1813039,4
1813040,7
1813041,3
1813042,3
1813042,3
1813043,3
1813043,3
1813044,3
1813045,1
1813046,2
1813047,2
1813048,1
1813049,6
1813051,3
1813052,18
1813053,4
1813054,7
1813055,1
1813056,17
1813057,4
1813058,15
1813059,13
1813060,5
1813061,3
1813062,1
1813063,146
1813064,3
1813065,6
1813066,1
1813067,1
1813068,5
1813069,4
1813070,21
1813071,1
1813072,3
1813073,1
1813074,3
1813075,3
1813076,7
1813077,4
1813078,5
1813079,2
1813080,7
1813081,2
1813082,3
1813083,4
1813084,4
1813084,4
1813085,2
1813087,4
1813088,2
1813089,3
1813090,2
1813091,3
1813092,8
1813093,4
1813094,4
1813095,3
1813097,36
1813098,3
1813099,1
1813100,3
1813101,3
1813102,1
1813103,2
1813104,3
1813105,4
1813106,3
1813107,2
1813108,2
1813109,3
1813110,2
1813111,2
1813112,4
1813113,2
1813114,1
1813115,3
1813116,1
1813117,8
1813119,2
1813120,4
1813121,2
1813122,2
1813123,2
1813124,2
1813125,4
1813126,1
1813127,8
1813129,4
1813130,2
1813131,3
1813132,2
1813133,7
1813134,1
1813135,2
1813136,2
1813138,2
1813139,2
1813140,11
1813141,4
1813142,1
1813143,1
1813144,1
1813145,5
1813146,1
1813147,2
1813148,3
1813149,2
1813150,3
1813151,2
1813152,10
1813153,1
1813155,2
1813156,2
1813157,3
1813158,5
1813159,6
1813160,2
1813161,3
1813162,2
1813163,2
1813164,1
1813165,3
1813166,2
1813167,2
1813168,3
1813169,4
1813170,2
1813171,2
1813172,7
1813173,2
1813174,2
1813175,2
1813176,2
1813178,1
1813179,3
1813180,5
1813181,5
1813182,2
1813183,3
1813184,1
1813186,3
1813187,5
1813188,1
1813189,3
1813190,1
1813191,4
1813192,2
1813193,1
1813194,1
1813195,1
1813196,2
1813197,4
1813198,1
1813199,3
1813200,2
1813201,1
1813202,2
1813203,8
1813204,2
1813205,11
1813206,3
1813207,7
1813208,1
1813209,5
1813210,1
1813211,11
1813213,4
1813214,3
1813215,2
1813216,1
1813217,4
1813218,3
1813219,3
1813220,3
1813221,12
1813222,3
1813223,2
1813224,1
1813225,1
1813226,2
1813227,3
1813228,4
1813229,1
1813230,4
1813231,4
1813232,7
1813233,6
1813234,5
1813236,2
1813238,8
1813239,2
1813240,2
1813241,11
1813242,4
1813243,5
1813244,2
1813245,3
1813246,7
1813247,3
1813248,3
1813249,2
1813250,2
1813251,5
1813252,1
1813253,3
1813254,3
1813256,3
1813257,4
1813258,2
1813259,1
1813260,1
1813261,2
1813262,1
1813263,2
1813264,3
1813265,2
1813266,2
1813267,2
1813268,4
1813269,2
1813270,7
1813271,2
1813272,1
1813273,1
1813275,4
1813276,6
1813277,2
1813278,3
1813279,2
1813280,2
1813281,2
1813282,5
1813283,3
1813284,1
1813286,1
1813287,5
1813288,1
1813290,1
1813291,2
1813292,2
1813294,6
1813295,2
1813297,1
1813299,5
1813300,4
1813301,3
1813302,5
1813303,5
1813304,4
1813305,1
1813307,4
1813309,2
1813310,1
1813311,2
1813312,3
1813313,5
1813314,4
1813315,3
1813316,2
1813317,2
1813319,12
1813320,4
1813322,7
1813323,2
1813324,5
1813325,2
1813326,2
1813327,5
1813328,1
1813329,2
1813330,3
1813331,2
1813332,2
1813333,3
1813334,1
1813335,2
1813337,3
1813338,2
1813339,2
1813340,9
1813341,2
1813342,1
1813343,5
1813344,3
1813345,2
1813346,2
1813347,3
1813348,1
1813349,2
1813350,2
1813351,3
1813352,4
1813353,4
1813354,3
1813355,1
1813357,3
1813358,1
1813359,4
1813360,2
1813361,2
1813362,3
1813363,8
1813364,1
1813365,5
1813366,3
1813367,2
1813368,2
1813369,15
1813370,12
1813371,3
1813372,3
1813373,2
1813375,3
1813376,1
1813377,16
1813378,2
1813379,6
1813381,5
1813382,5
1813383,2
1813384,1
1813385,22
1813386,11
1813387,3
1813388,4
1813389,4
1813390,2
1813391,1
1813392,2
1813393,2
1813394,1
1813395,2
1813396,2
1813397,1
1813398,2
1813399,2
1813400,2
1813401,6
1813402,2
1813403,2
1813404,2
1813405,2
1813406,2
1813407,2
1813408,1
1813409,2
1813410,2
1813411,2
1813412,2
1813413,2
1813414,2
1813415,2
1813416,2
1813417,2
1813418,2
1813419,2
1813420,2
1813421,2
1813422,2
1813423,2
1813424,2
1813425,2
1813426,2
1813427,6
1813428,2
1813429,2
1813430,2
1813431,2
1813432,6
1813433,2
1813435,1
1813436,1
1813437,2
1813438,2
1813439,1
1813440,2
1813443,2
1813444,2
1813445,2
1813446,2
1813447,2
1813448,3
1813449,2
1813450,2
1813451,3
1813452,8
1813453,2
1813454,2
1813455,2
1813456,2
1813457,2
1813458,2
1813459,2
1813461,1
1813463,2
1813464,2
1813465,1
1813466,2
1813467,3
1813468,5
1813469,2
1813470,2
1813471,2
1813472,1
1813473,3
1813474,2
1813475,2
1813476,2
1813477,2
1813478,1
1813479,1
1813480,2
1813481,1
1813482,2
1813483,2
1813484,2
1813485,2
1813486,2
1813487,2
1813488,2
1813489,2
1813490,2
1813491,2
1813492,2
1813493,2
1813494,3
1813495,2
1813496,2
1813497,2
1813498,2
1813499,2
1813500,2
1813501,2
1813502,2
1813503,2
1813504,2
1813505,2
1813506,2
1813507,2
1813508,2
1813509,2
1813510,2
1813511,3
1813512,6
1813513,1
1813514,1
1813515,2
1813516,2
1813518,2
1813519,2
1813520,2
1813521,2
1813522,3
1813523,2
1813524,3
1813525,2
1813526,3
1813527,2
1813528,1
1813529,3
1813530,2
1813531,2
1813532,5
1813533,2
1813534,2
1813535,3
1813536,2
1813537,2
1813538,1
1813539,2
1813540,2
1813541,1
1813542,2
1813543,5
1813544,18
1813545,2
1813546,2
1813547,2
1813548,6
1813549,6
1813550,2
1813551,2
1813552,2
1813553,2
1813554,6
1813555,12
1813556,2
1813557,15
1813558,5
1813559,10
1813560,5
1813561,2
1813562,2
1813563,1
1813564,2
1813566,2
1813567,4
1813568,3
1813571,2
1813572,8
1813573,2
1813574,1
1813575,5
1813576,2
1813577,2
1813578,4
1813579,2
1813580,4
1813581,10
1813582,24
1813583,1
1813585,3
1813586,6
1813587,9
1813588,6
1813589,4
1813590,2
1813591,10
1813592,4
1813593,2
1813594,2
1813595,1
1813596,9
1813597,4
1813597,4
1813597,4
1813597,4
1813597,4
1813599,2
1813600,2
1813601,2
1813601,2
1813601,2
1813601,2
1813601,2
1813602,10
1813603,1
1813604,4
1813605,3
1813609,6
1813610,3
1813611,1
1813612,3
1813613,6
1813616,2
1813616,2
1813616,2
1813616,2
1813616,2
1813617,2
1813618,2
1813620,2
1813621,3
1813622,4
1813622,4
1813622,4
1813622,4
1813622,4
1813623,20
1813624,2
1813625,22
1813626,2
1813628,2
1813629,2
1813630,2
1813631,3
1813632,2
1813633,3
1813635,1
1813636,4
1813637,4
1813638,13
1813639,1
1813640,2
1813641,1
1813642,4
1813643,2
1813644,7
1813645,13
1813646,1
1813648,5
1813649,10
1813650,3
1813651,6
1813652,6
1813654,2
1813655,8
1813656,6
1813657,7
1813658,12
1813660,16
1813661,6
1813662,3
1813664,5
1813665,2
1813666,5
1813667,4
1813668,2
1813669,3
1813670,3
1813671,1
1813672,2
1813674,3
1813676,2
1813677,1
1813678,2
1813679,2
1813680,6
1813681,1
1813682,1
1813683,2
1813685,3
1813686,2
1813687,2
1813688,1
1813689,3
1813690,3
1813691,6
1813694,3
1813695,3
1813696,3
1813697,2
1813698,2
1813699,3
1813700,1
1813701,8
1813702,1
1813703,2
1813704,1
1813705,3
1813706,1
1813709,2
1813711,5
1813712,1
1813714,12
1813715,1
1813716,6
1813717,2
1813718,2
1813719,3
1813720,3
1813721,5
1813722,5
1813723,2
1813725,1
1813726,1
1813727,2
1813728,3
1813730,3
1813731,6
1813732,11
1813733,1
1813735,7
1813736,5
1813737,1
1813738,2
1813739,2
1813740,7
1813741,3
1813742,2
1813743,2
1813744,2
1813745,2
1813746,8
1813747,1
1813749,2
1813750,2
1813751,1
1813752,2
1813753,2
1813754,1
1813755,1
1813756,2
1813757,2
1813759,3
1813760,12
1813761,12
1813763,2
1813766,4
1813768,2
1813770,2
1813772,6
1813773,1
1813774,3
1813775,2
1813776,1
1813778,2
1813779,2
1813780,2
1813781,3
1813782,5
1813783,3
1813784,1
1813785,2
1813786,4
1813788,5
1813789,11
1813790,4
1813791,2
1813792,2
1813793,2
1813794,10
1813795,13
1813796,1
1813797,1
1813798,9
1813799,2
1813800,1
1813801,4
1813802,2
1813803,3
1813804,2
1813805,1
1813806,2
1813807,4
1813810,2
1813811,2
1813812,1
1813815,6
1813817,2
1813818,2
1813819,2
1813820,2
1813821,2
1813822,2
1813823,3
1813824,3
1813825,2
1813826,1
1813827,1
1813828,2
1813829,2
1813831,1
1813832,4
1813833,7
1813834,2
1813836,1
1813837,2
1813838,1
1813839,6
1813840,1
1813841,2
1813842,11
1813844,3
1813846,2
1813847,2
1813848,2
1813849,5
1813850,2
1813851,2
1813852,47
1813853,2
1813855,5
1813856,2
1813857,2
1813858,4
1813859,2
1813860,1
1813861,3
1813862,2
1813863,2
1813864,2
1813865,2
1813866,9
1813867,3
1813868,2
1813869,5
1813870,2
1813871,2
1813872,2
1813873,8
1813875,2
1813876,3
1813877,2
1813878,2
1813880,6
1813881,3
1813882,6
1813883,2
1813884,3
1813885,6
1813887,1
1813889,2
1813890,8
1813891,3
1813892,17
1813893,1
1813894,3
1813895,2
1813896,2
1813897,1
1813898,1
1813899,2
1813900,1
1813901,2
1813902,2
1813903,2
1813904,2
1813905,3
1813906,3
1813908,1
1813909,1
1813910,2
1813911,1
1813912,1
1813913,1
1813914,5
1813915,1
1813916,2
1813918,1
1813919,1
1813920,7
1813921,3
1813923,16
1813924,9
1813926,17
1813927,2
1813928,1
1813929,5
1813930,1
1813931,1
1813932,1
1813933,1
1813934,6
1813935,3
1813936,2
1813937,2
1813939,4
1813940,3
1813941,4
1813942,5
1813943,3
1813944,2
1813945,3
1813946,2
1813947,11
1813948,8
1813949,5
1813950,3
1813951,2
1813952,2
1813953,4
1813954,18
1813955,1
1813956,1
1813957,1
1813958,1
1813959,3
1813960,2
1813962,5
1813963,7
1813964,13
1813966,23
1813967,1
1813968,3
1813969,1
1813970,1
1813972,7
1813973,28
1813974,1
1813975,4
1813976,4
1813977,2
1813978,1
1813979,29
1813980,5
1813981,2
1813982,12
1813983,1
1813984,11
1813985,13
1813986,3
1813987,12
1813988,8
1813989,5
1813990,1
1813991,2
1813992,1
1813994,3
1813995,2
1813996,2
1813997,1
1813998,1
1813999,2
1814000,1
1814001,4
1814002,1
1814003,10
1814004,6
1814005,2
1814006,1
1814007,9
1814008,3
1814009,6
1814011,1
1814012,2
1814013,2
1814014,1
1814017,2
1814019,4
1814020,14
1814021,20
1814022,1
1814024,4
1814025,3
1814026,1
1814029,4
1814030,2
1814031,4
1814033,4
1814034,5
1814035,8
1814037,3
1814038,2
1814039,8
1814041,8
1814044,6
1814045,2
1814047,2
1814049,1
1814050,2
1814051,2
1814052,2
1814053,2
1814054,1
1814055,2
1814056,2
1814057,2
1814058,1
1814059,1
1814060,18
1814061,2
1814062,4
1814063,3
1814064,9
1814065,4
1814066,2
1814067,2
1814069,3
1814070,2
1814071,3
1814072,17
1814073,3
1814074,1
1814075,1
1814076,1
1814078,20
1814079,14
1814080,7
1814081,34
1814083,11
1814084,1
1814085,26
1814086,10
1814087,6
1814088,3
1814090,4
1814091,1
1814092,14
1814094,5
1814095,1
1814096,2
1814097,39
1814098,30
1814099,11
1814100,9
1814101,24
1814102,3
1814103,2
1814104,5
1814105,1
1814106,3
1814107,1
1814108,3
1814109,8
1814111,12
1814113,1
1814116,2
1814117,2
1814118,10
1814119,8
1814120,8
1814121,1
1814122,3
1814124,6
1814125,19
1814126,3
1814127,4
1814130,4
1814131,9
1814132,2
1814133,2
1814134,4
1814135,1
1814136,9
1814137,6
1814138,8
1814140,7
1814141,10
1814142,2
1814143,1
1814144,3
1814146,3
1814147,4
1814148,1
1814149,1
1814151,2
1814152,5
1814153,9
1814154,2
1814155,3
1814156,3
1814157,3
1814158,4
1814161,2
1814162,3
1814163,3
1814164,1
1814165,1
1814167,2
1814168,1
1814169,9
1814170,1
1814171,7
1814172,2
1814173,1
1814174,2
1814175,1
1814176,1
1814177,2
1814178,2
1814181,6
1814182,3
1814184,2
1814185,1
1814186,1
1814188,1
1814189,1
1814190,5
1814191,2
1814192,3
1814193,2
1814194,2
1814195,1
1814196,1
1814197,4
1814198,4
1814199,1
1814200,1
1814201,3
1814202,4
1814203,2
1814204,5
1814205,2
1814206,3
1814207,2
1814208,2
1814209,1
1814210,4
1814211,4
1814214,3
1814215,1
1814216,3
1814217,1
1814218,5
1814219,5
1814220,2
1814221,4
1814222,1
1814223,1
1814224,2
1814225,2
1814226,2
1814227,1
1814228,9
1814229,2
1814231,1
1814232,1
1814233,3
1814234,5
1814235,8
1814236,4
1814237,1
1814238,1
1814239,2
1814240,12
1814241,1
1814242,3
1814243,1
1814244,7
1814245,5
1814246,6
1814247,6
1814248,3
1814249,4
1814251,14
1814252,9
1814253,1
1814254,4
1814255,1
1814256,1
1814257,3
1814258,2
1814259,2
1814260,8
1814261,5
1814262,1
1814263,6
1814264,3
1814267,3
1814268,4
1814269,8
1814270,1
1814271,6
1814273,1
1814274,3
1814275,5
1814276,3
1814278,8
1814279,1
1814280,5
1814281,6
1814282,1
1814283,2
1814284,3
1814286,3
1814287,4
1814288,8
1814289,1
1814290,2
1814291,8
1814292,1
1814293,2
1814294,1
1814295,2
1814296,2
1814297,3
1814298,5
1814299,1
1814300,1
1814301,1
1814302,3
1814304,7
1814310,2
1814311,4
1814313,16
1814314,5
1814315,3
1814316,6
1814317,12
1814318,8
1814319,9
1814321,6
1814322,2
1814323,1
1814324,2
1814325,2
1814326,2
1814327,1
1814328,2
1814329,3
1814330,5
1814331,1
1814332,2
1814333,2
1814334,2
1814335,4
1814336,3
1814337,4
1814338,4
1814341,4
1814342,3
1814344,1
1814345,1
1814346,2
1814347,5
1814348,2
1814349,2
1814350,5
1814351,2
1814352,2
1814353,2
1814354,2
1814355,2
1814356,11
1814357,2
1814358,2
1814359,1
1814360,2
1814361,3
1814363,1
1814364,1
1814365,5
1814366,1
1814367,1
1814368,5
1814369,2
1814370,15
1814371,5
1814372,2
1814373,2
1814374,3
1814375,5
1814376,3
1814377,2
1814378,6
1814379,1
1814380,5
1814381,4
1814382,7
1814384,4
1814385,2
1814387,2
1814388,2
1814389,2
1814390,2
1814394,2
1814395,4
1814396,2
1814397,2
1814398,2
1814399,2
1814400,1
1814401,2
1814402,2
1814404,2
1814405,2
1814406,2
1814407,2
1814408,2
1814409,2
1814410,2
1814411,2
1814412,2
1814413,1
1814414,2
1814415,2
1814416,2
1814417,32
1814418,5
1814419,3
1814420,2
1814421,2
1814422,1
1814423,2
1814424,2
1814425,2
1814426,2
1814427,5
1814428,2
1814429,2
1814430,1
1814431,33
1814432,9
1814433,2
1814434,6
1814435,9
1814436,4
1814437,3
1814438,1
1814439,2
1814440,1
1814441,8
1814442,35
1814443,12
1814444,11
1814445,4
1814446,25
1814447,3
1814448,11
1814449,7
1814450,2
1814451,2
1814452,6
1814453,4
1814454,12
1814455,4
1814456,5
1814457,2
1814458,2
1814459,4
1814460,6
1814461,6
1814462,1
1814463,2
1814464,2
1814465,2
1814466,2
1814468,3
1814469,6
1814470,8
1814471,15
1814472,3
1814473,6
1814474,4
1814475,3
1814476,2
1814477,2
1814479,2
1814480,4
1814481,2
1814482,1
1814483,1
1814484,1
1814485,1
1814486,3
1814488,2
1814489,2
1814489,2
1814490,5
1814492,4
1814493,2
1814495,7
1814497,3
1814497,3
1814498,4
1814499,18
1814500,6
1814501,1
1814502,9
1814503,14
1814504,2
1814505,4
1814506,2
1814507,3
1814508,10
1814510,4
1814511,20
1814512,1
1814513,7
1814514,1
1814515,2
1814516,5
1814517,17
1814518,4
1814519,21
1814520,3
1814521,6
1814523,6
1814524,2
1814525,2
1814526,5
1814527,4
1814530,24
1814531,8
1814532,2
1814533,2
1814535,5
1814536,12
1814537,2
1814538,2
1814539,2
1814540,5
1814541,50
1814542,5
1814543,14
1814544,20
1814545,18
1814547,1
1814548,2
1814549,18
1814550,2
1814551,4
1814552,15
1814553,2
1814554,6
1814555,3
1814556,9
1814557,13
1814558,3
1814559,7
1814560,12
1814561,1
1814562,1
1814563,11
1814566,1
1814567,2
1814568,3
1814569,2
1814570,2
1814571,1
1814572,1
1814573,2
1814574,1
1814575,25
1814576,3
1814577,6
1814578,2
1814579,1
1814580,2
1814582,1
1814583,3
1814584,1
1814585,9
1814586,2
1814587,5
1814588,11
1814589,2
1814590,2
1814591,2
1814592,3
1814593,2
1814594,2
1814596,2
1814597,2
1814599,22
1814600,2
1814602,7
1814603,6
1814604,7
1814605,4
1814606,4
1814607,5
1814608,23
1814609,23
1814610,20
1814611,4
1814612,12
1814613,3
1814614,1
1814615,26
1814617,1
1814618,2
1814619,17
1814622,5
1814623,2
1814624,3
1814625,6
1814626,2
1814628,3
1814629,2
1814630,6
1814631,3
1814632,1
1814634,3
1814635,2
1814637,2
1814638,2
1814639,1
1814640,2
1814641,1
1814642,2
1814643,2
1814645,2
1814646,6
1814647,2
1814648,2
1814649,2
1814650,2
1814651,2
1814652,2
1814653,5
1814654,3
1814655,2
1814656,2
1814657,1
1814658,2
1814659,2
1814660,3
1814661,3
1814664,1
1814665,7
1814666,3
1814667,1
1814668,3
1814669,5
1814670,3
1814671,1
1814672,1
1814673,1
1814674,1
1814675,2
1814677,1
1814678,1
1814679,3
1814680,2
1814681,1
1814682,3
1814683,1
1814684,1
1814685,3
1814686,1
1814687,2
1814688,1
1814689,1
1814690,1
1814691,1
1814692,1
1814693,1
1814694,1
1814695,1
1814696,1
1814697,1
1814699,1
1814700,3
1814701,1
1814702,3
1814703,4
1814704,2
1814705,1
1814706,2
1814707,1
1814710,1
1814713,1
1814715,3
1814716,1
1814717,3
1814718,1
1814719,1
1814720,1
1814721,1
1814722,1
1814723,1
1814724,1
1814727,1
1814728,1
1814729,6
1814730,3
1814731,1
1814732,1
1814733,1
1814734,2
1814735,1
1814736,3
1814737,2
1814738,2
1814739,2
1814740,1
1814741,2
1814742,3
1814744,1
1814745,1
1814746,2
1814747,2
1814748,4
1814749,1
1814750,3
1814751,1
1814752,1
1814753,5
1814754,3
1814755,7
1814756,8
1814757,2
1814758,2
1814759,4
1814760,7
1814761,2
1814762,1
1814763,3
1814764,5
1814765,2
1814767,1
1814768,7
1814769,10
1814770,4
1814771,1
1814772,9
1814774,2
1814776,6
1814777,60
1814778,21
1814779,3
1814780,14
1814781,16
1814782,45
1814783,9
1814784,6
1814785,1
1814786,7
1814787,18
1814788,8
1814789,16
1814790,6
1814791,2
1814792,5
1814793,4
1814794,5
1814795,2
1814796,4
1814797,3
1814799,1
1814800,1
1814802,1
1814803,5
1814804,2
1814805,2
1814806,1
1814807,1
1814809,13
1814811,10
1814812,5
1814813,2
1814814,6
1814815,2
1814816,2
1814818,2
1814819,34
1814820,2
1814828,17
1814829,2
1814840,1
1814867,4
1814869,4
1814869,4
1814870,8
1814871,10
1814872,8
1814873,5
1814876,3
1814877,1
1814878,8
1814879,8
1814880,4
1814881,4
1814882,14
1814883,2
1814884,1
1814886,6
1814887,1
1814888,2
1814889,2
1814890,2
1814893,2
1814894,9
1814896,2
1814897,3
1814898,2
1814899,1
1814900,8
1814901,2
1814902,1
1814903,1
1814904,2
1814905,3
1814906,4
1814907,2
1814908,16
1814909,2
1814910,8
1814911,1
1814912,2
1814913,23
1814914,10
1814915,33
1814916,2
1814917,2
1814918,2
1814919,2
1814920,2
1814922,2
1814923,2
1814924,2
1814925,2
1814926,2
1814927,2
1814928,2
1814929,2
1814930,2
1814931,3
1814932,2
1814933,2
1814934,2
1814935,2
1814936,2
1814937,2
1814938,9
1814939,7
1814940,5
1814943,3
1814944,7
1814945,6
1814946,2
1814947,2
1814948,3
1814949,6
1814950,1
1814951,3
1814952,5
1814953,2
1814954,1
1814955,2
1814956,8
1814957,1
1814957,1
1814958,10
1814959,2
1814960,2
1814961,1
1814962,2
1814963,3
1814964,2
1814965,2
1814966,2
1814967,2
1814968,2
1814969,2
1814970,2
1814971,1
1814972,2
1814973,2
1814974,3
1814975,2
1814976,2
1814977,2
1814978,2
1814979,2
1814980,3
1814981,2
1814982,2
1814983,2
1814984,2
1814985,2
1814986,2
1814987,2
1814988,2
1814988,2
1814989,2
1814990,4
1814991,2
1814992,3
1814993,1
1814994,2
1814995,2
1814996,3
1814997,2
1814998,1
1814999,3
1815000,2
1815001,3
1815002,3
1815003,2
1815004,2
1815005,3
1815006,2
1815007,1
1815008,1
1815009,3
1815010,2
1815011,2
1815013,2
1815014,2
1815015,2
1815016,1
1815017,2
1815018,1
1815019,2
1815020,2
1815021,2
1815022,2
1815023,2
1815024,3
1815025,3
1815026,2
1815027,2
1815028,3
1815029,1
1815030,2
1815031,3
1815033,2
1815034,5
1815035,1
1815036,1
1815037,2
1815038,2
1815039,3
1815040,5
1815042,4
1815045,3
1815046,2
1815047,2
1815048,1
1815049,2
1815050,5
1815051,1
1815052,3
1815053,7
1815054,4
1815055,2
1815056,3
1815057,2
1815058,1
1815059,1
1815060,8
1815062,2
1815063,1
1815064,3
1815067,4
1815067,4
1815068,8
1815069,7
1815071,1
1815072,2
1815073,2
1815074,2
1815075,5
1815076,2
1815077,2
1815078,2
1815078,2
1815080,2
1815081,3
1815082,2
1815083,5
1815084,2
1815085,2
1815086,5
1815087,2
1815088,2
1815089,1
1815090,3
1815091,2
1815092,3
1815093,1
1815095,1
1815096,3
1815098,3
1815099,2
1815100,2
1815101,2
1815102,2
1815103,2
1815104,4
1815105,5
1815106,2
1815107,2
1815108,2
1815109,8
1815110,2
1815111,2
1815112,2
1815113,2
1815114,3
1815115,2
1815116,2
1815117,2
1815118,3
1815119,2
1815120,1
1815121,2
1815122,1
1815123,1
1815124,2
1815125,2
1815126,2
1815127,2
1815128,2
1815129,2
1815130,3
1815131,5
1815132,3
1815133,12
1815134,2
1815135,2
1815138,9
1815139,5
1815141,5
1815142,5
1815143,6
1815143,6
1815143,6
1815143,6
1815143,6
1815144,3
1815145,16
1815146,7
1815146,7
1815146,7
1815146,7
1815146,7
1815147,6
1815147,6
1815147,6
1815147,6
1815147,6
1815148,3
1815149,3
1815151,3
1815152,3
1815153,3
1815154,4
1815155,16
1815156,7
1815157,6
1815157,6
1815157,6
1815157,6
1815157,6
1815158,4
1815159,3
1815160,3
1815161,11
1815163,3
1815166,1
1815167,4
1815168,3
1815169,3
1815170,1
1815171,6
1815172,3
1815174,2
1815175,3
1815176,7
1815176,7
1815176,7
1815176,7
1815176,7
1815177,2
1815178,2
1815179,6
1815179,6
1815179,6
1815179,6
1815179,6
1815180,5
1815181,3
1815182,2
1815183,2
1815184,2
1815185,1
1815186,1
1815187,1
1815188,1
1815189,1
1815190,8
1815191,1
1815192,1
1815193,1
1815194,2
1815195,1
1815196,1
1815197,1
1815198,1
1815199,1
1815200,1
1815201,2
1815202,3
1815203,2
1815204,1
1815205,4
1815206,3
1815207,11
1815208,21
1815209,25
1815210,1
1815211,2
1815212,2
1815213,6
1815214,20
1815215,13
1815216,2
1815217,4
1815218,6
1815219,16
1815220,30
1815221,10
1815222,13
1815223,15
1815224,6
1815225,3
1815226,14
1815227,53
1815228,8
1815229,11
1815230,5
1815231,8
1815232,18
1815233,8
1815235,9
1815236,11
1815237,7
1815238,69
1815239,1
1815240,53
1815241,3
1815242,24
1815243,17
1815244,7
1815245,35
1815246,32
1815247,3
1815248,2
1815249,11
1815250,30
1815252,3
1815253,7
1815254,2
1815255,17
1815256,16
1815258,3
1815259,6
1815260,25
1815261,17
1815262,1
1815265,13
1815266,40
1815267,23
1815268,4
1815269,12
1815270,11
1815271,2
1815272,45
1815273,15
1815274,12
1815275,8
1815276,3
1815277,12
1815278,43
1815279,4
1815280,11
1815281,23
1815282,4
1815283,2
1815285,18
1815286,7
1815288,12
1815289,7
1815290,4
1815291,26
1815292,10
1815293,5
1815294,6
1815297,11
1815298,13
1815299,2
1815300,2
1815301,7
1815302,26
1815303,31
1815304,23
1815305,22
1815306,4
1815307,25
1815308,1
1815309,1
1815310,5
1815311,2
1815312,1
1815313,2
1815314,5
1815315,2
1815316,3
1815317,16
1815319,5
1815320,3
1815321,8
1815322,35
1815324,1
1815325,1
1815326,7
1815327,3
1815328,5
1815329,1
1815330,2
1815331,5
1815332,3
1815334,5
1815335,7
1815336,2
1815337,7
1815338,6
1815340,2
1815342,2
1815343,2
1815344,13
1815345,5
1815347,1
1815348,9
1815349,6
1815350,9
1815351,8
1815352,6
1815353,5
1815354,8
1815355,3
1815356,21
1815357,1
1815358,28
1815359,2
1815360,2
1815361,9
1815362,6
1815363,2
1815367,2
1815368,6
1815369,2
1815370,4
1815371,3
1815372,23
1815373,3
1815374,36
1815375,10
1815376,2
1815377,3
1815378,1
1815379,9
1815381,1
1815382,2
1815384,9
1815385,2
1815386,11
1815388,2
1815389,7
1815390,9
1815391,3
1815392,5
1815393,6
1815394,3
1815396,20
1815397,6
1815398,2
1815399,8
1815400,1
1815401,2
1815402,1
1815403,1
1815405,15
1815406,28
1815407,3
1815408,6
1815409,57
1815410,4
1815411,19
1815412,5
1815413,6
1815414,21
1815416,5
1815418,1
1815419,5
1815420,12
1815421,25
1815422,30
1815423,38
1815424,42
1815425,1
1815426,16
1815427,3
1815428,2
1815429,38
1815430,18
1815431,10
1815432,2
1815434,2
1815435,2
1815436,1
1815437,10
1815438,1
1815440,2
1815443,1
1815444,1
1815445,1
1815447,3
1815448,5
1815450,1
1815452,2
1815453,2
1815454,2
1815455,2
1815456,2
1815457,1
1815458,1
1815459,2
1815460,3
1815461,15
1815462,1
1815463,2
1815464,2
1815465,2
1815466,2
1815467,1
1815468,2
1815469,2
1815470,2
1815471,2
1815472,2
1815473,2
1815474,2
1815475,2
1815476,2
1815477,2
1815478,2
1815479,2
1815480,2
1815481,2
1815482,2
1815483,2
1815484,3
1815485,2
1815486,23
1815487,20
1815488,19
1815489,8
1815490,53
1815491,7
1815492,48
1815493,12
1815494,22
1815495,17
1815496,23
1815497,25
1815498,9
1815499,33
1815500,26
1815501,49
1815502,32
1815504,12
1815505,17
1815506,10
1815507,27
1815508,22
1815509,24
1815510,3
1815511,39
1815513,11
1815514,15
1815515,1
1815516,4
1815517,4
1815518,2
1815519,31
1815520,20
1815521,60
1815522,5
1815523,15
1815524,22
1815525,18
1815526,37
1815527,3
1815528,11
1815529,17
1815530,16
1815531,15
1815532,2
1815533,5
1815534,12
1815535,51
1815536,10
1815537,8
1815538,123
1815539,11
1815540,41
1815541,4
1815542,7
1815543,15
1815544,3
1815545,9
1815546,40
1815547,19
1815548,23
1815549,64
1815550,21
1815551,3
1815552,5
1815553,8
1815554,1
1815555,23
1815556,14
1815557,3
1815558,10
1815559,6
1815560,11
1815561,12
1815562,18
1815563,9
1815566,12
1815567,15
1815568,74
1815569,19
1815570,48
1815571,2
1815573,12
1815574,15
1815575,24
1815576,6
1815577,25
1815578,4
1815579,11
1815580,14
1815581,18
1815582,14
1815583,5
1815584,24
1815586,9
1815587,3
1815588,12
1815589,1
1815590,2
1815593,21
1815594,13
1815595,6
1815596,2
1815597,3
1815598,17
1815599,12
1815600,4
1815601,46
1815602,20
1815605,21
1815606,4
1815607,3
1815608,6
1815609,8
1815610,25
1815612,38
1815613,17
1815614,12
1815615,53
1815616,9
1815617,9
1815618,11
1815619,2
1815620,31
1815621,10
1815622,15
1815623,10
1815624,3
1815625,7
1815626,12
1815627,1
1815628,10
1815629,5
1815630,12
1815631,10
1815632,7
1815633,3
1815635,12
1815636,12
1815637,4
1815638,1
1815639,4
1815641,3
1815642,20
1815643,5
1815644,10
1815645,7
1815646,10
1815647,41
1815650,6
1815651,4
1815652,3
1815653,2
1815654,5
1815656,35
1815657,4
1815658,9
1815659,1
1815660,4
1815661,3
1815662,3
1815663,9
1815665,2
1815666,61
1815667,3
1815668,2
1815669,7
1815670,2
1815671,3
1815672,19
1815673,3
1815674,3
1815675,2
1815676,2
1815677,2
1815678,4
1815678,4
1815678,4
1815678,4
1815678,4
1815679,1
1815680,2
1815681,2
1815682,2
1815683,1
1815684,1
1815686,1
1815687,1
1815688,2
1815689,2
1815690,4
1815690,4
1815690,4
1815690,4
1815690,4
1815691,2
1815692,4
1815693,2
1815694,3
1815695,1
1815697,5
1815698,19
1815699,3
1815700,4
1815702,12
1815703,1
1815704,7
1815705,5
1815706,4
1815707,1
1815708,3
1815709,3
1815712,1
1815715,4
1815717,1
1815721,9
1815722,2
1815724,3
1815730,5
1815731,4
1815732,2
1815733,8
1815733,8
1815733,8
1815735,2
1815737,3
1815739,9
1815741,1
1815742,2
1815743,3
1815745,1
1815746,2
1815747,2
1815751,32
1815752,1
1815755,2
1815759,2
1815762,2
1815764,1
1815765,3
1815770,2
1815773,3
1815774,2
1815778,20
1815779,4
1815780,17
1815782,2
1815785,1
1815786,1
1815787,3
1815791,2
1815792,5
1815793,2
1815794,4
1815795,3
1815796,2
1815797,2
1815798,3
1815799,1
1815801,2
1815802,4
1815803,4
1815804,2
1815805,16
1815806,2
1815807,3
1815808,13
1815810,11
1815811,3
1815812,1
1815813,1
1815814,1
1815815,2
1815816,2
1815817,2
1815820,1
1815821,1
1815822,1
1815823,1
1815824,4
1815825,1
1815826,3
1815827,3
1815828,2
1815829,1
1815830,1
1815831,3
1815832,2
1815833,2
1815834,3
1815835,5
1815841,2
1815842,2
1815843,3
1815844,2
1815845,1
1815846,2
1815847,3
1815848,25
1815849,5
1815850,1
1815851,1
1815852,2
1815853,4
1815854,4
1815855,3
1815857,2
1815858,2
1815859,1
1815860,2
1815862,1
1815864,1
1815865,3
1815866,2
1815867,2
1815868,2
1815869,2
1815870,2
1815871,1
1815872,1
1815873,7
1815875,1
1815876,1
1815877,5
1815878,1
1815879,1
1815880,5
1815881,5
1815882,5
1815883,1
1815884,1
1815885,3
1815886,4
1815887,2
1815888,1
1815891,4
1815896,1
1815897,2
1815898,2
1815899,1
1815901,3
1815902,3
1815903,3
1815908,1
1815909,1
1815910,4
1815911,2
1815912,1
1815913,9
1815914,4
1815915,6
1815916,1
1815917,1
1815918,1
1815919,3
1815920,4
1815921,1
1815923,1
1815925,1
1815927,1
1815928,1
1815930,14
1815932,5
1815935,3
1815937,2
1815938,8
1815939,5
1815940,4
1815948,3
1815949,7
1815955,8
1815956,3
1815960,5
1815963,9
1815966,1
1815967,9
1815969,1
1815972,3
1815974,2
1815975,3
1815976,2
1815977,1
1815978,5
1815979,2
1815980,2
1815982,3
1815983,3
1815985,3
1815986,4
1815987,3
1815988,2
1815989,7
1815991,9
1815992,3
1815993,5
1815994,2
1815995,3
1815998,4
1815999,3
1815C,21
1816002,3
1816003,5
1816005,1
1816010,5
1816011,3
1816013,2
1816015,4
1816016,1
1816018,3
1816019,1
1816020,2
1816021,2
1816022,8
1816025,2
1816026,1
1816027,1
1816028,3
1816029,1
1816030,1
1816031,3
1816032,1
1816033,1
1816034,1
1816035,1
1816037,1
1816039,1
1816040,2
1816043,1
1816045,1
1816046,2
1816047,2
1816048,1
1816049,2
1816051,1
1816052,1
1816054,1
1816056,11
1816057,3
1816058,1
1816059,2
1816064,2
1816065,1
1816066,1
1816067,1
1816068,1
1816069,1
1816071,1
1816072,3
1816073,5
1816074,3
1816076,2
1816076,2
1816077,1
1816079,3
1816081,1
1816082,1
1816083,3
1816085,11
1816088,2
1816089,1
1816090,3
1816092,3
1816093,1
1816094,1
1816095,4
1816097,1
1816100,3
1816101,2
1816102,2
1816103,3
1816104,1
1816105,2
1816106,3
1816107,1
1816108,8
1816194,3
1816196,1
1816197,3
1816198,1
1816200,1
1816201,1
1816202,1
1816203,1
1816204,1
1816205,1
1816206,3
1816207,1
1816208,1
1816211,3
1816212,1
1816213,1
1816215,1
1816216,1
1816217,1
1816218,1
1816220,2
1816224,1
1816226,1
1816227,1
1816228,1
1816229,1
1816231,1
1816232,1
1816235,3
1816236,1
1816247,1
1816253,2
1816289,3
1816290,3
1816291,3
1816292,2
1816293,3
1816295,2
1816296,3
1816297,5
1816300,1
1816301,3
1816302,3
1816303,6
1816304,3
1816305,2
1816308,2
1816309,3
1816311,3
1816312,3
1816315,3
1816317,3
1816318,3
1816319,3
1816320,3
1816321,3
1816323,2
1816324,1
1816326,2
1816327,1
1816328,3
1816329,2
1816330,4
1816331,3
1816336,2
1816338,3
1816339,3
1816340,3
1816342,3
1816345,3
1816348,1
1816350,3
1816351,2
1816352,1
1816377,1
1816395,1
1816396,1
1816398,1
1816399,1
1816400,1
1816401,4
1816405,3
1816407,2
1816411,10
1816412,1
1816413,1
1816416,1
1816417,1
1816418,1
1816419,1
1816424,1
1816433,1
1816434,1
1816441,1
1816445,4
1816447,1
1816451,1
1816454,1
1816459,1
1816462,1
1816514,17
1823C,6
1824C,31
1825C,1
1826C,40
1830C,91
1831C,11
1838C,1
1839C,3
1850C,26
1851C,15
1854C,5
1859C,21
1862C,8
1864C,2
1880C,3
1881C,25
1885C,23
1889C,1
1890C,17
1897C,11
1905C,20
1906C,2
1907C,9
1909C,13
1910C,21
1911001,1
1911002,1
1911003,1
1911005,1
1911006,1
1911007,1
1912001,8
1912002,1
1912003,5
1912005,4
1912006,3
1912007,3
1912008,4
1912010,5
1912011,3
1912012,3
1912015,13
1912017,3
1912018,2
1912019,2
1912020,3
1912022,5
1912024,1
1912028,3
1912029,1
1912032,2
1912034,3
1912035,1
1912036,4
1912037,5
1912038,3
1912041,1
1912042,5
1912043,2
1912044,5
1912045,1
1912047,1
1912048,1
1912049,3
1912050,1
1912053,4
1912054,4
1912056,2
1912057,1
1912058,5
1912059,1
1912060,4
1912061,6
1912062,5
1912064,4
1912066,2
1912067,5
1912069,2
1912073,1
1912075,2
1912080,1
1912085,4
1912089,2
1912090,3
1912091,3
1912092,2
1912094,1
1912095,1
1912097,1
1912098,1
1912099,1
1912100,1
1912101,2
1912C,24
1918C,1
1924C,3
19356341,2
19356341,2
19419895,10
19420759,1
19542003,1
19542003,1
19542003,1
1985C,3
1986C,4
1991,1
1994C,3
1995C,2
1996C,36
1998C,2
19C,16
1C,1
2003C,66
2008C,1
2010C,11
2018C,14
2031C,9
2034C,4
2042C,4
2044C,7
2051C,24
2057C,37
2065C,20
2068C,2
2081C,7
2085C,6
2087C,18
2089C,28
2090C,7
2099C,22
20C,99
2100C,1
2136C,18
2138C,10
2139C,2
2140C,12
2141C,16
2147C,55
2148C,5
2153C,23
2165C,2
2170C,41
2171C,2
2172C,23
2173C,104
2182C,10
2183C,13
2184C,16
2190C,28
2191C,7
2195C,10
2196C,2
2198C,38
2203C,7
2209C,1
2211234,1
2211237,1
2211239,1
2211240,1
2211243,1
2211246,1
2211247,6
2211267,1
2211273,2
2211282,1
2211283,1
2211284,8
2212C,1
2215C,25
2222C,50
2241C,30
2256C,43
2257C,77
2258C,45
2259C,9
2260C,1
2262C,45
2263C,10
2264C,53
2265C,11
2269C,5
2270C,65
2271C,21
2278C,27
2279C,16
2282C,14
2284C,18
2285C,7
2286C,1
2290C,1
2291C,1
2292C,20
2294C,24
2296C,19
2298C,20
2301C,14
2303C,22
2305C,26
2306C,32
2307C,24
2308C,14
2309C,32
2311234,3
2311235,97
2311236,8
2311237,67
2311239,1
2311251,2
2311257,151
2311258,19
2311260,11
2311261,142
2311262,134
2311263,201
2311265,2
2311268,14
2311270,15
2311272,5
2311274,2
2311276,11
2311283,77
2311285,13
2311288,55
2311290,97
2311291,213
2311292,1
2311293,5
2311294,38
2311295,37
2311297,1
2311298,82
2311301,3
2311303,20
2311305,10
2311306,81
2311307,98
2311308,6
2311310,10
2311314,207
2311315,1
2311317,69
2311318,1
2311321,7
2311327,3
2311329,3
2311330,1
2311331,47
2311336,21
2311338,9
2311340,7
2311347,33
2311349,44
2311350,1277
2311355,1
2311357,1
2311359,15
2311362,2
2311366,148
2311367,2
2311368,5
2311369,1
2311370,14
2311374,1
2311378,2
2311379,1
2311380,2
2311382,1
2311385,8
2311386,6
2311392,1
2311395,10
2311398,7
2311400,36
2311401,6
2311404,140
2311406,1
2311407,58
2311409,3
2311410,90
2311411,120
2311418,4
2311421,4
2311422,18
2311423,124
2311424,430
2311426,4
2311427,4
2311430,109
2311431,30
2311433,4
2311434,13
2311435,68
2311436,2
2311438,2
2311439,937
2311442,2
2311443,2
2311449,3
2311451,160
2311453,1
2311456,1
2311462,5
2311496,2
2311502,534
2311503,632
2311504,71
2311505,562
2311506,1
2311507,6
2311508,10
2311510,845
2311511,72
2311512,1214
2311514,399
2311514,399
2311515,13
2311516,60
2311518,85
2311519,682
2311520,195
2311521,2322
2311521,2322
2311522,12
2311524,4
2311526,452
2311527,95
2311528,114
2311529,6
2311530,58
2311531,41
2311535,105
2311536,25
2311537,27
2311538,113
2311539,4
2311540,39
2311542,7
2311543,40
2311544,33
2311545,102
2311548,1
2311549,164
2311550,8
2311553,589
2311554,17
2311555,143
2311556,188
2311557,14
2311558,239
2311561,311
2311562,345
2311563,14
2311564,101
2311565,25
2311566,1938
2311567,60
2311568,37
2311569,544
2311570,201
2311571,47
2311572,209
2311574,14
2311578,152
2311579,302
2311581,11
2311585,7
2311586,100
2311587,4663
2311588,79
2311590,433
2311591,19
2311592,56
2311593,242
2311594,62
2311595,314
2311596,1269
2311597,874
2311598,337
2311602,201
2311604,1409
2311607,567
2311608,9
2311609,189
2311610,122
2311611,44
2311612,180
2311613,3
2311614,48
2311615,81
2311615,81
2311617,17
2311618,49
2311619,161
2311621,15
2311623,17
2311624,15
2311625,1
2311626,18
2311627,32
2311628,6
2311629,90
2311631,42
2311632,525
2311633,20
2311636,10
2311637,11
2311639,831
2311641,6
2311643,117
2311644,60
2311645,12
2311646,177
2311647,211
2311648,17
2311650,159
2311651,148
2311652,18
2311653,32
2311654,2988
2311655,45
2311656,9
2311657,67
2311658,361
2311659,101
2311660,19
2311661,16
2311662,33
2311663,81
2311664,636
2311665,635
2311666,76
2311667,82
2311668,176
2311669,47
2311670,26
2311672,359
2311673,406
2311674,432
2311675,51
2311676,113
2311677,454
2311678,1067
2311679,134
2311680,41
2311683,1231
2311684,562
2311685,4
2311686,84
2311687,28
2311688,54
2311689,20
2311690,20
2311691,130
2311692,3025
2311695,20
2311696,131
2311697,29
2311698,34
2311699,1468
2311701,56
2311702,1629
2311703,1767
2311704,205
2311705,22
2311706,62
2311708,626
2311709,692
2311710,121
2311711,65
2311712,389
2311713,279
2311714,646
2311715,519
2311716,120
2311717,1713
2311718,2966
2311719,103
2311720,44
2311722,1
2311725,1
2311726,19
2311727,8
2311730,42
2311734,6
2311742,1
2311744,4
2311745,2
2311749,3
2311752,12
2311753,1
2311754,1
2311757,33
2311759,2
2311764,3
2311765,1700
2311766,8
2311767,3
2311768,664
2311769,1
2311770,42
2311771,117
2311772,62
2311773,43
2311774,42
2311775,31
2311776,23
2311777,478
2311778,168
2311779,69
2311780,10
2311781,18
2311782,65
2311783,270
2311784,482
2311786,765
2311787,942
2311788,150
2311789,147
2311790,169
2311791,70
2311792,113
2311793,812
2311795,222
2311796,29
2311797,80
2311798,2
2311799,14
2311800,129
2311813,51
2311818,2
2311819,730
2311820,40
2311821,181
2311822,61
2311823,400
2311824,27
2311825,905
2311826,35
2311827,1099
2311828,63
2311829,16
2311830,848
2311831,53
2311833,59
2311834,5
2311836,31
2311838,1
2311839,915
2311840,193
2311841,6
2311843,86
2311844,20
2311845,20
2311846,44
2311847,40
2311849,729
2311851,323
2311852,1
2311853,68
2311854,146
2311855,604
2311856,42
2311857,54
2311858,50
2311859,40
2311864,236
2311865,31
2311866,41
2311867,371
2311868,34
2311869,8
2311870,674
2311871,49
2311872,63
2311873,8
2311874,157
2311875,270
2311876,251
2311877,41
2311878,5
2311879,6
2311883,10
2311884,20
2311885,5
2311886,26
2311887,23
2311888,18
2311889,45
2311890,54
2311891,233
2311894,314
2311895,6
2311896,161
2311897,59
2311898,156
2311899,96
2311900,28
2311901,13
2311902,53
2311903,36
2311904,48
2311905,256
2311908,37
2311911,27
2311912,807
2311913,37
2311914,2
2311915,13
2311917,27
2311918,12
2311919,2066
2311920,18
2311921,3
2311922,6
2311923,487
2311924,45
2311927,7
2311931,28
2311933,946
2311934,164
2311937,8
2311939,20
2311941,193
2311942,14
2311944,6
2311945,348
2311946,6
2311947,215
2311949,19
2311950,31
2311951,78
2311952,40
2311953,11
2311954,1
2311955,79
2311956,85
2311958,252
2311959,11
2311961,5
2311962,1
2311964,1
2311965,4
2311971,4
2311972,5
2311974,5
2311978,1
2311980,1
2311981,8
2311986,6
2311987,2
2311988,8
2311990,2
2311992,113
2311995,6
2311996,5
2311C,40
2312000,172
2312001,59
2312004,19
2312006,40
2312007,530
2312008,33
2312010,2
2312011,59
2312012,102
2312013,98
2312013,98
2312014,40
2312015,71
2312016,52
2312017,197
2312018,27
2312019,31
2312020,8
2312021,1
2312022,1
2312023,35
2312024,17
2312025,1
2312026,1
2312027,108
2312028,11
2312029,11
2312030,4
2312031,58
2312032,20
2312034,33
2312035,2
2312036,14
2312037,16
2312038,177
2312039,56
2312040,3
2312041,40
2312043,78
2312044,66
2312046,74
2312047,2
2312048,64
2312049,31
2312059,4
2312061,91
2312062,37
2312063,3
2312064,31
2312079,2
2312080,49
2312081,97
2312082,135
2312083,18
2312084,4
2312085,28
2312086,27
2312087,5
2312088,21
2312089,4
2312090,17
2312091,51
2312092,35
2312093,24
2312095,1
2312097,1
2312100,3
2312101,24
2312102,24
2312128,3
2312131,1
2312133,3
2312137,2
2312138,6
2312140,2
2312146,4
2312148,1
2312149,1
2312151,1
2312156,1
2312160,1
2312177,6
2312185,15
2312190,7
2312191,10
2312193,4
2312197,2
2312200,3
2312201,3
2312202,3
2312207,1
2312220,2
2312228,12
2312230,8
2312231,98
2312231,98
2312232,13
2312233,19
2312234,12
2312236,8
2312239,1
2312247,23
2312248,6
2312249,16
2312250,2
2312254,3
2312256,71
2312257,24
2312258,15
2312259,25
2312261,8
2312263,4
2312264,22
2312265,23
2312266,16
2312267,25
2320C,13
2321C,1
2323C,3
2324C,7
2325C,11
2328C,3
2329C,30
2330C,10
2331C,34
2333C,22
2334C,334
2335C,14
2336C,15
2338C,1
2339C,26
2340C,1
2342C,14
2343C,19
2346C,22
2347C,4
2348C,1
234C,4
2351C,24
2352,1
2354C,39
2356C,7
2362C,19
2363C,14
2369C,38
2370C,719
2375C,4
2377C,39
2381C,3
2385,12
2386C,1
2387C,4
2389C,28
2392C,4
2400C,3
2401C,9
2402C,4
2403C,15
2405C,3
2407C,14
2408C,2
2409C,6
2410C,23
2411002,56
2411004,104
2411006,112
2411007,364
2411009,4
2411010,34
2411011,12
2411012,7
2411013,12
2411014,7
2411015,11
2411016,10
2411018,13
2411019,76
2411020,75
2411022,286
2411023,123
2411025,8
2411026,10
2411027,7
2411028,73
2411029,1
2411030,20
2411031,37
2411032,3
2411033,24
2411034,106
2411035,144
2411036,31
2411037,3
2411038,98
2411039,176
2411040,50
2411041,183
2411044,122
2411045,36
2411046,4
2411047,17
2411048,16
2411051,139
2411051,139
2411053,25
2411054,24
2411055,29
2411056,16
2411057,20
2411058,25
2411059,115
2411060,21
2411061,15
2411062,86
2411063,32
2411065,17
2411066,49
2411070,95
2411071,23
2411072,42
2411073,7
2411074,2
2411075,10
2411076,54
2411077,15
2411078,15
2411079,59
2411080,9
2411081,89
2411082,6
2411083,33
2411084,26
2411085,8
2411086,26
2411087,122
2411088,205
2411089,446
2411090,161
2411091,186
2411092,18
2411093,3
2411094,8
2411095,7
2411096,17
2411097,8
2411098,12
2411099,8
2411100,7
2411101,56
2411102,6
2411103,18
2411104,8
2411107,8
2411108,13
2411109,7
2411110,5
2411111,8
2411112,8
2411113,8
2411116,50
2411117,37
2411118,17
2411119,29
2411121,23
2411122,17
2411123,10
2411124,9
2411125,39
2411125,39
2411126,8
2411127,14
2411128,18
2411129,11
2411130,81
2411131,5
2411132,3
2411133,28
2411134,30
2411135,21
2411136,27
2411137,41
2411138,50
2411138,50
2411139,27
2411140,24
2411141,10
2411142,8
2411143,48
2411144,25
2411145,11
2411146,80
2411146,80
2411147,14
2411148,66
2411149,40
2411150,4
2411151,12
2411152,36
2411154,15
2411155,8
2411156,1
2411158,44
2411159,102
2411160,60
2411161,36
2411162,63
2411163,235
2411164,7
2411165,8
2411168,17
2411169,4
2411170,389
2411171,8
2411172,12
2411173,18
2411175,12
2411176,15
2411177,3
2411178,250
2411179,57
2411180,87
2411181,15
2411182,86
2411183,22
2411184,19
2411185,6
2411186,20
2411187,31
2411188,112
2411189,48
2411190,24
2411192,30
2411193,26
2411194,172
2411195,71
2411197,23
2411198,34
2411199,30
2411200,14
2411201,102
2411202,61
2411203,13
2411204,113
2411206,23
2411208,12
2411209,55
2411210,6
2411211,28
2411212,66
2411213,23
2411214,47
2411215,62
2411216,4
2411217,19
2411218,55
2411219,17
2411220,12
2411221,11
2411222,33
2411223,17
2411224,38
2411225,19
2411226,27
2411227,22
2411229,42
2411230,17
2411231,19
2411232,3
2411234,7
2411235,10
2411236,33
2411237,128
2411238,19
2411239,46
2411240,16
2411241,19
2411242,26
2411243,15
2411244,8
2411245,7
2411246,29
2411247,8
2411248,15
2411249,30
2411250,33
2411251,48
2411252,26
2411253,59
2411254,31
2411255,31
2411256,21
2411257,8
2411258,7
2411259,24
2411261,2
2411262,5
2411263,22
2411264,19
2411265,1
2411266,21
2411267,5
2411268,23
2411269,7
2411270,7
2411271,23
2411272,62
2411273,7
2411274,25
2411275,7
2411276,47
2411276,47
2411277,331
2411278,198
2411279,230
2411280,237
2411281,197
2411282,167
2411283,237
2411284,4
2411285,53
2411286,15
2411288,35
2411289,32
2411290,158
2411293,19
2411294,157
2411295,52
2411296,46
2411297,37
2411298,45
2411299,31
2411300,15
2411305,39
2411305,39
2411306,139
2411306,139
2411307,80
2411307,80
2411308,50
2411308,50
2411309,52
2411310,26
2411311,47
2411311,47
2411312,148
2411313,34
2411314,38
2411315,33
2411316,23
2411317,10
2411318,24
2411319,122
2411320,24
2411321,20
2411322,54
2411323,127
2411324,26
2411325,49
2411327,53
2411328,29
2411329,30
2411331,7
2411332,75
2411333,54
2411334,79
2411335,57
2411336,91
2411337,94
2411339,58
2411340,30
2411341,60
2411344,30
2411345,60
2411346,3
2411347,40
2411349,17
2411353,60
2411354,60
2411355,20
2411356,21
2411358,24
2411359,20
2411361,20
2411363,20
2411364,60
2411366,21
2411367,36
2411368,48
2411371,20
2411375,32
2411378,63
2411397,60
2411398,60
2412C,13
2413C,19
2414C,25
2415C,23
2417C,11
2418C,2
2419C,15
2421001,20
2421003,20
2421004,9
2421006,20
2421009,20
2421010,20
2421011,30
2421024,1
2421C,20
2423C,319
2424C,6
2427C,25
2428C,5
2430C,1
2431C,3
2434C,15
2435C,36
2438C,15
2441C,18
2442C,7
2443C,4
2448C,16
2450C,1
2452C,1
2453C,44
2454C,3
2455C,31
2458C,55
2459C,23
2462C,8
2468C,5
2469C,4
2470C,13
2474C,30
2479C,1
2480C,35
2481C,29
2482C,2
2485C,3
2490C,1
2491C,42
2510C,7
2511234,24
2511235,105
2511236,105
2511237,9
2511237,9
2511237,9
2511237,9
2511237,9
2511237,9
2511240,20
2511241,57
2511242,19
2511244,26
2511246,15
2511246,15
2511246,15
2511246,15
2511247,15
2511247,15
2511247,15
2511247,15
2511250,84
2511251,12
2511252,81
2511253,105
2511254,14
2511257,99
2511259,120
2511260,18
2511261,12
2511262,34
2511263,15
2511264,107
2511265,34
2511269,15
2511271,5
2511272,15
2511274,30
2511278,30
2511279,21
2511280,5
2511282,78
2511283,38
2511283,38
2511283,38
2511283,38
2511283,38
2511283,38
2511284,18
2511285,110
2511286,90
2511287,64
2511288,49
2511291,32
2511294,86
2511297,15
2511298,12
2511299,8
2511300,72
2511301,5
2511303,9
2511306,17
2511307,17
2511308,20
2511310,96
2511314,6
2511316,68
2511317,3
2511318,52
2511320,88
2511322,107
2511323,57
2511324,46
2511325,105
2511326,64
2511327,24
2511328,11
2511330,100
2511332,10
2511333,22
2511339,15
2511340,27
2511341,10
2511343,12
2511345,2
2511346,15
2511347,3
2511353,2
2511356,7
2511357,4
2511361,26
2511362,25
2511364,4
2511369,52
2511380,6
2511382,1
2511383,52
2511385,8
2511395,139
2511400,2
2511401,18
2511403,10
2511404,4
2511408,1
2511410,11
2511412,47
2511413,9
2511414,12
2511424,35
2511426,3
2511430,282
2511433,63
2511436,10
2511458,2
2511461,2
2511475,8
2511477,4
2511484,8
2511486,136
2511498,2
2511505,7
2511506,2
2511507,50
2511508,73
2511510,2
2511514,2
2511519,184
2511520,17
2511521,82
2511525,8
2511527,5
2511528,50
2511529,66
2511530,10
2511534,47
2511537,63
2511538,2
2511539,28
2511542,64
2511543,77
2511544,14
2511545,10
2511549,86
2511550,21
2511551,11
2511552,2
2511553,3
2511558,13
2511564,54
2511565,10
2511566,8
2511572,102
2511573,107
2511574,3
2511575,52
2511576,38
2511577,64
2511579,4
2511581,7
2511582,7
2511583,19
2511584,6
2511584,6
2511586,30
2511587,12
2511588,94
2511589,29
2511590,107
2511592,95
2511593,30
2511594,55
2511595,18
2511596,5
2511597,8
2511598,11
2511599,12
2511600,6
2511601,28
2511602,9
2511603,11
2511607,12
2511608,55
2511610,78
2511611,7
2511613,112
2511614,34
2511614,34
2511614,34
2511614,34
2511615,16
2511616,12
2511617,28
2511618,13
2511619,17
2511620,31
2511621,17
2511622,19
2511628,1
2511630,4
2511631,1
2511632,2
2511633,3
2511639,4
2511643,38
2511643,38
2511643,38
2511643,38
2511643,38
2511643,38
2511649,12
2511653,25
2511656,1
2511660,8
2511664,2
2511665,13
2511671,10
2511693,20
2511694,18
2511696,11
2511701,20
2511708,143
2511718,53
2511723,2
2511724,32
2511728,2
2511729,80
2511730,85
2511731,4
2511733,1
2511735,39
2511763,7
2511774,77
2511785,40
2511786,24
2511788,21
2511789,91
2511790,89
2511791,4
2511792,24
2511793,7
2511794,10
2511798,4
2511801,4
2511802,3
2511804,5
2511820,6
2511821,2
2511838,5
2511839,3
2511842,3
2511846,22
2511847,4
2511851,12
2511861,3
2511862,3
2511863,5
2511864,2
2511865,40
2511866,10
2511889,5
2511893,6
2511893,6
2511896,5
2511900,27
2511918,1
2511919,53
2511923,3
2511924,5
2511927,2
2511929,1
2511934,1
2511936,1
2511938,11
2511940,12
2511942,1
2511945,22
2511946,2
2511999,11
2512000,24
2512001,14
2512002,29
2512003,29
2512004,17
2513005,20
2513006,88
2513007,16
2518C,6
2520C,11
2521C,1
2531013,2
2531040,1
2531059,1
2531063,1
2535013,41
2535021,89
2535023,22
2535024,20
2535025,20
2535026,20
2535027,20
2535028,27
2535029,20
2535030,20
2535031,27
2535032,32
2535033,25
2535034,29
2535035,33
2535036,23
2535037,17
2535038,22
2535039,25
2535040,23
2535041,26
2535042,45
2535043,110
2535044,20
2535045,24
2535046,54
2535047,28
2535048,20
2535049,20
2535050,29
2535051,37
2535052,33
2535053,85
2535054,36
2535055,27
2535056,39
2535057,20
2535058,23
2535059,146
2535060,83
2535061,74
2535062,75
2535063,20
2535064,33
2535065,126
2535066,92
2535067,86
2535068,77
2535069,25
2535070,53
2535071,24
2535072,67
2535073,30
2535074,20
2535075,23
2535076,29
2535077,25
2535078,20
2535079,20
2535080,36
2535081,86
2535082,122
2535083,31
2535084,50
2535085,88
2535086,51
2535087,149
2535088,20
2535089,51
2535090,36
2535091,122
2535092,39
2535093,21
2535094,22
2535095,22
2535096,20
2535097,52
2535098,118
2535099,79
2535100,20
2535101,153
2535102,82
2535103,20
2535104,233
2535105,45
2535106,70
2535107,46
2535108,20
2535109,20
2535110,20
2535111,20
2535112,20
2535113,20
2535114,20
2535115,23
2535116,20
2535117,25
2535118,29
2535119,20
2535120,20
2535121,34
2535122,30
2535123,20
2535124,20
2535127,20
2535128,25
2538C,3
2541235,63
2541235,63
2541237,11
2541241,39
2541242,118
2541242,118
2541244,56
2541245,72
2541246,12
2541247,117
2541247,117
2541248,84
2541248,84
2541263,50
2541263,50
2541264,10
2541265,2
2541270,1
2541271,2
2541278,2
2541279,4
2541284,14
2541288,18
2541288,18
2541295,17
2541295,17
2541296,11
2541296,11
2541301,11
2541301,11
2541303,5
2541304,1
2541308,19
2541311,167
2541312,101
2541313,63
2541313,63
2541314,111
2541315,5
2541316,3
2541317,103
2541318,54
2541319,117
2541319,117
2541321,99
2541322,10
2541323,6
2541326,13
2541327,13
2541328,18
2541328,18
2541329,8
2541330,3
2541331,50
2541333,84
2541333,84
2541334,50
2541335,91
2541336,50
2541337,118
2541337,118
2541340,5
2541340,5
2541341,11
2541341,11
2541342,17
2541342,17
2541343,6
2541344,10
2541345,7
2541346,8
2541347,10
2541348,6
2541349,12
2541350,17
2541351,11
2541351,11
2541352,14
2541353,50
2541353,50
2541354,5
2541355,3
2541357,5
2541358,11
2541358,11
2541359,1
2541360,5
2541362,64
2541363,2
2541364,9
2541366,5
2541367,4
2541368,1
2541369,8
2541370,8
2541601,8
2541602,10
2541603,9
2541605,2
2541606,8
2541608,5
2541610,11
2541611,10
2541614,10
2541615,10
2541616,10
2541621,1
2541624,10
2541625,1
2541626,1
2541628,1
2541630,1
2541631,1
2541C,7
2542C,2
2543C,2
2554C,15
2556C,4
2561004,14
2561005,2
2561006,5
2561007,4
2561008,3
2561009,4
2561010,4
2561011,9
2561012,5
2561013,5
2561015,1
2561016,6
2561017,5
2561018,7
2561019,9
2561021,5
2561022,3
2561024,3
2561025,5
2561026,4
2561027,3
2561028,4
2561029,2
2561030,4
2561031,5
2561032,5
2561033,5
2561034,5
2561035,5
2561036,5
2561037,7
2561038,5
2561039,9
2561040,5
2561041,5
2561042,4
2561043,5
2561044,9
2561045,4
2561046,6
2561047,4
2561048,5
2561049,3
2561050,5
2561051,6
2561052,10
2561053,5
2561056,5
2561057,5
2561058,6
2561059,5
2561061,4
2561062,3
2561063,3
2561064,5
2561065,4
2561066,3
2561067,5
2561068,5
2561069,5
2561070,5
2561071,5
2561072,5
2561073,6
2561074,5
2561075,5
2561077,4
2561078,3
2561079,4
2561080,4
2561081,3
2561082,3
2561083,3
2561084,5
2561085,5
2561086,5
2561087,5
2561088,4
2561089,5
2561090,11
2561091,4
2561092,6
2561094,5
2561095,4
2561096,5
2561097,10
2561098,2
2561099,5
2561100,5
2561101,5
2561102,5
2561103,5
2561104,5
2561105,5
2561106,5
2561107,4
2561108,4
2561110,5
2561111,5
2561114,5
2561115,1
2561116,5
2561117,5
2561119,5
2561120,5
2561121,5
2561122,2
2561123,8
2561124,10
2561125,3
2561126,11
2561127,14
2561128,3
2561129,5
2561130,9
2561131,7
2561132,7
2561133,5
2561135,5
2561136,5
2561137,5
2561138,5
2561139,5
2561140,6
2561142,5
2561143,5
2561144,4
2561145,3
2561146,3
2561147,1
2561149,1
2561150,4
2561152,1
2561153,2
2561154,1
2562C,43
2563C,7
2565C,49
2569C,3
2571001,10
2571002,9
2571003,10
2571005,9
2571007,9
2571009,9
2571010,10
2571011,10
2571012,10
2571603,11
2571603,11
2571604,10
2571605,9
2571607,9
2571608,10
2571609,10
2571610,8
2571C,13
2574C,1
2575C,4
2576C,16
2578C,42
2580C,10
2581C,3
2584C,3
2585C,25
2587C,1
2588C,40
2590C,2
2593C,23
2594C,4
2596C,13
2599C,38
2603C,12
2606C,1
2607C,23
2608C,33
2609C,11
2611234,73
2611235,11
2611236,2
2611237,2
2611238,4
2611239,5
2611240,2
2611241,6
2611242,9
2611243,3
2611244,9
2611245,21
2611246,4
2611247,1
2611248,2
2611249,4
2611250,3
2611251,2
2611252,9
2611253,75
2611254,27
2611255,15
2611256,8
2611257,4
2611258,4
2611259,6
2611260,4
2611261,3
2611262,20
2611263,6
2611264,2
2611265,5
2611266,4
2611267,2
2611268,1
2611269,3
2611270,2
2611271,6
2611272,4
2611273,2
2611274,2
2611275,4
2611276,1
2611277,6
2611280,2
2611281,2
2611282,5
2611283,1
2611284,2
2611285,4
2611286,1
2611287,1
2611288,25
2611289,2
2611290,2
2611291,7
2611292,7
2611293,2
2611294,6
2611295,6
2611296,3
2611297,18
2611298,2
2611299,30
2611300,22
2611301,1
2611302,3
2611303,6
2611304,3
2611305,2
2611306,3
2611307,2
2611309,6
2611310,3
2611311,4
2611313,3
2611314,2
2611315,2
2611317,7
2611319,2
2611320,2
2611321,6
2611322,3
2611323,4
2611324,3
2611325,5
2611326,2
2611327,7
2611328,1
2611329,4
2611330,2
2611331,3
2611332,1
2611333,2
2611335,11
2611336,2
2611337,1
2611338,2
2611339,5
2611340,8
2611341,8
2611342,3
2611344,1
2611345,2
2611346,2
2611347,7
2611348,2
2611349,6
2611351,6
2611352,2
2611353,1
2611354,4
2611355,3
2611356,5
2611357,19
2611358,58
2611359,26
2611361,126
2611362,10
2611363,1
2611364,1
2611365,3
2611366,1
2611367,4
2611368,1
2611369,5
2611370,300
2611371,45
2611374,32
2611375,2
2611376,25
2611377,18
2611378,10
2611379,23
2611380,6
2611381,10
2611382,1
2611383,5
2611385,2
2611386,2
2611387,24
2611389,2
2611390,10
2611391,1
2611393,4
2611394,2
2611395,2
2611396,14
2611397,1
2611398,24
2611399,15
2611400,1
2611401,2
2611402,11
2611403,5
2611404,19
2611405,27
2611408,4
2611409,1
2611412,11
2611413,7
2611414,1
2611416,2
2611418,3
2611422,1
2611423,3
2611424,10
2611425,2
2611426,2
2611427,1
2611428,3
2611430,3
2611431,3
2611432,10
2611433,3
2611434,81
2611435,3
2611457,3
2611461,1
2611462,2
2611468,1
2611483,2
2611497,2
2611501,2
2612C,9
2617C,19
2620C,1
2621C,8
2622C,2
2623C,2
2636C,42
2648C,2
2652C,4
2671C,1
2672C,39
2673C,3
2674C,13
2675C,47
2677C,18
2679C,14
2680C,8
2681C,6
2682C,2
2683C,30
2688C,9
2689C,2
2690C,15
2691C,36
2692C,27
2693C,69
2696C,2
2701C,9
2702C,16
2703C,3
2704C,2
2707C,7
2710C,2
2711235,3
2711237,1
2711239,23
2711241,2
2711243,9
2711245,151
2711246,1
2711247,43
2711248,9
2711250,1
2711251,5
2711253,1
2711258,2
2711259,5
2711260,1
2711266,3
2711266,3
2711268,10
2711271,2
2711273,13
2711274,2
2711275,1
2711276,5
2711277,5
2711278,1
2711279,2
2711281,10
2711283,9
2711284,14
2711286,1
2711287,5
2711288,31
2711289,3
2711290,19
2711292,12
2711294,30
2711295,9
2711298,6
2711299,1
2711303,16
2711306,1
2711312,7
2711314,6
2711315,10
2711316,9
2711317,6
2711319,16
2711320,15
2711323,40
2711325,25
2711325,25
2711326,18
2711328,7
2711329,2
2711331,1
2711332,21
2711333,41
2711334,18
2711335,5
2711336,11
2711337,5
2711338,5
2711340,1
2711347,3
2711348,1
2711351,1
2711355,2
2711356,6
2711359,2
2711365,2
2711384,25
2711384,25
2711385,32
2711387,3
2711392,41
2711393,1
2711397,59
2711405,1
2711406,1
2711408,1
2711409,2
2711418,2
2711419,1
2711422,1
2711425,6
2711431,3
2711440,1
2711442,1
2711443,1
2711446,2
2711447,1
2711448,1
2711449,2
2711450,1
2711454,2
2711455,2
2711456,2
2711458,1
2711461,1
2711463,2
2711470,3
2711471,3
2711472,3
2711476,3
2711477,4
2711478,3
2711479,1
2711481,4
2711483,2
2711485,3
2711486,1
2711487,1
2711489,4
2711490,3
2711493,3
2711495,1
2711496,3
2711498,3
2711503,1
2711504,3
2711505,2
2711506,2
2711507,2
2711510,3
2711511,4
2711512,4
2711514,1
2711515,1
2711517,1
2711518,3
2711519,1
2711520,2
2711521,2
2711523,3
2711524,3
2711525,1
2711526,1
2711527,3
2711528,2
2711529,4
2711548,1
2711549,1
2711550,1
2711553,16
2711555,7
2711557,17
2711558,16
2711560,9
2711561,9
2711562,8
2711563,17
2711564,20
2711565,19
2711566,24
2711567,19
2711568,21
2711569,28
2711570,28
2711572,12
2711574,9
2711575,10
2711576,9
2711577,9
2711578,9
2711579,8
2711580,9
2711581,8
2711583,1
2711C,89
2712C,9
2713C,6
2714C,5
2715C,2
2719C,1
2722C,8
2723C,37
2724C,2
2725C,3
2727C,28
2728C,4
2731C,2
2733C,31
2738C,12
2739C,12
2740C,26
2741C,28
2743C,18
2744C,3
2747C,3
2750C,4
2751C,8
2754C,10
2756C,19
2757C,3
2759C,61
2761C,2
2762C,1
2763C,4
2764C,50
2765C,7
2766C,1
2767C,3
2768C,2
2770C,30
2771C,14
2773C,53
2774C,2
2775C,2
2776C,24
2777C,37
2778C,2
2779C,4
2780C,12
2784C,63
2785C,48
2786C,21
2787C,1
2788C,35
2790C,11
2791C,55
2792C,12
2793C,1
2795C,33
2796C,25
2797C,9
2798C,4
2799C,21
2800C,2
2802C,31
2805C,25
2806C,31
2807C,33
2808C,3
2811234,98
2811235,14
2811237,238
2811238,101
2811239,92
2811240,48
2811241,5
2811245,33
2811246,4
2811247,5
2811248,6
2811249,7
2811250,9
2811251,1
2811252,14
2811254,4
2811256,19
2811258,17
2811259,2
2811264,2
2811265,7
2811267,16
2811271,7
2811272,8
2811276,8
2811277,9
2811278,6
2811280,28
2811283,8
2811284,11
2811286,7
2811287,10
2811288,7
2811290,62
2811291,6
2811293,3
2811294,1
2811295,9
2811297,16
2811298,19
2811299,14
2811300,8
2811306,37
2811307,8
2811308,6
2811311,2
2811313,14
2811315,21
2811317,10
2811319,1
2811321,7
2811323,6
2811325,10
2811326,5
2811327,4
2811330,10
2811337,41
2811340,15
2811341,6
2811342,13
2811343,8
2811344,5
2811346,43
2811347,9
2811351,8
2811352,12
2811353,5
2811354,9
2811355,9
2811356,12
2811357,4
2811358,4
2811359,3
2811360,2
2811361,1
2811363,23
2811364,4
2811365,6
2811366,5
2811368,1
2811370,12
2811372,4
2811375,1
2811379,27
2811380,6
2811381,1
2811384,2
2811386,6
2811388,3
2811389,5
2811391,56
2811393,1
2811396,13
2811398,10
2811399,12
2811401,16
2811403,14
2811404,4
2811405,1
2811407,24
2811408,2
2811409,3
2811411,42
2811413,1
2811415,12
2811417,39
2811418,10
2811419,15
2811421,3
2811422,14
2811423,19
2811426,7
2811427,1
2811428,8
2811429,3
2811430,3
2811431,2
2811432,2
2811434,11
2811435,5
2811437,6
2811438,5
2811439,14
2811442,10
2811444,1
2811446,1
2811448,1
2811449,19
2811450,3
2811451,21
2811452,1
2811453,28
2811456,7
2811457,1
2811461,2
2811462,9
2811464,8
2811465,9
2811469,1
2811470,6
2811473,10
2811474,12
2811475,18
2811478,18
2811479,46
2811480,5
2811484,4
2811490,11
2811494,14
2811496,15
2811497,15
2811498,33
2811500,23
2811501,1
2811502,12
2811503,8
2811504,7
2811505,2
2811507,19
2811509,9
2811510,14
2811513,22
2811520,72
2811522,4
2811523,7
2811524,8
2811525,10
2811526,41
2811529,19
2811530,4
2811532,5
2811533,18
2811534,15
2811536,2
2811539,26
2811542,142
2811543,3
2811546,32
2811547,15
2811548,16
2811549,10
2811551,5
2811552,9
2811554,32
2811555,11
2811556,6
2811557,16
2811558,14
2811559,5
2811561,3
2811562,7
2811565,37
2811566,8
2811567,16
2811568,33
2811569,39
2811572,23
2811573,37
2811574,101
2811576,2
2811577,21
2811578,7
2811579,67
2811580,26
2811581,11
2811582,6
2811586,3
2811587,19
2811588,100
2811589,19
2811590,19
2811591,2
2811592,21
2811593,10
2811594,3
2811595,18
2811596,14
2811597,11
2811598,3
2811600,31
2811601,17
2811602,4
2811603,13
2811605,4
2811606,6
2811608,62
2811610,3
2811611,2
2811612,27
2811613,31
2811614,6
2811616,10
2811617,48
2811618,16
2811619,29
2811620,2
2811622,25
2811623,1
2811628,1
2811630,32
2811632,20
2811633,24
2811634,6
2811635,43
2811636,8
2811637,45
2811638,4
2811639,1
2811640,49
2811641,15
2811642,2
2811643,221
2811644,4
2811651,16
2811652,2
2811653,49
2811654,29
2811656,9
2811657,59
2811658,28
2811659,8
2811660,9
2811661,25
2811662,7
2811663,6
2811664,2
2811667,51
2811668,172
2811669,2
2811670,1
2811673,33
2811676,16
2811678,1
2811682,12
2811689,128
2811692,11
2811693,1
2811694,20
2811695,9
2811696,5
2811697,3
2811698,10
2811699,38
2811701,49
2811703,33
2811704,1
2811705,43
2811706,36
2811708,9
2811712,18
2811713,9
2811714,1
2811715,7
2811716,45
2811717,109
2811718,13
2811723,15
2811726,16
2811727,54
2811728,2
2811730,25
2811733,33
2811736,17
2811737,7
2811738,2
2811739,10
2811741,8
2811742,121
2811743,63
2811744,26
2811751,1
2811755,1
2811770,17
2811785,16
2811787,7
2811792,20
2811793,96
2811797,12
2811801,3
2811813,13
2811814,2
2811817,12
2811827,36
2811833,22
2811835,43
2811837,49
2811838,145
2811842,15
2811843,5
2811847,1
2811848,16
2811849,5
2811850,2
2811851,3
2811852,10
2811853,3
2811855,3
2811856,6
2811859,2
2811863,3
2811865,3
2811867,2
2811868,9
2811869,32
2811870,32
2811871,15
2811872,2
2811873,29
2811874,6
2811875,48
2811876,17
2811877,26
2811878,10
2811879,5
2811880,31
2811881,16
2811882,12
2811883,27
2811884,4
2811886,21
2811887,11
2811889,3
2811891,11
2811892,25
2811893,23
2811894,3
2811895,63
2811897,2
2811898,21
2811899,12
2811900,6
2811901,7
2811902,16
2811903,13
2811904,1
2811905,19
2811906,23
2811907,17
2811908,57
2811909,3
2811910,2
2811911,14
2811912,8
2811914,101
2811915,10
2811916,16
2811917,2
2811918,11
2811920,16
2811921,7
2811922,42
2811923,20
2811924,62
2811925,46
2811927,2
2811929,3
2811932,86
2811933,5
2811936,2
2811938,2
2811939,5
2811940,25
2811941,1
2811942,21
2811943,57
2811944,5
2811946,10
2811947,26
2811948,41
2811949,16
2811950,14
2811952,9
2811954,1
2811955,18
2811957,1
2811959,19
2811960,21
2811961,1
2811962,4
2811964,6
2811965,24
2811966,4
2811967,73
2811969,47
2811970,1
2811971,5
2811972,14
2811973,11
2811974,55
2811975,24
2811976,1
2811977,11
2811978,1
2811979,9
2811980,17
2811982,3
2811983,41
2811984,22
2811985,30
2811986,10
2811987,1
2811988,24
2811989,7
2811990,9
2811992,34
2811993,34
2811994,1
2811996,15
2811998,8
2811999,16
2812000,47
2812001,8
2812002,13
2812003,1
2812004,2
2812007,8
2812008,46
2812009,1
2812010,2
2812011,22
2812013,18
2812014,11
2812015,1
2812016,20
2812017,39
2812020,27
2812021,2
2812023,10
2812024,1
2812025,15
2812026,13
2812027,4
2812028,1
2812029,9
2812030,1
2812032,2
2812033,46
2812034,1
2812035,58
2812036,21
2812037,20
2812038,1
2812039,6
2812040,1
2812041,41
2812042,3
2812044,2
2812046,10
2812048,1
2812050,24
2812052,10
2812053,16
2812055,38
2812059,2
2812060,2
2812064,58
2812065,29
2812066,13
2812067,1
2812069,20
2812072,10
2812073,31
2812074,27
2812079,2
2812087,16
2812089,27
2812096,90
2812097,21
2812098,4
2812099,4
2812107,23
2812111,16
2812118,11
2812120,30
2812131,2
2812133,2
2812135,6
2812149,1
2812154,3
2812160,2
2812164,21
2812185,2
2812196,12
2812197,28
2812201,61
2812203,3
2812204,1
2812208,14
2812215,5
2812216,2
2812230,3
2812232,27
2812233,1
2812234,1
2812236,1
2812239,2
2812241,1
2812242,18
2812248,16
2812249,2
2812250,1
2812251,35
2812252,1
2812254,18
2812257,1
2812260,2
2812261,1
2812262,1
2812263,3
2812264,2
2812270,1
2812291,1
2812296,1
2812297,5
2812298,3
2812305,60
2812306,50
2812307,40
2812308,40
2812309,40
2812310,30
2812311,30
2812312,29
2812313,30
2812314,30
2812315,30
2812316,30
2812317,30
2812318,30
2812319,29
2812320,30
2812321,30
2812322,29
2812323,30
2812324,25
2812325,25
2812326,25
2812327,25
2812328,25
2812329,20
2812330,20
2812331,20
2812332,20
2812333,20
2812334,20
2812335,20
2812336,15
2812337,15
2812338,10
2812339,10
2812340,5
2812341,5
2812342,5
2812343,5
2812344,5
2812345,10
2812346,5
2812347,5
2812348,5
2812349,5
2812350,5
2812351,4
2812352,6
2812353,2
2812354,5
2812355,2
2812356,5
2812357,2
2812358,2
2812359,5
2812360,2
2812361,5
2812362,5
2812363,5
2812364,2
2812365,5
2812366,25
2812368,2
2812369,2
2812370,2
2812371,2
2812372,20
2812373,20
2812374,15
2812375,15
2812376,12
2812377,10
2812378,10
2812380,5
2812381,5
2812382,5
2812383,5
2812384,5
2812385,5
2812386,21
2812387,2
2812388,2
2812389,2
2812390,2
2812391,2
2812392,2
2812393,2
2812395,2
2812396,2
2812397,2
2812398,2
2812399,2
2812400,2
2812401,2
2812402,2
2812403,2
2812404,2
2812405,1
2812406,2
2812407,5
2812408,2
2812409,2
2812410,2
2812411,2
2812412,2
2812413,2
2812414,2
2812416,2
2812417,2
2812418,2
2812419,1
2812420,2
2812421,2
2812422,2
2812423,2
2812424,2
2812425,2
2812426,2
2812427,2
2812428,2
2812429,2
2812430,2
2812431,2
2812433,2
2812434,2
2812435,2
2812437,2
2812438,2
2812439,2
2812440,2
2812443,2
2812444,2
2812445,2
2812454,2
2812457,2
2812469,1
2812470,2
2812471,2
2812472,2
2812473,2
2812474,2
2812475,2
2812476,2
2812477,2
2812478,2
2812C,1
2813C,10
2816C,27
2817C,120
2818C,122
2819C,29
2822C,1
2824C,7
2825C,2
2827C,3
2828C,2
2830C,6
2837C,2
2838C,1
2839C,51
2840C,5
2841C,10
2842C,36
2845C,11
2848C,44
284C,5
2850C,20
2851C,4
2853C,12
2855C,4
2856C,8
2859C,25
2862C,6
2864C,44
2866C,6
2868C,3
2873C,39
2875C,7
2878C,2
2879C,22
2881C,19
2882C,4
2883C,13
2886C,7
2887C,87
2890C,5
2891C,35
2893C,3
2894C,10
2896C,2
2897C,24
2898C,46
2909C,8
2910C,4
2911234,14
2911235,28
2911236,10
2911237,11
2911238,70
2911240,17
2911241,2
2911242,7
2911243,5
2911244,29
2911245,35
2911246,17
2911247,6
2911248,4
2911249,7
2911250,10
2911251,9
2911252,14
2911253,16
2911254,3
2911255,2
2911256,4
2911257,4
2911258,7
2911261,1
2911262,1
2911265,9
2911266,19
2911267,3
2911268,53
2911269,51
2911270,5
2911271,32
2911272,37
2911273,25
2911274,1
2911275,5
2911276,15
2911277,9
2911278,8
2911279,14
2911280,3
2911281,10
2911283,280
2911284,8
2911287,6
2911290,6
2911291,35
2911292,45
2911293,36
2911294,10
2911296,10
2911297,44
2911299,6
2911302,1
2911304,4
2911306,2
2911308,6
2911309,13
2911310,14
2911312,46
2911313,2
2911315,6
2911316,9
2911317,7
2911318,8
2911320,5
2911321,17
2911322,4
2911323,3
2911324,30
2911325,16
2911326,50
2911327,5
2911329,20
2911331,37
2911332,4
2911333,4
2911335,9
2911336,79
2911337,1
2911338,44
2911339,4
2911340,5
2911341,3
2911342,3
2911343,6
2911348,2
2911350,21
2911351,7
2911352,3
2911353,7
2911358,4
2911361,46
2911362,8
2911364,10
2911365,2
2911366,13
2911367,4
2911368,65
2911369,3
2911370,79
2911372,9
2911373,11
2911374,49
2911375,3
2911381,9
2911386,22
2911387,17
2911389,13
2911406,9
2911410,5
2911411,3
2911412,4
2911413,3
2911414,51
2911419,3
2911420,1
2911422,3
2911423,17
2911424,22
2911428,5
2911429,5
2911430,8
2911433,5
2911434,1
2911435,3
2911436,6
2911C,27
2912C,4
2916C,5
2917C,57
2918C,1
2919C,6
2920C,5
2921C,22
2922C,8
2923C,3
2924C,1
2925C,56
2928C,1
2929C,2
2930C,34
2933C,46
2935C,28
2936C,22
2937C,41
2938C,26
2939C,9
2941C,1
2942C,12
2946C,6
2952C,7
2954C,6
2955C,19
2956C,37
2957C,88
2961C,13
2962C,2
2968C,2
2972C,7
2973C,1
2975C,3
2976C,19
2977C,24
2978C,7
2980C,1
2984C,12
2985C,30
2986C,22
2987C,18
2988C,234
2989C,16
2992C,11
2993C,8
2994C,1
2995C,4
2997C,16
30001C,10
30003C,108
30004C,3
30005C,30
30006C,15
30007C,172
30008C,111
3000C,26
30012C,4
30013C,10
30014C,1
30015C,72
30015C,72
30016C,19
30017C,6
30019C,16
3001C,61
30020C,36
30021C,25
30022C,17
30024C,41
30025C,16
30026C,68
30027C,21
30028C,25
30029C,44
30029C,44
3002C,2
30030C,50
30030C,50
30031C,13
30031C,13
30032C,14
30033C,58
30033C,58
30035C,36
30035C,36
30036C,89
30037C,16
30038C,5
3003C,9
30040C,1
30041C,1
30042C,8
30043C,70
30043C,70
30044C,203
30046C,63
30046C,63
30047C,69
30048C,12
3004C,50
30050C,2
30051C,143
30052C,18
30053C,21
30054C,20
30054C,20
30057C,22
30058C,4
30059C,4
3005C,5
30060C,15
30062C,23
30063C,80
30063C,80
30064C,4
30065C,26
30066C,3
30069C,21
3006C,9
30071C,4
30072C,6
30073C,2
30075C,2
30076C,40
30077C,32
30081C,8
30082C,108
30082C,108
30083C,3
30084C,55
30085C,316
30085C,316
30085C,316
30085C,316
30086C,10
30086C,10
30087C,20
30088C,44
30089C,186
30089C,186
3008C,28
30090C,2
30091C,29
30092C,11
30093C,31
30094C,18
30096C,30
30097C,69
30099C,60
3009C,16
30101C,6
30102C,8
30103C,16
30104C,27
30105C,316
30105C,316
30105C,316
30105C,316
30108C,1
30109C,5
30110C,10
30113C,7
30114C,16
30116C,10
30118C,19
30119C,512
3011C,39
30121C,18
30122C,33
30125C,31
30127C,3
30128C,1
30129C,35
3012C,4
30130C,19
30131C,31
30132C,26
30135C,38
30137C,48
30138C,41
30139C,26
30141C,23
30142C,184
30143C,34
30146C,32
30147C,18
30148C,19
30149C,2
3014C,33
30150C,31
30153C,52
30154C,30
30155C,12
30157C,1
30160C,8
30162C,28
30165C,8
30166C,5
30167C,19
30169C,4
3016C,88
30170C,21
30171C,16
30172C,12
30173C,52
30174C,65
30175C,14
30176C,6
30177C,128
30179C,22
3017C,6
30180C,14
30182C,2
30183C,2
30184C,2
30185C,44
30188C,19
30189C,2
30190C,40
30191C,7
30192C,31
30193C,1
30196C,3
30197C,1
30198C,3
30199C,5
30202C,2
30204C,2
30206C,1
30208C,1
30209C,2
3020C,38
30210C,8
30212C,3
30213C,12
30215C,2
30218C,6
30219C,19
30222C,21
30223C,12
30224C,1
30226C,1
30227C,2
30228C,2
30229C,7
3022C,26
30230C,3
30231C,10
30232C,28
30233C,11
30234C,14
3023C,16
30240C,10
30241C,9
30246C,11
3024C,12
30254C,2
30255C,2
30256C,2
30257C,14
30258C,1
30259C,1
30261C,4
30262C,2
30265C,2
30266C,1
30267C,2
30269C,2
3026C,536
30272C,2
30273C,2
30274C,1
30275C,2
30277C,2
30278C,1
30279C,1
30280C,1
30281C,1
30285C,28
30288C,29
30289C,2
30292C,2
30298C,1
30301C,2
30308C,4
30308C,4
3030C,35
30310C,4
30314C,2
30314C,2
30315C,2
30315C,2
30317C,1
30317C,1
30326C,2
30327C,2
3032C,1
3033C,2
3034C,51
3042C,28
3045C,22
3047C,22
3050C,37
3051C,20
3052C,46
3053C,74
3054C,92
3055C,7
3056C,61
3057C,63
3058C,32
3060C,34
3061C,8
3063C,10
3064C,106
3066C,54
3069C,3
3070C,33
3074C,5
3075C,29
3076C,42
3077C,15
3078C,1
3079C,31
3080C,2
3081C,2
3082C,97
3085C,57
3086C,344
3089C,34
3092C,280
3093C,24
3094C,110
3097C,29
3098C,42
3099C,14
3100C,32
3101C,8
3102C,20
3103C,5
3105C,48
3107C,16
3108C,5
3109C,16
3111C,3
3112C,362
3115C,10
3116C,15
3118C,2
3119C,4
3140C,14
314C,17
3152C,26
3153C,54
3159C,29
3160C,15
3165C,7
3206C,5
3219,38
3219C,38
3220C,21
3224C,6
3237C,170
3238C,39
3239C,141
3240C,40
3244C,11
3245C,9
3246C,228
3247C,156
3248C,26
3249C,23
3253C,13
3254C,23
3255C,174
3257C,9
3258C,9
3259C,40
3261C,7
3263C,9
3264C,2
3265C,383
3267C,15
3268C,18
3269C,12
3278C,37
3279C,174
3280C,1
3281C,36
3282C,36
3283C,7
3284C,112
3286C,19
3287C,15
3289C,49
3290C,28
3294C,26
3295C,52
3296C,110
3298C,69
3299C,39
3300C,2
3304C,19
3314C,46
3318C,16
3320C,90
3323C,46
3325C,6
3331C,112
3343C,29
3344C,8
3345C,4
3347C,33
3348C,51
3349C,12
3354C,27
3360C,24
3361C,26
3362C,126
3367C,27
3377C,29
3378C,1
3379C,59
337C,20
3381C,88
3383C,6
3384C,16
3385C,29
3386C,16
3388C,38
3390C,143
3391C,31
3392C,25
3393C,109
3394C,53
3395C,35
3396C,103
3397C,16
3398C,17
3399C,14
3405C,7
3411234,42
3411237,97
3411238,54
3411239,150
3411240,263
3411241,2757
3411242,181
3411243,3204
3411245,66
3411247,4558
3411248,70
3411249,23827
3411250,1873
3411251,179
3411252,854
3411253,224
3411254,158
3411255,468
3411256,140
3411257,231
3411258,1
3411259,124
3411260,425
3411262,58
3411263,57
3411264,21
3411265,42
3411266,107
3411267,5
3411268,167
3411269,4
3411272,3
3411273,163
3411274,107
3411275,336
3411277,143
3411278,64
3411279,32
3411280,3
3411281,4
3411282,1
3411283,103
3411284,79
3411285,128
3411287,314
3411288,24
3411289,13
3411290,132
3411291,1
3411292,6
3411293,80
3411294,487
3411295,3
3411296,533
3411297,416
3411298,1
3411300,54
3411301,538
3411302,142
3411303,48
3411304,36
3411305,179
3411306,132
3411307,1
3411308,511
3411309,951
3411310,98
3411312,88
3411313,116
3411314,383
3411316,31
3411317,223
3411318,66
3411319,63
3411320,261
3411321,12
3411322,83
3411323,35
3411324,51
3411326,1
3411327,14
3411328,54
3411330,101
3411331,57
3411332,1
3411333,15
3411334,29
3411335,1
3411336,17
3411337,1
3411338,49
3411339,63
3411341,35
3411342,99
3411343,47
3411344,54
3411345,40
3411346,29
3411347,142
3411348,110
3411349,24
3411350,44
3411351,154
3411353,7
3411354,96
3411355,2
3411356,15
3411357,9
3411358,60
3411360,72
3411361,32
3411362,108
3411363,5
3411364,22
3411365,1
3411368,24
3411369,14
3411371,8
3411372,81
3411373,48
3411374,64
3411375,35
3411376,5
3411378,37
3411379,5
3411380,26
3411381,13
3411382,164
3411383,47
3411384,133
3411385,134
3411386,109
3411387,341
3411388,40
3411389,89
3411390,36
3411392,304
3411394,17
3411395,60
3411396,285
3411397,103
3411398,12
3411399,316
3411400,159
3411401,146
3411402,134
3411403,51
3411408,7
3411409,2
3411410,5
3411411,3
3411412,6
3411413,1
3411414,8
3411415,108
3411416,12
3411417,23
3411418,2
3411419,185
3411420,3
3411421,89
3411422,99
3411423,201
3411424,93
3411425,84
3411426,74
3411428,32
3411429,182
3411430,26
3411431,323
3411432,36
3411433,25
3411434,33
3411435,2
3411437,305
3411439,8
3411440,49
3411442,3
3411443,8
3411444,101
3411445,97
3411446,29
3411448,257
3411449,5
3411450,75
3411452,48
3411453,47
3411454,86
3411455,233
3411456,18
3411457,53
3411458,26
3411459,28
3411460,322
3411461,24
3411463,454
3411464,38
3411465,102
3411468,52
3411469,8
3411470,31
3411471,209
3411472,4
3411473,40
3411474,3
3411475,6
3411476,94
3411477,64
3411478,33
3411479,51
3411480,75
3411481,115
3411482,1214
3411483,29
3411484,108
3411485,104
3411486,14
3411487,101
3411488,858
3411489,270
3411491,139
3411492,85
3411493,68
3411494,48
3411495,481
3411496,83
3411498,106
3411499,69
3411500,230
3411501,377
3411502,672
3411506,112
3411507,40
3411508,39
3411509,14
3411510,3
3411511,6
3411512,19
3411513,6
3411514,361
3411515,129
3411516,777
3411517,61
3411518,912
3411519,329
3411520,49
3411521,11
3411522,10
3411524,98
3411525,13
3411526,113
3411527,9
3411528,1253
3411529,5
3411530,13
3411531,106
3411532,72
3411534,3
3411535,127
3411536,51
3411537,403
3411538,161
3411539,164
3411540,23
3411541,252
3411543,1020
3411544,568
3411546,963
3411547,58
3411548,136
3411549,83
3411550,283
3411551,48
3411552,18
3411553,28
3411554,55
3411555,45
3411556,32
3411557,1
3411558,501
3411559,50
3411561,73
3411562,2164
3411563,77
3411564,10
3411565,146
3411566,40
3411567,134
3411568,69
3411569,44
3411570,100
3411571,18
3411573,25
3411574,216
3411575,233
3411576,42
3411577,80
3411578,177
3411579,20
3411580,3
3411581,560
3411582,286
3411583,54
3411584,2
3411586,25
3411587,371
3411588,852
3411589,5
3411590,46
3411591,364
3411592,20
3411593,97
3411594,59
3411595,96
3411596,155
3411597,202
3411598,22
3411599,11
3411601,3
3411602,15
3411604,49
3411605,69
3411606,2
3411607,5
3411608,196
3411609,39
3411611,9
3411612,964
3411613,131
3411614,40
3411615,52
3411616,84
3411617,131
3411618,75
3411619,59
3411620,18
3411621,128
3411622,1
3411623,66
3411624,41
3411625,10
3411626,8
3411627,22
3411763,246
3411764,1
3411766,59
3411768,31
3411769,18
3411771,34
3411772,250
3411773,10
3411774,51
3411775,30
3411777,62
3411778,398
3411779,36
3411780,542
3411781,94
3411785,46
3411786,34
3411787,260
3411788,7
3411789,44
3411790,243
3411792,60
3411793,310
3411794,2
3411795,277
3411796,35
3411797,2
3411798,24
3411799,64
3411800,6
3411801,42
3411802,132
3411803,86
3411808,167
3411809,8
3411810,46
3411811,162
3411812,43
3411813,486
3411814,342
3411815,818
3411816,44
3411817,84
3411818,411
3411819,241
3411821,116
3411822,123
3411823,97
3411824,29
3411825,216
3411826,40
3411827,48
3411828,79
3411829,73
3411830,23
3411831,75
3411832,29
3411833,42
3411835,80
3411837,81
3411838,5
3411839,14
3411840,46
3411841,78
3411842,1
3411843,29
3411844,51
3411845,94
3411846,45
3411847,39
3411849,1488
3411850,42
3411853,35
3411855,43
3411856,31
3411858,42
3411859,16
3411860,646
3411861,4
3411862,326
3411863,189
3411864,164
3411868,46
3411869,163
3411870,293
3411871,66
3411872,214
3411873,15
3411874,32
3411876,6
3411877,36
3411879,22
3411880,30
3411881,30
3411882,30
3411883,4
3411884,1322
3411885,1005
3411888,2
3411889,69
3411890,44
3411891,9
3411892,26
3411893,9
3411895,18
3411896,187
3411897,1
3411898,1
3411899,132
3411900,210
3411902,17
3411903,42
3411904,379
3411905,278
3411906,7
3411907,32
3411908,1511
3411909,3
3411910,47
3411911,167
3411912,83
3411913,198
3411915,29
3411916,41
3411917,19
3411918,46
3411919,31
3411921,48
3411922,5
3411923,13
3411924,51
3411925,5
3411926,8
3411927,5
3411928,1
3411930,161
3411931,274
3411932,364
3411933,42
3411934,415
3411935,230
3411937,18
3411938,69
3411939,62
3411940,136
3411941,78
3411942,38
3411943,7
3411944,33
3411946,85
3411947,18
3411948,2
3411949,102
3411950,300
3411951,1
3411952,71
3411953,11
3411954,63
3411955,42
3411956,4
3411957,55
3411958,88
3411959,8
3411960,5
3411961,126
3411962,49
3411963,6
3411964,1
3411965,102
3411966,19
3411967,20
3411968,4
3411969,93
3411970,29
3411971,3
3411972,8
3411973,1
3411974,52
3411975,10
3411976,105
3411977,71
3411978,4
3411979,39
3411980,17
3411982,10
3411983,1
3411985,15
3411987,25
3411988,13
3411989,47
3411991,7
3411992,38
3411993,230
3411994,23
3411996,57
3411998,27
3411999,50
3412000,109
3412001,17
3412002,13
3412004,143
3412005,92
3412006,1
3412010,1
3412012,6
3412013,7
3412014,48
3412016,54
3412017,1
3412020,1
3412021,2
3412022,1
3412023,11
3412025,34
3412026,48
3412027,3
3412029,2
3412030,9
3412032,16
3412034,3
3412036,16
3412038,66
3412039,21
3412040,1
3412043,1
3412044,14
3412045,4
3412047,1
3412048,2
3412050,35
3412051,17
3412052,2
3412053,28
3412054,41
3412055,15
3412056,28
3412057,4
3412058,54
3412059,4
3412060,55
3412061,7
3412062,15
3412063,3
3412064,25
3412065,82
3412068,6
3412070,4
3412071,5
3412072,4
3412073,10
3412074,6
3412079,1
3412085,3
3412089,5
3412090,4
3412091,4
3412096,4
3420C,24
3422C,27
3423C,1
3424C,10
3431C,9
3438C,2
3441234,76
3441235,38
3441236,23
3441237,52
3441238,36
3441239,240
3441240,54
3441241,52
3441242,195
3441243,2
3443C,10
3445C,47
3457C,21
3462C,44
3464C,2
3467C,74
3468C,78
3472C,1
3474C,76
3478C,117
3480C,3
3481C,67
3490C,2
3491C,15
3492C,4
3493C,69
34G,9
34G,9
34G,9
34G,9
34GHR,17
34GHR,17
3500C,15
3506C,66
3507C,12
3513C,18
3519C,40
3523C,7
3525C,235
35282,588
3531C,93
35334,1572
35475,240
3554C,18
3555C,1
3557C,79
3558C,11
3559C,1
3563,2
3563C,1
3569C,87
3570C,19
3571C,19
3573C,43
3575C,93
3576C,76
3578C,25
3579C,23
3581C,4
3585C,51
3586C,222
3587C,23
3588C,25
3589C,71
3590C,16
3591C,18
3592C,50
3593C,49
3594C,46
3595C,1
3596C,35
3597C,34
3598C,164
3599C,406
3600C,52
3603C,96
3605C,606
3608C,75
3612C,122
3613C,4
3618C,598
3628C,91
3630C,17
3633C,125
3639C,519
3640C,89
3642C,88
3643C,10
3649C,123
3656C,119
3657C,119
3658C,21
3664C,45
3666C,28
3667C,13
3668C,3
3669C,251
3672C,82
3674C,52
3675C,62
3678C,105
3679,1
3680C,176
3682C,237
3683C,59
3684C,126
3686C,100
3687C,28
3687C,28
3688C,19
3689C,480
3690C,75
3691C,54
3692C,9
3693C,14
3694C,23
3695C,44
3696C,5
3699C,1
3700C,2
3733C,59
3737C,58
3738C,36
3739C,22
3746C,19
3747C,29
3748C,27
3749C,2
3753C,229
3760C,64
3761C,44
3762C,47
3764C,3
3765C,30
3766C,61
3767C,94
3768C,53
3769C,89
376C,2
3771C,171
3772C,34
3773C,18
3774C,176
3775C,42
3776C,26
3778C,57
3781,1
3782C,372
3783C,96
3784C,5
3785C,26
3786C,128
3787C,15
3788C,101
3789C,654
3790C,47
3791C,107
3792C,20
3793C,20
3794C,618
3795C,13
3796C,2
3799C,103
3802C,33
381C,13
3822C,1
3855C,356
3863C,3
3864C,224
3865C,103
3866C,52
3867C,38
3868C,60
3869C,315
3870C,28
3871C,11
3872C,3
3875C,20
3876C,52
3877C,9
3878C,100
3881C,30
3882C,112
3884C,25
3885C,133
3886C,167
3887,1
3887C,463
3888C,187
3889C,106
3890C,17
3891C,3
3892C,342
3893C,851
3894C,107
3895C,13
3896C,3
3897C,75
3898C,3
3899C,3
3902C,19
3911C,281
3931C,13
3932C,3
3936C,404
3937C,369
3942C,24
3943C,6
3944C,1
3946C,15
3947C,51
3948C,374
3965C,308
3967C,56
3968C,44
3974C,4
3975C,580
3976C,66
3978C,32
3979C,37
3981C,92
3982C,217
3983C,23
3985C,57
3986C,103
3987C,46
3988C,10
3989C,65
3991C,4
3992C,2
3993C,11
3995C,175
3996C,18
3997C,376
3998C,31
4005C,1
4008C,58
4011234,10
4011235,7
4011237,21
4011239,1
4011240,1
4011241,3
4011242,8
4011243,1
4011244,8
4011245,1
4011247,4
4011249,7
4011252,3
4011253,4
4011257,4
4011259,4
4011261,1
4011262,18
4011264,3
4011265,2
4011271,3
4011369,1
4011370,3
4011381,4
4011382,2
4011383,9
4011384,5
4011388,3
4011390,1
4011C,79
4012C,22
4013C,58
4019C,12
4020C,12
4029C,10
4036C,3
4054C,20
4055C,172
4063C,82
4066C,12
4069C,14
4083C,43
4084C,11
4097C,12
4101C,3
4102C,9
4103C,27
4104C,77
4106C,60
4115C,49
41-168,52
4117C,2
4118C,30
4119C,99
4124C,1
4127C,17
4128C,418
4137C,20
4139,1
4143C,35
4144,16
4145C,15
4152C,18
4153C,79
4165C,309
4167,2
4168C,65
4173C,53
4182C,19
4184C,20
4189C,47
4192C,33
4201C,247
4202S,2
4211C,74
4212S,3
4214C,74
4214S,2
4215S,2
4216S,1
4218S,2
4221C,1
4222C,48
4224C,24
4226C,45
4226S,2
4227C,39
4227S,2
4229C,46
4230C,283
4232C,161
4233C,19
4236C,5
4237C,13
4238C,52
4239C,88
4240C,23
4241C,55
4242C,4
4243C,21
4246C,3
4252C,139
4253C,11
4254C,2
4258C,9
4277C,20
4279C,1
4281C,1
4282C,143
4283C,1828
4283C,1828
4284C,101
4290C,44
4291C,208
4293C,61
4294C,9
4295C,312
4297C,8
4298C,46
4299C,68
4302C,422
4307C,2
4311234,25
4311235,15
4311236,5
4311237,7
4311238,1
4311240,73
4311241,28
4311242,1
4311243,5
4311244,3
4311245,7
4311253,11
4311256,3
4311257,16
4312C,2
4321237,41
4321241,36
4321242,33
4321243,43
4321245,31
4321253,1
4321259,16
4321260,1
4321261,20
4321263,17
4321267,28
4321270,1
4321277,3
4321285,3
4321286,7
4321287,103
4321288,38
4321289,17
4321291,22
4321292,3
4321293,34
4321294,1
4321295,38
4321297,24
4321299,1
4321300,33
4321301,11
4321302,7
4321303,57
4321346,1
4321353,2
4321357,3
4321361,1
4321369,3
4321375,1
4321376,2
4321378,5
4321381,1
4321384,7
4321387,2
4321388,1
4321390,3
4321391,3
4321397,4
4321398,39
4321405,2
4321411,1
4321413,1
4321417,1
4321419,1
4321421,3
4321438,18
4321439,2
4321440,1
4321441,1
4321C,9
4326C,8
4329C,9
43-3045-1112,4
4331C,8
433C,30
4340C,16
4345C,17
434C,3
4361C,41
4365C,23
4367C,52
4369C,90
4375C,36
4379C,35
4380C,6
4381C,5
4389C,11
4392C,210
4393C,77
4395C,49
4402C,20
4404C,11
4413C,50
4421C,47
4423C,108
4424C,15
4429C,2
4431C,32
4433C,9
4434C,1
4435C,63
4436C,229
4437C,28
4438C,46
4439C,26
4440C,3
4441C,8
4442C,10
4443C,21
4445C,24
4446C,1
4447C,11
4448C,5
444C,5
4454C,74
4459C,148
4460C,25
4462C,3
4469C,29
4473C,34
4480C,21
4486C,5
4487C,14
4487EZ,12
4489EZ,6
4503C,8
4507C,1
4512BC,1
4513C,71
4516C,62
4519C,86
4531C,155
4536C,14
4537C,379
453C,8
4543C,51
4544C,306
4548C,46
4549C,52
4550C,28
4553C,5
4557C,11
4560C,200
4562C,60
4569C,8
4570C,15
4576C,12
4579C,30
4580C,70
4586C,24
4588C,10
4590C,1
4602C,14
4604C,2
4605C,2
4612C,30
4614C,202
4616C,5
4620C,25
4623C,37
4625C,5
4627C,118
4628C,16
4629C,44
4642SR,5
4643C,1
4643SR,6
4645SR,3
4648C,13
4651C,5
4659C,18
4660C,29
4664C,32
4677C,3
4678C,205
4681C,15
4688C,7
4689C,434
4690C,21
4695C,41
4696C,1
4697C,3
4702C,12
4704C,28
4707C,45
4711238,2
4711241,1
4711243,6
4711245,8
4711250,2
4711257,15
4711262,1
4711266,15
4711267,2
4711270,52
4711271,97
4711272,38
4711274,44
4711276,31
4711277,1
4711280,21
4711281,2
4711286,58
4711287,84
4711288,47
4711289,3
4711290,15
4711292,4
4711294,3
4711295,19
4711299,11
4711300,3
4711304,11
4711305,16
4711306,6
4711308,14
4711309,118
4711310,12
4711311,63
4711313,30
4711315,1
4711316,12
4711318,18
4711319,10
4711320,5
4711322,12
4711323,11
4711324,7
4711325,2
4711328,9
4711330,1
4711332,60
4711333,11
4711335,7
4711336,6
4711337,30
4711344,1
4711345,4
4711346,1
4711348,8
4711349,47
4711352,18
4711355,11
4711360,36
4711361,1
4711362,52
4711363,2
4711366,46
4711368,1
4711370,23
4711372,3
4711374,1
4711375,19
4711381,7
4711382,11
4711386,3
4711387,12
4711389,23
4711391,60
4711393,14
4711394,9
4711395,33
4711396,100
4711397,80
4711398,12
4711399,2
4711400,1
4711403,5
4711404,6
4711405,3
4711410,14
4711413,12
4711414,3
4711415,23
4711416,1
4711417,14
4711418,6
4711422,33
4711423,146
4711424,22
4711425,28
4711428,11
4711432,7
4711435,7
4711438,62
4711439,19
4711442,4
4711450,1
4711458,26
4711460,1
4711461,11
4711462,5
4711482,1
4711484,19
4711485,21
4711493,1
4711495,1
4711498,2
4711499,1
4711500,2
4711503,16
4711505,40
4711507,9
4711508,19
4711516,2
4711517,1
4711520,10
4711521,5
4711522,5
4711523,15
4711524,5
4711525,23
4711527,20
4711529,5
4711530,1
4711531,20
4711532,4
4711533,33
4711534,7
4711535,1
4711537,6
4711538,31
4711539,13
4711540,1
4711541,22
4711543,170
4711544,2
4711545,115
4711546,11
4711547,20
4711548,26
4711549,49
4711550,14
4711551,3
4711554,9
4711555,12
4711556,9
4711558,22
4711559,25
4711560,32
4711587,3
4711603,1
4711618,3
4711624,3
4711625,7
4711626,13
4711628,2
4711629,40
4711630,246
4711633,5
4711637,6
4711639,33
4711640,3
4711642,3
4711643,5
4711648,3
4711649,4
4711651,13
4711652,12
4711653,11
4711655,5
4711656,5
4711663,2
4711666,29
4711671,1
4711672,54
4711673,3
4711674,9
4711675,3
4711676,5
4711678,148
4711679,47
4711681,1
4711682,19
4711683,4
4711685,1
4711689,4
4711692,1
4711694,4
4711695,6
4711696,3
4711698,6
4711703,1
4711704,4
4711711,2
4711715,2
4711718,3
4711721,2
4711723,7
4711724,4
4711726,7
4711727,15
4711732,42
4711733,11
4711735,26
4711736,10
4711738,1
4711746,12
4711748,6
4711749,4
4711750,3
4711752,9
4711754,19
4711757,4
4711758,29
4711759,95
4711760,2
4711762,17
4711763,6
4711764,17
4711765,10
4711768,2
4711769,259
4711770,6
4711771,21
4711773,20
4711774,9
4711780,22
4711781,10
4711782,4
4711783,3
4711784,1
4711786,2
4711787,13
4711791,1
4711792,5
4711795,13
4711796,20
4711797,56
4711798,25
4711799,122
4711800,16
4711802,26
4711803,5
4711804,20
4711805,119
4711807,60
4711808,1
4711809,17
4711810,56
4711811,6
4711813,5
4711814,3
4711816,111
4711819,13
4711821,23
4711824,21
4711829,94
4711831,73
4711834,1
4711835,31
4711844,8
4711846,9
4711855,4
4711857,7
4711858,6
4711859,24
4711860,1
4711865,26
4711869,2
4711870,6
4711873,48
4711874,16
4711875,8
4711876,11
4711877,7
4711878,1
4711880,5
4711881,24
4711882,1
4711883,111
4711884,2
4711885,18
4711887,47
4711888,18
4711889,43
4711890,5
4711891,7
4711892,16
4711893,39
4711894,16
4711895,75
4711896,14
4711897,31
4711898,42
4711900,3
4711901,4
4711903,5
4711904,2
4711905,8
4711906,3
4711907,37
4711908,3
4711909,17
4711910,175
4711911,2
4711912,2
4711913,1
4711914,7
4711915,22
4711916,1
4711918,66
4711919,5
4711920,69
4711922,1
4711936,3
4711943,3
4711945,1
4711948,3
4711959,12
4711962,29
4711967,1
4711971,2
4711976,1
4711977,79
4711978,34
4711981,7
4711983,14
4711988,59
4711989,12
4711992,2
4711993,3
4711995,16
4711996,10
4711998,8
4711C,36
4712000,4
4712001,7
4712004,33
4712005,1
4712006,136
4712009,172
4712010,463
4712011,17
4712012,3
4712013,12
4712014,65
4712016,6
4712018,2
4712019,17
4712020,69
4712022,4
4712023,20
4712025,14
4712026,1
4712027,21
4712028,5
4712033,33
4712034,28
4712035,6
4712037,22
4712039,1
4712040,1
4712041,24
4712042,67
4712044,9
4712046,11
4712047,10
4712049,6
4712050,1
4712051,29
4712052,36
4712054,11
4712056,9
4712058,45
4712059,48
4712061,131
4712065,9
4712067,23
4712069,10
4712070,39
4712071,14
4712072,4
4712073,16
4712076,15
4712077,14
4712078,65
4712079,44
4712082,19
4712083,9
4712084,41
4712086,43
4712087,33
4712088,18
4712089,7
4712090,2
4712091,6
4712092,14
4712093,46
4712095,25
4712096,22
4712097,18
4712098,1
4712100,26
4712103,22
4712104,22
4712105,3
4712107,2
4712108,311
4712109,10
4712111,2
4712112,26
4712114,1
4712115,25
4712116,22
4712119,5
4712121,7
4712122,33
4712125,21
4712126,5
4712127,7
4712129,30
4712130,7
4712131,10
4712132,122
4712132,122
4712133,72
4712134,4
4712137,34
4712139,10
4712140,3
4712142,38
4712143,265
4712144,15
4712145,4
4712146,95
4712148,18
4712150,7
4712153,1
4712156,1
4712157,71
4712158,24
4712160,55
4712161,195
4712162,6
4712164,19
4712165,6
4712166,123
4712167,1
4712170,46
4712171,30
4712172,17
4712173,32
4712174,92
4712175,3
4712176,58
4712177,14
4712178,73
4712181,8
4712184,7
4712185,105
4712186,16
4712187,11
4712188,16
4712189,4
4712190,39
4712193,13
4712194,52
4712195,73
4712196,36
4712197,9
4712198,25
4712199,23
4712200,9
4712201,15
4712202,152
4712204,2
4712205,22
4712207,2
4712208,2
4712209,4
4712210,23
4712211,3
4712212,2
4712213,1
4712214,2
4712215,109
4712216,12
4712217,56
4712220,1
4712221,2
4712223,3
4712224,10
4712225,32
4712227,4
4712228,6
4712231,33
4712234,1
4712235,1
4712239,5
4712241,9
4712242,142
4712243,27
4712244,46
4712245,11
4712246,6
4712247,12
4712248,36
4712250,33
4712252,34
4712254,5
4712256,22
4712257,2
4712259,1
4712260,15
4712263,1
4712264,6
4712265,5
4712266,29
4712269,1
4712270,6
4712272,22
4712273,20
4712274,24
4712275,1
4712276,28
4712277,14
4712279,9
4712281,1
4712284,2
4712285,32
4712286,5
4712288,20
4712291,8
4712293,6
4712300,17
4712301,4
4712302,2
4712303,27
4712304,5
4712306,15
4712307,12
4712308,26
4712309,2
4712311,1
4712312,1
4712323,2
4712324,3
4712325,1
4712327,29
4712330,29
4712331,26
4712332,1
4712335,4
4712340,21
4712346,2
4712347,1
4712C,1
4716C,1
4718C,46
4719C,5
4720C,431
4722C,95
4724C,35
4726C,62
4728C,17
4729C,5
4730C,74
4739C,198
4740C,1
4741C,29
4742C,23
4744C,38
4748SR,5
4749C,6
4758C,5
4759C,280
4761C,121
4762C,12
4763C,22
4765C,30
4766C,22
4768C,133
4773C,17
4774C,4
4779C,123
4784C,15
4786C,13
4787C,12
4789C,1
4793C,8
4794C,2
4798C,25
4799C,1
4802C,27
4803C,1
4806C,78
4808C,4
4810C,8
4811234,36
4811238,2
4811239,61
4811243,68
4811249,2
4811251,14
4811255,28
4811257,14
4811259,204
4811264,111
4811266,141
4811267,35
4811268,20
4811269,391
4811275,82
4811276,29
4811277,439
4811278,37
4811279,33
4811280,44
4811281,26
4811282,29
4811283,40
4811284,3
4811292,1
4811293,146
4811294,7
4811295,19
4811296,1
4811297,68
4811298,36
4811299,8
4811300,19
4811301,4
4811302,24
4811304,1
4811305,1
4811309,40
4811311,4
4811313,54
4811315,67
4811317,2
4811318,3
4811321,5
4811327,9
4811332,94
4811336,51
4811337,9
4811339,44
4811341,4
4811345,3
4811346,1
4811350,10
4811355,6
4811359,95
4811360,41
4811363,83
4811365,85
4811367,2
4811368,3
4811369,60
4811372,16
4811373,3
4811375,41
4811376,1
4811378,1
4811383,4
4811388,117
4811389,2
4811390,1
4811391,28
4811392,19
4811394,3
4811395,4
4811397,17
4811400,4
4811401,1
4811402,1
4811406,24
4811408,3
4811409,4
4811410,12
4811420,57
4811423,44
4811424,33
4811425,15
4811426,6
4811428,6
4811429,3
4811430,100
4811431,4
4811432,2
4811433,37
4811435,39
4811437,8
4811440,28
4811446,42
4811447,3
4811448,5
4811453,1
4811454,4
4811455,1
4811457,1
4811460,8
4811462,1
4811464,3
4811465,19
4811467,1
4811472,35
4811473,38
4811474,6
4811475,1
4811480,16
4811483,63
4811484,138
4811485,76
4811486,20
4811487,5
4811488,39
4811490,15
4811491,63
4811492,4
4811493,1
4811494,45
4811495,4
4811496,86
4811497,33
4811498,2
4811499,145
4811501,1
4811502,25
4811503,109
4811504,274
4811505,108
4811506,37
4811507,17
4811509,23
4811510,4
4811511,2
4811512,46
4811513,10
4811514,30
4811515,33
4811516,16
4811518,27
4811519,134
4811520,1
4811521,1
4811522,24
4811523,33
4811524,5
4811527,194
4811528,26
4811530,40
4811531,5
4811532,18
4811533,39
4811535,16
4811536,50
4811538,1
4811539,241
4811540,55
4811542,94
4811544,3
4811545,4
4811546,6
4811548,29
4811549,35
4811551,4
4811552,24
4811553,7
4811554,1
4811555,12
4811557,34
4811558,281
4811560,95
4811561,61
4811562,21
4811563,113
4811564,51
4811565,42
4811566,1
4811567,46
4811568,55
4811569,137
4811570,120
4811571,8
4811574,41
4811575,7
4811576,35
4811579,4
4811580,12
4811582,32
4811583,122
4811584,416
4811585,23
4811586,284
4811587,23
4811588,50
4811591,19
4811592,142
4811594,210
4811595,16
4811596,161
4811598,212
4811599,96
4811600,584
4811601,5
4811602,26
4811603,123
4811604,142
4811605,88
4811606,6
4811607,22
4811608,29
4811609,9
4811610,37
4811611,31
4811612,27
4811614,29
4811616,4
4811617,7
4811618,20
4811622,20
4811624,50
4811625,29
4811627,15
4811628,9
4811629,73
4811630,31
4811632,17
4811633,53
4811634,203
4811635,14
4811637,122
4811638,339
4811639,29
4811640,71
4811641,24
4811642,12
4811643,13
4811644,239
4811645,26
4811646,20
4811648,19
4811649,7
4811651,195
4811652,8
4811653,7
4811654,25
4811655,26
4811656,32
4811657,49
4811658,9
4811659,29
4811660,59
4811661,40
4811662,35
4811663,95
4811664,82
4811665,26
4811666,138
4811667,26
4811668,77
4811669,123
4811670,37
4811671,148
4811672,61
4811673,13
4811674,14
4811675,38
4811676,261
4811677,13
4811678,137
4811679,43
4811681,30
4811683,26
4811684,20
4811685,18
4811686,18
4811687,473
4811689,82
4811690,252
4811691,45
4811692,26
4811693,1310
4811694,18
4811695,72
4811696,13
4811698,72
4811699,192
4811700,60
4811701,2
4811702,18
4811704,29
4811707,1
4811710,3
4811717,6
4811718,3
4811719,20
4811721,4
4811722,25
4811723,28
4811724,28
4811730,15
4811731,13
4811732,22
4811733,3
4811735,28
4811736,11
4811739,14
4811740,38
4811741,24
4811742,10
4811743,20
4811744,36
4811745,28
4811746,55
4811748,16
4811749,12
4811750,37
4811751,14
4811752,17
4811753,2
4811756,31
4811757,4
4811758,3
4811759,26
4811762,25
4811763,23
4811764,18
4811767,9
4811768,10
4811770,129
4811771,82
4811772,29
4811773,9
4811774,39
4811775,31
4811776,1
4811777,43
4811780,147
4811782,20
4811783,50
4811784,46
4811786,22
4811787,120
4811788,35
4811789,15
4811790,41
4811791,46
4811792,24
4811793,17
4811794,1
4811795,30
4811796,9
4811797,26
4811798,117
4811799,27
4811801,22
4811802,7
4811803,49
4811804,29
4811805,50
4811806,134
4811807,28
4811809,28
4811810,28
4811812,17
4811813,24
4811814,36
4811815,10
4811816,14
4811817,46
4811818,58
4811819,12
4811820,6
4811822,14
4811823,1
4811824,27
4811827,2
4811831,1
4811832,46
4811835,1
4811841,82
4811848,3
4811849,66
4811852,27
4811853,15
4811855,31
4811858,3
4811859,3
4811867,4
4811874,10
4811876,122
4811877,82
4811878,8
4811879,20
4811880,48
4811883,260
4811884,306
4811885,278
4811886,59
4811887,16
4811888,50
4811889,22
4811890,26
4811891,43
4811892,23
4811893,19
4811894,35
4811895,36
4811896,30
4811897,35
4811898,165
4811899,31
4811900,16
4811901,40
4811902,16
4811903,73
4811904,59
4811905,38
4811906,116
4811907,158
4811908,26
4811909,34
4811910,12
4811911,19
4811912,66
4811914,2
4811915,5
4811917,4
4811918,1
4811919,4
4811922,14
4811928,1
4811930,86
4811932,27
4811933,8
4811934,89
4811935,49
4811936,112
4811937,17
4811938,266
4811940,28
4811941,5
4811943,4
4811944,5
4811949,45
4811950,69
4811952,64
4811954,5
4811958,20
4811960,1
4811961,2
4811962,2
4811963,49
4811964,111
4811965,27
4811966,10
4811967,17
4811968,17
4811969,27
4811970,9
4811971,27
4811972,49
4811973,76
4811974,40
4811975,166
4811976,25
4811977,23
4811978,6
4811980,22
4811981,27
4811982,24
4811983,8
4811984,18
4811985,8
4811986,23
4811987,5
4811988,321
4811989,35
4811990,9
4811991,7
4811992,98
4811993,15
4811994,75
4811995,15
4811996,25
4811997,19
4811998,15
4811999,240
4811C,1
4812001,16
4812002,18
4812003,120
4812004,43
4812005,37
4812006,21
4812007,1
4812008,14
4812009,3
4812014,16
4812015,22
4812016,3
4812019,74
4812020,9
4812022,11
4812023,7
4812024,50
4812025,83
4812027,3
4812031,30
4812032,49
4812033,20
4812034,22
4812035,3
4812036,10
4812037,9
4812038,4
4812039,5
4812040,17
4812042,29
4812044,9
4812045,98
4812046,2
4812047,20
4812048,8
4812049,1
4812050,50
4812051,23
4812053,59
4812054,16
4812055,6
4812056,13
4812057,48
4812058,21
4812059,24
4812060,96
4812061,20
4812062,22
4812063,21
4812064,17
4812066,19
4812067,47
4812068,142
4812069,162
4812071,14
4812072,23
4812073,32
4812074,31
4812075,32
4812079,30
4812080,16
4812082,134
4812083,19
4812084,15
4812085,10
4812086,7
4812089,22
4812090,14
4812091,39
4812092,41
4812093,24
4812094,38
4812095,26
4812096,51
4812097,11
4812099,5
4812100,11
4812101,32
4812102,15
4812104,32
4812105,10
4812107,22
4812108,1
4812109,5
4812110,69
4812111,41
4812113,43
4812114,39
4812117,25
4812119,12
4812120,2
4812121,22
4812123,22
4812124,41
4812125,25
4812126,8
4812127,25
4812128,24
4812133,7
4812140,127
4812142,13
4812143,2
4812145,25
4812146,31
4812147,19
4812148,1
4812149,25
4812150,1
4812153,9
4812156,2
4812163,16
4812166,5
4812167,4
4812170,2
4812171,7
4812172,2
4812173,7
4812174,36
4812175,4
4812176,19
4812177,11
4812178,1
4812182,5
4812185,2
4812186,29
4812187,25
4812190,1
4812191,2
4812192,6
4812198,1
4812199,16
4812201,4
4812202,2
4812203,10
4812204,22
4812205,2
4812206,22
4812207,24
4812208,28
4812210,17
4812213,3
4812214,2
4812216,19
4812219,3
4812220,5
4812221,2
4812222,1
4812224,10
4812225,3
4812226,18
4812227,9
4812228,17
4812229,18
4812230,22
4812231,24
4812233,2
4812234,16
4812235,50
4812236,5
4812238,374
4812239,1
4812240,2
4812241,7
4812242,5
4812243,11
4812244,5
4812245,2
4812246,2
4812247,1
4812248,1
4812250,6
4812256,4
4812258,1
4812259,4
4812260,1
4812261,46
4812263,52
4812264,1
4812265,16
4812268,1
4812273,10
4812274,3
4812275,53
4812277,2
4812280,4
4812281,2
4812283,24
4812287,16
4812288,4
4812289,2
4812290,32
4812291,5
4812293,4
4812294,74
4812295,3
4812296,20
4812297,42
4812298,9
4812299,5
4812300,4
4812302,1
4812303,12
4812304,1
4812305,1
4812309,36
4812310,2
4812312,137
4812313,1
4812315,11
4812317,3
4812319,22
4812320,1
4812321,11
4812322,2
4812325,7
4812327,17
4812330,29
4812331,2
4812332,1
4812333,1
4812334,35
4812337,1
4812338,1
4812344,7
4812345,36
4812349,24
4812350,1
4812351,9
4812353,11
4812354,2
4812356,2
4812357,3
4812358,6
4812359,14
4812360,27
4812361,10
4812362,1
4812364,13
4812365,30
4812366,7
4812369,52
4812370,61
4812371,49
4812373,12
4812375,1
4812377,3
4812383,1
4812384,21
4812386,8
4812387,3
4812390,3
4812391,1
4812400,1
4812409,1
4812410,1
4812411,8
4812414,2
4812415,1
4812416,5
4812417,47
4812418,1
4812419,2
4812420,1
4812423,5
4812426,3
4812427,5
4812428,28
4812430,12
4812431,18
4812432,4
4812433,29
4812434,13
4812435,3
4812436,13
4812437,54
4812438,28
4812440,4
4812442,33
4812443,22
4812444,19
4812445,26
4812446,74
4812447,84
4812449,80
4812450,11
4812451,5
4812452,1
4812453,14
4812454,8
4812457,28
4812460,51
4812461,60
4812462,28
4812463,2
4812467,4
4812468,10
4812469,60
4812472,8
4812475,29
4812478,23
4812479,73
4812480,55
4812481,49
4812482,7
4812483,23
4812484,6
4812485,7
4812486,245
4812487,29
4812489,17
4812490,30
4812491,13
4812492,67
4812493,19
4812494,25
4812497,1
4812498,1
4812499,1
4812500,4
4812501,3
4812502,6
4812503,17
4812504,2
4812505,3
4812506,10
4812507,12
4812508,92
4812509,34
4812512,13
4812513,20
4812514,23
4812516,13
4812517,9
4812519,9
4812520,38
4812521,15
4812522,86
4812523,28
4812524,9
4812525,36
4812529,81
4812530,14
4812531,35
4812532,26
4812533,33
4812534,3
4812535,46
4812536,107
4812537,78
4812538,14
4812539,13
4812541,54
4812542,11
4812544,2
4812555,28
4812556,40
4812557,17
4812558,7
4812559,4
4812560,15
4812561,7
4812562,3
4812563,18
4812564,41
4812565,28
4812566,9
4812567,10
4812568,5
4812569,15
4812570,9
4812571,27
4812572,3
4812573,28
4812574,73
4812575,4
4812576,8
4812577,20
4812578,25
4812580,4
4812581,28
4812582,4
4812583,11
4812584,59
4812585,18
4812586,42
4812588,56
4812589,25
4812591,10
4812592,5
4812593,18
4812596,22
4812598,26
4812599,14
4812600,17
4812601,14
4812602,33
4812605,5
4812606,37
4812607,10
4812608,15
4812609,1
4812610,14
4812611,7
4812612,10
4812613,57
4812614,2
4812615,56
4812616,36
4812617,50
4812618,22
4812619,42
4812620,71
4812621,10
4812622,1
4812626,5
4812628,51
4812629,1
4812630,31
4812631,22
4812632,44
4812633,39
4812636,31
4812637,6
4812638,19
4812743,30
4812745,4
4812746,30
4812747,23
4812748,30
4812749,20
4812751,27
4812752,21
4812753,25
4812755,12
4812756,2
4812757,17
4812758,22
4812759,3
4812760,6
4812761,12
4812762,6
4812763,5
4812764,38
4812765,1
4812766,24
4812767,24
4812768,21
4812769,7
4812770,14
4812772,34
4812773,14
4812774,28
4812775,12
4812776,26
4812777,25
4812778,9
4812779,10
4812780,17
4812782,12
4812783,15
4812784,16
4812785,5
4812786,19
4812787,23
4812788,3
4812789,19
4812790,8
4812791,49
4812792,15
4812793,21
4812794,11
4812795,2
4812796,15
4812797,14
4812798,21
4812799,8
4812800,21
4812801,21
4812802,7
4812803,8
4812805,17
4812806,16
4812807,22
4812809,3
4812812,2
4812813,36
4812814,18
4812815,14
4812816,35
4812817,23
4812819,16
4812820,56
4812821,21
4812822,47
4812823,74
4812824,33
4812825,18
4812826,49
4812828,26
4812829,22
4812831,2
4812834,26
4812835,54
4812836,29
4812837,14
4812840,2
4812841,30
4812842,128
4812843,17
4812844,23
4812845,64
4812846,8
4812847,38
4812848,7
4812849,33
4812851,3
4812852,251
4812853,21
4812855,154
4812856,40
4812858,72
4812859,29
4812860,28
4812862,29
4812863,7
4812864,30
4812865,28
4812866,36
4812867,65
4812868,123
4812869,23
4812870,3
4812871,14
4812872,8
4812874,1
4812876,4
4812877,3
4812878,2
4812879,43
4812881,168
4812882,24
4812883,36
4812884,114
4812885,50
4812886,18
4812887,4
4812888,33
4812889,21
4812890,12
4812891,9
4812892,23
4812893,57
4812894,6
4812895,25
4812896,1
4812897,29
4812898,15
4812899,46
4812900,7
4812901,17
4812902,15
4812905,6
4812906,88
4812907,73
4812908,5
4812909,5
4812910,13
4812911,6
4812912,38
4812913,1
4812914,5
4812915,1
4812917,1
4812918,66
4812919,2
4812921,28
4812922,6
4812923,6
4812924,5
4812925,29
4812926,20
4812927,40
4812928,25
4812929,11
4812930,46
4812931,48
4812932,3
4812933,21
4812934,5
4812937,87
4812938,88
4812939,43
4812940,36
4812941,32
4812942,1
4812944,22
4812945,17
4812946,25
4812947,559
4812948,2
4812950,19
4812951,33
4812952,3
4812955,84
4812956,2
4812957,2
4812958,27
4812960,21
4812961,27
4812966,18
4812969,8
4812972,3
4812973,14
4812977,6
4812979,40
4812980,19
4812981,18
4812982,27
4812984,34
4812985,45
4812987,25
4812988,9
4812989,4
4812990,1
4812991,4
4812993,29
4812994,17
4812997,1
4812998,1
4813000,2
4813001,2
4813004,3
4813005,3
4813006,15
4813007,1
4813009,2
4813010,1
4813012,2
4813013,7
4813014,45
4813015,22
4813016,47
4813017,26
4813018,6
4813019,59
4813020,22
4813022,9
4813024,114
4813025,21
4813026,32
4813027,44
4813028,64
4813029,34
4813030,15
4813031,27
4813032,13
4813033,74
4813034,14
4813035,1
4813036,41
4813037,2
4813038,5
4813039,72
4813041,52
4813042,28
4813043,1
4813044,34
4813045,30
4813046,29
4813047,26
4813050,19
4813051,12
4813052,22
4813053,26
4813055,2
4813056,21
4813057,13
4813058,32
4813059,10
4813060,45
4813061,8
4813063,25
4813065,16
4813067,22
4813068,136
4813069,42
4813071,2
4813074,14
4813076,2
4813077,28
4813078,22
4813079,1
4813081,1
4813082,16
4813084,1
4813085,2
4813091,5
4813097,1
4813099,12
4813100,5
4813103,57
4813104,23
4813105,26
4813107,5
4813111,2
4813112,19
4813113,7
4813114,8
4813115,9
4813116,26
4813117,13
4813119,13
4813121,24
4813123,20
4813124,31
4813125,11
4813129,26
4813130,27
4813131,18
4813134,12
4813137,18
4813138,34
4813140,64
4813143,8
4813144,24
4813145,21
4813146,11
4813147,19
4813148,27
4813149,13
4813150,8
4813152,17
4813153,21
4813154,25
4813155,20
4813157,27
4813158,3
4813159,15
4813160,27
4813161,1
4813162,6
4813163,14
4813164,33
4813165,1
4813166,34
4813167,60
4813168,13
4813170,26
4813174,18
4813175,41
4813176,22
4813177,27
4813178,33
4813179,20
4813180,1
4813181,27
4813183,7
4813185,1
4813186,20
4813187,13
4813188,58
4813192,13
4813193,19
4813196,46
4813197,25
4813198,9
4813201,62
4813202,13
4813203,3
4813204,1
4813205,13
4813208,23
4813209,2
4813210,129
4813211,2
4813212,33
4813216,39
4813217,33
4813219,32
4813223,26
4813224,79
4813225,4
4813230,44
4813231,34
4813232,16
4813234,1
4813237,3
4813239,3
4813240,15
4813244,1
4813245,2
4813248,1
4813250,2
4813251,2
4813254,12
4813255,21
4813256,17
4813258,26
4813259,43
4813261,5
4813263,17
4813264,64
4813265,9
4813266,19
4813269,2
4813271,2
4813273,5
4813276,29
4813277,1
4813278,20
4813279,73
4813280,37
4813281,5
4813282,29
4813283,19
4813284,32
4813286,34
4813287,50
4813288,9
4813289,20
4813290,19
4813292,3
4813295,4
4813296,12
4813297,20
4813298,9
4813299,8
4813300,6
4813301,30
4813303,2
4813304,32
4813305,12
4813306,15
4813307,22
4813309,3
4813310,9
4813312,6
4813313,7
4813314,8
4813315,9
4813316,1
4813317,2
4813318,8
4813319,4
4813320,9
4813322,23
4813323,6
4813324,17
4813325,64
4813326,18
4813327,14
4813328,5
4813329,10
4813330,20
4813332,6
4813333,18
4813334,5
4813335,6
4813336,11
4813338,2
4813339,23
4813341,39
4813342,7
4813343,11
4813346,34
4813347,1
4813348,3
4813349,1
4813350,2
4813352,4
4813353,6
4813355,4
4813357,24
4813358,13
4813359,1
4813360,3
4813362,19
4813364,4
4813365,40
4813367,24
4813368,35
4813369,76
4813370,16
4813371,9
4813372,8
4813373,468
4813374,21
4813375,5
4813376,31
4813377,15
4813378,8
4813379,5
4813380,7
4813381,13
4813382,1
4813383,3
4813385,19
4813387,38
4813388,21
4813391,1
4813392,2
4813393,2
4813394,16
4813395,12
4813397,3
4813398,39
4813400,2
4813402,15
4813404,49
4813405,11
4813407,12
4813408,3
4813411,2
4813413,3
4813414,5
4813415,2
4813417,22
4813418,21
4813420,2
4813421,27
4813422,5
4813423,2
4813424,4
4813426,7
4813427,1
4813428,1
4813429,17
4813430,8
4813431,6
4813433,80
4813434,19
4813435,23
4813436,2
4813437,12
4813438,4
4813439,19
4813440,1
4813441,2
4813442,1
4813443,6
4813444,33
4813446,1
4813451,2
4813452,2
4813454,1
4813456,2
4813457,15
4813458,2
4813460,1
4813461,1
4813462,11
4813463,33
4813464,50
4813465,59
4813466,14
4813467,1
4813468,1
4813469,7
4813470,8
4813471,11
4813472,11
4813474,85
4813475,47
4813477,43
4813478,3
4813479,2
4813480,36
4813483,22
4813484,2
4813485,42
4813486,3
4813487,37
4813498,1
4813499,7
4813501,3
4813502,2
4813504,1
4813507,1
4813511,1
4813512,6
4813515,10
4813516,3
4813520,1
4813526,1
4813527,2
4813533,1
4813536,1
4813545,1
4813546,1
4813549,2
4813550,42
4813551,1
4813554,1
4813556,3
4813558,17
4813559,39
4813566,1
4813588,1
4813590,6
4813591,3
4813592,3
4813594,2
4813597,2
4813601,2
4813603,3
4813606,1
4813607,24
4813608,2
4813609,29
4813613,3
4813616,1
4813617,1
4813619,1
4813620,10
4813620,10
4813621,1
4813622,16
4813623,2
4813624,5
4813625,1
4813626,1
4813628,1
4813632,6
4813633,2
4813634,2
4813635,1
4813636,12
4813640,1
4813641,45
4813643,4
4813644,4
4813646,6
4813648,19
4813649,4
4813650,7
4813654,18
4813655,28
4813657,1
4813658,18
4813661,1
4813664,1
4813665,28
4813666,23
4813667,1
4813668,1
4813670,1
4813671,5
4813672,74
4813674,1
4813678,45
4813679,25
4813680,32
4813681,28
4813683,5
4813684,4
4813685,21
4813686,11
4813687,38
4813688,50
4813689,30
4813690,17
4813691,22
4813692,15
4813693,8
4813694,56
4813696,2
4813697,1
4813700,1
4813702,3
4813703,2
4813704,1
4813705,5
4813709,2
4813710,22
4813711,1
4813715,8
4813717,1
4813718,2
4813723,2
4813724,2
4813727,5
4813728,2
4813730,1
4813732,4
4813736,2
4813737,1
4813738,2
4813742,14
4813746,4
4813748,12
4813749,25
4813750,17
4813751,3
4813752,5
4813755,34
4813759,1
4813760,2
4813761,2
4813762,2
4813763,3
4813764,12
4813766,4
4813768,1
4813772,33
4813775,2
4813778,1
4813780,3
4813783,1
4813784,6
4813786,1
4813787,29
4813788,47
4813791,3
4813792,2
4813793,1
4813796,3
4813797,1
4813798,27
4813801,1
4813802,1
4813803,2
4813805,3
4813808,2
4813812,1
4813813,3
4813815,12
4813816,1
4813822,25
4813823,3
4813824,1
4813825,4
4813826,1
4813828,19
4813829,1
4813830,6
4813832,21
4813834,1
4813835,2
4813840,2
4813841,14
4813842,29
4813847,2
4813850,1
4813851,1
4813855,2
4813856,2
4813858,2
4813859,1
4813860,5
4813868,2
4813873,1
4813875,5
4813878,4
4813892,1
4813894,1
4813899,1
4813903,2
4813916,2
4813919,1
4813926,2
4813930,1
4813932,1
4813934,12
4813935,4
4813939,2
4813944,1
4813946,1
4813950,3
4813953,1
4813961,42
4813964,2
4813970,1
4813971,7
4813972,4
4813973,3
4813974,1
4813976,2
4813980,1
4813981,4
4813982,34
4813984,1
4813988,7
4813997,3
4814002,1
4814007,25
4814008,24
4814009,9
4814021,56
4814027,1
4814036,14
4814043,1
4814046,4
4814058,3
4814061,1
4814063,3
4814067,1
4814074,4
4814075,3
4814082,2
4814106,2
4814110,10
4814117,1
4814126,1
4814131,1
4814136,1
4814159,9
4814162,3
4814164,1
4814169,1
4814175,2
4814176,4
4814183,2
4814184,4
4814189,1
4814190,7
4814207,1
4814210,3
4814213,2
4814224,1
4814229,3
4814243,1
4814248,1
4814250,1
4814287,2
4814297,3
4814303,1
4814305,2
4814312,4
4814314,3
4814318,22
4814319,49
4814334,1
4814336,6
4814337,4
4814338,3
4814339,6
4814340,15
4814342,38
4814346,1
4814347,21
4814537,1
4814594,1
4814617,22
4814619,40
4814623,24
4814624,3
4814626,1
4814628,4
4814629,2
4814630,2
4814632,1
4814633,11
4814636,4
4814637,1
4814638,57
4814639,8
4814642,2
4814657,1
4814661,5
4814665,1
4814669,28
4814C,4
481C,8
4821C,136
4825C,7
4826C,28
4837C,3
4839C,5
4848C,4
4850C,1
4857C,13
4879C,105
4881C,79
4882C,71
4883C,1022
4885C,2
4891C,14
4893C,17
4895C,60
4897C,11
4898C,8
4899C,23
48C,32
4900C,35
4904C,238
4907C,19
4914C,68
4915C,1
4917C,27
4918C,38
4919C,23
4920C,13
4921C,166
4922C,22
4923C,13
4924C,1
4925C,59
4929C,83
4930C,37
4931C,36
4932C,22
4933C,34
4934C,14
4936C,2
4937C,7
4938C,4
4941C,7
4943C,5
4946C,28
4949C,18
4950C,75
4951C,52
4953C,1407
4954C,3
4956C,7
4957C,9
4961C,62
4961C,62
4966C,16
4967C,29
4968,1
4968C,22
4969C,12
4970C,5
4971K,1
4975C,32
4976C,10
4977C,114
4979C,14
4980C,7
4981C,24
4982C,20
4983C,253
4984C,270
4985C,16
4986C,42
4988C,29
4991C,16
4993C,4
4994C,35
4995C,3
4996C,79
4997C,302
50000C,1
50C,3
51RG,36
51RG,36
5378,1
537C,12
5509,1
5511742,1
5511871,1
5511887,1
5512292,2
5512734,1
5513065,1
5513539,4
5567,10
556C,4
5570,4
5611206,140
5611206-825,1
5611208,161
5611210,122
5611210-500,1
5611212,143
5611506,4
5611508,1
5611510,2
5623W,1
5641008,9
5641010,3
5658,1
5687,2
5697B,1
5811234,4
5811235,373
5811236,9
5811238,323
5811240,5
5811241,10
5811243,130
5811244,81
5811245,295
5811246,240
5811247,40
5811248,75
5811249,65
5811250,285
5811251,4
5811252,2
5811254,2
5811258,105
5811259,7
5811260,18
5811262,21
5811263,132
5811264,18
5811265,1
5811266,8
5811267,313
5811268,6
5811271,10
5811272,25
5811273,8
5811274,14
5811275,15
5811276,97
5811277,1500
5811278,9892
5811279,7502
5811280,1900
5811281,5146
5811282,2
5811285,68
5811286,8
5811287,15
5811289,140
5811290,5
5811291,2
5811292,11
5811293,21
5811294,44
5811297,19
5811299,13
5811303,126
5811304,38
5811305,7
5811307,16
5811308,4
5811309,7
5811310,9
5811311,3
5811312,3
5811313,3
5811314,10
5811315,22
5811316,18
5811317,4
5811318,3
5811319,5
5811320,20
5811321,6
5811322,7
5811325,1
5811329,4
5811333,1
5811334,40
5811336,5
5811337,686
5811338,452
5811339,86
5811340,4120
5811344,2
5811345,6
5811346,28
5811347,252
5811348,45
5811349,110
5811350,1524
5811351,427
5811352,155
5811354,3
5811355,14
5811356,32
5811357,5
5811358,243
5811359,29
5811360,1180
5811361,1268
5811362,295
5811364,3
5811368,82
5811369,1051
5811371,431
5811372,336
5811375,6
5811376,17
5811377,32
5811379,8
5811380,5
5811381,37
5811382,18
5811383,41
5811385,8
5811386,12
5811387,1
5811392,2
5811393,14
5811397,206
5811399,115
5811401,6
5811405,2
5811412,1
5811423,24
5811425,94
5811429,2
5811435,1
5811436,2
5811437,434
5811440,1
5811441,4
5811442,30
5811443,20
5811447,568
5811449,6
5811450,4
5811451,3
5811453,4
5811454,3
5811455,1
5811458,1
5811463,2
5811465,5
5811466,1
5811467,19
5811469,1
5811475,30
5811490,32
5811493,410
5811496,1
5811497,6
5811501,4
5811505,5
5811508,2
5811509,3
5811510,1
5811514,832
5811516,146
5811517,8
5811518,5
5811519,49
5811521,1
5811522,3
5811524,1
5811525,56
5811526,4
5811528,1
5811531,11
5811532,2
5811537,6
5811538,13
5811539,11
5811540,1
5811541,16
5811542,1
5811543,19
5811544,17
5811545,18
5811546,1
5811548,4
5811551,6
5811554,8
5811562,1
5811566,2
5811569,17
5811570,15
5811571,45
5811574,3
5811575,177
5811576,8
5811577,4
5811585,99
5811586,15
5811587,40
5811588,166
5811589,178
5811590,5
5811591,125
5811593,1
5811595,22
5811596,56
5811597,1
5811601,7
5811602,5
5811603,6
5811604,1
5811607,2
5811612,11
5811613,37
5811618,4
5811619,1
5811622,5
5811624,33
5811627,11
5811628,26
5811634,1
5811635,11
5811636,1
5811637,5
5811639,31
5811640,11
5811644,9
5811645,27
5811647,8
5811648,30
5811649,139
5811650,50
5811651,84
5811652,33
5811653,25
5811654,86
5811655,66
5811656,30
5811657,44
5811658,19
5811659,45
5811660,30
5811666,1
5811671,5
5811672,64
5811673,81
5811674,1
5811675,10
5811676,8
5811677,1
5811678,3
5811682,1
5811684,20
5811688,3
5811689,3
5811690,4
5811693,89
5811696,587
5811697,64
5811698,44
5811699,326
5811701,3
5811704,2
5811707,1
5811708,8
5811709,1
5811710,2
5811711,3
5811712,1
5811713,1
5811714,4
5811715,3
5811719,2
5811721,42
5811722,233
5811723,16
5811724,1
5811726,9
5811727,50
5811728,2
5811730,1
5811732,33
5811740,3
5811741,1
5811744,47
5811746,32
5811747,40
5811748,10
5811749,7
5811750,4
5811751,6
5811753,27
5811754,49
5811755,2
5811758,15
5811760,38
5811785,10
5811787,694
583C,16
58C,4
618C,50
622C,75
624C,11
6511234,10
6511236,59
6511239,2
6511242,61
6511246,6
6511252,26
6511254,9
6511256,16
6511258,57
6511260,4
6511261,94
6511264,25
6511265,144
6511266,138
6511268,15
6511269,16
6511270,15
6511271,32
6511272,83
6511274,3
6511275,65
6511276,14
6511278,22
6511279,42
6511280,4
6511281,9
6511282,8
6511284,27
6511285,17
6511289,1
6511296,2
6511297,2
6511300,3
6511307,21
6511310,4
6511311,1
6511312,10
6511314,20
6511316,23
6511317,25
6511319,13
6511321,2
6511323,1
6511325,5
6511327,8
6511329,44
6511330,12
6511331,38
6511332,10
6511333,26
6511334,15
6511335,16
6511337,81
6511338,200
6511339,544
6511340,292
6511343,24
6511344,17
6511345,28
6511346,20
6511347,37
6511348,291
6511351,608
6511352,2
6511353,7
6511354,11
6511355,42
6511357,121
6511358,20
6511360,51
6511364,24
6511365,19
6511369,53
6511373,1
6511378,12
6511379,9
6511381,3
6511386,77
6511387,3
6511390,15
6511392,5
6511393,67
6511394,115
6511396,580
6511398,63
6511399,163
6511400,36
6511401,58
6511402,75
6511404,123
6511405,154
6511406,52
6511407,49
6511408,24
6511409,49
6511410,207
6511411,107
6511414,2622
6511416,111
6511418,242
6511419,15
6511420,172
6511421,15
6511422,2
6511425,25
6511426,2
6511427,143
6511428,19
6511430,2
6511431,104
6511434,31
6511435,61
6511436,52
6511437,39
6511438,41
6511439,318
6511441,43
6511442,20
6511443,26
6511444,23
6511445,36
6511446,294
6511447,227
6511448,5
6511449,197
6511450,10
6511451,20
6511452,71
6511453,24
6511453,24
6511454,211
6511455,49
6511456,20
6511457,22
6511458,6
6511459,25
6511460,157
6511461,416
6511462,7
6511463,22
6511464,98
6511465,8
6511466,34
6511467,275
6511468,59
6511469,10
6511470,30
6511472,344
6511473,35
6511475,133
6511476,146
6511480,106
6511483,147
6511484,35
6511486,38
6511487,112
6511488,17
6511491,347
6511494,15
6511495,447
6511498,77
6511500,349
6511501,99
6511508,20
6511509,8
6511510,20
6511513,69
6511514,44
6511523,16
6511526,28
6511529,68
6511530,24
6511532,22
6511534,31
6511535,12
6511536,5
6511537,120
6511538,12
6511539,38
6511540,4
6511543,5
6511544,19
6511548,3
6511549,5
6511550,6
6511551,102
6511553,55
6511559,42
6511560,47
6511562,69
6511565,4
6511566,66
6511568,40
6511569,71
6511571,20
6511572,60
6511579,12
6511580,24
6511581,9
6511582,1
6511583,37
6511585,4
6511587,21
6511590,48
6511593,5
6511594,50
6511595,11
6511598,11
6511599,5
6511600,21
6511601,39
6511603,22
6511606,13
6511607,74
6511608,28
6511609,52
6511610,23
6511611,42
6511613,33
6511614,21
6511616,23
6511617,470
6511618,27
6511619,108
6511621,48
6511622,17
6511623,93
6511625,54
6511627,147
6511628,35
6511629,11
6511631,99
6511633,12
6511634,298
6511635,32
6511637,28
6511638,26
6511639,14
6511640,51
6511641,40
6511643,1
6511644,85
6511646,243
6511647,29
6511649,19
6511651,40
6511652,11
6511654,20
6511656,144
6511657,39
6511658,10
6511659,29
6511660,15
6511661,2
6511665,17
6511666,15
6511680,35
6511683,22
6511685,292
6511687,35
6511690,14
6511691,88
6511692,50
6511693,128
6511694,271
6511695,2
6511696,155
6511697,55
6511699,226
6511700,108
6511702,31
6511704,146
6511705,24
6511706,11
6511714,186
6511715,21
6511717,9
6511718,10
6511719,21
6511721,10
6511739,20
6511750,182
6511788,5
6511800,10
6511801,13
6511816,1
6511818,20
6511824,35
6511849,158
6511851,30
6511852,3
6511855,165
6511862,17
6511863,3
6511866,4
6511880,15
6511886,4
6511887,28
6511922,23
6511929,15
6511933,23
6511947,2
6511962,33
6511972,8
6511975,13
6511979,165
6512006,62
6512010,163
6512025,23
6512040,20
6512044,106
6512055,272
6512068,18
6512072,40
6512102,11
6512103,149
6512104,66
6512105,30
6512106,41
6512107,77
6512109,542
6512111,41
6512112,83
6512113,62
6512121,49
6512124,227
6512143,12
6512146,13
6512147,56
6512148,25
6512149,55
6512150,262
6512150,262
6512150,262
6512151,108
6512154,47
6512176,28
6512177,19
6512178,150
6512179,18
6512183,82
6512184,13
6512185,23
6512186,37
6512196,36
6512199,6
6512200,48
6512201,54
6512202,78
6512205,4
6512206,89
6512207,26
6512208,65
6512209,5
6512212,12
6512215,89
6512216,28
6512217,634
6512218,22
6512219,29
6512220,27
6512223,5
6512224,11
6512225,3
6512226,30
6512227,32
6512229,33
6512232,186
6512233,45
6512237,37
6512239,22
6512247,14
6512250,63
6512251,45
6512252,44
6512253,168
6512256,54
6512257,45
6512262,17
6512266,67
6512268,114
6512269,106
6512270,36
6512272,292
6512273,40
6512274,92
6512275,4
6512276,54
6512280,59
6512281,538
6512282,156
6512283,105
6512288,34
6512290,80
6512296,67
6512298,111
6512301,10
6512302,79
6512305,6
6512306,15
6512308,152
6512309,2
6512310,107
6512311,18
6512312,182
6512321,252
6512322,103
6512325,74
6512327,22
6512328,33
6512329,166
6512330,148
6512331,62
6512332,6
6512333,4
6512334,14
6512335,4
6512336,63
6512337,4
6512338,3
6512339,5
6512341,22
6512342,3
6512344,30
6512346,19
6512348,196
6512349,1173
6512351,3
6512352,8
6512354,1
6512355,2
6512357,513
6512360,28
6512363,212
6512368,182
6512369,85
6512370,54
6512371,20
6512372,20
6512375,52
6512376,481
6512378,89
6512379,281
6512380,37
6512382,4
6512383,198
6512389,70
6512397,8
6512398,1
6512403,81
6512405,79
6512407,52
6512408,75
6512410,95
6512412,13
6512415,17
6512419,377
6512420,162
6512422,31
6512424,62
6512425,47
6512427,43
6512428,47
6512431,24
6512433,32
6512435,14
6512437,32
6512438,214
6512439,147
6512441,73
6512442,14
6512456,43
6512458,2
6512459,66
6512460,21
6512461,57
6512462,16
6512463,87
6512465,37
6512466,6
6512467,350
6512468,32
6512469,116
6512470,998
6512471,23
6512479,128
6512480,29
6512481,39
6512483,19
6512486,9
6512491,772
6512492,74
6512496,209
6512500,19
6512501,67
6512503,493
6512506,16
6512507,42
6512509,51
6512510,4
6512511,30
6512512,7
6512514,17
6512515,33
6512516,17
6512517,107
6512520,86
6512521,23
6512522,17
6512525,468
6512527,63
6512532,9
6512533,120
6512535,7
6512537,19
6512538,23
6512539,20
6512540,13
6512541,33
6512542,19
6512546,32
6512552,10
6512553,66
6512555,49
6512556,28
6512559,30
6512560,80
6512578,2
6512598,2
6512603,310
6512604,17
6512606,20
6512607,61
6512609,599
6512612,13
6512613,32
6512614,6
6512617,996
6512623,1
6512624,116
6512627,4
6512629,83
6512634,115
6512637,4
6512639,2092
6512644,6
6512647,257
6512650,24
6512652,150
6512653,282
6512655,150
6512656,244
6512664,1
6512677,20
6512678,30
6512679,3
6512686,12
6512687,38
6512688,19
6512689,191
6512691,36
6512693,103
6512696,27
6512697,21
6512698,18
6512702,49
6512704,27
6512705,56
6512708,127
6512709,24
6512711,4
6512714,79
6512717,6
6512718,215
6512719,179
6512721,74
6512723,191
6512725,166
6512726,4
6512730,21
6512732,199
6512733,6
6512734,37
6512735,89
6512736,185
6512742,573
6512744,28
6512745,18
6512751,35
6512752,184
6512753,268
6512755,49
6512756,2
6512757,199
6512759,40
6512760,12
6512761,382
6512762,157
6512765,2
6512767,45
6512768,39
6512769,45
6512771,12
6512775,53
6512776,5
6512780,9
6512781,272
6512782,38
6512783,93
6512785,256
6512789,4
6512793,219
6512794,9
6512795,9
6512799,6
6512800,13
6512803,42
6512804,139
6512805,77
6512806,188
6512808,14
6512809,17
6512810,29
6512811,20
6512812,159
6512813,13
6512814,1266
6512815,456
6512816,16
6512820,26
6512821,307
6512822,79
6512823,255
6512824,38
6512825,64
6512827,33
6512829,16
6512830,52
6512831,3
6512832,2
6512833,352
6512834,125
6512835,62
6512836,45
6512837,24
6512838,11
6512839,45
6512841,6
6512843,14
6512844,67
6512845,79
6512846,74
6512847,32
6512848,780
6512849,87
6512852,69
6512856,6
6512857,24
6512859,5
6512862,643
6512863,879
6512866,8
6512871,37
6512874,13
6512875,16
6512876,30
6512877,69
6512878,5
6512879,49
6512880,15
6512885,17
6512893,12
6512894,97
6512896,8
6512902,46
6512903,370
6512904,211
6512905,310
6512906,234
6512908,68
6512909,124
6512910,134
6512911,237
6512914,125
6512916,134
6512917,45
6512919,370
6512920,337
6512922,4
6512923,198
6512928,5
6512930,4
6512931,127
6512933,15
6512937,26
6512940,40
6512942,143
6512943,198
6512944,39
6512946,43
6512947,160
6512948,36
6512952,99
6512953,20
6512956,163
6512957,534
6512958,375
6512959,23
6512961,328
6512963,31
6512964,68
6512965,533
6512966,14
6512976,2
6512978,46
6512979,933
6512980,236
6512982,651
6512983,11
6512984,61
6512986,9
6512987,4
6512988,57
6512991,451
6512992,28
6512993,1
6512994,21
6512995,2
6512996,124
6512997,1035
6512998,121
6512999,81
6513000,6
6513001,47
6513002,61
6513003,358
6513004,605
6513005,75
6513006,477
6513007,21
6513009,38
6513010,612
6513011,67
6513012,19
6513013,157
6513015,5
6513016,261
6513019,39
6513020,22
6513021,39
6513025,12
6513026,1
6513027,11
6513028,44
6513029,18
6513032,6
6513037,32
6513038,24
6513040,86
6513043,272
6513045,857
6513047,52
6513049,434
6513051,249
6513053,175
6513054,11
6513055,113
6513059,560
6513062,224
6513067,33
6513068,130
6513069,28
6513072,621
6513073,21
6513074,5
6513076,54
6513077,37
6513078,1678
6513084,4
6513091,16
6513092,5
6513093,8
6513096,36
6513100,306
6513101,18
6513102,123
6513104,78
6513105,1
6513106,31
6513107,192
6513108,2
6513109,250
6513111,7
6513112,25
6513113,10
6513115,184
6513116,204
6513119,1009
6513124,19
6513126,423
6513127,77
6513129,133
6513130,87
6513131,112
6513132,101
6513133,83
6513138,1
6513139,46
6513140,291
6513142,47
6513143,37
6513144,270
6513146,59
6513147,20
6513151,151
6513154,99
6513157,122
6513163,104
6513165,51
6513166,11
6513167,20
6513168,64
6513169,9
6513172,68
6513175,46
6513179,308
6513180,18
6513181,98
6513182,16
6513183,13
6513184,62
6513186,57
6513187,256
6513188,93
6513192,75
6513193,87
6513194,1
6513195,6
6513196,19
6513197,45
6513199,31
6513202,273
6513203,45
6513204,54
6513205,155
6513212,19
6513213,2
6513214,26
6513215,124
6513218,92
6513223,125
6513227,27
6513229,202
6513230,392
6513232,126
6513233,16
6513236,20
6513237,6
6513238,58
6513241,285
6513243,340
6513244,52
6513246,42
6513248,38
6513249,16
6513252,13
6513256,21
6513260,143
6513262,2
6513263,39
6513265,4
6513266,170
6513267,30
6513268,63
6513269,243
6513271,10
6513273,27
6513276,89
6513277,30
6513278,51
6513279,53
6513280,13
6513281,45
6513283,21
6513284,50
6513285,527
6513287,63
6513293,25
6513294,149
6513295,131
6513296,190
6513297,241
6513298,398
6513299,56
6513304,36
6513305,54
6513306,118
6513307,161
6513308,56
6513309,60
6513310,86
6513311,158
6513315,116
6513317,77
6513318,121
6513319,26
6513321,16
6513322,33
6513325,98
6513328,21
6513331,92
6513337,1
6513338,149
6513341,5
6513342,5
6513343,7
6513344,10
6513345,117
6513347,225
6513349,386
6513353,155
6513354,36
6513356,87
6513357,235
6513359,154
6513360,158
6513367,47
6513372,7
6513376,16
6513377,48
6513378,37
6513381,35
6513382,65
6513383,29
6513389,17
6513400,18
6513403,22
6513405,96
6513406,70
6513412,307
6513413,40
6513416,78
6513420,553
6513421,3
6513430,6
6513434,21
6513440,145
6513444,1
6513463,20
6513477,119
6513482,16
6513483,45
6513484,34
6513486,1
6513491,6
6513498,9
6513501,39
6513505,5
6513507,34
6513513,1
6513514,78
6513515,64
6513517,6
6513523,8
6513525,19
6513526,28
6513544,109
6513546,291
6513548,40
6513551,3
6513552,5
6513565,39
6513574,7
6513575,296
6513579,1
6513582,10
6513587,36
6513595,55
6513596,38
6513599,33
6513600,50
6513602,20
6513604,2
6513606,40
6513613,1
6513618,3
6513623,39
6513624,2
6513626,1
6513630,2
6513631,2
6513639,10
6513641,2
6513644,73
6513645,2
6513647,2
6513668,14
6513669,8
6513670,36
6513671,49
6513672,5
6513673,4
6513675,35
6513676,40
6513677,20
6513680,14
6513681,20
6513682,40
6513683,78
6513684,39
6513685,37
6513686,39
6513687,13
6513688,40
6513689,40
6513690,79
6513691,80
6513692,40
6513693,30
6513694,40
6513695,20
6513696,39
6513697,39
6513698,40
6513699,20
6513700,20
6513701,20
6513702,20
6513703,34
6513722,2
677C,4
681C,52
705C,33
7424,2
75041,384
75043,48
75051,420
7511238,1
7511253,2
7511254,1
7511255,2
7511257,1
7511270,1
7511276,1
7511282,7
7511285,2
7511341,2
7511347,3
7511348,29
7511351,189
7511357,21
7511368,5
7511369,7
7511370,5
7511371,3
7511372,2
7511373,4
7511375,1
7511485,3
7511490,1
7511515,1
7511517,1
7511565,1
7511569,2
7511575,1
7511577,2
7511580,4
7511584,5
7511586,1
7511588,2
7511590,2
7511592,2
7511608,1
7511615,3
7511620,7
7511635,1
7511643,2
7511652,1
7511661,1
7511699,5
7511781,1
7511848,2
7511889,7
7511963,3
7512068,1
7512069,2
7512208,4
7512234,1
7512254,7
7512264,1
7512280,6
7512286,4
7512292,2
7512298,2
7512330,3
7512330,3
7512340,3
7512344,2
7512356,5
7512409,5
7512426,4
7512432,3
7512436,2
7512441,7
7512442,2
7512459,10
7512462,3
7512472,1
7512480,11
7512482,6
7512501,4
7512502,2
7512503,3
7512505,1
7512506,2
7512539,2
7512542,3
7512546,2
7512550,4
7512551,4
7512555,1
7512556,2
7512557,2622
7512564,1
7512570,1
7512573,3
7512581,1
7512593,1
7512605,2
7512613,5
7512624,1
7512658,2
7512664,1
7512672,5
7512676,2
7512677,13
7512683,14
7512684,4
7512700,1
7512701,2
7512708,2
7512726,2
7512734,1
7512737,12
7512760,1
7512764,3
7512772,5
7512773,3
7512775,3
7512780,4
7512794,3
7512799,2
7512800,1
7512802,4
7512816,1
7512823,2
7512837,2
7512843,1
7512843,1
7512843,1
7512845,3
7512856,9
7512858,1
7512863,4
7512880,3
7512880,3
7512880,3
7512883,5
7512885,2
7512887,2
7512889,2
7512900,1
7512907,3
7512908,6
7512920,2
7512921,4
7512927,2
7512938,6
7512945,3
7512959,2
7512961,4
7512961,4
7512967,2
7512977,1
7512983,2
7513007,1
7513008,67
7513014,3
7513020,2
7513021,1
7513023,2
7513027,2
7513042,1
7513059,2
7513061,5
7513066,2
7513070,2
7513071,2
7513073,2
7513084,3
7513084,3
7513088,1
7513090,1
7513112,3
7513112,3
7513115,1
7513119,2
7513141,1
7513160,2
7513163,1
7513165,1
7513166,3
7513172,1
7513173,3
7513175,5
7513180,5
7513189,1
7513191,1
7513201,2
7513202,1
7513203,1
7513203,1
7513221,5
7513225,1
7513231,4
7513232,2
7513235,2
7513236,2
7513236,2
7513247,1
7513248,1
7513249,3
7513250,1
7513250,1
7513257,6
7513263,1
7513273,4
7513308,12
7513309,1
7513309,1
7513310,10
7513310,10
7513327,9
7513329,3
7513332,5
7513335,1
7513336,1
7513351,4
7513352,1
7513355,3
7513356,2
7513368,1
7513371,1
7513377,6
7513377,6
7513378,2
7513386,2
7513387,3
7513393,1
7513400,1
7513403,5
7513405,5
7513415,5
7513415,5
7513430,4
7513436,2
7513437,1
7513438,5
7513439,3
7513443,5
7513476,1
7513480,2
7513501,10
7513503,3
7513510,3
7513511,2
7513511,2
7513525,1
7513531,1
7513535,4
7513535,4
7513545,2
7513545,2
7513549,2
7513556,2
7513575,1
7513577,2
7513601,2
7513602,3
7513603,1
7513604,1
7513605,3
7513606,2
7513620,1
7513623,4
7513653,3
7513671,1
7562,2
75743,780
75748,2004
75753,444
75788,1206
75817,1440
75823,636
75830,636
75842,400
75843,1080
75846,646
75854,348
75856,492
75865,600
75867,491
75873,840
7604,1
76900,792
76904,468
76948,240
76949,444
76967,438
7811254,3
7811268,4
7811269,2
7811270,1
7811272,1
7811273,8
7811274,5
7811275,6
7811276,1
7811278,3
7811279,6
7811281,1
7811282,7
7811285,3
7811291,3
7811300,3
7811392,1
7811545,1
7811551,4
7811567,3
7811568,4
7811569,6
7811570,4
7811571,3
7811572,1
7811581,2
7811583,9
7811586,2
7811587,3
7811590,2
7811593,6
7811608,1
7811614,3
7811616,1
7811638,1
7811645,2
7811647,2
7812186,2
7812188,1
7812208,4
7812251,1
7812252,4
7812262,1
7812331,3
7812332,1
7812333,4
7812334,1
7812346,5
7812396,5
7812582,2
7812583,6
7812595,3
7812598,3
7812605,3
7812606,3
7812613,2
7812630,1
7812671,2
7812688,5
7812689,3
7812693,3
7812697,2
7812698,2
7812714,2
7812717,3
7812723,12
7812764,1
7812769,242
7812771,1
7812780,4
7812828,2
7812830,4
7812852,1
7812864,2
7812865,9
7812871,2
7812874,4
7812880,3
7812880,3
7812880,3
7812885,2
7812887,3
7812889,1
7812927,1
7812930,1
7812933,7
7812984,1
7812994,5
7813036,6
7813064,1
7813070,2
7813071,2
7813080,1
7813081,3
7813084,3
7813084,3
7813111,1
7813112,3
7813112,3
7813113,4
7813253,1
7813272,1
7813274,3
7813283,2
7813326,3
7813330,1
7813384,2
7813593,1
78G,14
78GHR,65
8011234,14
8011235,96
8011236,23
8011237,97
8011239,2
8011240,69
8011246,102
8011248,9
8011249,173
8011250,5055
8011251,647
8011251,647
8011252,599
8011253,10
8011254,103
8011255,834
8011256,5587
8011257,65
8011265,434
8011274,60
8011275,15
8011276,3022
8011277,157
8011279,72
8011285,39
8011286,48
8011287,11
8011291,228
8011293,5
8011294,16
8011295,50
8011299,117
8011301,1
8011304,12
8011306,2405
8011307,60
8011308,68
8011310,3
8011312,35
8011313,37
8011314,24
8021234,2088
8023034,106
8023034,106
8023036,62
8023036,62
8023037,153
8211234,56
8211236,297
8211238,78
8211239,2
8211240,1
8211241,1
8211243,45
8211244,213
8211245,159
8211246,53
8211247,370
8211248,89
8211249,1
8211250,838
8211251,400
8211253,113
8211254,8
8211255,6
8211256,48
8211257,5
8211258,14
8211259,1
8211260,45
8211265,2
8211267,2
8211268,2
8211272,90
8211273,3
8211276,54
8211277,12
8211279,7
8211282,11
8211283,9
8211284,4
8211286,121
8211287,1
8211288,14
8211290,99
8211291,148
8211292,477
8211293,6
8211295,1
8211296,2
8211297,1
8211301,5
8211306,2
8211308,1
8211314,22
8211315,50
8211320,2
8211321,4
8211322,6
8211324,77
8211325,16
8211326,33
8211327,3
8211328,12
8211329,199
8211333,25
8211335,63
8211336,9
8211337,119
8211340,5
8211342,5
8211343,1
8211345,6
8211347,4
8211348,9
8211349,10
8211357,3
8211358,5
8211365,2
8211366,4
8211369,1
8221235,1014
8221236,859
8221237,177
8221238,185
8221240,251
8221241,8
8221243,382
8221244,3
8221245,2
8221247,322
8221249,4
8221250,1
8221251,9
8221252,4
8221254,37
8221260,4
8221261,6
8221263,1
8221267,3
8221271,2
8221272,3
8221273,3
8221276,2
8221277,4
8221278,11
8221279,94
8221280,3
8221281,3
8221283,2
8221284,4
8221285,3
8221286,6
8221287,2
8221288,8
8221289,60
8221290,3
8221291,1
8221292,3
8221294,24
8221298,2
8221300,3
8221302,5
8221303,19
8221304,20
8221305,2
8221306,2
8221307,1
8221309,48
8221312,9
8221313,1
8221314,2
8221324,9
8231234,92
8231235,40
8231236,23
8231237,139
8231238,8
8231239,2
8231241,315
8231244,22
8231246,10
8231247,51
8231248,3
8231249,172
8231251,210
8231252,22
8231253,31
8231254,1
8231256,1
8231257,100
8231258,3
8231259,44
8231260,23
8231261,56
8231263,24
8231265,9
8231266,6
8231267,26
8231268,33
8231270,63
8231271,9
8231272,44
8231273,34
8231274,88
8231275,79
8231276,99
8231277,19
8231278,256
8231280,21
8231281,205
8231282,26
8231283,89
8231286,7
8231288,70
8231290,4
8231292,23
8231293,15
8231295,3
8231296,54
8231297,29
8231298,3
8231299,49
8231300,40
8231301,9
8231302,10
8231303,7
8231304,3
8231305,30
8231306,8
8231307,29
8231309,22
8231312,2
8231315,18
8231319,93
8231320,12
8231321,117
8231322,1
8231323,1
8231324,6
8231325,32
8231328,4
8231330,16
8231331,29
8231332,9
8231333,20
8231334,192
8231335,173
8231336,8
8231337,32
8231339,5
8231341,4
8231345,6
8231346,1
8231348,5
8231349,48
8231350,42
8231351,3
8231352,19
8231353,26
8231354,18
8231357,2
8231358,4
8231359,19
8231361,9
8231362,12
8231363,11
8231364,81
8231365,9
8231366,23
8231367,6
8231369,11
8231370,95
8231371,185
8231372,22
8231373,2
8231374,19
8231375,25
8231376,298
8231377,14
8231378,14
8231379,161
8231380,8
8231382,8
8231384,118
8231386,172
8231388,19
8231389,12
8231390,26
8231391,60
8231393,50
8231394,14
8231395,46
8231396,39
8231397,168
8231398,94
8231399,16
8231400,8
8231401,4
8231402,34
8231404,1
8231405,6
8231407,56
8231408,70
8231409,62
8231410,21
8231411,17
8231413,12
8231415,5
8231416,7
8231417,18
8231418,31
8231419,19
8231421,89
8231422,49
8231423,30
8231425,26
8231440,2
8231442,18
8231444,33
8231448,2
8231449,14
8231452,1
8231454,35
8231460,15
8231461,35
8231462,35
8231463,8
8231464,26
8231465,13
8231466,7
8231467,25
8231468,90
8231469,136
8231470,19
8231471,128
8231472,52
8231473,41
8231474,3
8231476,2
8231477,82
8231478,1
8231479,135
8231481,17
8231482,29
8231483,41
8231484,2
8231486,9
8231487,55
8231488,30
8231495,16
8231497,36
8231498,53
8231499,50
8231500,475
8231501,28
8231502,26
8231503,20
8231504,3
8231505,68
8231507,21
8231508,2
8231509,120
8231510,13
8231511,41
8231512,4
8231513,2
8231514,42
8231515,23
8231516,18
8231517,100
8231518,23
8231522,12
8231526,38
8231527,1
8231529,58
8231530,1
8231531,1
8231533,4
8231534,47
8231535,6
8231537,133
8231538,25
8231539,2
8231540,1
8231541,1
8231542,8
8231543,70
8231544,2
8231547,41
8231548,3
8231550,22
8231551,15
8231552,3
8231553,4
8231554,2
8231555,3
8231556,36
8231558,19
8231560,1
8231562,58
8231563,105
8231564,1
8231565,3
8231566,2
8231568,20
8231570,2
8231571,10
8231572,1
8231573,1
8231575,1
8231578,8
8231579,19
8231580,24
8231581,2
8231582,20
8231583,27
8231584,23
8231585,14
8231586,206
8231589,6
8231591,1
8231596,15
8231598,2
8231599,3
8231600,1
8231602,1
8231603,21
8231605,2
8231606,14
8231608,23
8231609,10
8231612,141
8231613,39
8231615,35
8231616,5
8231621,2
8231622,175
8231624,241
8231625,52
8231626,51
8231627,267
8231628,2
8231629,19
8231631,23
8231632,41
8231634,26
8231635,27
8231636,13
8231637,13
8231638,12
8231640,21
8231642,1
8231643,50
8231644,2
8231646,32
8231647,11
8231648,15
8231649,168
8231651,56
8231652,11
8231653,32
8231655,14
8231656,40
8231657,4
8231659,10
8231660,24
8231662,7
8231663,10
8231664,10
8231665,22
8231666,9
8231667,1
8231671,5
8231672,26
8231673,8
8231674,4
8231676,4
8231679,2
8231681,3
8231682,61
8231683,12
8231684,8
8231685,21
8231686,160
8231687,20
8231688,3
8231689,4
8231692,9
8231693,1
8231694,21
8231697,28
8231699,24
8231700,7
8231701,1
8231702,3
8231703,1
8231704,7
8231707,31
8231708,5
8231710,1
8231711,52
8231712,17
8231713,3
8231714,2
8231715,23
8231716,20
8231717,17
8231718,27
8231719,18
8231720,18
8231721,3
8231722,8
8231723,16
8231724,14
8231729,12
8231730,6
8231731,18
8231732,19
8231735,10
8231736,7
8231737,3
8231740,5
8231741,24
8231742,18
8231743,17
8231745,26
8231747,3
8231748,19
8231750,11
8231751,2
8231753,25
8231754,1
8231761,14
8231762,119
8231763,2
8231764,8
8231766,3
8231768,29
8231769,42
8231770,1
8231773,10
8231774,49
8231775,1
8231790,4
8231791,2
8231793,1
8231796,1
8231797,3
8231802,2
8231804,20
8231805,2
8231806,3
8231809,3
8231812,1
8231813,1
8231815,1
8231816,2
8231818,10
8231820,22
8231822,22
8231826,23
8231829,37
8231830,23
8231831,19
8231832,11
8231837,22
8231841,26
8231842,2
8231843,100
8241234,7
8241235,128
8241236,35
8241239,63
8241240,1
8241241,17
8241242,1
8241243,1
8241244,47
8241245,19
8241248,2
8241255,2
8241258,2
8241259,8
8241260,16
8241264,33
8241265,2
8241266,52
8241271,21
8241273,2
8241275,2
8241278,1
8241280,6
8241286,4
8241287,4
8241291,1
8241295,18
8241296,19
8241297,1
8241298,2
8241299,19
8241301,1
8241307,1
8241314,1
8241318,28
8241320,1
8241335,7
8241343,1
8241349,1
8241352,2
8241355,2
8241357,12
8241359,1
8241360,2
8241363,5
8241367,1
8241368,2
8241369,1
8241370,21
8241371,7
8241374,1
8241375,45
8241376,9
8241377,4
8241379,7
8241380,17
8241381,5
8241383,2
8241385,15
8241393,7
8241394,5
8241395,3
8241396,30
8241398,5
8241400,17
8241401,11
8241402,2
8241403,11
8241405,2
8241406,11
8241407,14
8241408,28
8241409,28
8241410,39
8241413,4
8241414,16
8241415,7
8241416,6
8241419,13
8241420,8
8241421,9
8241422,16
8241423,22
8241424,1
8241425,18
8241426,53
8241427,1
8241428,6
8241429,15
8241430,3
8241432,35
8241433,9
8241434,4
8241435,140
8241436,7
8241437,22
8241439,2
8241440,5
8241441,6
8241442,2
8241444,3
8241446,1
8241447,31
8241448,41
8241449,4
8241453,7
8241454,1
8241455,1
8241456,4
8241457,1
8241458,20
8241459,1
8241460,16
8241461,9
8241462,6
8241464,4
8241465,1
8241466,6
8241467,8
8241469,1
8241470,62
8241471,1
8241472,1
8241473,2
8241474,16
8241475,3
8241476,3
8241477,5
8241478,5
8241480,31
8241482,32
8241483,5
8241484,3
8241485,2
8241488,2
8241490,1
8241492,4
8241493,12
8241494,1
8241495,9
8241498,14
8241499,26
8241500,5
8241501,12
8241503,7
8241504,5
8241505,3
8241510,10
8241511,8
8241512,8
8241513,59
8241515,5
8241517,14
8241518,3
8241523,40
8241524,4
8241526,1
8241532,16
8241534,2
8241535,22
8241542,16
8241543,1
8241545,2
8241546,5
8241547,3
8241551,38
8241552,29
8241553,99
8241554,80
8241555,34
8241557,11
8241558,1
8241559,6
8241560,54
8241562,107
8241563,15
8241565,3
8241566,3
8241567,15
8241568,18
8241569,13
8241570,8
8241572,5
8241573,3
8241574,3
8241575,2
8241577,1
8241589,2
8241590,6
8241591,5
8241593,3
8241594,2
8241604,6
8241605,1
8241614,1
8241627,1
8241632,2
8241639,1
8241649,4
8261237,1
8411025,1
8411030,1
8411036,4
8411039,1
8411040,1
8411041,1
8411048,1
8411055,1
8411057,5
8411059,5
8411062,5
8411063,5
8411067,9
8411068,1
8411075,5
8411080,5
8411084,1
8411086,1
8411090,5
8411091,1
8411092,5
8411093,1
8411109,1
8411116,1
8411125,1
8411152,10
8411156,15
8411157,20
8411163,5
8411170,5
8411173,10
8411174,5
8411175,1
8411176,5
8411179,5
8411181,1
8411182,5
8411183,5
8411184,10
8411185,14
8411188,5
8411190,1
8411191,5
84542723,1
85601646,2
85656970,6
856C,7
865C,7
870C,18
886429391406,3
8919,3
8921,1
8927,2
894C,1
897C,30
9011111,7
9011234,7
9011235,18
9011236,9
9011237,31
9011238,3
9011239,64
9011240,1
9011241,105
9011242,38
9011243,9
9011245,27
9011249,52
9011253,2
9011259,16
9140401,24
9140605,8
9140606,1
9140607,9
9140608,2
9140805,4
9140820,2
9140822,6
9141000,2
9141009,19
9141013,1
9141014,65
9141205,1
9141211,2
9141217,1
9141405,1
9141413,4
9141414,59
9141416,16
9141606,3
9141610,12
9141614,1
9142143,5
9142455,1
9142460,1
9142698,2
9142725,1
9142730,5
9142743,8
9142745,1
9142746,7
9142750,9
9142752,4
9142755,19
9142757,6
9142758,3
9142759,8
9142761,11
9142763,1
9142765,16
9142766,27
9142768,5
9142769,30
9142771,12
9142775,18
9142776,19
9142782,37
9142783,13
9142784,3
9142785,12
9142786,27
9142787,15
9142788,35
9142791,2
9142793,2
9142794,1
9142795,2
9142798,1
9142801,3
9142804,9
9142805,10
9142806,22
9142808,14
9142809,45
9142810,13
9142814,5
9142816,1
9142817,1
9142822,44
9142828,3
9142829,2
9142830,2
9142831,8
9142832,1
9142833,3
9142835,16
9142836,1
9142838,7
9142841,15
9142844,1
9142846,1
9142847,3
9142850,8
9142851,1
9142853,3
9142859,2
920C,1
921C,2
9231305,1
9231312,2
9231315,2
9231324,2
9231325,1
9231329,41
9231332,5
9231335,3
9231339,1
9243218,1
9243219,1
9243220,3
9243242,3
9243243,1
924C,10
9411234,105
9411235,105
9411237,204
9411238,167
9411239,77
9411241,244
9411248,77
9411251,302
9411252,201
9411254,1
9411256,129
9411258,134
9411260,134
9411263,128
9411264,31
9411266,9
9411267,302
9411268,302
9411270,1323
9411272,3
9411278,11
9411279,83
9411281,198
9411291,321
9411308,105
9411311,119
9411316,45
9411319,858
9411325,128
9411327,858
9411328,858
9411329,455
9411337,244
9411341,45
9411350,69
9411353,261
9411387,110
9411408,12
9411601,64
9411602,71
9411605,27
9411607,18
9411614,56
9411615,56
9411616,10
9411617,10
9411618,1
9411619,1
9411625,78
9411629,94
9411630,94
9411632,94
9411633,94
9411650,71
9411651,110
9411652,110
9411662,92
9411663,60
9411664,359
9411665,454
9411666,163
9411667,194
9411668,195
9411672,92
9411677,12
9411678,12
9411681,9
9411686,92
9411687,597
9411688,66
9411692,55
9411694,41
9411695,41
9411697,13
9411699,5
9411702,3
9411703,5
9411706,3
9411709,3
9411710,3
9411711,8
9411713,7
9411714,9
9411715,9
9411716,176
9411717,13
9411718,5
9411719,5
9411720,3
9411724,32
9411730,195
9411739,63
9411740,63
9411745,7
9411746,23
9411747,130
9411749,1323
9411750,729
9411759,176
9411761,55
9411762,179
9411764,179
9411765,20
9411766,127
9411767,8
9411768,10
9411770,159
9411771,85
9411772,159
9411774,179
9411775,85
9411779,107
9411781,107
9411782,455
9411783,189
9411784,189
9411785,455
9411786,468
9411787,189
9411788,533
9411789,533
9411790,189
9411791,223
9411792,223
9411793,26
9411794,26
9411795,26
9411799,93
9411800,93
9411801,93
9411802,93
9411803,93
9411804,93
9411809,951
9411810,1045
9411813,261
9411814,323
9411815,63
9411817,261
9411818,63
9411819,174
9411821,257
9411824,202
9411825,64
9411926,2
9411927,2
9412060,69
9412099,3
9412142,74
9412143,74
9412160,22
9412161,22
9412163,8
9412166,3
9412167,8
9412173,37
9412174,12
9412175,5
9412176,5
9412177,63
9412178,63
9412181,63
9412182,91
9412184,60
9412185,37
9412187,9
9412191,2
9412192,5
9412193,5
9412194,5
9412198,5
9412200,2
9412206,37
9412209,3
9412210,8
9412213,32
9412219,56
9412221,107
9412223,179
9412224,18
9412229,78
9412230,106
9412231,85
9412232,106
9412233,35
9412234,35
9412235,35
9412239,195
9412240,195
9412241,59
9412243,50
9412246,12
9412249,12
9412250,12
9412251,23
9412354,69
9412443,1
9412447,22
9412448,91
9412577,212
9412582,83
9412767,336
9412768,905
9412769,533
9412770,533
9412772,66
9412773,63
9412774,261
9412775,94
9412776,74
9412778,74
9412780,92
9412781,92
9412782,312
9412787,102
9412811,128
9412812,125
9412813,201
9412815,590
9412920,137
9412921,137
9412922,7
9412924,83
9412925,23
9412926,40
9413079,69
9413223,7
9413224,344
9413225,344
9413226,179
9413228,212
9413229,40
9413230,69
9413231,74
9413234,46
9413239,50
9413242,19
9413243,19
9413250,8
9413251,97
9413253,51
9413255,212
9413256,8
9413258,46
9413261,6
9413262,23
9413266,35
9413270,46
9413273,212
9413275,16
9413276,15
9413290,128
9413298,191
9413299,191
9413300,191
9413302,12
9413303,26
9413306,1
9413307,1
9413311,10
9413312,951
9413314,74
9413334,5
9413336,257
9413337,590
9413338,233
9413339,201
9413340,38
9414753,1177
9414754,210
9414755,270
9414768,23
9414769,83
9414770,187
9414771,189
9414776,27
9414777,69
9414778,154
9414779,951
9414780,32
9414781,210
9414786,63
9414789,246
9414790,293
9414792,19
9414793,105
9414794,105
9414795,107
9414799,233
9414800,233
9414801,201
9414803,302
9414804,302
9414805,210
9414806,210
9414807,201
9414808,128
9414809,201
9414810,201
9414811,302
9414812,198
9414813,951
9414814,19
9414817,92
9414820,198
9414821,302
9414822,191
9414823,191
9414824,191
9414827,590
9414828,257
9414834,59
9414837,92
9414841,92
9414842,92
9414843,92
9414848,302
9414849,198
9414852,22
9421235,63
9421236,40
9421237,3
9421241,58
9421242,274
9421243,129
9421244,35
9421245,79
9421246,79
9421248,61
9421249,81
9421252,3
9421253,94
9421257,82
9421260,3
9421261,23
9421264,61
9421265,81
9421266,95
9421267,95
9421271,47
9421272,82
9421275,361
9421276,155
9421277,95
9421279,163
9421280,32
9421281,167
9421284,43
9421292,305
9421326,109
9421482,85
9421483,137
9421486,47
9421518,305
9421536,35
9421602,128
9421731,9
9421827,12
9421830,36
9421831,36
9421832,35
9421833,35
9421834,4
9421838,49
9421839,49
9421841,35
9421842,79
9422003,109
9422015,21
9422016,21
9422017,20
9422018,4
9422020,9
9422021,12
9422022,12
9422023,11
9422024,11
9422025,62
9422044,107
9422045,107
9422047,41
9422050,55
9422069,416
9422071,35
9422074,111
9422075,111
9422079,107
9422100,62
9422102,78
9422103,78
9422105,120
9422149,42
9422150,17
9422151,3
9422152,3
9422153,50
9422154,17
9422157,103
9422161,81
9422163,61
9422169,383
9422314,49
9422315,49
9422318,36
9422320,36
9422322,46
9422323,40
9422324,1
9422328,41
9422329,40
9422331,1
9422332,20
9422336,4
9422337,4
9422338,4
9422341,4
9422344,4
9422345,4
9422372,18
9422412,639
9422413,44
9422414,103
9422415,79
9422416,41
9422491,825
9422492,120
9422493,639
9422512,99
9422513,59
9422515,11
9422516,157
9422517,11
9422518,15
9422519,62
9422521,23
9422522,23
9422535,185
9422536,185
9422545,59
9422546,97
9422560,11
9422568,99
9422570,111
9422571,111
9422572,23
9422573,23
9422624,29
9422625,103
9422694,336
9422695,383
9422709,17
9422719,109
9422750,639
9422751,1253
9422752,252
9422753,82
9422754,210
9422789,16
9422790,16
9422791,16
9422792,16
9422795,122
9422802,84
9422803,29
9422818,60
9422822,305
9422825,70
9422826,70
9422827,109
9422829,70
9422928,4
9422937,285
9422941,221
9422956,115
9422961,162
9422966,43
9422968,128
9422972,30
9422973,51
9422974,84
9423001,825
9423281,23
9423283,5
9423295,128
9423296,11
9423328,221
9423346,48
9423347,25
9423354,94
9423357,162
9423359,121
9423362,1488
9423365,91
9423366,128
9423368,34
9423370,121
9423371,121
9423372,121
9423374,54
9423375,66
9423376,96
9423378,139
9423379,139
9423381,436
9423387,293
9423388,293
9423392,293
9423393,156
9423394,81
9423395,1021
9423396,35
9423399,82
9423404,5
9423406,23
9423410,95
9423416,11
9423420,185
9423422,79
9423423,29
9423424,25
9423428,20
9423429,58
9424429,42
9424594,35
9431234,1
9431236,68
9431238,115
9431244,42
9431246,2
9431247,2
9431251,1090
9431253,199
9431255,68
9431256,68
9431257,290
9431258,283
9431259,86
9431262,290
9431264,283
9431266,69
9431267,54
9431269,68
9431270,191
9431272,364
9431273,61
9431277,69
9431278,109
9431279,139
9431280,191
9431282,139
9431283,191
9431284,161
9431289,26
9431291,83
9431292,83
9431293,9
9431295,5
9431296,44
9431297,110
9431298,164
9431301,86
9431302,86
9431303,86
9431308,18
9431313,139
9431314,123
9431320,112
9431321,68
9431322,68
9431323,162
9431324,162
9431329,52
9431330,74
9431333,46
9431334,109
9431335,109
9431336,46
9431337,25
9431339,64
9431340,69
9431420,28
9431526,1
9431527,28
9431529,85
9431530,117
9431531,191
9431532,199
9431849,30
9431850,30
9431851,26
9431852,16
9431853,2
9431860,299
9431861,40
9431863,35
9431866,24
9431867,14
9431868,389
9431869,42
9431870,42
9431881,4
9431884,9
9431885,70
9431887,299
9431889,16
9431890,60
9431891,41
9431894,3
9431895,2
9431897,45
9431904,30
9431905,30
9431906,55
9431907,131
9431909,168
9431910,168
9431911,168
9431912,37
9431913,37
9431914,25
9431915,216
9431917,43
9431918,2
9431921,40
9431923,21
9431924,7
9431927,4
9431928,135
9431930,135
9431933,55
9431934,22
9431938,1
9431939,25
9431940,25
9431943,12
9431944,12
9431946,146
9431947,146
9431948,86
9431955,182
9431956,143
9431957,107
9431959,143
9431961,177
9431962,1393
9431974,47
9431977,454
9431980,13
9431997,69
9431998,69
9432005,20
9432006,20
9432007,391
9432262,454
9432267,50
9432283,62
9432288,1
9432289,1
9432346,43
9432347,43
9432499,37
9432505,365
9432596,161
9432597,161
9432599,50
9432793,146
9432798,24
9432800,584
9432849,132
9432850,365
9432851,365
9432852,107
9432853,177
9432854,93
9432855,276
9432856,276
9432857,251
9432981,311
9432983,163
9432984,163
9432988,109
9432991,77
9432994,96
9432998,116
9433001,162
9433005,108
9433232,55
9433277,30
9433278,30
9433282,109
9433301,115
9433321,158
9433334,86
9433336,86
9433337,93
9433338,66
9433340,486
9433341,162
9433345,499
9433346,16
9433348,108
9433349,94
9433350,94
9433351,1220
9433352,182
9433353,250
9433355,84
9433357,122
9433358,584
9433359,584
9433363,712
9433364,123
9433369,1090
9433370,119
9433371,82
9433376,15
9433383,77
9433384,233
9433389,177
9433399,119
9433400,39
9433402,29
9433404,48
9433405,146
9433406,6
9433407,115
9433409,82
9433410,38
9433421,407
9433423,323
9433426,101
9433429,122
9433431,199
9433435,68
9433436,162
9433437,29
9433438,16
9433439,84
9433443,16
9433444,93
9433445,84
9433446,143
9433447,86
9433448,48
9433449,82
9433450,48
9433458,290
9433463,162
9433464,407
9433465,44
9433466,108
9433467,29
9433468,108
9433469,29
9433470,108
9433471,29
9433480,177
9433489,102
9433490,94
9433492,102
9433503,86
9434485,78
9434486,78
9434487,112
9441235,5
9441237,44
9441238,49
9441239,40
9441242,63
9441243,63
9441246,18
9441247,56
9441248,97
9441250,2
9441252,21
9441257,61
9441259,8
9441265,61
9441267,25
9441271,18
9441272,25
9441282,47
9441285,32
9441292,25
9441295,23
9441298,138
9441299,18
9441300,18
9441302,81
9441303,80
9441317,134
9441323,17
9441325,3
9441326,26
9441340,7
9441344,38
9441345,11
9441346,5
9441347,28
9441349,8
9441355,1
9441356,1
9441357,1
9441358,1
9441366,24
9441367,7
9441371,24
9441375,24
9441376,35
9441377,23
9441378,35
9441382,28
9441383,9
9441385,24
9441386,28
9441387,7
9441388,121
9441390,24
9441391,31
9441397,24
9441400,38
9441407,12
9441408,1
9441415,1
9441416,3
9441417,2
9441419,57
9441421,1
9441426,32
9441427,6
9441434,66
9441435,23
9441439,109
9441443,109
9441446,1
9441449,63
9441454,1
9441455,43
9441457,27
9441458,43
9441461,18
9441462,18
9441463,29
9441464,181
9441465,62
9441469,11
9441473,2
9441474,15
9441476,45
9441477,77
9441478,77
9441479,40
9441482,45
9441483,45
9441486,40
9441487,48
9441488,63
9441491,28
9441497,99
9441498,96
9441501,81
9441510,28
9441513,372
9441514,44
9441516,48
9441517,47
9441519,372
9441520,66
9441522,23
9441524,23
9441526,66
9441527,40
9441531,568
9441536,11
9441544,24
9441545,11
9441546,27
9441547,36
9441548,9
9441549,61
9441550,8
9441551,5
9441552,5
9441553,11
9441554,10
9441555,49
9441556,40
9441557,1
9441558,79
9441563,79
9441565,70
9441589,12
9441593,136
9441599,35
9441601,305
9441602,18
9441603,18
9441604,50
9441610,73
9441612,377
9441615,50
9441620,575
9441621,113
9441623,40
9441624,423
9441625,14
9441627,50
9441630,44
9441631,377
9441634,44
9441642,1
9441646,24
9441647,1
9441648,1
9441649,24
9441657,6
9441659,11
9441661,6
9441662,11
9441663,29
9441664,75
9441666,32
9441669,14
9441680,29
9441683,36
9441684,29
9441685,113
9441686,69
9441692,96
9441694,16
9441697,423
9441698,34
9441699,30
9441700,43
9441701,34
9441705,16
9441706,16
9441710,18
9441711,2
9441712,44
9441713,44
9441717,72
9441718,1
9441720,39
9441721,21
9441722,40
9441723,2
9441724,69
9441725,69
9441726,69
9441727,106
9441730,106
9441731,1
9441732,1
9441734,106
9441739,23
9441740,64
9441741,104
9441742,41
9441743,40
9441744,45
9441745,45
9441746,24
9441748,23
9441749,75
9441750,35
9441751,43
9441759,48
9441760,10
9441761,89
9441766,8
9441771,82
9441773,377
9441776,106
9441779,74
9441782,51
9441788,3
9441790,142
9441791,97
9441792,1
9441793,1
9441795,1
9441796,29
9441798,11
9441799,16
9441804,246
9441806,40
9441810,12
9441811,57
9441812,23
9441813,50
9441815,45
9441818,134
9441819,36
9441820,372
9441821,108
9441822,64
9441823,54
9441824,416
9441825,30
9441826,66
9441827,66
9441828,51
9441831,76
9441834,26
9441836,45
9441837,30
9441842,119
9441845,372
9441850,86
9441851,459
9441852,42
9441854,51
9441856,27
9441857,121
9441859,51
9441861,5
9441862,53
9441864,53
9441865,27
9441869,34
9441872,454
9441873,3
9441874,26
9441876,459
9441877,14
9441878,191
9441880,113
9441883,16
9441885,124
9441886,108
9441887,45
9441890,646
9441893,568
9441898,38
9441902,55
9441904,48
9441907,48
9441908,48
9441918,454
9441920,72
9441925,49
9441928,46
9441929,14
9441934,26
9441936,30
9441941,100
9441945,66
9441961,963
9441962,153
9441963,97
9441965,41
9441966,106
9441971,62
9441973,51
9441977,45
9441982,15
9441986,11
9441987,11
9441989,60
9441994,14
9441996,134
9441998,5
9441999,50
9442000,14
9442004,153
9442007,53
9442010,21
9442011,67
9442013,48
9442016,73
9442019,59
9442020,59
9442021,59
9442023,371
9442034,17
9442035,17
9442036,17
9442037,29
9442040,20
9442042,63
9442043,372
9442048,46
9442050,66
9442052,26
9442053,81
9442055,150
9442061,80
9442067,70
9442069,79
9442073,134
9442075,14
9442078,66
9442079,66
9442083,59
9442084,21
9442091,81
9442096,4
9442098,81
9442102,377
9442103,69
9442112,50
9442114,32
9442119,278
9442120,29
9442121,51
9442128,113
9442131,113
9442135,18
9442143,42
9442144,42
9442151,127
9442164,177
9442165,38
9442170,72
9442173,49
9442174,16
9442182,27
9442189,5
9442190,58
9442191,136
9442198,56
9442200,35
9442201,35
9442203,16
9442205,177
9442211,11
9442232,5
9442234,305
9442235,62
9442236,181
9442237,51
9442239,28
9442240,28
9442242,85
9442244,38
9442245,38
9442246,14
9442248,29
9442249,29
9442250,96
9442251,153
9442252,1020
9442254,106
9442255,371
9442256,38
9442257,27
9442258,72
9442259,14
9442260,69
9442261,62
9442262,76
9442263,76
9442264,39
9442279,1
9442290,1191
9442291,29
9442292,29
9442293,28
9442295,28
9442298,7
9442300,99
9442302,66
9442304,18
9442306,18
9442307,23
9442308,3
9442310,8
9442311,21
9442312,21
9442317,29
9442319,15
9442320,69
9442321,69
9442323,16
9442325,57
9442326,61
9442328,16
9442329,16
9442331,102
9442332,5
9442333,66
9442335,20
9442336,3
9442337,69
9442338,5
9442342,102
9442345,5
9442347,50
9442349,51
9442350,34
9442351,34
9442352,61
9442354,26
9442355,40
9442357,134
9442361,13
9442362,13
9442364,47
9442367,12
9442368,15
9442370,110
9442371,81
9442373,8
9442374,1
9442375,26
9442376,44
9442377,27
9442383,19
9442384,19
9442385,17
9442386,57
9442390,19
9442394,1
9442400,511
9442401,332
9442402,41
9442403,1
9442404,81
9442405,41
9442410,246
9442418,89
9442421,47
9442423,75
9442427,70
9442428,70
9442432,96
9442438,61
9442441,5
9442443,5
9442444,5
9442445,5
9442446,5
9442447,20
9442449,28
9442450,48
9442451,47
9442452,72
9442453,18
9442455,216
9442457,216
9442459,40
9442461,36
9442463,2
9442466,44
9442468,44
9442469,8
9442472,8
9442476,44
9442481,8
9442483,124
9442484,149
9442489,49
9442491,113
9442493,42
9442499,41
9442503,109
9442504,10
9442505,5
9442508,31
9442509,75
9442516,2
9442519,13
9442523,21
9442524,49
9442525,4
9442529,47
9442530,47
9442531,17
9442533,1
9442534,1
9442538,66
9442539,26
9442546,8
9442547,8
9442551,616
9442552,5
9442554,20
9442559,19
9442563,113
9442567,26
9442568,58
9442569,70
9442570,60
9442571,60
9442572,38
9442573,38
9442574,49
9442575,40
9442576,76
9442577,71
9442578,33
9442580,34
9442581,34
9442582,83
9442584,233
9442585,166
9442586,14
9442587,53
9442589,53
9442591,11
9442593,51
9442594,208
9442595,208
9442601,60
9442602,50
9442603,2
9442606,66
9442607,17
9442608,5
9442613,27
9442614,81
9442616,131
9442619,131
9442621,89
9442622,108
9442623,108
9442625,5
9442626,28
9442627,28
9442628,96
9442631,8
9442632,8
9442634,102
9442637,18
9442638,18
9442639,47
9442640,23
9442641,47
9442645,72
9442646,134
9442649,100
9442650,22
9442657,8
9442658,35
9442659,49
9442660,26
9442662,40
9442663,8
9442664,98
9442665,74
9442666,154
9442668,18
9442673,377
9442674,43
9442676,40
9442677,35
9442679,36
9442685,10
9442689,54
9442691,45
9442693,9
9442695,34
9442698,127
9442701,14
9442707,297
9442717,7
9442718,7
9442727,19
9442729,17
9442732,30
9442733,46
9442736,70
9442738,6
9442740,17
9442742,39
9442748,45
9442749,86
9442756,5
9442767,3
9442768,50
9442769,51
9442775,3
9442777,72
9442781,48
9442784,52
9442792,80
9442799,5
9442803,34
9442804,70
9442805,524
9442807,174
9442809,81
9442854,31
9442855,34
9442859,14
9442862,40
9442863,12
9442867,32
9442869,21
9442870,66
9442871,1
9442872,63
9442873,66
9442874,2
9442875,2
9442877,20
9442878,1
9442879,62
9442882,23
9442885,69
9442888,98
9442889,32
9442891,32
9442892,12
9442893,6
9442894,33
9442898,42
9442900,25
9442902,246
9442903,44
9442905,109
9442907,77
9442910,281
9442917,42
9442918,36
9442919,15
9442999,20
9443007,20
9443009,20
9443013,38
9443014,83
9443017,35
9443018,40
9443020,487
9443021,2
9443022,2
9443023,119
9443024,28
9443025,28
9443027,3
9443028,8
9443029,36
9443030,80
9443031,40
9443034,17
9443038,23
9443041,66
9443043,6
9443045,6
9443046,36
9443047,11
9443049,235
9443051,109
9443054,47
9443055,47
9443057,54
9443058,47
9443060,106
9443061,72
9443065,4
9443066,40
9443072,62
9443078,49
9443079,69
9443081,62
9443082,1
9443083,61
9443084,62
9443085,72
9443087,25
9443088,25
9443089,19
9443090,19
9443091,25
9443092,487
9443093,40
9443094,80
9443095,2
9443103,47
9443104,187
9443114,17
9443117,46
9443118,14
9443121,46
9443123,70
9443128,9
9443130,54
9443131,25
9443134,11
9443136,12
9443148,38
9443149,54
9443150,47
9443151,47
9443152,189
9443153,60
9443158,42
9443159,64
9443162,39
9443169,8
9443170,80
9443174,48
9443181,60
9443187,109
9443189,20
9443190,33
9443192,23
9443194,29
9443195,29
9443198,23
9443201,42
9443209,81
9443215,377
9443216,54
9443217,4
9443218,97
9443264,25
9443267,51
9443274,13
9443275,7
9443284,23
9443286,24
9443287,243
9443288,18
9443289,5
9443317,372
9443322,416
9443349,24
9443350,66
9443351,23
9443352,67
9443354,108
9443359,246
9443360,411
9443361,536
9443364,246
9443365,454
9443366,377
9443367,1
9443368,24
9443370,48
9443371,89
9443373,62
9443377,102
9443378,28
9443500,18
9443501,18
9443502,18
9443503,18
9444769,454
9444770,61
9444771,149
9444772,29
9444774,9
9444775,45
9444776,30
9444777,142
9444778,35
9444779,89
9444780,304
9444781,50
9444782,98
9444783,23
9444784,142
9444785,277
9444786,241
9444788,82
9444789,310
9444792,43
9444793,818
9444794,29
9444795,60
9444796,51
9444797,31
9444798,80
9444800,51
9444801,40
9444804,372
9444805,158
9444806,454
9444808,372
9444810,646
9444811,41
9444830,233
9444831,1488
9444832,1488
9444855,246
9444856,241
9444857,89
9444858,89
9444894,230
9444895,186
9444897,30
9444902,30
9444933,75
9444935,86
9444941,59
9444943,76
9444965,149
9444981,322
9444983,28
9444991,281
9444994,102
9444997,50
9444998,17
9444999,43
9445000,31
9445001,31
9445004,17
9445005,17
9445006,17
9445008,66
9445009,36
9445010,18
9445011,51
9445012,40
9445014,32
9445015,64
9445019,38
9445020,40
9445028,3
9445030,102
9445053,23
9445082,64
9445094,181
9445114,66
9445119,44
9445121,44
9445206,38
9445207,243
9445250,1488
9445252,511
9445254,241
9445275,127
9445277,398
9445282,16
9445286,10
9445289,46
9445290,43
9445291,132
9445295,12
9445296,372
9445298,117
9445299,304
9445300,616
9445301,38
9445302,82
9445304,69
9445305,50
9445306,5
9445307,10
9445309,48
9445310,5
9445311,5
9445312,55
9445313,41
9445314,47
9445318,21
9445319,63
9445320,243
9445321,84
9445326,51
9445327,233
9445329,60
9445331,39
9445337,128
9445338,146
9445344,102
9445350,89
9445351,235
9445487,51
9445492,19
9445497,24
9445499,36
9445501,36
9445503,85
9445504,85
9445508,26
9445510,24
9445511,24
9445513,1020
9445517,6
9445522,33
9445523,33
9445524,33
9445525,38
9445526,89
9445528,13
9445530,13
9445541,47
9445545,311
9445549,196
9445737,136
9448398,134
9448407,11
9448415,25
9448416,25
9448427,281
9448429,616
9448471,6
9448472,1
9448473,3
9448481,10
945C,11
951C,6
952C,3
959C,33
9611234,105
9611234PB,210
9611235,105
9611235PB,210
9611236,128
9611237,111
9611237PB,222
9611238,111
9611238PB,222
9611239,9
9611239PB,18
9611240,30
9611240PB,60
9611241,143
9611241PB,286
9611242,198
9611242PB,396
9611243,67
9611243PB,134
9611244,19
9611244PB,38
9611245,77
9611245PB,154
9611247,19
9611248,19
9611249,291
9611249PB,582
9611251,302
9611252,201
9611252PB,402
9611254,39
9611254PB,78
9611255,150
9611255PB,300
9611256,129
9611256PB,258
9611257,75
9611257PB,150
9611258,134
9611258PB,268
9611259,477
9611259PB,954
9611261,134
9611261PB,268
9611262,134
9611262PB,268
9611263,128
9611263PB,256
9611264,31
9611264PB,62
9611265,110
9611265PB,220
9611266,9
9611266PB,18
9611267,302
9611267PB,604
9611268,302
9611268PB,604
9611271,77
9611271PB,154
9611275,291
9611275PB,582
9611276,307
9611276PB,614
9611280,27
9611280PB,54
9611281,198
9611281PB,396
9611282,202
9611282PB,404
9611283,244
9611283PB,488
9611286,20
9611287,6
9611292,143
9611292PB,286
9611294,26
9611294PB,52
9611295,13
9611295PB,26
9611297,1
9611297PB,2
9611298,1
9611298PB,2
9611299,5
9611299PB,10
9611300,2
9611300PB,4
9611301,5
9611301PB,10
9611302,5
9611302PB,10
9611303,2
9611303PB,4
9611304,44
9611304PB,88
9611306,26
9611306PB,52
9611308,105
9611308PB,210
9611309,150
9611309PB,300
9611310,134
9611310PB,268
9611316,20
9611316PB,40
9611317,33
9611317PB,66
9611318,30
9611318PB,60
9611319,26
9611319PB,52
9611320,307
9611320PB,614
9611321,79
9611321PB,158
9611322,255
9611322PB,510
9611323,38
9611323PB,76
9611324,8
9611325,128
9611325PB,256
9611326,128
9611326PB,256
9611327,134
9611327PB,268
9611328,134
9611328PB,268
9611329,26
9611329PB,52
9611330,26
9611330PB,52
9611334,21
9611334PB,42
9611335,40
9611335PB,80
9611336,434
9611336PB,868
9611337,143
9611337PB,286
9611338,198
9611338PB,396
9611339,43
9611339PB,86
9611340,160
9611340PB,320
9611341,45
9611341PB,90
9611342,477
9611342PB,954
9611343,21
9611343PB,42
9611344,21
9611344PB,42
9611345,67
9611345PB,134
9611346,38
9611346PB,76
9611347,612
9611347PB,1224
9611348,5
9611348PB,10
9611349,39
9611349PB,78
9611350,69
9611350PB,138
9611351,61
9611351PB,124
9611353,261
9611353PB,522
9611354,91
9611354PB,182
9611356,1323
9611358,60
9611358PB,120
9611359,60
9611359PB,120
9611360,13
9611360PB,26
9611362,15
9611362PB,30
9611363,121
9611363PB,242
9611364,8
9611364PB,16
9611365,8
9611365PB,16
9611369,109
9611369PB,218
9611370,23
9611370PB,46
9611371,60
9611371PB,120
9611372,60
9611372PB,120
9611373,23
9611373PB,46
9611374,31
9611374PB,62
9611375,12
9611375PB,24
9611376,12
9611376PB,24
9611377,12
9611377PB,24
9611378,60
9611378PB,120
9611381,63
9611381PB,126
9611382,23
9611382PB,46
9611383,60
9611383PB,120
9611384,23
9611384PB,46
9611386,31
9611386PB,62
9611388,41
9611388PB,82
9611389,23
9611389PB,46
9611390,45
9611390PB,90
9611391,45
9611391PB,90
9611392,45
9611392PB,90
9611393,8
9611393PB,16
9611394,8
9611394PB,16
9611395,8
9611395PB,16
9611396,8
9611396PB,16
9611397,8
9611397PB,16
9611398,60
9611398PB,120
9611399,92
9611399PB,184
9611401,74
9611401PB,148
9611402,23
9611402PB,46
9611403,60
9611403PB,120
9611404,109
9611404PB,218
9611405,74
9611405PB,148
9611406,109
9611406PB,218
9611407,74
9611407PB,148
9611413,52
9611413PB,104
9611414,52
9611414PB,104
9611415,3
9611415PB,6
9611416,6
9611416PB,12
9611417,7
9611417PB,14
9611418,2
9611418PB,4
9611421,23
9611421PB,46
9611422,42
9611422PB,84
9611429,41
9611429PB,82
9611431,41
9611431PB,82
9611437,12
9611437PB,24
9611438,12
9611438PB,24
9611440,12
9611440PB,24
9611445,2
9611445PB,4
9611446,5
9611446PB,10
9611447,9
9611447PB,18
9611448,9
9611448PB,18
9611449,9
9611449PB,18
9611450,9
9611450PB,18
9611451,8
9611451PB,16
9611452,8
9611452PB,16
9611459,5
9611459PB,10
9611460,5
9611460PB,10
9611475,38
9611475PB,76
9611494,53
9611494PB,106
9611495,53
9611495PB,106
9611498,38
9611498PB,76
9611524,38
9611524PB,56
9611561,53
9611561PB,106
9611573,26
9611573PB,52
9611574,26
9611574PB,52
9611585,20
9611585PB,40
9611586,2
9611586PB,4
9611588,12
9611588PB,24
9611589,12
9611589PB,24
9611590,20
9611590PB,40
9611591,20
9611591PB,40
9611593,20
9611593PB,40
9611594,23
9611594PB,46
9611596,23
9611596PB,46
9611598,25
9611598PB,50
9611599,25
9611599PB,50
9611600,32
9611600PB,64
9611601,33
9611601PB,66
9611602,26
9611602PB,52
9611603,26
9611603PB,52
9611605,24
9611605PB,48
9611606,2
9611606PB,4
9611607,18
9611607PB,36
9611608,21
9611608PB,42
9611609,21
9611609PB,42
9611610,13
9611610PB,26
9611611,44
9611611PB,88
9611612,44
9611612PB,88
9611613,44
9611613PB,88
9611614,44
9611615,44
9611615PB,88
9611616,10
9611616PB,20
9611617,10
9611617PB,20
9611618,1
9611618PB,2
9611619,1
9611619PB,2
9611620,12
9611620PB,24
9611621,13
9611621PB,26
9611622,12
9611622PB,24
9611625,10
9611625PB,20
9611626,26
9611626PB,52
9611627,26
9611627PB,52
9611628,16
9611628PB,32
9611629,81
9611629PB,162
9611630,81
9611630PB,162
9611632,81
9611632PB,162
9611633,81
9611633PB,162
9611634,94
9611634PB,188
9611635,74
9611635PB,148
9611636,74
9611636PB,148
9611637,200
9611637PB,400
9611638,92
9611638PB,184
9611639,92
9611639PB,184
9611640,336
9611640PB,672
9611641,544
9611641PB,544
9611642,533
9611642PB,1066
9611643,533
9611643PB,1066
9611645,66
9611645PB,132
9611646,63
9611646PB,126
9611647,261
9611647PB,522
9611648,13
9611648PB,26
9611649,24
9611649PB,48
9611650,24
9611650PB,48
9611651,17
9611651PB,34
9611652,17
9611652PB,34
9611655,28
9611655PB,56
9611656,28
9611656PB,56
9611664,291
9611664PB,582
9611665,291
9611665PB,582
9611666,163
9611666PB,326
9611667,195
9611667PB,390
9611668,195
9611668PB,390
9611669,195
9611669PB,390
9611670,56
9611670PB,112
9611671,56
9611671PB,112
9611672,92
9611672PB,184
9611675,2
9611675PB,4
9611677,12
9611677PB,24
9611678,12
9611678PB,24
9611679,336
9611679PB,672
9611680,9
9611680PB,18
9611681,9
9611681PB,18
9611682,454
9611682PB,908
9611683,163
9611683PB,326
9611684,2
9611684PB,4
9611685,63
9611685PB,126
9611686,92
9611686PB,184
9611687,597
9611688,65
9611688PB,132
9611689,2
9611689PB,4
9611690,42
9611690PB,84
9611691,27
9611691PB,54
9611692,42
9611692PB,84
9611693,2
9611693PB,4
9611694,41
9611694PB,82
9611695,41
9611695PB,82
9611696,13
9611696PB,26
9611697,13
9611697PB,26
9611698,5
9611698PB,10
9611699,5
9611699PB,10
9611700,2
9611700PB,4
9611701,16
9611701PB,32
9611702,3
9611702PB,6
9611703,5
9611703PB,10
9611704,15
9611704PB,30
9611705,3
9611705PB,6
9611706,3
9611706PB,6
9611708,13
9611708PB,26
9611709,3
9611709PB,6
9611710,3
9611710PB,6
9611711,8
9611711PB,16
9611712,32
9611712PB,64
9611713,7
9611713PB,14
9611714,9
9611714PB,18
9611715,9
9611715PB,18
9611716,51
9611716PB,102
9611717,13
9611717PB,26
9611718,5
9611718PB,10
9611719,5
9611719PB,10
9611720,3
9611720PB,6
9611721,51
9611721PB,102
9611722,7
9611722PB,14
9611723,24
9611723PB,48
9611724,24
9611724PB,48
9611725,8
9611725PB,16
9611726,19
9611726PB,38
9611727,2
9611727PB,4
9611739,3
9611740,3
9611741,77
9611741PB,154
9611742,77
9611742PB,154
9611743,77
9611743PB,154
9611744,77
9611744PB,154
9611745,7
9611745PB,14
9611746,15
9611746PB,30
9611747,115
9611747PB,230
9611748,577
9611748PB,1160
9611749,580
9611749PB,1160
9611750,580
9611750PB,1160
9611751,323
9611751PB,646
9611752,261
9611752PB,522
9611753,200
9611753PB,400
9611755,63
9611755PB,126
9611756,63
9611756PB,126
9611757,63
9611757PB,126
9611758,63
9611758PB,126
9611759,163
9611759PB,326
9611760,27
9611760PB,54
9611761,55
9611761PB,110
9611762,163
9611762PB,326
9611763,163
9611763PB,326
9611764,163
9611764PB,326
9611765,20
9611765PB,40
9611766,36
9611766PB,72
9611767,8
9611767PB,16
9611768,10
9611768PB,20
9611769,58
9611769PB,116
9611770,58
9611770PB,116
9611771,58
9611771PB,116
9611772,58
9611772PB,116
9611773,23
9611773PB,46
9611774,75
9611774PB,150
9611775,75
9611775PB,150
9611776,75
9611776PB,150
9611778,23
9611778PB,46
9611779,107
9611779PB,214
9611780,107
9611780PB,214
9611781,107
9611781PB,214
9611782,123
9611782PB,246
9611783,123
9611783PB,246
9611784,123
9611784PB,246
9611785,123
9611785PB,246
9611786,123
9611786PB,246
9611787,123
9611787PB,246
9611788,123
9611788PB,246
9611789,123
9611789PB,246
9611790,123
9611790PB,246
9611791,123
9611791PB,246
9611792,123
9611792PB,246
9611793,26
9611793PB,52
9611794,26
9611794PB,52
9611795,26
9611795PB,52
9611796,123
9611796PB,246
9611797,85
9611797PB,170
9611798,123
9611798PB,246
9611799,93
9611799PB,186
9611800,93
9611800PB,186
9611801,93
9611801PB,186
9611802,93
9611802PB,186
9611803,93
9611803PB,186
9611804,93
9611804PB,186
9611805,106
9611805PB,212
9611806,85
9611806PB,170
9611807,106
9611807PB,212
9611808,49
9611808PB,98
9611809,949
9611810,1045
9611811,1323
9611813,261
9611813PB,522
9611814,322
9611814PB,646
9611815,63
9611815PB,126
9611817,261
9611817PB,522
9611818,63
9611818PB,126
9611819,174
9611819PB,348
9611820,590
9611821,257
9611821PB,514
9611822,198
9611822PB,396
9611823,198
9611823PB,396
9611824,200
9611824PB,400
9611825,64
9611825PB,128
9611846,16
9611846PB,32
9611849,29
9611849PB,58
9611852,37
9611852PB,74
9611861,77
9611861PB,154
9611862,77
9611862PB,154
9611863,297
9611863PB,594
9611926,2
9611926PB,4
9611927,2
9611927PB,4
9611980,1
9611981,1
9611982,1
9611983,1
9611984,1
9611985,1
9611986,1
9612039,10
9612057,5
9612057PB,10
9612059,5
9612059PB,10
9612060,5
9612060PB,10
9612083,3
9612088,29
9612089,7
9612089PB,14
9612090,5
9612091,5
9612094,7
9612094PB,14
9612095,230
9612099,3
9612099PB,6
9612100,3
9612100PB,6
9612101,29
9612101PB,58
9612102,29
9612102PB,58
9612105,19
9612112,19
9612115,92
9612116,92
9612122,15
9612123,4
9612124,243
9612124PB,486
9612125,6
9612127,20
9612128,2
9612128PB,4
9612129,2
9612129PB,4
9612164,3
9612164PB,6
9612165,4
9612165PB,8
9612166,1
9612166PB,2
9612167,1
9612167PB,2
9612168,3
9612168PB,6
9612169,8
9612169PB,16
9612171,20
9612171PB,40
9612172,20
9612172PB,40
9612174,12
9612174PB,24
9612175,5
9612175PB,10
9612176,5
9612176PB,10
9612177,25
9612177PB,50
9612178,25
9612178PB,50
9612179,25
9612179PB,50
9612184,2
9612184PB,4
9612185,2
9612185PB,4
9612187,2
9612187PB,4
9612188,2
9612188PB,4
9612191,2
9612191PB,4
9612192,5
9612192PB,10
9612193,5
9612193PB,10
9612194,5
9612194PB,10
9612198,5
9612198PB,10
9612199,15
9612199PB,30
9612200,2
9612200PB,4
9612201,2
9612201PB,4
9612202,2
9612202PB,4
9612203,7
9612203PB,14
9612204,7
9612204PB,14
9612205,8
9612205PB,16
9612206,11
9612206PB,22
9612207,13
9612207PB,26
9612208,20
9612208PB,40
9612211,9
9612211PB,18
9612212,12
9612212PB,24
9612214,12
9612215,12
9612221,3
9612221PB,6
9612222,67
9612222PB,134
9612223,67
9612223PB,134
9612224,18
9612224PB,36
9612227,127
9612227PB,254
9612229,52
9612229PB,104
9612230,24
9612230PB,48
9612231,24
9612231PB,48
9612232,24
9612232PB,48
9612233,35
9612233PB,70
9612234,35
9612234PB,70
9612235,35
9612235PB,70
9612239,195
9612239PB,390
9612240,195
9612240PB,390
9612241,59
9612241PB,118
9612243,50
9612243PB,100
9612246,12
9612246PB,24
9612247,15
9612247PB,30
9612249,12
9612249PB,24
9612250,12
9612250PB,24
9612251,23
9612251PB,46
9612354,5
9612354PB,10
9612443,1
9612443PB,2
9612447,22
9612447PB,44
9612495,580
9612495PB,1160
9612577,212
9612577PB,424
9612578,212
9612578PB,424
9612582,83
9612582PB,166
9612767,292
9612767PB,584
9612768,291
9612768PB,584
9612769,292
9612769PB,584
9612770,292
9612770PB,584
9612772,66
9612772PB,132
9612773,63
9612773PB,126
9612774,261
9612774PB,522
9612775,94
9612775PB,188
9612776,74
9612776PB,148
9612778,74
9612778PB,148
9612779,227
9612779PB,454
9612780,92
9612780PB,184
9612781,92
9612781PB,184
9612782,227
9612782PB,454
9612783,202
9612783PB,404
9612786,17
9612786PB,34
9612787,17
9612787PB,34
9612788,17
9612788PB,34
9612811,128
9612811PB,256
9612812,51
9612812PB,102
9612813,201
9612813PB,402
9612815,198
9612815PB,396
9612920,137
9612920PB,274
9612921,137
9612921PB,274
9612923,12
9612924,83
9612924PB,166
9612925,23
9612925PB,46
9613079,13
9613079PB,26
9613221,951
9613221PB,1902
9613223,7
9613223PB,14
9613224,197
9613224PB,396
9613225,198
9613225PB,396
9613226,67
9613226PB,134
9613228,212
9613228PB,424
9613230,13
9613230PB,26
9613231,74
9613231PB,148
9613232,198
9613232PB,396
9613233,198
9613233PB,396
9613234,46
9613234PB,92
9613235,69
9613235PB,138
9613237,4
9613237PB,8
9613240,30
9613240PB,60
9613242,7
9613242PB,14
9613243,7
9613243PB,14
9613244,7
9613244PB,14
9613245,7
9613245PB,14
9613248,19
9613248PB,38
9613249,19
9613249PB,38
9613250,8
9613250PB,16
9613251,97
9613251PB,194
9613252,257
9613252PB,514
9613253,23
9613253PB,46
9613256,8
9613256PB,16
9613257,10
9613257PB,20
9613258,10
9613258PB,20
9613259,19
9613259PB,38
9613260,8
9613260PB,16
9613261,6
9613261PB,12
9613262,13
9613262,13
9613264,17
9613264PB,34
9613269,46
9613269PB,92
9613270,46
9613270PB,92
9613271,30
9613271PB,60
9613272,30
9613272PB,60
9613273,30
9613273PB,60
9613275,16
9613275PB,32
9613290,128
9613290PB,256
9613297,45
9613297PB,90
9613298,191
9613298PB,382
9613299,191
9613299PB,382
9613300,191
9613300PB,382
9613302,12
9613302PB,24
9613303,26
9613303PB,52
9613305,30
9613305PB,60
9613306,1
9613306PB,2
9613307,1
9613307PB,2
9613308,1
9613308PB,2
9613309,1
9613309PB,2
9613312,950
9613312PB,1902
9613314,17
9613314PB,34
9613315,198
9613315PB,396
9613316,7
9613316PB,14
9613317,198
9613317PB,396
9613318,198
9613318PB,396
9613319,198
9613319PB,396
9613331,198
9613331PB,396
9613332,590
9613332PB,1180
9613334,5
9613334PB,10
9613336,13
9613336PB,26
9613337,13
9613337PB,26
9613338,231
9613338PB,466
9613339,201
9613339PB,402
9613340,38
9613340PB,76
9613341,38
9613341PB,76
9614676,52
9614676,52
9614753,1177
9614753PB,2354
9614754,210
9614754PB,420
9614755,188
9614755PB,376
9614756,77
9614756PB,154
9614768,23
9614768PB,46
9614769,83
9614769PB,166
9614770,120
9614770PB,240
9614771,120
9614771PB,240
9614776,16
9614776PB,32
9614777,69
9614777PB,138
9614778,63
9614778PB,126
9614779,951
9614779PB,1902
9614780,32
9614780PB,64
9614781,210
9614781PB,420
9614786,63
9614786PB,126
9614787,63
9614787PB,126
9614790,9
9614790PB,44
9614791,7
9614791PB,14
9614792,19
9614792PB,38
9614793,105
9614793PB,210
9614794,105
9614794PB,210
9614795,107
9614795PB,214
9614797,75
9614797PB,150
9614799,233
9614799PB,466
9614800,233
9614800PB,466
9614801,201
9614801PB,402
9614802,198
9614802PB,396
9614803,302
9614803PB,604
9614804,300
9614804PB,604
9614805,210
9614805PB,420
9614806,210
9614806PB,420
9614807,201
9614807PB,402
9614808,128
9614808PB,256
9614809,201
9614809PB,402
9614810,201
9614810PB,402
9614811,302
9614811PB,604
9614812,198
9614812PB,396
9614813,951
9614813PB,1902
9614814,19
9614814PB,38
9614815,261
9614815PB,522
9614816,201
9614816PB,404
9614817,92
9614817PB,184
9614818,92
9614818PB,184
9614820,198
9614820PB,396
9614821,302
9614821PB,604
9614822,190
9614822PB,382
9614823,191
9614823PB,382
9614824,191
9614824PB,382
9614826,21
9614826PB,42
9614827,590
9614827PB,1180
9614828,257
9614828PB,514
9614833,50
9614833PB,100
9614834,59
9614834PB,118
9614835,20
9614835PB,40
9614838,92
9614838PB,184
9614840,92
9614840PB,184
9614841,92
9614841PB,184
9614843,92
9614843PB,184
9614844,29
9614844PB,58
9614845,302
9614845PB,604
9614846,198
9614846PB,396
9614847,302
9614847PB,604
9614848,302
9614848PB,604
9614849,198
9614849PB,396
9614850,21
9614850PB,42
9614851,392
9614851PB,784
9614852,22
9614852PB,44
9614853,128
9614853PB,256
9614854,59
9614855,59
9614856,59
9614857,105
9621241,58
9621241PB,116
9621242,274
9621242PB,548
9621243,129
9621243PB,258
9621244,35
9621244PB,70
9621245,79
9621245PB,158
9621246,79
9621246PB,158
9621247,23
9621247PB,46
9621248,61
9621248PB,122
9621249,81
9621249PB,162
9621250,166
9621250PB,332
9621252,3
9621252PB,6
9621253,94
9621253PB,188
9621254,14
9621254PB,28
9621256,156
9621256PB,312
9621257,82
9621257PB,164
9621258,3
9621258PB,6
9621259,6
9621260,3
9621260PB,6
9621261,23
9621261PB,46
9621262,139
9621262PB,278
9621263,61
9621263PB,122
9621264,61
9621264PB,122
9621265,81
9621265PB,162
9621266,95
9621266PB,190
9621267,95
9621267PB,190
9621268,156
9621268PB,312
9621269,156
9621269PB,312
9621270,81
9621270PB,162
9621271,47
9621271PB,94
9621272,82
9621272PB,164
9621274,93
9621274PB,186
9621275,361
9621275PB,722
9621276,155
9621276PB,310
9621277,95
9621277PB,190
9621278,236
9621278PB,472
9621279,163
9621279PB,326
9621280,32
9621280PB,64
9621281,87
9621281PB,174
9621282,32
9621282PB,64
9621283,112
9621283PB,224
9621284,43
9621284PB,86
9621286,249
9621286PB,498
9621287,92
9621287PB,186
9621288,81
9621288PB,162
9621289,33
9621289PB,66
9621290,81
9621291,33
9621291PB,66
9621292,12
9621292PB,24
9621293,63
9621293,63
9621482,62
9621482PB,124
9621483,62
9621483PB,124
9621486,47
9621486PB,94
9621487,85
9621487PB,170
9621601,22
9621601PB,44
9621602,22
9621602PB,44
9621604,94
9621604PB,188
9621605,58
9621605PB,116
9621606,58
9621606PB,116
9621825,2
9621825PB,4
9621826,2
9621826PB,4
9621827,2
9621827PB,4
9621828,2
9621828PB,4
9621829,2
9621829PB,4
9621830,2
9621830PB,4
9621831,2
9621831PB,4
9621834,2
9621834PB,4
9621835,2
9621835PB,4
9621836,36
9621836PB,72
9621837,36
9621837PB,72
9621838,49
9621838PB,98
9621839,49
9621839PB,98
9621840,79
9621840PB,158
9621841,35
9621841PB,70
9621842,31
9621842PB,62
9622000,4
9622001,48
9622002,5
9622003,5
9622015,16
9622015PB,32
9622016,16
9622016PB,10
9622017,16
9622017PB,32
9622018,4
9622018PB,8
9622019,9
9622019PB,18
9622020,9
9622020PB,18
9622021,12
9622021PB,24
9622022,12
9622022PB,24
9622023,11
9622023PB,22
9622024,11
9622024PB,22
9622025,16
9622025PB,32
9622043,68
9622043PB,136
9622044,68
9622044PB,136
9622045,24
9622045PB,48
9622047,24
9622047PB,48
9622048,21
9622048PB,42
9622049,21
9622049PB,42
9622050,31
9622050PB,62
9622051,12
9622051PB,24
9622052,12
9622052PB,24
9622069,102
9622069PB,204
9622070,62
9622070PB,124
9622071,35
9622071PB,70
9622072,102
9622072PB,204
9622073,102
9622073PB,204
9622074,102
9622074PB,204
9622075,102
9622075PB,204
9622076,102
9622076PB,204
9622079,69
9622079PB,138
9622081,69
9622081PB,138
9622082,23
9622082PB,46
9622100,28
9622100PB,56
9622101,28
9622101PB,56
9622102,28
9622102PB,56
9622103,28
9622103PB,56
9622104,28
9622104PB,56
9622105,28
9622105PB,56
9622107,48
9622107PB,96
9622108,48
9622108PB,96
9622117,12
9622117PB,24
9622118,298
9622118PB,596
9622119,298
9622119PB,596
9622128,19
9622128PB,38
9622129,85
9622129PB,170
9622130,19
9622130PB,38
9622131,85
9622131PB,170
9622132,19
9622132PB,38
9622146,4
9622146PB,8
9622149,25
9622149PB,50
9622150,17
9622150PB,34
9622151,3
9622151PB,6
9622152,3
9622152PB,6
9622153,25
9622153PB,50
9622154,17
9622154PB,34
9622155,17
9622155PB,34
9622156,128
9622156PB,256
9622157,103
9622157PB,206
9622161,81
9622161PB,162
9622163,61
9622163PB,122
9622164,61
9622164PB,122
9622166,94
9622166PB,188
9622167,23
9622167PB,46
9622169,236
9622169PB,472
9622313,49
9622313PB,98
9622314,49
9622314PB,98
9622315,49
9622315PB,98
9622316,49
9622316PB,98
9622322,46
9622322PB,92
9622323,40
9622323PB,80
9622324,1
9622324PB,2
9622372,18
9622372PB,36
9622373,1
9622373PB,2
9622374,20
9622374PB,40
9622380,416
9622380PB,832
9622381,470
9622381PB,940
9622410,85
9622410PB,170
9622411,85
9622411PB,170
9622412,85
9622412PB,170
9622413,40
9622413PB,80
9622414,11
9622414PB,22
9622416,40
9622416PB,80
9622417,162
9622417PB,324
9622422,39
9622422PB,78
9622423,39
9622423PB,78
9622441,271
9622441PB,542
9622479,94
9622479PB,188
9622491,57
9622491PB,114
9622492,57
9622492PB,114
9622493,57
9622493PB,114
9622512,99
9622512PB,198
9622513,59
9622513PB,118
9622515,11
9622515PB,22
9622516,44
9622516PB,88
9622517,11
9622517PB,22
9622518,15
9622518PB,30
9622519,16
9622519PB,32
9622520,23
9622520PB,46
9622521,23
9622521PB,46
9622522,23
9622522PB,46
9622526,470
9622526PB,940
9622534,12
9622534PB,24
9622535,185
9622535PB,370
9622536,185
9622536PB,370
9622545,59
9622545PB,118
9622546,97
9622546PB,194
9622547,271
9622547PB,542
9622557,11
9622557PB,22
9622558,11
9622558PB,22
9622559,83
9622559PB,166
9622560,11
9622560PB,22
9622563,120
9622563PB,240
9622564,48
9622564PB,96
9622565,262
9622565PB,524
9622566,262
9622566PB,524
9622568,99
9622568PB,198
9622570,57
9622570PB,114
9622571,57
9622571PB,114
9622572,23
9622572PB,46
9622573,23
9622573PB,46
9622574,23
9622574PB,46
9622624,29
9622624PB,58
9622625,39
9622625PB,78
9622633,22
9622633PB,44
9622634,22
9622634PB,44
9622635,22
9622635PB,44
9622637,22
9622637PB,44
9622646,29
9622646PB,58
9622647,23
9622647PB,46
9622648,23
9622648PB,46
9622649,23
9622649PB,46
9622694,25
9622694PB,50
9622695,25
9622695PB,50
9622696,25
9622696PB,50
9622697,25
9622697PB,50
9622698,25
9622698PB,50
9622709,17
9622709PB,34
9622718,89
9622718PB,178
9622719,61
9622719PB,122
9622720,89
9622720PB,178
9622728,30
9622728PB,60
9622748,109
9622748PB,218
9622749,92
9622749PB,184
9622750,4
9622750PB,8
9622751,236
9622751PB,472
9622752,249
9622752PB,498
9622753,82
9622753PB,164
9622780,64
9622780PB,128
9622781,64
9622781PB,128
9622782,64
9622782PB,128
9622789,16
9622789PB,32
9622790,16
9622790PB,32
9622791,16
9622791PB,32
9622792,16
9622792PB,32
9622795,102
9622795PB,204
9622802,69
9622802PB,138
9622803,29
9622803PB,58
9622818,44
9622818PB,88
9622822,24
9622822PB,48
9622823,24
9622823PB,48
9622824,5
9622824PB,10
9622825,69
9622825PB,138
9622826,69
9622826PB,138
9622827,69
9622827PB,138
9622829,28
9622829PB,56
9622832,271
9622832PB,542
9622841,221
9622841PB,442
9622842,47
9622842PB,94
9622843,3
9622843PB,6
9622844,186
9622844PB,372
9622937,92
9622937PB,184
9622940,32
9622940PB,64
9622941,99
9622941PB,198
9622942,99
9622942PB,198
9622943,33
9622943PB,66
9622944,33
9622944PB,66
9622945,163
9622945PB,326
9622948,285
9622948PB,570
9622950,92
9622950PB,184
9622951,92
9622951PB,184
9622960,17
9622960PB,34
9622961,162
9622961PB,324
9622963,244
9622963PB,488
9622964,31
9622964PB,62
9622965,29
9622965PB,58
9622966,43
9622966PB,86
9622967,43
9622967PB,86
9622968,39
9622968PB,78
9622969,32
9622969PB,64
9622973,36
9622973PB,72
9622974,84
9622974PB,168
9622975,29
9622975PB,58
9623001,470
9623001PB,940
9623145,109
9623190,109
9623274,44
9623274PB,88
9623281,22
9623281PB,44
9623293,12
9623293PB,24
9623295,39
9623295PB,78
9623296,11
9623296PB,22
9623328,221
9623328PB,442
9623329,56
9623329PB,112
9623339,61
9623339PB,122
9623345,17
9623345PB,34
9623346,48
9623346PB,96
9623347,25
9623347PB,50
9623349,109
9623349PB,88
9623350,221
9623350PB,442
9623351,285
9623351PB,570
9623352,92
9623352PB,184
9623353,92
9623353PB,184
9623354,94
9623354PB,188
9623356,69
9623356PB,138
9623357,69
9623357PB,138
9623359,121
9623359PB,242
9623360,61
9623360PB,122
9623361,61
9623361PB,122
9623362,244
9623362PB,488
9623363,121
9623363PB,242
9623365,31
9623365PB,62
9623366,69
9623366PB,138
9623368,32
9623368PB,64
9623369,62
9623369PB,124
9623370,62
9623370PB,124
9623371,121
9623371PB,242
9623372,121
9623372PB,242
9623373,166
9623373PB,332
9623374,54
9623374PB,108
9623378,139
9623378PB,278
9623379,139
9623379PB,278
9623380,17
9623380PB,34
9623381,186
9623381PB,372
9623382,29
9623382PB,58
9623383,244
9623383PB,488
9623384,244
9623384PB,488
9623385,166
9623385PB,332
9623387,293
9623387PB,586
9623388,293
9623388PB,586
9623390,64
9623390PB,128
9623391,293
9623391PB,586
9623392,293
9623392PB,586
9623393,156
9623393PB,312
9623394,81
9623394PB,162
9623395,166
9623395PB,332
9623396,35
9623396PB,70
9623397,51
9623397PB,102
9623398,14
9623399,36
9623399PB,72
9623400,82
9623400PB,164
9623401,14
9623401PB,28
9623402,82
9623402PB,164
9623403,51
9623403PB,102
9623404,5
9623404PB,10
9623405,95
9623405PB,190
9623406,23
9623406PB,46
9623407,25
9623407PB,50
9623408,3
9623409,23
9623410,27
9623411,236
9623411PB,472
9623412,75
9623412PB,150
9623413,285
9623413PB,570
9623414,155
9623414PB,310
9623415,270
9623415PB,540
9623416,11
9623416PB,22
9623417,11
9623417PB,22
9623418,61
9623418PB,122
9623419,61
9623419PB,122
9623420,185
9623420PB,370
9623421,13
9623421PB,26
9623422,79
9623422PB,158
9623423,14
9623423PB,28
9623424,25
9623424PB,50
9623425,25
9623425PB,50
9623426,60
9623426PB,120
9623427,60
9623427PB,120
9623428,20
9623428PB,40
9623429,47
9623429PB,94
9623430,39
9623430PB,78
9623432,244
9623432PB,488
9624320,57
9624320PB,114
9624321,55
9624321PB,110
9624429,42
9624535,3
9624535PB,6
9624536,15
9624536PB,30
9624537,6
9624537PB,12
9624538,15
9624538PB,30
9624539,15
9624539PB,30
9624540,15
9624540PB,30
9624541,15
9624541PB,30
9624542,3
9624542PB,6
9624545,5
9624545PB,10
9624546,3
9624546PB,6
9624547,15
9624547PB,30
9624548,15
9624548PB,30
9624549,15
9624549PB,30
9624551,2
9624551PB,4
9624552,2
9624552PB,4
9624553,2
9624553PB,4
9624555,2
9624555PB,4
9624556,2
9624556PB,4
9624557,2
9624557PB,4
9624559,2
9624559PB,4
9624560,2
9624560PB,4
9624561,2
9624561PB,4
9624567,2
9624567PB,4
9624570,49
9624570PB,98
9624574,103
9624574PB,206
9624579,6
9624579PB,12
9624580,6
9624580PB,12
9624581,3
9624581PB,6
9624582,3
9624582PB,6
9624583,3
9624583PB,6
9624585,44
9624585PB,88
9624586,44
9624586PB,88
9624587,40
9624587PB,80
9624588,9
9624588PB,18
9624590,3
9624590PB,6
9624592,20
9624592PB,40
9624594,11
9624594PB,22
9624595,64
9631236,68
9631236PB,136
9631237,82
9631237PB,164
9631242,712
9631242PB,1424
9631251,310
9631251PB,620
9631253,199
9631253PB,398
9631255,68
9631255PB,136
9631256,68
9631256PB,136
9631257,290
9631257PB,580
9631258,283
9631258PB,566
9631259,86
9631259PB,172
9631260,68
9631260PB,136
9631261,68
9631261PB,136
9631262,290
9631262PB,580
9631263,290
9631263PB,580
9631264,283
9631264PB,566
9631265,283
9631265PB,566
9631266,69
9631266PB,138
9631267,18
9631267PB,36
9631268,115
9631268PB,230
9631269,68
9631269PB,136
9631270,191
9631270PB,382
9631273,61
9631273PB,122
9631274,290
9631274PB,580
9631276,69
9631276PB,138
9631277,69
9631277PB,138
9631278,109
9631278PB,218
9631279,139
9631279PB,278
9631280,191
9631280PB,382
9631282,139
9631282PB,278
9631283,191
9631283PB,382
9631284,121
9631284PB,242
9631286,161
9631286PB,322
9631287,69
9631287PB,138
9631288,18
9631288PB,36
9631291,83
9631291PB,166
9631292,83
9631292PB,166
9631296,44
9631296PB,88
9631297,110
9631297PB,220
9631298,164
9631298PB,328
9631299,101
9631299PB,202
9631300,86
9631300PB,172
9631301,86
9631301PB,172
9631302,86
9631302PB,172
9631303,86
9631303PB,172
9631306,69
9631306PB,138
9631307,69
9631307PB,138
9631309,6
9631309PB,12
9631310,18
9631310PB,36
9631311,18
9631311PB,36
9631312,155
9631312PB,310
9631313,139
9631313PB,278
9631314,123
9631314PB,246
9631315,26
9631315PB,52
9631317,124
9631317PB,248
9631319,124
9631319PB,250
9631320,112
9631320PB,224
9631321,68
9631321PB,136
9631322,68
9631322PB,136
9631323,151
9631323PB,302
9631324,151
9631324PB,302
9631325,28
9631325PB,56
9631326,28
9631326PB,56
9631327,28
9631327PB,56
9631328,28
9631328PB,56
9631329,52
9631329PB,104
9631330,74
9631330PB,148
9631331,74
9631331PB,148
9631334,109
9631334PB,218
9631335,109
9631335PB,218
9631336,46
9631336PB,92
9631339,64
9631339PB,128
9631340,69
9631340PB,138
9631341,69
9631341PB,138
9631400,26
9631400PB,52
9631401,162
9631401PB,324
9631402,162
9631402PB,324
9631529,85
9631529PB,170
9631530,117
9631530PB,234
9631531,191
9631531PB,382
9631532,199
9631532PB,398
9631843,24
9631843PB,48
9631844,24
9631844PB,48
9631849,30
9631849PB,60
9631850,30
9631850PB,60
9631851,26
9631851PB,52
9631852,16
9631852PB,32
9631853,2
9631853PB,4
9631854,52
9631854PB,104
9631855,24
9631855PB,48
9631856,24
9631856PB,48
9631859,39
9631859PB,78
9631860,39
9631860PB,78
9631861,40
9631861PB,80
9631862,40
9631862PB,80
9631863,35
9631863PB,70
9631864,70
9631864PB,140
9631866,24
9631866PB,48
9631867,14
9631867PB,28
9631868,318
9631868PB,636
9631869,42
9631869PB,84
9631870,42
9631870PB,84
9631873,30
9631873PB,60
9631874,30
9631874PB,60
9631875,299
9631875PB,598
9631876,299
9631876PB,598
9631877,21
9631877PB,42
9631878,7
9631878PB,14
9631879,60
9631879PB,120
9631880,41
9631880PB,82
9631881,4
9631881PB,8
9631882,4
9631882PB,8
9631884,9
9631884PB,18
9631885,43
9631885PB,86
9631886,43
9631886PB,86
9631887,43
9631887PB,86
9631888,43
9631888PB,86
9631889,16
9631889PB,32
9631890,26
9631890PB,52
9631891,26
9631891PB,52
9631894,3
9631894PB,6
9631895,2
9631895PB,4
9631896,216
9631896PB,432
9631897,45
9631897PB,90
9631899,40
9631899PB,80
9631900,40
9631900PB,80
9631901,158
9631901PB,316
9631902,35
9631902PB,70
9631903,16
9631903PB,32
9631904,30
9631904PB,60
9631905,30
9631905PB,60
9631906,55
9631906PB,110
9631907,131
9631907PB,262
9631908,5
9631908PB,10
9631909,5
9631909PB,10
9631910,5
9631910PB,10
9631911,5
9631911PB,10
9631912,5
9631912PB,10
9631913,5
9631913PB,10
9631914,25
9631914PB,50
9631915,197
9631915PB,394
9631916,45
9631916PB,90
9631917,43
9631917PB,86
9631918,2
9631918PB,4
9631920,40
9631920PB,80
9631921,40
9631921PB,80
9631922,158
9631922PB,316
9631923,10
9631923PB,20
9631924,7
9631924PB,14
9631925,10
9631925PB,20
9631927,4
9631927PB,8
9631928,20
9631928PB,40
9631930,20
9631930PB,40
9631931,14
9631931PB,28
9631932,71
9631932PB,142
9631933,55
9631933PB,110
9631934,22
9631934PB,44
9631935,26
9631935PB,52
9631936,16
9631936PB,32
9631937,71
9631937PB,142
9631938,1
9631938PB,2
9631939,24
9631939PB,48
9631940,24
9631940PB,48
9631941,24
9631941PB,48
9631943,12
9631943PB,24
9631944,12
9631944PB,24
9631945,109
9631945PB,218
9631946,49
9631947,49
9631947PB,98
9631948,49
9631948PB,98
9631949,20
9631949PB,40
9631950,20
9631950PB,40
9631951,20
9631951PB,40
9631952,16
9631952PB,32
9631953,22
9631953PB,44
9631954,22
9631954PB,44
9631955,6
9631955PB,12
9631956,6
9631956PB,12
9631957,6
9631957PB,12
9631958,6
9631958PB,12
9631959,6
9631959PB,12
9631961,6
9631961PB,12
9631962,6
9631962PB,12
9631963,25
9631963PB,50
9631964,25
9631964PB,50
9631965,25
9631965PB,50
9631966,25
9631966PB,50
9631967,25
9631967PB,50
9631971,157
9631971PB,314
9631972,107
9631972PB,214
9631973,157
9631973PB,314
9631974,47
9631974PB,94
9631975,157
9631975PB,314
9631976,182
9631976PB,364
9631977,416
9631977PB,832
9631978,416
9631978PB,832
9631979,416
9631979PB,832
9631980,7
9631980PB,14
9631995,69
9631995PB,138
9631996,69
9631996PB,138
9631997,8
9631997PB,16
9631998,8
9631998PB,16
9631999,34
9631999PB,68
9632000,34
9632000PB,68
9632001,275
9632001PB,550
9632002,59
9632002PB,118
9632004,10
9632004PB,20
9632005,20
9632005PB,40
9632006,20
9632006PB,40
9632007,133
9632007PB,266
9632008,133
9632008PB,266
9632009,146
9632009PB,292
9632253,107
9632253PB,214
9632254,177
9632254PB,354
9632261PB,70
9632262,106
9632262PB,212
9632263,106
9632263PB,212
9632264,250
9632264PB,502
9632266,38
9632266PB,76
9632267,50
9632267PB,100
9632268,66
9632268PB,132
9632346,11
9632346PB,22
9632347,11
9632347PB,22
9632499,5
9632499PB,10
9632504,416
9632504PB,832
9632505,98
9632505PB,196
9632506,98
9632506PB,196
9632508,93
9632508PB,186
9632509,35
9632509PB,70
9632586,105
9632586PB,212
9632587,106
9632587PB,212
9632588,276
9632588PB,552
9632589,276
9632589PB,552
9632590,29
9632590PB,58
9632592,16
9632592PB,32
9632594,84
9632594PB,168
9632595,147
9632595PB,294
9632596,147
9632596PB,294
9632597,161
9632597PB,322
9632598,161
9632598PB,322
9632599,50
9632599PB,100
9632741,22
9632741PB,44
9632742,22
9632742PB,44
9632793,49
9632793PB,98
9632798,24
9632798PB,48
9632800,415
9632800PB,832
9632801,157
9632801PB,314
9632845,52
9632845PB,104
9632847,227
9632847PB,454
9632849,6
9632849PB,12
9632850,98
9632850PB,196
9632851,98
9632851PB,196
9632852,107
9632852PB,214
9632853,150
9632853PB,300
9632854,93
9632854PB,186
9632855,150
9632855PB,300
9632856,150
9632856PB,300
9632857,150
9632857PB,300
9632973,106
9632973PB,212
9632974,16
9632974PB,32
9632975,16
9632975PB,32
9632976,93
9632976PB,186
9632977,84
9632977PB,168
9632978,143
9632978PB,286
9632981,114
9632981PB,228
9632983,163
9632983PB,326
9632984,163
9632984PB,326
9632985,85
9632985PB,170
9632986,85
9632986PB,106
9632991,20
9632991PB,40
9632994,52
9632994PB,104
9632995,233
9632995PB,466
9632996,37
9632996PB,74
9632997,212
9632997PB,424
9632998,70
9632998PB,140
9633000,43
9633000PB,86
9633001,47
9633001PB,94
9633002,162
9633002PB,324
9633005,98
9633005PB,196
9633231,52
9633231PB,104
9633232,37
9633232PB,74
9633277,30
9633277PB,60
9633278,30
9633278PB,60
9633294,6
9633294PB,12
9633299,35
9633299PB,70
9633300,407
9633300PB,814
9633301,115
9633301PB,230
9633319,37
9633319PB,74
9633320,96
9633320PB,192
9633321,83
9633321PB,166
9633326,27
9633326PB,54
9633327,27
9633327PB,54
9633334,86
9633334PB,172
9633335,41
9633335PB,82
9633336,85
9633336PB,170
9633337,54
9633337PB,108
9633338,38
9633338PB,76
9633341,71
9633341PB,142
9633342,162
9633342PB,324
9633344PB,188
9633345,481
9633345PB,962
9633346,16
9633346PB,32
9633347,16
9633347PB,32
9633348,98
9633348PB,196
9633349,94
9633349PB,188
9633350,94
9633350PB,188
9633351,212
9633351PB,424
9633352,182
9633352PB,364
9633353,70
9633353PB,140
9633355,84
9633355PB,168
9633357,122
9633357PB,244
9633358,584
9633358PB,1168
9633359,584
9633359PB,1168
9633360,77
9633360PB,154
9633361,59
9633361PB,118
9633362,10
9633362PB,20
9633363,712
9633363PB,1424
9633364,123
9633364PB,246
9633365PB,4
9633366,416
9633366PB,832
9633368,177
9633368PB,354
9633369,212
9633369PB,424
9633370,119
9633370PB,238
9633371,54
9633371PB,108
9633374,20
9633374PB,40
9633375,20
9633375PB,40
9633383,77
9633383PB,154
9633384,233
9633384PB,466
9633389,177
9633389PB,354
9633391,119
9633391PB,238
9633392,157
9633392PB,314
9633393,119
9633393PB,238
9633396,77
9633396PB,154
9633398,157
9633398PB,314
9633399,119
9633399PB,238
9633400,39
9633400PB,78
9633401,39
9633401PB,78
9633402,29
9633402PB,58
9633403,48
9633403PB,96
9633404,48
9633404PB,96
9633406,6
9633406PB,12
9633407,38
9633407PB,76
9633409,82
9633409PB,164
9633414,255
9633414PB,512
9633416,996
9633416PB,1992
9633419,107
9633419PB,214
9633420,177
9633420PB,354
9633423,281
9633423PB,562
9633424,43
9633424PB,86
9633426,47
9633426PB,94
9633427,77
9633427PB,154
9633429,122
9633429PB,244
9633430,996
9633430PB,1992
9633431,199
9633431PB,398
9633434,9
9633434PB,18
9633435,9
9633435PB,18
9633436,4
9633436PB,8
9633437,29
9633437PB,58
9633438,16
9633438PB,32
9633439,57
9633439PB,44
9633440,57
9633440PB,114
9633441,57
9633441PB,114
9633442,16
9633442PB,32
9633443,16
9633443PB,32
9633444,57
9633444PB,114
9633445,57
9633445PB,114
9633446,57
9633446PB,114
9633447,86
9633447PB,172
9633448,48
9633448PB,96
9633449,82
9633449PB,164
9633450,48
9633450PB,96
9633452,99
9633452PB,198
9633453,20
9633455,20
9633456,101
9633456PB,202
9633458,121
9633458PB,242
9633460,22
9633460PB,44
9633462,272
9633462PB,544
9633463,6
9633463PB,12
9633464,407
9633464PB,814
9633465,44
9633465PB,88
9633466,108
9633466PB,216
9633467,29
9633467PB,58
9633468,35
9633468PB,70
9633469,29
9633469PB,58
9633470,108
9633470PB,216
9633471,29
9633471PB,58
9633472,108
9633472PB,216
9633473,29
9633473PB,58
9633474,4
9633474PB,8
9633475,4
9633475PB,8
9633476,55
9633476PB,110
9633477,227
9633477PB,454
9633478,227
9633478PB,454
9633479,83
9633479PB,166
9633480,177
9633480PB,354
9633481,24
9633481PB,48
9633482,24
9633482PB,48
9633483,51
9633483PB,102
9633484,86
9633484PB,172
9633485,86
9633485PB,172
9633486,115
9633486PB,230
9633487,212
9633487PB,82
9633489,102
9633489PB,204
9633490,94
9633490PB,188
9633492,102
9633492PB,204
9633493,119
9633493PB,238
9633494,83
9633494PB,166
9633495,46
9633497,369
9633497PB,738
9633498,369
9633498PB,738
9633499,162
9633499PB,324
9633500,162
9633500PB,324
9633502,86
9633502PB,172
9633503,86
9633503PB,172
9633504,44
9633504PB,88
9633505,44
9633505PB,88
9633506,86
9633506PB,172
9633507,86
9633507PB,172
9633508,151
9633508PB,302
9633509,44
9633509PB,88
9633510,157
9633510PB,314
9633511,157
9633511PB,314
9633512,86
9633512PB,172
9634000,1
9634000PB,2
9634001,33
9634001PB,66
9634002,33
9634002PB,66
9634003,32
9634003PB,64
9634004,6
9634004PB,12
9634005,8
9634005PB,16
9634006,8
9634006PB,16
9634007,8
9634007PB,16
9634008,5
9634008PB,10
9634009,5
9634009PB,10
9634010,5
9634010PB,10
9634014,1
9634014PB,2
9634015,1
9634015PB,2
9634016,41
9634016PB,82
9634017,41
9634017PB,82
9634018,9
9634018PB,18
9634022,3
9634022PB,6
9634023,30
9634023PB,60
9634024,30
9634024PB,60
9634027,43
9634027PB,86
9634029,26
9634029PB,52
9634030,16
9634030PB,32
9634031,16
9634031PB,32
9634032,16
9634032PB,32
9634035,61
9634035PB,122
9634036,5
9634036PB,10
9634037,30
9634037PB,60
9634038,30
9634038PB,60
9634041,5
9634041PB,10
9634042,43
9634042PB,86
9634044,26
9634044PB,52
9634045,16
9634045PB,32
9634047,16
9634047PB,32
9634048,16
9634048PB,32
9634049,40
9634049PB,80
9634050,40
9634050PB,80
9634052,33
9634052PB,66
9634053,21
9634053PB,42
9634055,6
9634055PB,12
9634056,5
9634056PB,10
9634063,52
9634063PB,104
9634066,4
9634066PB,8
9634069,5
9634069PB,10
9634070,5
9634070PB,10
9634071,5
9634071PB,10
9634073,5
9634073PB,10
9634074,40
9634074PB,80
9634076,4
9634076PB,8
9634077,41
9634077PB,82
9634078,41
9634078PB,82
9634079,5
9634079PB,10
9634080,5
9634080PB,10
9634081,5
9634081PB,10
9634084,26
9634084PB,52
9634086,23
9634086PB,46
9634087,23
9634087PB,46
9634088,3
9634088PB,6
9634089,9
9634089PB,18
9634468,26
9634468PB,52
9634472,25
9634472PB,50
9634479,51
9634479PB,102
9634480,78
9634485,29
9634485PB,58
9634486,42
9634486,42
9634488,3
9634489,158
9634489PB,316
9634490,154
9634490PB,308
9634492,190
9634492PB,380
9634493,131
9634493PB,262
9634527,29
9634527PB,58
9634550,25
9634565,44
9634568,1
9634568PB,2
9634569,78
9634569PB,156
9634570,78
9634570PB,156
9634571,112
9634571PB,224
9634572,21
9634573,59
9641247,56
9641247PB,112
9641248,89
9641248PB,178
9641266,1
9641266PB,2
9641272,20
9641272PB,40
9641274,40
9641274PB,80
9641275,40
9641275PB,80
9641282,35
9641282PB,70
9641283,35
9641283PB,70
9641284,35
9641284PB,70
9641285,32
9641285PB,64
9641286,18
9641286PB,36
9641294,23
9641294PB,46
9641295,23
9641295PB,46
9641308,179
9641308PB,358
9641318,40
9641318PB,80
9641325,3
9641325PB,6
9641326,6
9641326PB,12
9641327,26
9641327PB,52
9641328,98
9641328PB,196
9641331,3
9641331PB,6
9641334,11
9641334PB,22
9641335,41
9641335PB,82
9641348,17
9641348PB,34
9641350,3
9641350PB,6
9641351,3
9641351PB,6
9641352,3
9641352PB,6
9641368,48
9641368PB,96
9641372,23
9641372PB,46
9641376,15
9641376PB,30
9641377,23
9641377PB,46
9641378,15
9641378PB,30
9641385,4
9641385PB,8
9641386,4
9641386PB,8
9641387,4
9641387PB,8
9641388,40
9641388PB,80
9641389,40
9641389PB,80
9641390,24
9641390PB,48
9641391,28
9641391PB,56
9641393,40
9641393PB,80
9641420,36
9641420PB,72
9641436,15
9641436PB,30
9641437,15
9641437PB,30
9641457,13
9641457PB,26
9641464,166
9641464PB,332
9641465,62
9641465PB,124
9641471,8
9641471PB,16
9641472,14
9641472PB,28
9641473,2
9641473PB,4
9641474,4
9641474PB,8
9641475,45
9641475PB,90
9641477,77
9641477PB,154
9641478,77
9641478PB,154
9641481,98
9641481PB,196
9641482,19
9641482PB,38
9641483,19
9641486,9
9641486PB,18
9641487,9
9641487PB,18
9641492,23
9641492PB,46
9641493,23
9641493PB,46
9641494,23
9641494PB,46
9641495,76
9641495PB,152
9641504,18
9641504PB,36
9641505,20
9641505PB,40
9641506,20
9641506PB,40
9641507,13
9641507PB,26
9641513,292
9641513PB,584
9641514,14
9641514PB,28
9641516,48
9641516PB,96
9641517,47
9641517PB,94
9641518,14
9641518PB,28
9641519,28
9641519PB,56
9641530,568
9641530PB,1136
9641531,568
9641531PB,1136
9641538,75
9641538PB,150
9641558,79
9641558PB,158
9641563,79
9641563PB,158
9641564,70
9641564PB,140
9641565,20
9641565PB,40
9641566,20
9641566PB,40
9641571,43
9641571PB,86
9641572,48
9641572PB,96
9641574,21
9641574PB,42
9641576,21
9641576PB,42
9641583,17
9641583PB,34
9641586,17
9641586PB,34
9641593,62
9641593PB,124
9641597,18
9641597,18
9641598,18
9641598,18
9641601,150
9641601PB,300
9641602,18
9641602PB,36
9641603,18
9641603PB,36
9641604,50
9641604PB,100
9641605,50
9641605PB,100
9641606,24
9641606PB,48
9641607,50
9641607PB,100
9641608,73
9641608PB,146
9641609,73
9641609PB,146
9641610,73
9641610PB,146
9641611,38
9641611PB,76
9641612,74
9641612PB,148
9641613,32
9641613PB,64
9641615,50
9641615PB,100
9641616,23
9641616PB,46
9641617,38
9641617PB,76
9641618,79
9641618PB,158
9641619,38
9641619PB,76
9641620,375
9641620PB,750
9641621,113
9641621PB,226
9641623,40
9641623PB,80
9641624,423
9641624PB,846
9641627,50
9641627PB,100
9641628,79
9641628PB,158
9641629,79
9641629PB,158
9641630,44
9641630PB,88
9641631,198
9641631PB,396
9641634,44
9641634PB,88
9641635,45
9641635PB,90
9641637,200
9641637PB,400
9641638,66
9641638PB,134
9641639,44
9641639PB,88
9641640,336
9641640PB,672
9641641,198
9641641PB,396
9641643,14
9641643PB,28
9641654,38
9641654PB,76
9641667,10
9641667PB,20
9641671,4
9641671PB,8
9641672,4
9641672PB,8
9641673,43
9641673PB,86
9641674,43
9641674PB,86
9641675,328
9641675PB,656
9641676,30
9641676PB,60
9641677,30
9641677PB,60
9641678,43
9641678PB,86
9641679,36
9641679PB,72
9641680,29
9641680PB,58
9641681,36
9641681PB,72
9641682,29
9641682PB,72
9641683,36
9641684,29
9641685,74
9641685PB,148
9641686,69
9641686PB,138
9641687,32
9641687PB,64
9641688,32
9641688PB,64
9641689,38
9641689PB,76
9641690,113
9641690PB,226
9641691,69
9641691PB,138
9641692,14
9641692PB,28
9641693,67
9641693PB,134
9641694,16
9641694PB,32
9641695,24
9641695PB,48
9641696,24
9641696PB,48
9641697,423
9641697PB,846
9641698,3
9641698PB,6
9641699,30
9641699PB,60
9641700,39
9641700PB,78
9641701,34
9641701PB,68
9641702,34
9641702PB,68
9641706,9
9641706PB,18
9641707,9
9641707PB,18
9641708,9
9641708PB,18
9641709,9
9641709PB,18
9641710,18
9641710PB,36
9641711,2
9641711PB,4
9641712,9
9641712PB,18
9641713,9
9641713PB,18
9641714,9
9641714PB,18
9641715,1266
9641715PB,2532
9641717,24
9641717PB,48
9641719,68
9641719PB,136
9641720,39
9641731,1
9641731PB,2
9641732,1
9641732PB,2
9641734,42
9641734PB,84
9641739,23
9641739PB,46
9641740,64
9641740PB,128
9641741,104
9641741PB,208
9641742,41
9641742PB,82
9641743,40
9641743PB,80
9641744,42
9641744PB,84
9641745,42
9641745PB,84
9641746,24
9641746PB,48
9641747,115
9641747PB,230
9641748,23
9641748PB,46
9641750,35
9641750PB,70
9641751,43
9641751PB,86
9641753,42
9641753PB,84
9641754,42
9641754PB,84
9641755,42
9641755PB,84
9641757,17
9641757PB,34
9641758,41
9641758PB,82
9641759,42
9641759PB,84
9641760,10
9641760PB,20
9641769,127
9641769PB,254
9641773,198
9641773PB,396
9641774,128
9641774PB,256
9641776,49
9641776PB,98
9641777,32
9641777PB,64
9641778,81
9641778PB,162
9641779,74
9641779PB,148
9641780,117
9641780PB,234
9641781,49
9641781PB,98
9641782,24
9641782PB,48
9641783,51
9641783PB,102
9641786,13
9641786PB,26
9641788,3
9641788PB,6
9641789,20
9641789PB,40
9641790,20
9641790PB,40
9641791,37
9641791,37
9641795,1
9641795PB,2
9641796,29
9641796PB,58
9641798,11
9641798PB,22
9641801,337
9641801PB,674
9641802,14
9641802PB,28
9641803,16
9641803PB,32
9641805,16
9641805PB,32
9641808,49
9641808PB,98
9641810,12
9641810PB,24
9641811,17
9641811PB,34
9641812,17
9641812PB,34
9641815,45
9641815PB,90
9641816,45
9641816PB,90
9641818,51
9641818PB,102
9641819,17
9641819PB,34
9641820,292
9641820PB,584
9641821,108
9641821PB,216
9641822,64
9641822PB,128
9641823,14
9641823PB,28
9641824,186
9641824PB,372
9641825,9
9641825PB,18
9641828,28
9641828PB,56
9641829,28
9641829PB,56
9641830,45
9641830PB,90
9641831,76
9641831PB,152
9641832,22
9641832PB,44
9641833,22
9641833PB,44
9641834,26
9641834PB,52
9641835,5
9641835PB,10
9641836,5
9641836PB,10
9641837,11
9641837PB,22
9641838,11
9641838PB,22
9641839,45
9641839PB,90
9641840,6
9641840PB,12
9641841,18
9641841PB,36
9641842,119
9641842PB,238
9641843,149
9641843PB,298
9641844,103
9641844PB,206
9641845,74
9641845PB,148
9641846,74
9641846PB,148
9641847,74
9641847PB,148
9641848,22
9641848PB,44
9641850,85
9641850PB,170
9641851,54
9641851PB,108
9641852,42
9641852PB,84
9641853,17
9641853PB,34
9641854,51
9641854PB,102
9641855,38
9641855PB,76
9641856,27
9641856PB,54
9641857,121
9641857PB,242
9641858,24
9641858PB,48
9641859,24
9641859PB,48
9641860,24
9641860PB,48
9641861,5
9641861PB,10
9641866,57
9641866PB,114
9641867,32
9641867PB,64
9641868,32
9641868PB,64
9641869,32
9641869PB,64
9641870,9
9641870PB,18
9641871,9
9641871PB,18
9641872,74
9641872PB,148
9641873,3
9641873PB,6
9641874,19
9641874PB,38
9641876,51
9641876PB,102
9641877,14
9641877PB,28
9641878,191
9641878PB,382
9641880,28
9641880PB,56
9641881,310
9641881PB,620
9641882,310
9641882PB,620
9641883,16
9641883PB,32
9641884,310
9641884PB,620
9641885,124
9641885PB,248
9641886,108
9641886PB,216
9641887,45
9641887PB,90
9641888,13
9641888PB,26
9641889,454
9641889PB,908
9641890,179
9641890PB,358
9641891,38
9641891PB,76
9641892,573
9641892PB,1146
9641893,184
9641893PB,368
9641894,268
9641894PB,536
9641895,256
9641895PB,512
9641896,42
9641896PB,84
9641899,219
9641899PB,438
9641901,158
9641901PB,316
9641902,29
9641902PB,58
9641903,29
9641903PB,58
9641904,29
9641904PB,58
9641905,29
9641905PB,58
9641906,29
9641906PB,58
9641907,48
9641907PB,96
9641908,29
9641908PB,58
9641909,1266
9641909PB,2532
9641910,456
9641910PB,912
9641911,97
9641911PB,194
9641912,97
9641912PB,194
9641913,55
9641913PB,110
9641914,25
9641914PB,50
9641915,197
9641915PB,394
9641916,45
9641916PB,90
9641917,43
9641917PB,86
9641918,55
9641918PB,110
9641919,55
9641919PB,110
9641920,55
9641920PB,110
9641921,40
9641921PB,80
9641922,158
9641922PB,316
9641926,322
9641926PB,644
9641927,177
9641927PB,354
9641932,13
9641932PB,26
9641933,6
9641933PB,12
9641935,6
9641935PB,12
9641936,30
9641936PB,60
9641937,30
9641937PB,60
9641938,5
9641938PB,10
9641939,5
9641939PB,10
9641940,5
9641940PB,10
9641941,100
9641941PB,200
9641942,24
9641942PB,48
9641943,100
9641943PB,200
9641950,141
9641960,32
9641960PB,64
9641961,963
9641961PB,1926
9641962,153
9641962PB,306
9641963,97
9641963PB,194
9641964,97
9641964PB,194
9641965,41
9641965PB,82
9641966,42
9641966PB,84
9641967,18
9641967PB,36
9641968,153
9641968PB,306
9641969,153
9641969PB,306
9641970,96
9641970PB,192
9641971,62
9641971PB,124
9641972,106
9641972PB,212
9641973,40
9641973PB,80
9641974,34
9641974PB,68
9641976,79
9641976PB,158
9641977,45
9641977PB,90
9641978,45
9641978PB,90
9641979,74
9641979PB,148
9641980,22
9641980PB,44
9641981,22
9641981PB,44
9641982,15
9641982PB,30
9641983,1
9641983PB,2
9641986,11
9641986PB,22
9641987,11
9641987PB,22
9641988,11
9641988PB,22
9641989,22
9641989PB,44
9641990,1
9641990PB,2
9641993,22
9641993PB,44
9641994,14
9641994PB,28
9641995,24
9641995PB,48
9641996,2
9641996PB,4
9641997,350
9641997PB,700
9641998,5
9641998PB,10
9641999,32
9641999PB,64
9642000,14
9642000PB,28
9642001,115
9642001PB,230
9642003,184
9642003PB,368
9642004,153
9642004PB,306
9642005,268
9642005PB,536
9642006,153
9642006PB,306
9642008,219
9642008PB,438
9642009,42
9642009PB,84
9642012,42
9642012PB,84
9642015,42
9642015PB,84
9642016,73
9642016PB,146
9642017,456
9642017PB,912
9642018,16
9642018PB,32
9642019,11
9642019PB,22
9642020,11
9642020PB,22
9642021,11
9642021PB,22
9642023,54
9642023PB,108
9642026,18
9642026PB,36
9642027,18
9642027PB,36
9642028,28
9642028PB,56
9642029,28
9642029PB,56
9642030,28
9642030PB,56
9642034,17
9642034PB,34
9642035,17
9642035PB,34
9642036,17
9642036PB,34
9642037,28
9642037PB,56
9642039,20
9642039PB,40
9642040,20
9642040PB,40
9642042,28
9642042PB,56
9642043,108
9642043PB,216
9642044,44
9642044PB,88
9642045,108
9642045PB,216
9642046,36
9642046PB,72
9642048,46
9642048PB,92
9642051,6
9642051PB,12
9642052,6
9642052PB,12
9642053,5
9642053PB,10
9642054,5
9642054PB,10
9642055,5
9642055PB,10
9642056,5
9642056PB,10
9642057,5
9642057PB,10
9642058,5
9642058PB,10
9642059,5
9642059PB,10
9642060,11
9642060PB,22
9642061,80
9642061PB,160
9642062,120
9642062PB,240
9642063,18
9642063PB,36
9642064,69
9642064PB,138
9642065,12
9642065PB,24
9642066,37
9642066PB,76
9642067,38
9642067PB,76
9642068,38
9642068PB,76
9642069,66
9642069PB,132
9642071,42
9642071PB,84
9642072,42
9642072PB,84
9642074,127
9642074PB,254
9642076,40
9642076PB,80
9642077,40
9642077PB,80
9642078,42
9642078PB,84
9642079,40
9642079PB,80
9642080,63
9642080PB,126
9642082,40
9642082PB,80
9642083,24
9642083PB,48
9642084,21
9642084PB,42
9642086,11
9642086PB,22
9642087,11
9642087PB,22
9642088,11
9642088PB,22
9642089,11
9642089PB,22
9642090,21
9642090PB,42
9642091,21
9642091PB,42
9642092,21
9642092PB,42
9642093,21
9642093PB,42
9642094,21
9642094PB,42
9642095,21
9642095PB,42
9642096,4
9642096PB,8
9642097,22
9642097PB,44
9642098,22
9642098PB,44
9642099,22
9642099PB,44
9642100,24
9642100PB,48
9642101,24
9642101PB,48
9642102,74
9642102PB,148
9642103,69
9642103PB,138
9642104,32
9642104PB,64
9642105,32
9642105PB,64
9642106,23
9642106PB,46
9642107,423
9642107PB,846
9642109,93
9642109PB,186
9642110,147
9642110PB,294
9642111,35
9642111PB,70
9642112,50
9642112PB,100
9642113,25
9642113PB,50
9642114,32
9642114PB,64
9642115,47
9642115PB,94
9642116,237
9642116PB,474
9642118,337
9642118PB,674
9642119,163
9642119PB,326
9642120,28
9642120PB,56
9642121,28
9642121PB,56
9642122,17
9642122PB,34
9642123,134
9642123PB,268
9642124,40
9642124PB,80
9642125,40
9642125PB,80
9642126,61
9642126PB,122
9642127,243
9642127PB,486
9642128,113
9642128PB,226
9642129,278
9642129PB,556
9642131,39
9642131PB,78
9642132,44
9642133,17
9642133PB,34
9642134,17
9642134PB,34
9642135,17
9642135PB,34
9642136,17
9642136PB,34
9642138,18
9642138PB,36
9642139,18
9642139PB,36
9642140,86
9642140PB,172
9642142,646
9642142PB,1292
9642143,11
9642144,42
9642144PB,84
9642145,560
9642145PB,1120
9642151,127
9642151PB,254
9642152,28
9642152PB,56
9642153,621
9642153PB,1242
9642154,21
9642154PB,42
9642155,8
9642155PB,16
9642156,568
9642156PB,1136
9642157,568
9642157PB,1136
9642158,138
9642158PB,276
9642159,153
9642159PB,306
9642160,153
9642160PB,306
9642161,250
9642161PB,500
9642162,69
9642162PB,138
9642163,322
9642163PB,644
9642164,177
9642164PB,354
9642165,38
9642165PB,76
9642166,38
9642166PB,76
9642168,27
9642168PB,54
9642169,53
9642169PB,106
9642170,72
9642170PB,144
9642171,153
9642171PB,306
9642172,77
9642172PB,154
9642175,20
9642175PB,40
9642176,20
9642176PB,40
9642177,20
9642177PB,40
9642178,20
9642178PB,40
9642179,20
9642179PB,40
9642180,20
9642180PB,40
9642181,20
9642181PB,40
9642182,20
9642182PB,40
9642183,328
9642183PB,656
9642184,113
9642184PB,226
9642188,122
9642188PB,244
9642193,113
9642193PB,226
9642197,20
9642197PB,40
9642199,26
9642199PB,52
9642200,30
9642200PB,60
9642201,30
9642201PB,60
9642211,11
9642211,11
9642212,11
9642212,11
9642215,18
9642216,35
9642216PB,70
9642217,45
9642217PB,90
9642218,35
9642218PB,70
9642219,27
9642219PB,54
9642221,14
9642221PB,28
9642223,48
9642223PB,96
9642224,45
9642225,45
9642228,14
9642228PB,28
9642229,19
9642230,2
9642230PB,4
9642231,2
9642231PB,4
9642234,150
9642234PB,300
9642235,62
9642235PB,124
9642236,181
9642236PB,362
9642237,51
9642237PB,102
9642238,121
9642238PB,242
9642239,28
9642239PB,56
9642240,28
9642240PB,56
9642241,47
9642241PB,94
9642242,85
9642242PB,170
9642247,51
9642247PB,102
9642248,29
9642248PB,58
9642249,29
9642249PB,58
9642250,96
9642250PB,192
9642251,153
9642251PB,306
9642252,560
9642252PB,1120
9642253,621
9642253PB,1242
9642254,54
9642254PB,108
9642255,54
9642255PB,108
9642256,38
9642256PB,76
9642257,27
9642257PB,54
9642258,72
9642258PB,144
9642259,14
9642259PB,28
9642262,76
9642262PB,152
9642263,76
9642263PB,152
9642264,39
9642267,1
9642267,1
9642269,60
9642269PB,120
9642271,246
9642271PB,492
9642272,60
9642272PB,120
9642280,20
9642280PB,40
9642281,69
9642281PB,138
9642282,69
9642282PB,138
9642293,4
9642293PB,8
9642294,42
9642294PB,84
9642295,4
9642295PB,8
9642302,5
9642302PB,10
9642303,5
9642303PB,10
9642304,18
9642313,18
9642313PB,36
9642314,18
9642314PB,36
9642315,24
9642315PB,48
9642316,24
9642316PB,48
9642317,24
9642317PB,48
9642319,14
9642319PB,28
9642325,40
9642325PB,80
9642326,40
9642326PB,80
9642333,66
9642333PB,132
9642334,67
9642334PB,134
9642337,69
9642337PB,138
9642339,1
9642340,1
9642342,59
9642342PB,118
9642347,50
9642347PB,100
9642348,51
9642348PB,102
9642349,51
9642349PB,102
9642350,5
9642350PB,10
9642351,5
9642351PB,10
9642352,5
9642352PB,10
9642353,5
9642353PB,10
9642355,39
9642355PB,78
9642356,39
9642356PB,78
9642357,39
9642357PB,78
9642358,39
9642358PB,78
9642359,39
9642359PB,78
9642366,15
9642366,15
9642367,12
9642367PB,24
9642368,15
9642368,15
9642369,74
9642369PB,148
9642370,74
9642370PB,148
9642371,74
9642371PB,148
9642375,26
9642375PB,52
9642376,42
9642376PB,84
9642377,27
9642377PB,54
9642381,18
9642382,27
9642382PB,54
9642383,19
9642383PB,38
9642384,19
9642384PB,38
9642385,17
9642385PB,34
9642386,27
9642386PB,54
9642387,27
9642387PB,54
9642388,27
9642388PB,54
9642389,27
9642389PB,54
9642390,18
9642391,44
9642391PB,88
9642396,17
9642396PB,34
9642397,39
9642397,39
9642398,39
9642398,39
9642399,1
9642399PB,2
9642400,54
9642400PB,108
9642401,54
9642401PB,108
9642402,13
9642402PB,26
9642403,1
9642403PB,2
9642405,13
9642405PB,26
9642406,11
9642406PB,22
9642407,11
9642407PB,22
9642410,246
9642410PB,492
9642411,41
9642411PB,82
9642412,41
9642412PB,82
9642415,1
9642416,542
9642416PB,1084
9642417,377
9642417PB,754
9642418,89
9642418PB,178
9642419,39
9642419PB,78
9642420,39
9642420PB,78
9642421,39
9642421PB,78
9642422,37
9642422PB,74
9642423,1
9642424,29
9642424PB,58
9642425,29
9642425PB,58
9642426,29
9642426PB,58
9642427,15
9642427PB,30
9642428,15
9642428PB,30
9642430,45
9642431,15
9642431PB,30
9642432,15
9642432PB,30
9642436,15
9642436PB,30
9642437,15
9642437PB,30
9642438,15
9642438PB,30
9642439,15
9642439PB,30
9642440,15
9642440PB,30
9642441,5
9642443,5
9642444,5
9642445,5
9642446,5
9642448,273
9642448PB,546
9642452,24
9642452PB,48
9642453,11
9642453PB,22
9642455,216
9642455PB,432
9642457,216
9642457PB,432
9642458,5
9642464,5
9642465,5
9642466,23
9642466PB,46
9642467,23
9642467PB,46
9642468,27
9642468PB,54
9642469,8
9642469PB,16
9642470,155
9642470PB,310
9642472,44
9642472PB,88
9642473,44
9642473PB,88
9642478,45
9642478PB,90
9642479,56
9642483,124
9642483PB,248
9642485,45
9642485PB,90
9642486,124
9642486PB,248
9642487,124
9642487PB,248
9642490,33
9642490PB,66
9642491,113
9642491PB,226
9642492,54
9642492PB,108
9642493,42
9642493PB,84
9642494,24
9642494PB,48
9642495,237
9642495PB,474
9642496,237
9642496PB,474
9642498,19
9642500,68
9642501,24
9642501PB,48
9642502,109
9642502PB,218
9642503,109
9642503PB,218
9642507,38
9642507PB,76
9642508,16
9642508,16
9642510,2
9642511,8
9642512,39
9642512PB,78
9642513,34
9642513PB,68
9642514,527
9642514PB,1054
9642515,153
9642515PB,306
9642518,56
9642518PB,112
9642520,36
9642520PB,72
9642521,20
9642522,102
9642522PB,204
9642523,5
9642523PB,10
9642524,49
9642525,4
9642525PB,8
9642526,56
9642527,17
9642527PB,34
9642528,17
9642528PB,34
9642529,17
9642529PB,34
9642530,17
9642530PB,34
9642531,17
9642531PB,34
9642532,32
9642532PB,64
9642533,1
9642533PB,2
9642534,1
9642534PB,2
9642535,11
9642535PB,22
9642536,92
9642536PB,184
9642537,92
9642537PB,184
9642538,66
9642538PB,132
9642540,17
9642540PB,34
9642541,292
9642541PB,584
9642542,16
9642543,92
9642543PB,184
9642544,128
9642544PB,256
9642546,1
9642547,1
9642549,186
9642549PB,372
9642551,11
9642551PB,22
9642552,5
9642552,5
9642553,1
9642553,1
9642554,20
9642554PB,40
9642555,67
9642555PB,134
9642556,41
9642556PB,82
9642557,20
9642559,19
9642559PB,38
9642561,62
9642561PB,124
9642562,62
9642562PB,124
9642563,113
9642563PB,226
9642564,2
9642564PB,4
9642565,2
9642565PB,4
9642566,9
9642566PB,18
9642567,5
9642567PB,10
9642568,10
9642568PB,20
9642569,10
9642569PB,20
9642570,60
9642570PB,120
9642571,60
9642571PB,120
9642572,38
9642572PB,76
9642573,38
9642573PB,76
9642574,49
9642574PB,98
9642576,76
9642576PB,152
9642577,71
9642577PB,142
9642578,33
9642578PB,66
9642580,34
9642580PB,68
9642581,34
9642581PB,68
9642582,83
9642582PB,166
9642583,32
9642583PB,64
9642584,233
9642584PB,466
9642585,51
9642585PB,102
9642586,14
9642586PB,28
9642587,53
9642587PB,106
9642589,53
9642589PB,106
9642591,11
9642591PB,22
9642592,573
9642592PB,1146
9642593,51
9642593PB,102
9642594,208
9642594PB,416
9642595,208
9642595PB,416
9642598,31
9642599,50
9642599PB,100
9642601,60
9642601PB,120
9642602,50
9642602PB,100
9642603,2
9642603PB,4
9642604,15
9642604PB,30
9642605,15
9642605PB,30
9642606,66
9642606PB,132
9642607,17
9642607PB,34
9642609,20
9642610,60
9642610PB,120
9642611,50
9642611PB,100
9642612,5
9642612PB,10
9642613,27
9642613PB,54
9642615,13
9642615PB,26
9642616,131
9642616PB,262
9642617,8
9642618,20
9642618PB,40
9642619,131
9642619PB,262
9642621,89
9642621PB,178
9642622,108
9642622PB,216
9642623,108
9642623PB,216
9642624,40
9642624PB,80
9642625,5
9642625PB,10
9642626,28
9642626PB,56
9642627,28
9642627PB,56
9642628,15
9642628PB,30
9642629,35
9642629PB,70
9642630,35
9642630PB,70
9642631,8
9642631PB,16
9642632,8
9642632PB,16
9642633,71
9642633PB,142
9642634,102
9642634PB,204
9642635,102
9642635PB,204
9642636,16
9642636PB,32
9642637,18
9642637PB,36
9642638,18
9642638PB,36
9642639,35
9642639PB,70
9642640,23
9642640PB,46
9642644,14
9642644PB,28
9642645,55
9642645PB,110
9642646,134
9642646PB,268
9642649,100
9642649PB,200
9642650,21
9642650PB,42
9642651,9
9642651PB,18
9642652,9
9642652PB,18
9642653,100
9642653PB,200
9642654,9
9642654PB,18
9642655,42
9642655PB,84
9642656,10
9642656PB,20
9642657,8
9642657PB,16
9642658,21
9642658PB,42
9642660,20
9642660PB,40
9642661,30
9642661PB,60
9642662,30
9642662PB,60
9642663,8
9642663PB,16
9642664,98
9642664PB,196
9642665,74
9642665PB,148
9642666,154
9642666PB,308
9642667,2
9642667PB,4
9642668,18
9642668PB,36
9642669,72
9642670,237
9642670PB,474
9642673,198
9642673PB,396
9642674,43
9642674PB,86
9642675,198
9642675PB,396
9642681,45
9642681PB,90
9642682,26
9642682PB,52
9642683,30
9642683PB,60
9642684,30
9642684PB,60
9642685,10
9642685PB,20
9642686,41
9642686PB,82
9642689,49
9642689PB,98
9642690,50
9642690PB,100
9642691,45
9642691PB,90
9642693,9
9642693PB,18
9642695,34
9642695PB,68
9642696,86
9642696PB,172
9642697,100
9642697PB,200
9642698,127
9642698PB,254
9642699,50
9642699PB,100
9642701,14
9642701PB,28
9642703,82
9642703PB,164
9642704,25
9642704PB,50
9642705,13
9642705PB,26
9642707,130
9642707PB,260
9642708,3
9642708PB,6
9642709,8
9642709PB,16
9642710,26
9642710PB,52
9642711,26
9642712,48
9642712PB,96
9642713,45
9642713PB,90
9642714,45
9642714PB,90
9642719,8
9642719PB,16
9642720,17
9642720PB,34
9642721,28
9642721PB,56
9642722,45
9642722PB,90
9642723,22
9642723PB,44
9642724,29
9642724PB,58
9642725,29
9642725PB,58
9642729,17
9642731,5
9642731PB,10
9642732,11
9642733,3
9642733PB,6
9642734,3
9642734PB,6
9642735,30
9642735PB,60
9642736,30
9642736PB,60
9642737,30
9642737PB,60
9642738,6
9642738PB,12
9642741,250
9642741PB,500
9642742,39
9642742PB,78
9642743,14
9642743PB,28
9642744,54
9642744PB,108
9642745,54
9642745PB,108
9642746,18
9642746PB,36
9642747,18
9642747PB,36
9642748,45
9642748PB,90
9642749,86
9642749PB,172
9642750,20
9642750PB,40
9642751,20
9642751PB,40
9642755,18
9642759,10
9642759PB,20
9642760,10
9642760PB,20
9642761,47
9642761PB,94
9642764,2
9642764PB,4
9642765,60
9642767,3
9642767PB,6
9642768,50
9642768PB,100
9642769,51
9642769PB,102
9642770,308
9642770PB,616
9642771,102
9642771PB,204
9642772,45
9642772PB,90
9642773,86
9642773PB,172
9642775,3
9642775PB,6
9642776,27
9642776PB,54
9642777,72
9642777PB,144
9642778,72
9642778PB,144
9642779,227
9642779PB,454
9642780,41
9642780PB,82
9642781,48
9642781PB,96
9642782,50
9642782PB,100
9642783,87
9642783PB,174
9642785,48
9642785PB,96
9642786,14
9642786PB,28
9642787,2
9642787PB,4
9642788,2
9642788PB,4
9642789,2
9642789PB,4
9642790,42
9642790PB,84
9642791,4
9642791PB,8
9642792,4
9642792PB,8
9642793,170
9642793PB,340
9642796,40
9642796PB,80
9642799,5
9642799PB,10
9642800,19
9642800PB,38
9642801,26
9642801PB,52
9642802,30
9642802PB,60
9642803,34
9642803PB,68
9642804,20
9642804PB,40
9642805,67
9642805PB,134
9642806,1
9642807,174
9642807PB,348
9642808,74
9642808PB,148
9642809,29
9642809PB,58
9642810,30
9642810PB,60
9642811,174
9642811PB,348
9642812,11
9642812PB,22
9642813,10
9642814,5
9642816,20
9642816,20
9642818,6
9642820,21
9642820,21
9642852,10
9642852PB,20
9642854,24
9642854PB,48
9642855,34
9642855PB,68
9642856PB,22
9642857PB,40
9642859,14
9642859PB,28
9642862,40
9642862PB,80
9642863,12
9642863PB,24
9642865,28
9642865PB,56
9642866,17
9642867,28
9642867PB,56
9642869,5
9642869PB,10
9642870,5
9642870PB,10
9642871,1
9642871PB,2
9642872,5
9642872PB,10
9642873,42
9642873PB,84
9642874,2
9642874PB,4
9642875,2
9642875PB,4
9642876,2
9642876PB,4
9642877,5
9642877PB,10
9642878,1
9642878PB,2
9642879,21
9642879PB,42
9642881,21
9642881PB,42
9642882,22
9642882PB,44
9642883,22
9642883PB,44
9642884,1
9642884PB,2
9642885,22
9642885PB,44
9642887,17
9642887PB,34
9642888,35
9642888PB,70
9642889,32
9642889PB,64
9642891,32
9642891PB,64
9642892,12
9642892PB,24
9642893,6
9642893PB,12
9642894,33
9642894PB,66
9642898,42
9642898PB,84
9642899,42
9642899PB,84
9642900,25
9642900PB,50
9642902,186
9642902PB,372
9642903,21
9642903PB,42
9642907,77
9642907PB,154
9642908,11
9642908PB,22
9642910,11
9642910PB,22
9642911,11
9642911PB,22
9642912,11
9642912PB,22
9642914,281
9642914PB,562
9642915,281
9642915PB,562
9642916,42
9642916PB,84
9642917,42
9642917PB,84
9642918,36
9642918PB,72
9642919,4
9642919PB,8
9642920,28
9642920PB,56
9642999,20
9643007,6
9643008,6
9643009,6
9643014,83
9643014PB,166
9643017,17
9643017PB,34
9643020,20
9643020PB,40
9643021,2
9643021PB,4
9643022,2
9643022PB,4
9643023,111
9643023PB,222
9643029,36
9643029PB,72
9643030,39
9643030PB,78
9643031,39
9643031PB,78
9643032,42
9643032PB,84
9643034,17
9643034PB,34
9643035,27
9643035PB,54
9643036,27
9643036PB,54
9643046,36
9643046PB,72
9643049,144
9643049PB,288
9643051,22
9643051PB,44
9643054,35
9643054PB,70
9643055,35
9643055PB,70
9643057,14
9643057PB,28
9643058,47
9643058PB,94
9643060,106
9643060PB,212
9643061,24
9643061PB,48
9643063,9
9643063PB,18
9643065,4
9643065PB,8
9643066,40
9643066PB,80
9643078,13
9643078PB,26
9643079,13
9643079PB,26
9643087,20
9643087PB,40
9643088,20
9643088PB,40
9643089,19
9643089PB,38
9643090,19
9643090PB,38
9643091,20
9643091PB,40
9643095,2
9643095PB,4
9643101,157
9643101PB,316
9643102,30
9643102PB,60
9643103,17
9643103PB,34
9643104,45
9643104PB,90
9643124,40
9643124PB,80
9643125,12
9643125PB,24
9643126,41
9643126PB,82
9643127,41
9643127PB,82
9643130,54
9643130PB,108
9643131,25
9643131PB,50
9643134,11
9643134PB,22
9643135,50
9643135PB,100
9643136,12
9643136PB,24
9643137,45
9643137PB,90
9643139,45
9643139PB,90
9643140,55
9643140PB,110
9643142,22
9643142PB,44
9643145,30
9643145PB,60
9643146,30
9643146PB,60
9643148,30
9643148PB,60
9643149,54
9643149PB,108
9643150,47
9643150PB,94
9643151,47
9643151PB,94
9643152,45
9643152PB,90
9643153,54
9643153PB,108
9643156,44
9643156PB,88
9643157,24
9643157PB,48
9643158,42
9643158PB,84
9643159,34
9643159PB,68
9643163,41
9643163PB,82
9643164,55
9643164PB,110
9643166,149
9643166PB,298
9643172,48
9643172PB,96
9643174,48
9643174PB,96
9643176,22
9643176PB,44
9643179,30
9643179PB,60
9643181,60
9643181PB,120
9643182,246
9643182PB,492
9643183,3
9643183PB,6
9643187,85
9643187PB,170
9643190,33
9643190PB,66
9643192,23
9643192PB,46
9643194,29
9643194PB,58
9643195,29
9643195PB,58
9643198,23
9643198PB,46
9643199,14
9643199PB,28
9643201,2
9643201PB,4
9643202,47
9643202PB,94
9643205,44
9643207,3
9643207PB,6
9643209,67
9643209PB,134
9643212,48
9643212PB,96
9643215,29
9643215PB,58
9643216,39
9643216PB,78
9643217,4
9643217PB,8
9643218,97
9643218PB,194
9643220,74
9643220PB,148
9643235,46
9643235PB,92
9643236,42
9643236PB,84
9643241,30
9643241PB,60
9643263,144
9643263PB,288
9643264,4
9643264PB,8
9643265,127
9643265PB,254
9643266,127
9643266PB,254
9643267,51
9643267PB,102
9643268,10
9643268PB,20
9643269,46
9643269PB,92
9643274,13
9643274PB,26
9643275,7
9643275PB,14
9643284,9
9643284PB,18
9643286,15
9643286PB,30
9643287,243
9643287B,1
9643287PB,486
9643288,18
9643288PB,36
9643291,272
9643291PB,544
9643292,152
9643292PB,304
9643317,152
9643317PB,304
9643318,80
9643318PB,160
9643322,186
9643322PB,372
9643346,51
9643346PB,102
9643347,44
9643347PB,88
9643349,24
9643349PB,48
9643350,28
9643350PB,56
9643351,23
9643351PB,46
9643352,28
9643352PB,56
9643353,9
9643353PB,18
9643354,108
9643354PB,216
9643355,64
9643355PB,128
9643356,80
9643356PB,160
9643357,350
9643357PB,700
9643358,152
9643358PB,304
9643359,246
9643359PB,492
9643360,411
9643360PB,822
9643369,76
9643369PB,152
9643370,48
9643370PB,96
9643371,89
9643371PB,178
9643372,107
9643372PB,214
9643373,62
9643373PB,124
9643374,150
9643374PB,300
9643375,62
9643375PB,124
9643376,149
9643376PB,298
9643377,61
9643377PB,122
9643378,28
9643378PB,56
9643493,572
9643493PB,1146
9643494,11
9643494PB,22
9643496,12
9643496PB,24
9643506,102
9643506PB,204
9643511,48
9644339,23
9644339PB,46
9644400,14
9644400PB,28
9644769,454
9644769PB,908
9644771,22
9644771PB,44
9644772,29
9644772PB,58
9644774,9
9644774PB,18
9644775,45
9644775PB,90
9644776,11
9644776PB,22
9644777,18
9644777PB,36
9644778,35
9644778PB,70
9644779,88
9644779PB,178
9644780,155
9644780PB,310
9644781,50
9644781PB,100
9644783,12
9644783PB,24
9644784,108
9644784PB,216
9644785,11
9644785PB,22
9644786,11
9644786PB,22
9644787,22
9644787PB,44
9644788,82
9644788PB,164
9644789,310
9644789PB,620
9644790,29
9644790PB,58
9644791,23
9644791PB,46
9644793,493
9644793PB,986
9644795,60
9644795PB,120
9644796,12
9644796PB,24
9644797,28
9644797PB,56
9644799,36
9644799PB,72
9644800,12
9644800PB,24
9644801,12
9644801PB,24
9644802,9
9644802PB,18
9644804,310
9644804PB,620
9644805,158
9644805PB,316
9644806,74
9644806PB,148
9644807,74
9644807PB,148
9644808,146
9644808PB,292
9644809,106
9644809PB,212
9644810,54
9644810PB,108
9644811,10
9644811PB,20
9644819,60
9644819PB,120
9644830,184
9644830PB,368
9644831,184
9644831PB,368
9644832,184
9644832PB,368
9644833,7
9644833PB,14
9644838,5
9644838,5
9644855,149
9644855PB,298
9644856,149
9644856PB,298
9644857,89
9644857PB,178
9644858,89
9644858PB,178
9644894,230
9644894PB,460
9644895,186
9644895PB,372
9644897,29
9644897PB,58
9644898,46
9644898PB,92
9644899,28
9644899PB,56
9644902,11
9644902PB,22
9644911,5
9644911,5
9644925,454
9644925PB,908
9644926,454
9644926PB,908
9644930,20
9644931,20
9644933,75
9644933PB,150
9644935,86
9644935PB,172
9644937,32
9644937PB,64
9644943,32
9644943PB,64
9644950,277
9644950PB,554
9644951,241
9644951PB,482
9644952,772
9644952PB,1544
9644953,243
9644953PB,486
9644965,149
9644965PB,298
9644984,16
9644984PB,32
9644985,16
9644985PB,32
9644990,102
9644990PB,204
9644991,184
9644991PB,368
9644992,4
9644993,184
9644993PB,368
9644994,102
9644994PB,204
9644995,268
9644995PB,536
9644998,10
9644998PB,20
9644999,43
9644999PB,86
9645000,31
9645000PB,62
9645001,31
9645001PB,62
9645004,17
9645004PB,34
9645005,17
9645005PB,34
9645006,17
9645006PB,34
9645007,28
9645007PB,56
9645008,28
9645008PB,56
9645009,28
9645009PB,56
9645010,18
9645010PB,36
9645011,24
9645011PB,48
9645012,24
9645012PB,48
9645014,32
9645014PB,64
9645015,34
9645015PB,68
9645016,115
9645016PB,230
9645017,199
9645017PB,398
9645018,199
9645018PB,398
9645019,38
9645019PB,76
9645020,40
9645020PB,80
9645022,5
9645022,5
9645034,35
9645034,35
9645035,35
9645035,35
9645036,19
9645036PB,38
9645037,1
9645037PB,2
9645052,23
9645052PB,46
9645053,23
9645053PB,46
9645055,19
9645055PB,38
9645056,19
9645056PB,38
9645066,108
9645066PB,216
9645067,61
9645067PB,122
9645082,34
9645082PB,68
9645094,181
9645094PB,362
9645114,66
9645114PB,132
9645117,61
9645117PB,122
9645118,49
9645118PB,98
9645119,9
9645119PB,18
9645120,9
9645120PB,18
9645121,9
9645121PB,18
9645137,15
9645137PB,30
9645153,72
9645153PB,144
9645156,22
9645156PB,44
9645157,49
9645157PB,98
9645168,9
9645168PB,18
9645206,38
9645206PB,76
9645207,454
9645207PB,908
9645250,219
9645250PB,438
9645251,128
9645251PB,256
9645252,147
9645252PB,294
9645253,219
9645253PB,438
9645254,219
9645254PB,438
9645275,127
9645275PB,254
9645276,67
9645276PB,134
9645277,395
9645277PB,796
9645278,24
9645278PB,48
9645279,24
9645279PB,48
9645280,31
9645280PB,62
9645281,31
9645281PB,62
9645282,5
9645282PB,10
9645283,16
9645283PB,32
9645285,4
9645285PB,8
9645286,10
9645286PB,20
9645287,48
9645287PB,96
9645288,40
9645288PB,80
9645289,46
9645289PB,92
9645290,8
9645290PB,16
9645291,132
9645291PB,264
9645292,29
9645292PB,58
9645293,5
9645293PB,10
9645295,12
9645295PB,24
9645296,115
9645296PB,230
9645297,103
9645297PB,206
9645298,117
9645298PB,234
9645299,304
9645299PB,608
9645300,261
9645300PB,522
9645301,30
9645301PB,60
9645302,82
9645302PB,164
9645303,79
9645303PB,158
9645304,68
9645304PB,136
9645305,18
9645305PB,36
9645306,5
9645306PB,10
9645307,10
9645307PB,20
9645308,57
9645308PB,114
9645309,48
9645309PB,96
9645310,5
9645310PB,10
9645311,5
9645311PB,10
9645312,55
9645312PB,110
9645313,41
9645313PB,82
9645315,45
9645315PB,90
9645320,243
9645320PB,486
9645321,84
9645321PB,168
9645322,117
9645322PB,234
9645324,42
9645324PB,84
9645326,51
9645326PB,102
9645327,233
9645327PB,466
9645328,261
9645328PB,522
9645329,48
9645329PB,96
9645330,31
9645330PB,62
9645331,24
9645331PB,48
9645332,15
9645332PB,30
9645334,573
9645334PB,1146
9645335,377
9645335PB,754
9645336,80
9645336PB,160
9645337,128
9645337PB,256
9645338,146
9645338PB,292
9645339,28
9645339PB,56
9645340,32
9645340PB,64
9645341,136
9645341PB,272
9645342,15
9645342PB,30
9645343,13
9645344,102
9645344PB,204
9645345,102
9645345PB,204
9645346,16
9645346PB,32
9645347,34
9645347PB,68
9645349,170
9645349PB,340
9645350,89
9645350PB,178
9645351,144
9645351PB,288
9645352,113
9645352PB,226
9645484,33
9645484PB,66
9645485,153
9645485PB,306
9645486,48
9645486PB,96
9645487,51
9645487PB,102
9645488,51
9645488PB,102
9645489,38
9645489PB,76
9645490,52
9645490PB,104
9645491,52
9645491PB,104
9645492,19
9645492PB,38
9645493,128
9645493PB,256
9645494,67
9645494PB,134
9645496,66
9645496PB,132
9645497,24
9645497PB,48
9645498,24
9645498PB,48
9645499,36
9645499PB,72
9645500,36
9645500PB,72
9645501,36
9645501PB,72
9645502,2
9645502PB,4
9645503,85
9645503PB,170
9645504,85
9645504PB,170
9645505,58
9645505PB,116
9645506,136
9645506PB,272
9645508,2
9645509,18
9645509PB,36
9645510,24
9645510PB,48
9645511,24
9645511PB,48
9645512,198
9645512PB,396
9645513,198
9645513PB,396
9645514,198
9645514PB,396
9645516,4
9645516PB,8
9645517,6
9645517PB,12
9645518,6
9645518PB,12
9645519,6
9645519PB,12
9645520,6
9645520PB,12
9645521,6
9645521PB,12
9645522,33
9645522PB,66
9645523,33
9645523PB,66
9645524,33
9645524PB,66
9645525,38
9645525PB,76
9645526,89
9645526PB,178
9645527,82
9645527PB,164
9645528,13
9645528PB,26
9645529,13
9645529PB,26
9645530,13
9645530PB,26
9645531,21
9645531PB,42
9645536,47
9645536PB,94
9645539,6
9645542,24
9645542PB,48
9645543,47
9645543PB,94
9645544,32
9645544PB,64
9645545,311
9645545PB,622
9645546,150
9645546PB,300
9645549,196
9645549PB,392
9645550,65
9645550PB,130
9645551,65
9645551PB,130
9645552,1
9645554,96
9645554PB,192
9645557,340
9645557PB,680
9645558,340
9645558PB,680
9645559,153
9645559PB,306
9645561,17
9645561PB,34
9645562,77
9645562PB,154
9645563,26
9645563PB,52
9645564,21
9645564PB,42
9645565,89
9645565PB,178
9645568,40
9645568PB,80
9645735,4
9645735PB,8
9645737,48
9645737PB,96
9646368,4
9646368PB,8
9646370,19
9646370PB,38
9646372,63
9646372PB,126
9646383,105
9646383PB,210
9646384,17
9646384PB,34
9646389,321
9646389PB,642
9646391,66
9646391PB,132
9646397,297
9646397PB,594
9646442,3
9646442PB,6
9646444,19
9646444PB,38
9646445,19
9646445PB,38
9646446,19
9646446PB,38
9646450,13
9646450PB,26
9646452,40
9646452PB,80
9646453,40
9646453PB,80
9646456,19
9646456PB,38
9646457,2
9646457PB,4
9646460,11
9646460PB,22
9646467,22
9646467PB,44
9646468,22
9646468PB,44
9646469,22
9646469PB,44
9646471,14
9646471PB,28
9646472,14
9646472PB,28
9646473,3
9646473PB,6
9646474,14
9646474PB,28
9646475,3
9646475PB,6
9646477,1
9646477PB,2
9646478,51
9646478PB,102
9648399,113
9648399PB,226
9648400,69
9648400PB,138
9648403,5
9648404,5
9648405,113
9648405PB,226
9648410,340
9648410PB,680
9648411,339
9648411PB,680
9648412,246
9648412PB,492
9648413,340
9648413PB,432
9648415,25
9648415PB,50
9648416,25
9648416PB,50
9648417,97
9648417PB,194
9648418,56
9648418PB,112
9648419,85
9648419PB,170
9648422,10
9648422PB,20
9648423,30
9648423PB,60
9648424,134
9648424PB,268
9648425,43
9648425PB,86
9648427,11
9648427PB,22
9648430,32
9648430PB,64
9648431,18
9648431PB,36
9648432,18
9648432PB,36
9648433,113
9648433PB,226
9648434,65
9648434PB,130
9648435,65
9648435PB,130
9648436,18
9648436PB,36
9648437,65
9648437PB,130
9648438,65
9648438PB,130
9648439,128
9648439PB,256
9648440,128
9648440PB,256
9648441,59
9648441PB,118
9648442,68
9648442PB,136
9648443,40
9648443PB,80
9648444,102
9648444PB,204
9648445,5
9648445PB,10
9648446,5
9648446PB,10
9648447,73
9648447PB,146
9648450,128
9648450PB,256
9648451,71
9648451PB,142
9648452,71
9648452PB,142
9648453,127
9648453PB,254
9648454,19
9648454PB,38
9648455,297
9648455PB,594
9648456,49
9648456PB,98
9648457,4
9648457PB,8
9648458,19
9648458PB,38
9648459,62
9648459PB,124
9648460,126
9648460PB,252
9648461,85
9648461PB,170
9648462,11
9648462PB,22
9648463,26
9648463PB,52
9648464,11
9648464PB,22
9648465,321
9648465PB,642
9648466,321
9648466PB,642
9648468,16
9648469,34
9648470,6
9648471,6
9648472,1
9648473,5
9648474,5
9648475,18
9648476,166
9648478,11
9648481,10
9648482,84
9648483,62
9648484,100
9648485,48
9648486,20
9648488,1
9648489,1
9648490,1
9648491,38
9648492,39
9648493,79
9648494,16
9648495,11
9648496,6
9711247,19
9711248,19
9711264,31
9711264PB,62
9711265,110
9711265PB,220
9711266,9
9711266PB,18
9711269,3
9711269PB,6
9711272,3
9711272PB,6
9711278,1
9711278PB,2
9711284,4
9711284PB,8
9711285,4
9711285PB,8
9711286,2
9711286PB,4
9711287,6
9711324,8
9711332,6
9711332PB,12
9711380,5
9711380PB,10
9711385,5
9711385PB,10
9711387,5
9711387PB,10
9711400,5
9711400PB,10
9711408,5
9711408PB,10
9711409,5
9711409PB,10
9711410,5
9711410PB,10
9711661,3
9711661PB,6
9711662,3
9711662PB,6
9711663,3
9711663PB,6
9711664,29
9711664PB,58
9711665,28
9711665PB,58
9711666,29
9711666PB,58
9711667,29
9711667PB,58
9711668,29
9711668PB,58
9711669,29
9711669PB,58
9711670,29
9711670PB,58
9711671,29
9711671PB,58
9711672,29
9711672PB,58
9711677,12
9711677PB,24
9711678,12
9711678PB,24
9711679,189
9711679PB,378
9711680,9
9711680PB,18
9711681,9
9711681PB,18
9711682,189
9711682PB,378
9711683,163
9711683PB,326
9711685,63
9711685PB,126
9711686,92
9711686PB,184
9711687,189
9711687PB,378
9711688,66
9711688PB,132
9711694,21
9711694PB,42
9711695,21
9711695PB,42
9711728,7
9711728PB,14
9711729,7
9711729PB,14
9711730,7
9711730PB,14
9711732,5
9711732PB,10
9711733,5
9711733PB,10
9711734,5
9711734PB,10
9711866,29
9711866PB,58
9711869,29
9711869PB,58
9711873,60
9711873PB,120
9711874,21
9711874PB,42
9711876,15
9711876PB,30
9711877,21
9711877PB,42
9711878,8
9711878PB,16
9711879,8
9711879PB,16
9711882,21
9711882PB,42
9711883,21
9711883PB,42
9711884,21
9711884PB,42
9711885,21
9711885PB,42
9711886,21
9711886PB,42
9711887,12
9711887PB,24
9711888,12
9711888PB,24
9711889,12
9711889PB,24
9711890,21
9711890PB,42
9711893,21
9711893PB,42
9711894,21
9711894PB,42
9711895,21
9711895PB,42
9711896,21
9711896PB,42
9711898,21
9711898PB,42
9711900,21
9711900PB,42
9711901,21
9711901PB,42
9711902,21
9711902PB,42
9711903,21
9711903PB,42
9711904,21
9711904PB,42
9711905,8
9711905PB,16
9711906,8
9711906PB,16
9711907,8
9711907PB,16
9711908,21
9711908PB,42
9711909,21
9711909PB,42
9711911,21
9711911PB,42
9711912,21
9711912PB,42
9711913,21
9711913PB,42
9711914,21
9711914PB,42
9711915,21
9711915PB,42
9711916,21
9711916PB,42
9711917,21
9711917PB,42
9711921,21
9711921PB,42
9711922,21
9711922PB,42
9711925,21
9711925PB,42
9711928,21
9711928PB,42
9711933,21
9711933PB,42
9711935,21
9711935PB,42
9711936,21
9711936PB,42
9711937,21
9711937PB,42
9711940,3
9711941,3
9711941PB,6
9711943,5
9711943PB,10
9711944,5
9711944PB,10
9711945,7
9711945PB,14
9711948,7
9711948PB,14
9711949,7
9711949PB,14
9711950,7
9711950PB,14
9711952,7
9711952PB,14
9711953,7
9711953PB,14
9711954,7
9711954PB,14
9711955,7
9711955PB,14
9711956,7
9711956PB,14
9711957,5
9711957PB,10
9711961,5
9711961PB,10
9711962,5
9711962PB,10
9711963,5
9711963PB,10
9711966,5
9711966PB,10
9711967,3
9711967PB,6
9711968,3
9711968PB,6
9711969,3
9711969PB,6
9711970,3
9711970PB,6
9711971,2
9711971PB,4
9711972,2
9711972PB,4
9711973,2
9711973PB,4
9711974,2
9711974PB,4
9711975,2
9711975PB,4
9711976,2
9711976PB,4
9711977,2
9711977PB,4
9711978,2
9711978PB,4
9711980,4
9711980PB,8
9711981,4
9711981PB,8
9711982,4
9711982PB,8
9711983,4
9711983PB,8
9711984,4
9711984PB,8
9711985,4
9711985PB,8
9711986,4
9711986PB,8
9712039,10
9712042,2
9712042PB,4
9712083,3
9712090,5
9712091,5
9712103,4
9712103PB,8
9712105,19
9712112,19
9712120,2
9712120PB,4
9712125,6
9712127,2
9712127PB,4
9712920,29
9712920PB,58
9712921,29
9712921PB,58
9713262,13
9713262,13
9713266,4
9713266PB,8
9713267,4
9713267PB,8
9713302,12
9713302PB,24
9714676,52
9714676,52
9714768,21
9714768PB,42
9714825,3
9714825PB,6
9714854,1
9721273,3
9721273PB,6
9721290PB,20
9721293,63
9721293,63
9721325,2
9721325PB,4
9721326,2
9721326PB,4
9721731,7
9721731PB,14
9722927,7
9722927PB,14
9722928PB,14
9723138,2
9723408,3
9723408PB,6
9723409,4
9723409PB,8
9723410,4
9723410PB,8
9733453,20
9733455,20
9734477,1
9734477PB,2
9734480,78
9734486,42
9734486,42
9734487,1
9734487PB,2
9734488,3
9734567,1
9734567PB,2
9741293,3
9741293PB,6
9741317,3
9741317PB,6
9741323,2
9741323PB,4
9741324,1
9741324PB,2
9741463,3
9741463PB,6
9741597,18
9741597,18
9741597PB,2
9741598,18
9741598,18
9741598PB,2
9741650,5
9741650PB,10
9741683,36
9741683PB,6
9741684,29
9741684PB,6
9741705,2
9741705PB,4
9741716,2
9741716PB,4
9741720,2
9741720PB,4
9741735,5
9741735PB,10
9741736,5
9741736PB,10
9741737,1
9741737PB,2
9741738,5
9741738PB,10
9741752,4
9741752PB,8
9741761,3
9741761PB,6
9741762,3
9741762PB,6
9741766,2
9741766PB,4
9741768,2
9741768PB,4
9741791,37
9741791,37
9741799,2
9741799PB,4
9741800,2
9741800PB,4
9741804,2
9741804PB,4
9741879,1
9741879PB,2
9742047,2
9742047PB,4
9742049,4
9742049PB,8
9742146,5
9742146PB,10
9742147,5
9742147PB,10
9742148,5
9742148PB,10
9742149,5
9742149PB,10
9742190,2
9742190PB,4
9742191,2
9742191PB,4
9742192,2
9742192PB,4
9742194,3
9742194PB,6
9742195,3
9742195PB,6
9742196,3
9742196PB,6
9742202,3
9742202PB,6
9742203,3
9742203PB,6
9742204,3
9742204PB,6
9742205,3
9742205PB,6
9742211,11
9742211,11
9742211A,11
9742211A,11
9742211PB,10
9742212,11
9742212,11
9742212PB,10
9742215,5
9742215PB,10
9742264PB,4
9742265PB,6
9742267,1
9742267,1
9742290,6
9742290PB,12
9742304,18
9742304PB,6
9742306,18
9742306PB,6
9742339,1
9742340,1
9742366,15
9742366,15
9742366PB,10
9742368,15
9742368,15
9742368PB,10
9742381PB,10
9742390PB,10
9742392,7
9742392PB,14
9742393,7
9742393PB,14
9742394,1
9742394PB,2
9742397,39
9742397,39
9742398,39
9742398,39
9742414,1
9742414PB,2
9742415,1
9742423,1
9742504,5
9742504PB,10
9742506,1
9742506PB,2
9742508,16
9742508,16
9742508PB,6
9742510,2
9742524,49
9742524PB,24
9742526,56
9742526PB,24
9742545,1
9742545PB,2
9742552,5
9742552,5
9742553,1
9742553,1
9742560PB,6
9742597,3
9742597PB,6
9742798,1
9742813,10
9742816,20
9742816,20
9742818,6
9742820,21
9742820,21
9743007,6
9743008,6
9743009,6
9743013,5
9743013PB,10
9743018,1
9743018PB,2
9743100,2
9743100PB,4
9743162,2
9743162PB,4
9743203,3
9743203PB,6
9743204,3
9743204PB,6
9743361,6
9743361PB,12
9743362,2
9743362PB,4
9743363,2
9743363PB,4
9743511,6
9743511PB,12
9744825,3
9744825PB,6
9744838,5
9744838,5
9744911,5
9744911,5
9744986,7
9744986PB,14
9744992,4
9745022,5
9745022,5
9745034,35
9745034,35
9745035,35
9745035,35
9745323,5
9745323PB,10
9745508,2
9745539,6
9745552,1
9745692,2
9745692PB,4
9745705,6
9745705PB,12
9745706,6
9745706PB,12
9745707,6
9745707PB,12
9748403,5
9748404,5
9748467PB,6
9748469,2
9748477,1
975C,1
979C,34
981C,4
9911234,30
9911235,1
9956,1
AUX12-180,1
AUX12-180,1
DC 10-3011,6
DCSK1131,1
DCSK1159,1
DCSK1178,1
KIT BOX,75
LN1G,1
MU1613,2
MU1613,2
MU1613,2
MU1613,2
PF63A,89
U1G300,4
U1RG300,1
