"PART#","CA WAREHOUSE","VA WAREHOUSE","TX WAREHOUSE","PRICE"
"PC30000","IN STOCK","IN STOCK","IN STOCK","53.66"
"PC30001","LIMITED QTY","IN STOCK","LIMITED QTY","48.66"
"PC30002","IN STOCK","LIMITED QTY","LIMITED QTY","54.66"
"PC30003","IN STOCK","IN STOCK","IN STOCK","59.66"
"PC30004","IN STOCK","LIMITED QTY","LIMITED QTY","45.66"
"PC30005","IN STOCK","IN STOCK","IN STOCK","69.66"
"PC30006","IN STOCK","IN STOCK","IN STOCK","81.66"
"PC30007","IN STOCK","IN STOCK","IN STOCK","41.66"
"PC30008","IN STOCK","IN STOCK","IN STOCK","43.66"
"PC30009","IN STOCK","IN STOCK","IN STOCK","54.66"
"PC3000P","IN STOCK","LIMITED QTY","LIMITED QTY","55.66"
"PC30010","IN STOCK","LIMITED QTY","IN STOCK","55.66"
"PC30011","IN STOCK","LIMITED QTY","IN STOCK","55.66"
"PC30012","IN STOCK","IN STOCK","LIMITED QTY","52.66"
"PC30013","IN STOCK","IN STOCK","LIMITED QTY","49.66"
"PC30014","IN STOCK","LIMITED QTY","LIMITED QTY","73.66"
"PC30015","IN STOCK","IN STOCK","IN STOCK","55.66"
"PC30016","IN STOCK","LIMITED QTY","LIMITED QTY","69.66"
"PC30017","IN STOCK","IN STOCK","IN STOCK","54.66"
"PC30018","IN STOCK","IN STOCK","LIMITED QTY","55.66"
"PC30019","IN STOCK","IN STOCK","LIMITED QTY","54.66"
"PC3001P","IN STOCK","LIMITED QTY","OUT OF STOCK","51.66"
"PC30020","IN STOCK","IN STOCK","IN STOCK","61.66"
"PC30021","IN STOCK","IN STOCK","IN STOCK","52.66"
"PC30022","IN STOCK","IN STOCK","LIMITED QTY","55.66"
"PC30023","LIMITED QTY","LIMITED QTY","LIMITED QTY","55.66"
"PC30024","IN STOCK","IN STOCK","LIMITED QTY","49.66"
"PC30025","IN STOCK","IN STOCK","IN STOCK","39.66"
"PC30026","IN STOCK","IN STOCK","IN STOCK","52.66"
"PC30027","IN STOCK","IN STOCK","LIMITED QTY","54.66"
"PC30028","IN STOCK","IN STOCK","IN STOCK","85.66"
"PC30029F","IN STOCK","IN STOCK","IN STOCK","52.66"
"PC3002P","LIMITED QTY","LIMITED QTY","LIMITED QTY","62.66"
"PC30030","IN STOCK","IN STOCK","IN STOCK","53.66"
"PC30031","IN STOCK","IN STOCK","IN STOCK","62.66"
"PC30032","LIMITED QTY","LIMITED QTY","LIMITED QTY","62.66"
"PC30033","IN STOCK","IN STOCK","IN STOCK","47.66"
"PC30034","IN STOCK","IN STOCK","IN STOCK","51.66"
"PC30035","IN STOCK","IN STOCK","IN STOCK","55.66"
"PC30036","IN STOCK","IN STOCK","IN STOCK","62.66"
"PC30037","IN STOCK","IN STOCK","IN STOCK","56.66"
"PC30038","IN STOCK","IN STOCK","IN STOCK","59.66"
"PC30039","IN STOCK","IN STOCK","LIMITED QTY","55.66"
"PC3003P","IN STOCK","IN STOCK","LIMITED QTY","52.66"
"PC30040","IN STOCK","IN STOCK","IN STOCK","52.66"
"PC30041","IN STOCK","IN STOCK","IN STOCK","59.66"
"PC30042","IN STOCK","IN STOCK","IN STOCK","52.66"
"PC30043F","IN STOCK","IN STOCK","IN STOCK","57.66"
"PC30044","IN STOCK","IN STOCK","IN STOCK","59.66"
"PC30045","IN STOCK","IN STOCK","IN STOCK","48.66"
"PC30046","IN STOCK","LIMITED QTY","IN STOCK","51.66"
"PC30047","IN STOCK","IN STOCK","LIMITED QTY","58.66"
"PC30048","IN STOCK","IN STOCK","LIMITED QTY","41.66"
"PC30049","IN STOCK","LIMITED QTY","LIMITED QTY","55.66"
"PC3004P","IN STOCK","IN STOCK","LIMITED QTY","59.66"
"PC30050","IN STOCK","IN STOCK","IN STOCK","52.66"
"PC30051","IN STOCK","IN STOCK","IN STOCK","58.66"
"PC30052","IN STOCK","LIMITED QTY","LIMITED QTY","51.66"
"PC30053","IN STOCK","IN STOCK","IN STOCK","53.66"
"PC30054","IN STOCK","LIMITED QTY","LIMITED QTY","58.66"
"PC30055","IN STOCK","LIMITED QTY","LIMITED QTY","58.66"
"PC30056","IN STOCK","IN STOCK","IN STOCK","52.66"
"PC30057","IN STOCK","IN STOCK","IN STOCK","53.66"
"PC30058","IN STOCK","IN STOCK","LIMITED QTY","55.66"
"PC30059","IN STOCK","IN STOCK","IN STOCK","53.66"
"PC3005P","IN STOCK","OUT OF STOCK","OUT OF STOCK","52.66"
"PC30060","IN STOCK","IN STOCK","IN STOCK","58.66"
"PC30061","LIMITED QTY","LIMITED QTY","OUT OF STOCK","72.66"
"PC30062P","IN STOCK","IN STOCK","LIMITED QTY","45.66"
"PC30063","IN STOCK","IN STOCK","IN STOCK","49.66"
"PC30064","IN STOCK","IN STOCK","IN STOCK","58.66"
"PC30065","IN STOCK","IN STOCK","IN STOCK","49.66"
"PC30066","IN STOCK","IN STOCK","IN STOCK","59.66"
"PC30067","LIMITED QTY","LIMITED QTY","LIMITED QTY","63.66"
"PC30068","IN STOCK","IN STOCK","LIMITED QTY","52.66"
"PC30069","IN STOCK","IN STOCK","LIMITED QTY","62.66"
"PC30070","IN STOCK","IN STOCK","LIMITED QTY","69.66"
"PC30071","LIMITED QTY","LIMITED QTY","LIMITED QTY","53.66"
"PC30072","IN STOCK","LIMITED QTY","LIMITED QTY","55.66"
"PC30073","IN STOCK","IN STOCK","LIMITED QTY","49.66"
"PC30074","IN STOCK","IN STOCK","LIMITED QTY","65.66"
"PC30075","IN STOCK","LIMITED QTY","LIMITED QTY","52.66"
"PC30076","IN STOCK","IN STOCK","LIMITED QTY","64.66"
"PC30077","IN STOCK","IN STOCK","IN STOCK","49.66"
"PC30078","IN STOCK","IN STOCK","LIMITED QTY","59.66"
"PC30079","IN STOCK","LIMITED QTY","OUT OF STOCK","59.66"
"PC30080","IN STOCK","LIMITED QTY","LIMITED QTY","54.66"
"PC30081","IN STOCK","LIMITED QTY","IN STOCK","43.66"
"PC30082","IN STOCK","IN STOCK","IN STOCK","58.66"
"PC30083","IN STOCK","IN STOCK","LIMITED QTY","69.66"
"PC30084","IN STOCK","IN STOCK","IN STOCK","55.66"
"PC30085","IN STOCK","IN STOCK","IN STOCK","48.66"
"PC30086","IN STOCK","IN STOCK","IN STOCK","68.66"
"PC30087","IN STOCK","IN STOCK","LIMITED QTY","48.66"
"PC30088","IN STOCK","IN STOCK","IN STOCK","58.66"
"PC30089","IN STOCK","IN STOCK","IN STOCK","62.66"
"PC3008P","IN STOCK","IN STOCK","LIMITED QTY","58.66"
"PC30090","IN STOCK","IN STOCK","LIMITED QTY","66.66"
"PC30091","IN STOCK","IN STOCK","IN STOCK","69.66"
"PC30092","LIMITED QTY","LIMITED QTY","LIMITED QTY","52.66"
"PC30093","IN STOCK","IN STOCK","IN STOCK","52.66"
"PC30094","IN STOCK","IN STOCK","IN STOCK","58.66"
"PC30095","IN STOCK","LIMITED QTY","LIMITED QTY","75.66"
"PC30096","IN STOCK","IN STOCK","LIMITED QTY","49.66"
"PC30097","IN STOCK","IN STOCK","IN STOCK","57.66"
"PC30099","IN STOCK","IN STOCK","IN STOCK","47.66"
"PC3009P","IN STOCK","IN STOCK","LIMITED QTY","47.66"
"PC30100","IN STOCK","IN STOCK","IN STOCK","45.66"
"PC30101","IN STOCK","IN STOCK","IN STOCK","59.66"
"PC30102","IN STOCK","IN STOCK","IN STOCK","49.66"
"PC30103","IN STOCK","IN STOCK","LIMITED QTY","59.66"
"PC30104","LIMITED QTY","LIMITED QTY","LIMITED QTY","63.66"
"PC30105","IN STOCK","IN STOCK","IN STOCK","59.66"
"PC30106","IN STOCK","LIMITED QTY","IN STOCK","62.66"
"PC30107","IN STOCK","IN STOCK","LIMITED QTY","65.66"
"PC30108","IN STOCK","IN STOCK","IN STOCK","55.66"
"PC30109","IN STOCK","IN STOCK","IN STOCK","49.66"
"PC3011","IN STOCK","LIMITED QTY","LIMITED QTY","65.66"
"PC30110","IN STOCK","LIMITED QTY","LIMITED QTY","49.66"
"PC30111","IN STOCK","LIMITED QTY","LIMITED QTY","65.66"
"PC30112","IN STOCK","LIMITED QTY","LIMITED QTY","62.66"
"PC30113","IN STOCK","IN STOCK","IN STOCK","61.66"
"PC30114","IN STOCK","IN STOCK","IN STOCK","55.66"
"PC30115","IN STOCK","LIMITED QTY","LIMITED QTY","93.66"
"PC30116","IN STOCK","IN STOCK","IN STOCK","58.66"
"PC30117","IN STOCK","LIMITED QTY","IN STOCK","55.66"
"PC30118","IN STOCK","IN STOCK","LIMITED QTY","58.66"
"PC30119","IN STOCK","IN STOCK","IN STOCK","61.66"
"PC30121","IN STOCK","IN STOCK","IN STOCK","49.66"
"PC30122","IN STOCK","IN STOCK","IN STOCK","52.66"
"PC30123","IN STOCK","IN STOCK","IN STOCK","59.66"
"PC30125","IN STOCK","IN STOCK","LIMITED QTY","62.66"
"PC30127","IN STOCK","IN STOCK","IN STOCK","54.66"
"PC30128","IN STOCK","IN STOCK","IN STOCK","62.66"
"PC30129","IN STOCK","IN STOCK","IN STOCK","58.66"
"PC3012P","LIMITED QTY","LIMITED QTY","LIMITED QTY","62.66"
"PC30130","IN STOCK","IN STOCK","IN STOCK","58.66"
"PC30131","IN STOCK","IN STOCK","IN STOCK","59.66"
"PC30132","IN STOCK","IN STOCK","IN STOCK","53.66"
"PC30134","IN STOCK","IN STOCK","IN STOCK","63.66"
"PC30135","IN STOCK","IN STOCK","IN STOCK","58.66"
"PC30136","IN STOCK","IN STOCK","LIMITED QTY","59.66"
"PC30137","IN STOCK","IN STOCK","IN STOCK","48.66"
"PC30138","IN STOCK","IN STOCK","LIMITED QTY","57.66"
"PC30139","IN STOCK","IN STOCK","IN STOCK","62.66"
"PC30140","IN STOCK","IN STOCK","LIMITED QTY","65.66"
"PC30141","IN STOCK","IN STOCK","IN STOCK","61.66"
"PC30142","IN STOCK","IN STOCK","IN STOCK","59.66"
"PC30143","IN STOCK","IN STOCK","IN STOCK","53.66"
"PC30144","IN STOCK","IN STOCK","IN STOCK","68.66"
"PC30145","IN STOCK","LIMITED QTY","LIMITED QTY","83.66"
"PC30146","IN STOCK","LIMITED QTY","LIMITED QTY","52.66"
"PC30147","IN STOCK","IN STOCK","IN STOCK","52.66"
"PC30148","IN STOCK","IN STOCK","IN STOCK","67.66"
"PC30149","IN STOCK","IN STOCK","IN STOCK","49.66"
"PC3014P","IN STOCK","LIMITED QTY","LIMITED QTY","52.66"
"PC30150","IN STOCK","IN STOCK","IN STOCK","54.66"
"PC30151","IN STOCK","IN STOCK","LIMITED QTY","52.66"
"PC30152","IN STOCK","IN STOCK","LIMITED QTY","62.66"
"PC30153F","IN STOCK","IN STOCK","IN STOCK","55.66"
"PC30155","IN STOCK","IN STOCK","IN STOCK","49.66"
"PC30157","IN STOCK","IN STOCK","IN STOCK","63.66"
"PC30159","IN STOCK","IN STOCK","IN STOCK","62.66"
"PC30160","IN STOCK","LIMITED QTY","LIMITED QTY","82.66"
"PC30161","LIMITED QTY","OUT OF STOCK","LIMITED QTY","63.66"
"PC30162","IN STOCK","IN STOCK","IN STOCK","62.66"
"PC30163","IN STOCK","IN STOCK","IN STOCK","59.66"
"PC30164","IN STOCK","IN STOCK","IN STOCK","64.66"
"PC30165","IN STOCK","IN STOCK","IN STOCK","63.66"
"PC30166","IN STOCK","IN STOCK","IN STOCK","55.66"
"PC30167","IN STOCK","IN STOCK","IN STOCK","66.66"
"PC30169","IN STOCK","IN STOCK","IN STOCK","62.66"
"PC3016P","IN STOCK","LIMITED QTY","LIMITED QTY","67.66"
"PC30170","IN STOCK","LIMITED QTY","IN STOCK","53.66"
"PC30171","IN STOCK","IN STOCK","IN STOCK","66.66"
"PC30172","IN STOCK","IN STOCK","IN STOCK","55.66"
"PC30173","IN STOCK","IN STOCK","LIMITED QTY","55.66"
"PC30174","IN STOCK","IN STOCK","IN STOCK","58.66"
"PC30175","IN STOCK","IN STOCK","IN STOCK","62.66"
"PC30176F","IN STOCK","IN STOCK","IN STOCK","63.66"
"PC30177","IN STOCK","IN STOCK","IN STOCK","63.66"
"PC30178","IN STOCK","IN STOCK","IN STOCK","67.66"
"PC30179","IN STOCK","IN STOCK","LIMITED QTY","49.66"
"PC3017P","LIMITED QTY","LIMITED QTY","LIMITED QTY","43.66"
"PC30180","IN STOCK","IN STOCK","LIMITED QTY","55.66"
"PC30182","IN STOCK","IN STOCK","LIMITED QTY","55.66"
"PC30183","IN STOCK","IN STOCK","IN STOCK","64.66"
"PC30184","IN STOCK","IN STOCK","IN STOCK","57.66"
"PC30185","IN STOCK","IN STOCK","IN STOCK","48.66"
"PC30186","IN STOCK","LIMITED QTY","LIMITED QTY","65.66"
"PC30188","IN STOCK","IN STOCK","IN STOCK","54.66"
"PC30189","IN STOCK","IN STOCK","IN STOCK","55.66"
"PC3019","LIMITED QTY","LIMITED QTY","LIMITED QTY","83.66"
"PC30190","IN STOCK","IN STOCK","IN STOCK","72.66"
"PC30191","IN STOCK","IN STOCK","IN STOCK","62.66"
"PC30192","IN STOCK","IN STOCK","IN STOCK","65.66"
"PC30193","IN STOCK","IN STOCK","LIMITED QTY","63.66"
"PC30194","IN STOCK","IN STOCK","LIMITED QTY","79.66"
"PC30195","IN STOCK","LIMITED QTY","LIMITED QTY","73.66"
"PC30196","IN STOCK","IN STOCK","IN STOCK","56.66"
"PC30197","IN STOCK","IN STOCK","IN STOCK","62.66"
"PC30198","IN STOCK","IN STOCK","IN STOCK","53.66"
"PC30199","IN STOCK","IN STOCK","IN STOCK","52.66"
"PC30200","IN STOCK","IN STOCK","IN STOCK","62.66"
"PC30202","IN STOCK","IN STOCK","IN STOCK","72.66"
"PC30203","IN STOCK","IN STOCK","IN STOCK","62.66"
"PC30204","IN STOCK","IN STOCK","IN STOCK","58.66"
"PC30205","IN STOCK","LIMITED QTY","LIMITED QTY","92.66"
"PC30206","IN STOCK","IN STOCK","IN STOCK","72.66"
"PC30207","IN STOCK","IN STOCK","IN STOCK","51.66"
"PC30208","IN STOCK","IN STOCK","IN STOCK","63.66"
"PC30209","IN STOCK","IN STOCK","IN STOCK","59.66"
"PC3020P","LIMITED QTY","LIMITED QTY","LIMITED QTY","62.66"
"PC30210","IN STOCK","IN STOCK","IN STOCK","65.66"
"PC30211","IN STOCK","IN STOCK","IN STOCK","66.66"
"PC30212","IN STOCK","IN STOCK","IN STOCK","59.66"
"PC30213","IN STOCK","IN STOCK","IN STOCK","72.66"
"PC30214","IN STOCK","IN STOCK","IN STOCK","66.66"
"PC30215","IN STOCK","IN STOCK","IN STOCK","55.66"
"PC30216","IN STOCK","IN STOCK","IN STOCK","51.66"
"PC30218","IN STOCK","IN STOCK","IN STOCK","72.66"
"PC30219","IN STOCK","IN STOCK","LIMITED QTY","72.66"
"PC30220","IN STOCK","IN STOCK","IN STOCK","49.66"
"PC30221","IN STOCK","IN STOCK","IN STOCK","59.66"
"PC30222","IN STOCK","IN STOCK","IN STOCK","59.66"
"PC30223","IN STOCK","IN STOCK","IN STOCK","58.66"
"PC30224","IN STOCK","LIMITED QTY","LIMITED QTY","58.66"
"PC30226","IN STOCK","IN STOCK","IN STOCK","64.66"
"PC30227","IN STOCK","IN STOCK","LIMITED QTY","56.66"
"PC30228","IN STOCK","IN STOCK","IN STOCK","73.66"
"PC30229","IN STOCK","IN STOCK","IN STOCK","63.66"
"PC3022P","IN STOCK","LIMITED QTY","LIMITED QTY","62.66"
"PC30230","IN STOCK","IN STOCK","IN STOCK","66.66"
"PC30231","IN STOCK","IN STOCK","IN STOCK","58.66"
"PC30232","IN STOCK","IN STOCK","IN STOCK","73.66"
"PC30233","IN STOCK","IN STOCK","IN STOCK","72.66"
"PC30234","IN STOCK","IN STOCK","IN STOCK","67.66"
"PC30235","IN STOCK","IN STOCK","IN STOCK","62.66"
"PC30237","IN STOCK","LIMITED QTY","LIMITED QTY","67.66"
"PC30238","IN STOCK","LIMITED QTY","IN STOCK","125.66"
"PC3023P","IN STOCK","LIMITED QTY","LIMITED QTY","49.66"
"PC30240","IN STOCK","IN STOCK","IN STOCK","67.66"
"PC30241","IN STOCK","IN STOCK","IN STOCK","72.66"
"PC30243","IN STOCK","IN STOCK","IN STOCK","98.66"
"PC30244","IN STOCK","LIMITED QTY","LIMITED QTY","102.66"
"PC30245","IN STOCK","IN STOCK","IN STOCK","48.66"
"PC30246","IN STOCK","IN STOCK","IN STOCK","52.66"
"PC30248","IN STOCK","LIMITED QTY","IN STOCK","56.66"
"PC30249","IN STOCK","IN STOCK","IN STOCK","52.66"
"PC3024P","OUT OF STOCK","LIMITED QTY","LIMITED QTY","64.66"
"PC30250","IN STOCK","LIMITED QTY","IN STOCK","56.66"
"PC30252","IN STOCK","IN STOCK","IN STOCK","52.66"
"PC30253","IN STOCK","LIMITED QTY","LIMITED QTY","78.66"
"PC30254","IN STOCK","IN STOCK","IN STOCK","62.66"
"PC30255","IN STOCK","IN STOCK","IN STOCK","49.66"
"PC30256","LIMITED QTY","LIMITED QTY","LIMITED QTY","52.66"
"PC30257","IN STOCK","IN STOCK","IN STOCK","62.66"
"PC30258","IN STOCK","IN STOCK","IN STOCK","59.66"
"PC30259","IN STOCK","IN STOCK","IN STOCK","62.66"
"PC3025P","LIMITED QTY","LIMITED QTY","LIMITED QTY","61.66"
"PC3026","IN STOCK","IN STOCK","IN STOCK","57.66"
"PC30261","IN STOCK","IN STOCK","IN STOCK","62.66"
"PC30262","IN STOCK","IN STOCK","IN STOCK","52.66"
"PC30263","LIMITED QTY","IN STOCK","LIMITED QTY","113.66"
"PC30264","IN STOCK","LIMITED QTY","LIMITED QTY","77.66"
"PC30265","IN STOCK","LIMITED QTY","LIMITED QTY","54.66"
"PC30266","IN STOCK","LIMITED QTY","LIMITED QTY","62.66"
"PC30267","IN STOCK","IN STOCK","IN STOCK","62.66"
"PC30268","IN STOCK","IN STOCK","IN STOCK","72.66"
"PC30269","IN STOCK","LIMITED QTY","LIMITED QTY","57.66"
"PC3027","OUT OF STOCK","OUT OF STOCK","OUT OF STOCK","59.66"
"PC30271","IN STOCK","LIMITED QTY","LIMITED QTY","68.66"
"PC30272","IN STOCK","IN STOCK","IN STOCK","58.66"
"PC30273","IN STOCK","LIMITED QTY","LIMITED QTY","62.66"
"PC30274","IN STOCK","IN STOCK","IN STOCK","55.66"
"PC30275","IN STOCK","IN STOCK","IN STOCK","58.66"
"PC30277","IN STOCK","LIMITED QTY","LIMITED QTY","67.66"
"PC30278","IN STOCK","LIMITED QTY","IN STOCK","66.66"
"PC30279","IN STOCK","IN STOCK","IN STOCK","62.66"
"PC3028","LIMITED QTY","OUT OF STOCK","OUT OF STOCK","102.66"
"PC30280","OUT OF STOCK","OUT OF STOCK","OUT OF STOCK","67.66"
"PC30281","IN STOCK","IN STOCK","LIMITED QTY","55.66"
"PC30285","IN STOCK","IN STOCK","IN STOCK","52.66"
"PC30288","IN STOCK","LIMITED QTY","LIMITED QTY","43.66"
"PC30289","IN STOCK","IN STOCK","IN STOCK","62.66"
"PC30290","OUT OF STOCK","OUT OF STOCK","OUT OF STOCK","119.66"
"PC30292","OUT OF STOCK","OUT OF STOCK","OUT OF STOCK","59.66"
"PC30298","IN STOCK","LIMITED QTY","LIMITED QTY","62.66"
"PC3029P","IN STOCK","IN STOCK","LIMITED QTY","45.66"
"PC30300","IN STOCK","IN STOCK","IN STOCK","68.66"
"PC30301","IN STOCK","OUT OF STOCK","OUT OF STOCK","57.66"
"PC30302","IN STOCK","IN STOCK","IN STOCK","72.66"
"PC30308","IN STOCK","LIMITED QTY","IN STOCK","75.66"
"PC3030P","IN STOCK","IN STOCK","LIMITED QTY","62.66"
"PC3031","IN STOCK","LIMITED QTY","OUT OF STOCK","39.66"
"PC30310","IN STOCK","LIMITED QTY","LIMITED QTY","69.66"
"PC30314","IN STOCK","LIMITED QTY","LIMITED QTY","75.66"
"PC30315","LIMITED QTY","LIMITED QTY","LIMITED QTY","85.66"
"PC30316","IN STOCK","OUT OF STOCK","IN STOCK","72.66"
"PC30317","IN STOCK","LIMITED QTY","IN STOCK","77.66"
"PC30319","LIMITED QTY","LIMITED QTY","LIMITED QTY","202.66"
"PC3032","LIMITED QTY","LIMITED QTY","OUT OF STOCK","62.66"
"PC30320","LIMITED QTY","OUT OF STOCK","OUT OF STOCK","99.66"
"PC30321","LIMITED QTY","OUT OF STOCK","OUT OF STOCK","109.66"
"PC30322","IN STOCK","LIMITED QTY","OUT OF STOCK","73.66"
"PC30324","IN STOCK","OUT OF STOCK","IN STOCK","69.66"
"PC30325","IN STOCK","LIMITED QTY","IN STOCK","75.66"
"PC30326","IN STOCK","LIMITED QTY","LIMITED QTY","148.66"
"PC30327","IN STOCK","LIMITED QTY","LIMITED QTY","66.66"
"PC30328","LIMITED QTY","OUT OF STOCK","OUT OF STOCK","129.66"
"PC30335","IN STOCK","LIMITED QTY","IN STOCK","57.66"
"PC3033P","LIMITED QTY","LIMITED QTY","IN STOCK","52.66"
"PC30342","LIMITED QTY","OUT OF STOCK","OUT OF STOCK","61.66"
"PC3034P","IN STOCK","IN STOCK","LIMITED QTY","53.66"
"PC3036P","LIMITED QTY","LIMITED QTY","LIMITED QTY","56.66"
"PC3039","IN STOCK","LIMITED QTY","LIMITED QTY","52.66"
"PC3040","LIMITED QTY","LIMITED QTY","OUT OF STOCK","72.66"
"PC3042P","IN STOCK","IN STOCK","IN STOCK","62.66"
"PC3045P","IN STOCK","IN STOCK","IN STOCK","63.66"
"PC3046P","OUT OF STOCK","LIMITED QTY","OUT OF STOCK","82.66"
"PC3047P","IN STOCK","LIMITED QTY","LIMITED QTY","52.66"
"PC3048P","IN STOCK","LIMITED QTY","OUT OF STOCK","47.66"
"PC3049","LIMITED QTY","OUT OF STOCK","OUT OF STOCK","51.66"
"PC3050P","LIMITED QTY","LIMITED QTY","LIMITED QTY","63.66"
"PC3051","OUT OF STOCK","OUT OF STOCK","OUT OF STOCK","81.66"
"PC3052P","IN STOCK","LIMITED QTY","IN STOCK","53.66"
"PC3053P","IN STOCK","IN STOCK","LIMITED QTY","54.66"
"PC3054P","IN STOCK","IN STOCK","IN STOCK","61.66"
"PC3055P","IN STOCK","LIMITED QTY","LIMITED QTY","35.66"
"PC3056P","IN STOCK","LIMITED QTY","LIMITED QTY","49.66"
"PC3057P","LIMITED QTY","LIMITED QTY","LIMITED QTY","51.66"
"PC3058P","LIMITED QTY","LIMITED QTY","LIMITED QTY","52.66"
"PC3060P","IN STOCK","LIMITED QTY","LIMITED QTY","46.66"
"PC3061P","LIMITED QTY","OUT OF STOCK","LIMITED QTY","45.66"
"PC3062P","IN STOCK","LIMITED QTY","LIMITED QTY","49.66"
"PC3063P","IN STOCK","LIMITED QTY","LIMITED QTY","43.66"
"PC3066P","LIMITED QTY","LIMITED QTY","LIMITED QTY","47.66"
"PC3067P","LIMITED QTY","OUT OF STOCK","OUT OF STOCK","59.66"
"PC3068P","LIMITED QTY","OUT OF STOCK","LIMITED QTY","65.66"
"PC3070P","LIMITED QTY","IN STOCK","LIMITED QTY","62.66"
"PC3071P","LIMITED QTY","LIMITED QTY","LIMITED QTY","62.66"
"PC3072P","LIMITED QTY","LIMITED QTY","OUT OF STOCK","61.66"
"PC3073","LIMITED QTY","LIMITED QTY","OUT OF STOCK","143.66"
"PC3074P","LIMITED QTY","LIMITED QTY","LIMITED QTY","51.66"
"PC3075P","IN STOCK","LIMITED QTY","LIMITED QTY","51.66"
"PC3076P","IN STOCK","LIMITED QTY","LIMITED QTY","59.66"
"PC3077P","LIMITED QTY","LIMITED QTY","LIMITED QTY","56.66"
"PC3078P","IN STOCK","LIMITED QTY","LIMITED QTY","48.66"
"PC3079P","IN STOCK","LIMITED QTY","LIMITED QTY","55.66"
"PC3080","IN STOCK","LIMITED QTY","LIMITED QTY","52.66"
"PC3081P","LIMITED QTY","LIMITED QTY","LIMITED QTY","59.66"
"PC3082","LIMITED QTY","LIMITED QTY","LIMITED QTY","52.66"
"PC3084P","IN STOCK","LIMITED QTY","LIMITED QTY","54.66"
"PC3085P","IN STOCK","LIMITED QTY","LIMITED QTY","55.66"
"PC3086","LIMITED QTY","IN STOCK","IN STOCK","51.66"
"PC3089P","IN STOCK","LIMITED QTY","LIMITED QTY","63.66"
"PC3092P","IN STOCK","IN STOCK","IN STOCK","59.66"
"PC3093","IN STOCK","LIMITED QTY","LIMITED QTY","54.66"
"PC3094P","IN STOCK","IN STOCK","LIMITED QTY","57.66"
"PC3097P","IN STOCK","LIMITED QTY","OUT OF STOCK","62.66"
"PC3098","LIMITED QTY","OUT OF STOCK","OUT OF STOCK","69.66"
"PC3099P","IN STOCK","IN STOCK","LIMITED QTY","49.66"
"PC3100P","IN STOCK","LIMITED QTY","LIMITED QTY","56.66"
"PC3101P","IN STOCK","LIMITED QTY","LIMITED QTY","48.66"
"PC3102P","IN STOCK","LIMITED QTY","LIMITED QTY","57.66"
"PC3103P","IN STOCK","LIMITED QTY","LIMITED QTY","45.66"
"PC3104P","LIMITED QTY","LIMITED QTY","LIMITED QTY","62.66"
"PC3105P","IN STOCK","IN STOCK","LIMITED QTY","49.66"
"PC3107P","LIMITED QTY","LIMITED QTY","LIMITED QTY","45.66"
"PC3108P","IN STOCK","LIMITED QTY","LIMITED QTY","55.66"
"PC3109P","IN STOCK","LIMITED QTY","LIMITED QTY","55.66"
"PC3110P","LIMITED QTY","LIMITED QTY","OUT OF STOCK","102.66"
"PC3111P","IN STOCK","LIMITED QTY","LIMITED QTY","57.66"
"PC3112P","IN STOCK","IN STOCK","IN STOCK","49.66"
"PC3113P","IN STOCK","LIMITED QTY","LIMITED QTY","53.66"
"PC3115A","IN STOCK","LIMITED QTY","LIMITED QTY","73.66"
"PC3116P","IN STOCK","IN STOCK","LIMITED QTY","45.66"
"PC3118A","LIMITED QTY","LIMITED QTY","LIMITED QTY","72.66"
"PC3119","LIMITED QTY","LIMITED QTY","LIMITED QTY","45.66"
"PC3140P","IN STOCK","IN STOCK","LIMITED QTY","43.66"
"PC3148P","LIMITED QTY","LIMITED QTY","LIMITED QTY","49.66"
"PC3152P","LIMITED QTY","LIMITED QTY","LIMITED QTY","45.66"
"PC3153P","IN STOCK","LIMITED QTY","LIMITED QTY","52.66"
"PC3159P","IN STOCK","LIMITED QTY","LIMITED QTY","62.66"
"PC3160P","IN STOCK","LIMITED QTY","LIMITED QTY","47.66"
"PC3171P","IN STOCK","LIMITED QTY","LIMITED QTY","36.66"
"PC3182","IN STOCK","IN STOCK","LIMITED QTY","62.66"
"PC3193","IN STOCK","IN STOCK","IN STOCK","49.66"
"PC3206P","IN STOCK","OUT OF STOCK","OUT OF STOCK","45.66"
"PC3220P","IN STOCK","LIMITED QTY","LIMITED QTY","59.66"
"PC3224A","LIMITED QTY","LIMITED QTY","OUT OF STOCK","72.66"
"PC3232","LIMITED QTY","OUT OF STOCK","OUT OF STOCK","88.66"
"PC3237P","IN STOCK","IN STOCK","IN STOCK","56.66"
"PC3238P","IN STOCK","IN STOCK","LIMITED QTY","61.66"
"PC3239","IN STOCK","IN STOCK","IN STOCK","66.66"
"PC3240P","IN STOCK","LIMITED QTY","LIMITED QTY","45.66"
"PC3244A","LIMITED QTY","LIMITED QTY","LIMITED QTY","101.66"
"PC3245P","IN STOCK","LIMITED QTY","LIMITED QTY","49.66"
"PC3246P","IN STOCK","IN STOCK","IN STOCK","52.66"
"PC3247","IN STOCK","IN STOCK","IN STOCK","57.66"
"PC3248","IN STOCK","LIMITED QTY","LIMITED QTY","48.66"
"PC3249P","IN STOCK","LIMITED QTY","LIMITED QTY","49.66"
"PC3253P","IN STOCK","LIMITED QTY","LIMITED QTY","55.66"
"PC3254","IN STOCK","LIMITED QTY","IN STOCK","45.66"
"PC3255","IN STOCK","IN STOCK","IN STOCK","53.66"
"PC3257P","IN STOCK","LIMITED QTY","LIMITED QTY","47.66"
"PC3258P","LIMITED QTY","OUT OF STOCK","LIMITED QTY","72.66"
"PC3259P","IN STOCK","LIMITED QTY","LIMITED QTY","48.66"
"PC3261P","IN STOCK","IN STOCK","LIMITED QTY","52.66"
"PC3263P","LIMITED QTY","LIMITED QTY","OUT OF STOCK","62.66"
"PC3264P","IN STOCK","IN STOCK","IN STOCK","54.66"
"PC3265P","IN STOCK","LIMITED QTY","IN STOCK","59.66"
"PC3267P","IN STOCK","IN STOCK","LIMITED QTY","46.66"
"PC3268P","IN STOCK","LIMITED QTY","LIMITED QTY","48.66"
"PC3269F","IN STOCK","IN STOCK","LIMITED QTY","63.66"
"PC3274","LIMITED QTY","LIMITED QTY","OUT OF STOCK","45.66"
"PC3275","LIMITED QTY","LIMITED QTY","LIMITED QTY","82.66"
"PC3278P","IN STOCK","LIMITED QTY","LIMITED QTY","59.66"
"PC3279P","IN STOCK","LIMITED QTY","LIMITED QTY","42.66"
"PC3280P","LIMITED QTY","LIMITED QTY","LIMITED QTY","51.66"
"PC3281P","IN STOCK","LIMITED QTY","LIMITED QTY","51.66"
"PC3282P","IN STOCK","LIMITED QTY","LIMITED QTY","59.66"
"PC3283P","LIMITED QTY","LIMITED QTY","LIMITED QTY","59.66"
"PC3284P","IN STOCK","IN STOCK","IN STOCK","55.66"
"PC3285P","LIMITED QTY","LIMITED QTY","LIMITED QTY","49.66"
"PC3286P","LIMITED QTY","LIMITED QTY","LIMITED QTY","44.66"
"PC3287P","IN STOCK","LIMITED QTY","LIMITED QTY","52.66"
"PC3289P","LIMITED QTY","LIMITED QTY","LIMITED QTY","43.66"
"PC3290P","LIMITED QTY","LIMITED QTY","LIMITED QTY","59.66"
"PC3292","LIMITED QTY","LIMITED QTY","OUT OF STOCK","54.66"
"PC3294P","LIMITED QTY","LIMITED QTY","LIMITED QTY","62.66"
"PC3295P","IN STOCK","IN STOCK","IN STOCK","49.66"
"PC3296","IN STOCK","LIMITED QTY","LIMITED QTY","49.66"
"PC3297P","IN STOCK","IN STOCK","IN STOCK","52.66"
"PC3298","IN STOCK","LIMITED QTY","LIMITED QTY","55.66"
"PC3299P","IN STOCK","IN STOCK","IN STOCK","51.66"
"PC3300P","LIMITED QTY","LIMITED QTY","LIMITED QTY","53.66"
"PC3304P","IN STOCK","LIMITED QTY","LIMITED QTY","52.66"
"PC3308P","IN STOCK","LIMITED QTY","OUT OF STOCK","55.66"
"PC3313P","LIMITED QTY","LIMITED QTY","LIMITED QTY","49.66"
"PC3314P","LIMITED QTY","LIMITED QTY","LIMITED QTY","54.66"
"PC3318P","IN STOCK","LIMITED QTY","LIMITED QTY","59.66"
"PC3320","IN STOCK","IN STOCK","LIMITED QTY","63.66"
"PC3323","LIMITED QTY","LIMITED QTY","LIMITED QTY","49.66"
"PC3327","OUT OF STOCK","OUT OF STOCK","OUT OF STOCK","91.66"
"PC3331P","IN STOCK","IN STOCK","IN STOCK","64.66"
"PC3336A","OUT OF STOCK","OUT OF STOCK","OUT OF STOCK","88.66"
"PC3343","IN STOCK","OUT OF STOCK","LIMITED QTY","62.66"
"PC3345P","IN STOCK","LIMITED QTY","LIMITED QTY","56.66"
"PC3347P","LIMITED QTY","LIMITED QTY","LIMITED QTY","42.66"
"PC3348P","IN STOCK","IN STOCK","LIMITED QTY","52.66"
"PC3349P","IN STOCK","LIMITED QTY","LIMITED QTY","62.66"
"PC3350P","LIMITED QTY","LIMITED QTY","OUT OF STOCK","62.66"
"PC3354","OUT OF STOCK","OUT OF STOCK","OUT OF STOCK","93.66"
"PC3357P","IN STOCK","LIMITED QTY","LIMITED QTY","72.66"
"PC3360P","IN STOCK","IN STOCK","LIMITED QTY","49.66"
"PC3361","LIMITED QTY","LIMITED QTY","LIMITED QTY","57.66"
"PC3362P","IN STOCK","IN STOCK","IN STOCK","48.66"
"PC3363P","IN STOCK","IN STOCK","LIMITED QTY","62.66"
"PC3367P","IN STOCK","LIMITED QTY","LIMITED QTY","47.66"
"PC3372","LIMITED QTY","OUT OF STOCK","OUT OF STOCK","61.66"
"PC3376F","LIMITED QTY","LIMITED QTY","OUT OF STOCK","119.66"
"PC3377P","IN STOCK","LIMITED QTY","LIMITED QTY","56.66"
"PC3378","LIMITED QTY","LIMITED QTY","LIMITED QTY","55.66"
"PC3379","IN STOCK","IN STOCK","LIMITED QTY","48.66"
"PC3381P","IN STOCK","LIMITED QTY","LIMITED QTY","54.66"
"PC3382","IN STOCK","LIMITED QTY","OUT OF STOCK","133.66"
"PC3383P","IN STOCK","IN STOCK","IN STOCK","68.66"
"PC3384P","LIMITED QTY","IN STOCK","LIMITED QTY","53.66"
"PC3385","LIMITED QTY","LIMITED QTY","LIMITED QTY","52.66"
"PC3386P","IN STOCK","IN STOCK","LIMITED QTY","56.66"
"PC3388P","LIMITED QTY","LIMITED QTY","LIMITED QTY","52.66"
"PC3390","IN STOCK","IN STOCK","LIMITED QTY","55.66"
"PC3391P","IN STOCK","LIMITED QTY","LIMITED QTY","45.66"
"PC3392P","IN STOCK","LIMITED QTY","LIMITED QTY","55.66"
"PC3393P","IN STOCK","IN STOCK","IN STOCK","58.66"
"PC3394","IN STOCK","LIMITED QTY","LIMITED QTY","55.66"
"PC3395P","IN STOCK","IN STOCK","LIMITED QTY","58.66"
"PC3396P","IN STOCK","IN STOCK","IN STOCK","53.66"
"PC3397P","IN STOCK","LIMITED QTY","LIMITED QTY","62.66"
"PC3398P","LIMITED QTY","LIMITED QTY","LIMITED QTY","51.66"
"PC3399P","LIMITED QTY","LIMITED QTY","LIMITED QTY","39.66"
"PC3405P","LIMITED QTY","OUT OF STOCK","OUT OF STOCK","106.66"
"PC3420P","IN STOCK","LIMITED QTY","LIMITED QTY","65.66"
"PC3421P","IN STOCK","LIMITED QTY","LIMITED QTY","56.66"
"PC3422P","IN STOCK","IN STOCK","LIMITED QTY","46.66"
"PC3423","LIMITED QTY","LIMITED QTY","IN STOCK","59.66"
"PC3424P","IN STOCK","LIMITED QTY","LIMITED QTY","49.66"
"PC3425P","LIMITED QTY","LIMITED QTY","LIMITED QTY","55.66"
"PC3431P","IN STOCK","LIMITED QTY","LIMITED QTY","69.66"
"PC3438P","IN STOCK","LIMITED QTY","LIMITED QTY","38.66"
"PC3439P","IN STOCK","LIMITED QTY","LIMITED QTY","69.66"
"PC3443P","IN STOCK","IN STOCK","IN STOCK","52.66"
"PC3445P","IN STOCK","IN STOCK","LIMITED QTY","54.66"
"PC3457P","IN STOCK","LIMITED QTY","LIMITED QTY","47.66"
"PC3462","IN STOCK","LIMITED QTY","LIMITED QTY","52.66"
"PC3464P","IN STOCK","OUT OF STOCK","LIMITED QTY","62.66"
"PC3466","LIMITED QTY","OUT OF STOCK","OUT OF STOCK","129.66"
"PC3467P","IN STOCK","IN STOCK","IN STOCK","49.66"
"PC3468P","IN STOCK","IN STOCK","LIMITED QTY","55.66"
"PC3472","OUT OF STOCK","OUT OF STOCK","OUT OF STOCK","99.66"
"PC3474P","IN STOCK","LIMITED QTY","LIMITED QTY","54.66"
"PC3478P","IN STOCK","IN STOCK","IN STOCK","72.66"
"PC3480P","LIMITED QTY","OUT OF STOCK","OUT OF STOCK","62.66"
"PC3481P","IN STOCK","IN STOCK","IN STOCK","65.66"
"PC3482P","LIMITED QTY","LIMITED QTY","LIMITED QTY","48.66"
"PC3489P","LIMITED QTY","OUT OF STOCK","LIMITED QTY","57.66"
"PC3490P","IN STOCK","IN STOCK","LIMITED QTY","55.66"
"PC3491P","IN STOCK","LIMITED QTY","LIMITED QTY","58.66"
"PC3492","IN STOCK","LIMITED QTY","LIMITED QTY","62.66"
"PC3493","IN STOCK","IN STOCK","IN STOCK","54.66"
"PC3500P","IN STOCK","LIMITED QTY","LIMITED QTY","63.66"
"PC3506P","IN STOCK","IN STOCK","LIMITED QTY","57.66"
"PC3507P","LIMITED QTY","LIMITED QTY","LIMITED QTY","67.66"
"PC3513P","IN STOCK","IN STOCK","LIMITED QTY","55.66"
"PC3519","IN STOCK","IN STOCK","IN STOCK","59.66"
"PC3523P","IN STOCK","LIMITED QTY","LIMITED QTY","49.66"
"PC3525P","IN STOCK","IN STOCK","IN STOCK","49.66"
"PC3531P","IN STOCK","IN STOCK","IN STOCK","53.66"
"PC3532P","LIMITED QTY","LIMITED QTY","LIMITED QTY","62.66"
"PC3536P","IN STOCK","LIMITED QTY","LIMITED QTY","55.66"
"PC3552P","OUT OF STOCK","LIMITED QTY","LIMITED QTY","81.66"
"PC3554A","LIMITED QTY","LIMITED QTY","LIMITED QTY","89.66"
"PC3557","IN STOCK","IN STOCK","IN STOCK","65.66"
"PC3559P","IN STOCK","IN STOCK","OUT OF STOCK","67.66"
"PC3565F","LIMITED QTY","OUT OF STOCK","OUT OF STOCK","71.66"
"PC3569","IN STOCK","LIMITED QTY","LIMITED QTY","55.66"
"PC3570P","OUT OF STOCK","OUT OF STOCK","LIMITED QTY","55.66"
"PC3571P","LIMITED QTY","LIMITED QTY","LIMITED QTY","43.66"
"PC3572P","IN STOCK","LIMITED QTY","LIMITED QTY","63.66"
"PC3573P","IN STOCK","LIMITED QTY","LIMITED QTY","55.66"
"PC3574","LIMITED QTY","LIMITED QTY","LIMITED QTY","75.66"
"PC3575P","IN STOCK","IN STOCK","IN STOCK","49.66"
"PC3576P","IN STOCK","LIMITED QTY","LIMITED QTY","58.66"
"PC3578P","IN STOCK","IN STOCK","IN STOCK","62.66"
"PC3579P","IN STOCK","LIMITED QTY","IN STOCK","52.66"
"PC3580P","IN STOCK","IN STOCK","IN STOCK","46.66"
"PC3581P","IN STOCK","LIMITED QTY","LIMITED QTY","62.66"
"PC3582P","IN STOCK","IN STOCK","LIMITED QTY","57.66"
"PC3584","LIMITED QTY","LIMITED QTY","LIMITED QTY","83.66"
"PC3585P","IN STOCK","IN STOCK","IN STOCK","63.66"
"PC3586P","IN STOCK","IN STOCK","IN STOCK","43.66"
"PC3587P","IN STOCK","IN STOCK","LIMITED QTY","62.66"
"PC3588P","IN STOCK","LIMITED QTY","LIMITED QTY","52.66"
"PC3589","IN STOCK","IN STOCK","IN STOCK","58.66"
"PC3590P","IN STOCK","LIMITED QTY","IN STOCK","58.66"
"PC3591P","IN STOCK","IN STOCK","IN STOCK","52.66"
"PC3592P","IN STOCK","LIMITED QTY","LIMITED QTY","55.66"
"PC3593P","IN STOCK","LIMITED QTY","IN STOCK","52.66"
"PC3594","IN STOCK","LIMITED QTY","IN STOCK","48.66"
"PC3595","LIMITED QTY","IN STOCK","LIMITED QTY","53.66"
"PC3596P","IN STOCK","LIMITED QTY","IN STOCK","52.66"
"PC3597P","IN STOCK","LIMITED QTY","LIMITED QTY","49.66"
"PC3598P","IN STOCK","IN STOCK","IN STOCK","62.66"
"PC3599P","IN STOCK","IN STOCK","IN STOCK","51.66"
"PC3600P","IN STOCK","IN STOCK","IN STOCK","62.66"
"PC3605A","IN STOCK","IN STOCK","IN STOCK","85.66"
"PC3608","LIMITED QTY","LIMITED QTY","LIMITED QTY","117.66"
"PC3613P","IN STOCK","IN STOCK","IN STOCK","58.66"
"PC3615P","IN STOCK","IN STOCK","IN STOCK","63.66"
"PC3618P","IN STOCK","IN STOCK","IN STOCK","52.66"
"PC3628","IN STOCK","IN STOCK","LIMITED QTY","47.66"
"PC3630P","LIMITED QTY","LIMITED QTY","LIMITED QTY","55.66"
"PC3632","IN STOCK","LIMITED QTY","IN STOCK","63.66"
"PC3633A","LIMITED QTY","OUT OF STOCK","OUT OF STOCK","99.66"
"PC3634A","OUT OF STOCK","LIMITED QTY","OUT OF STOCK","85.66"
"PC3635","LIMITED QTY","LIMITED QTY","LIMITED QTY","52.66"
"PC3636P","IN STOCK","LIMITED QTY","LIMITED QTY","62.66"
"PC3639P","IN STOCK","IN STOCK","IN STOCK","54.66"
"PC3640","LIMITED QTY","LIMITED QTY","LIMITED QTY","133.66"
"PC3642A","IN STOCK","LIMITED QTY","IN STOCK","67.66"
"PC3643P","LIMITED QTY","LIMITED QTY","LIMITED QTY","57.66"
"PC3648P","LIMITED QTY","LIMITED QTY","OUT OF STOCK","42.66"
"PC3649","IN STOCK","IN STOCK","IN STOCK","55.66"
"PC3656P","IN STOCK","IN STOCK","IN STOCK","48.66"
"PC3657P","IN STOCK","LIMITED QTY","LIMITED QTY","55.66"
"PC3658P","IN STOCK","LIMITED QTY","LIMITED QTY","58.66"
"PC3659","IN STOCK","OUT OF STOCK","OUT OF STOCK","65.66"
"PC3664P","IN STOCK","IN STOCK","IN STOCK","55.66"
"PC3666P","LIMITED QTY","LIMITED QTY","LIMITED QTY","48.66"
"PC3667P","LIMITED QTY","IN STOCK","LIMITED QTY","62.66"
"PC3668","OUT OF STOCK","OUT OF STOCK","OUT OF STOCK","89.66"
"PC3669","IN STOCK","IN STOCK","IN STOCK","52.66"
"PC3672","IN STOCK","IN STOCK","IN STOCK","69.66"
"PC3674P","IN STOCK","LIMITED QTY","LIMITED QTY","67.66"
"PC3675P","IN STOCK","IN STOCK","IN STOCK","49.66"
"PC3678P","IN STOCK","IN STOCK","LIMITED QTY","59.66"
"PC3680P","IN STOCK","IN STOCK","IN STOCK","52.66"
"PC3682","IN STOCK","IN STOCK","IN STOCK","55.66"
"PC3683P","IN STOCK","IN STOCK","IN STOCK","56.66"
"PC3684P","IN STOCK","IN STOCK","IN STOCK","64.66"
"PC3686P","IN STOCK","IN STOCK","IN STOCK","49.66"
"PC3687P","IN STOCK","IN STOCK","LIMITED QTY","45.66"
"PC3688P","IN STOCK","IN STOCK","IN STOCK","59.66"
"PC3689P","IN STOCK","IN STOCK","IN STOCK","52.66"
"PC3690P","IN STOCK","LIMITED QTY","IN STOCK","58.66"
"PC3691P","IN STOCK","IN STOCK","LIMITED QTY","55.66"
"PC3692P","IN STOCK","LIMITED QTY","LIMITED QTY","48.66"
"PC3693P","IN STOCK","IN STOCK","LIMITED QTY","55.66"
"PC3694P","IN STOCK","LIMITED QTY","LIMITED QTY","55.66"
"PC3695","LIMITED QTY","LIMITED QTY","LIMITED QTY","65.66"
"PC3696","LIMITED QTY","LIMITED QTY","LIMITED QTY","53.66"
"PC3697","IN STOCK","IN STOCK","LIMITED QTY","48.66"
"PC3699","LIMITED QTY","LIMITED QTY","OUT OF STOCK","62.66"
"PC3700","IN STOCK","LIMITED QTY","LIMITED QTY","44.66"
"PC3725P","IN STOCK","LIMITED QTY","LIMITED QTY","51.66"
"PC3731P","LIMITED QTY","LIMITED QTY","OUT OF STOCK","82.66"
"PC3733P","IN STOCK","IN STOCK","LIMITED QTY","58.66"
"PC3737","IN STOCK","LIMITED QTY","LIMITED QTY","59.66"
"PC3738","IN STOCK","LIMITED QTY","LIMITED QTY","55.66"
"PC3739P","IN STOCK","LIMITED QTY","LIMITED QTY","56.66"
"PC3746P","IN STOCK","LIMITED QTY","LIMITED QTY","59.66"
"PC3747","IN STOCK","IN STOCK","IN STOCK","55.66"
"PC3748P","IN STOCK","LIMITED QTY","LIMITED QTY","61.66"
"PC3749","IN STOCK","LIMITED QTY","LIMITED QTY","59.66"
"PC3750P","LIMITED QTY","IN STOCK","LIMITED QTY","56.66"
"PC37523","LIMITED QTY","OUT OF STOCK","OUT OF STOCK","67.66"
"PC3753P","IN STOCK","IN STOCK","LIMITED QTY","59.66"
"PC3754","LIMITED QTY","OUT OF STOCK","LIMITED QTY","87.66"
"PC3755P","IN STOCK","IN STOCK","IN STOCK","49.66"
"PC3760","IN STOCK","IN STOCK","IN STOCK","59.66"
"PC3761P","IN STOCK","LIMITED QTY","IN STOCK","59.66"
"PC3762P","IN STOCK","LIMITED QTY","LIMITED QTY","51.66"
"PC3764P","IN STOCK","LIMITED QTY","LIMITED QTY","55.66"
"PC3765","LIMITED QTY","LIMITED QTY","LIMITED QTY","39.66"
"PC3766P","IN STOCK","IN STOCK","LIMITED QTY","55.66"
"PC3767","IN STOCK","LIMITED QTY","LIMITED QTY","55.66"
"PC3768P","IN STOCK","IN STOCK","IN STOCK","52.66"
"PC3769P","IN STOCK","IN STOCK","IN STOCK","61.66"
"PC3770P","LIMITED QTY","LIMITED QTY","LIMITED QTY","61.66"
"PC3771P","IN STOCK","IN STOCK","IN STOCK","62.66"
"PC3772","IN STOCK","IN STOCK","IN STOCK","58.66"
"PC3773P","IN STOCK","IN STOCK","LIMITED QTY","57.66"
"PC3774P","IN STOCK","IN STOCK","IN STOCK","52.66"
"PC3775P","IN STOCK","IN STOCK","LIMITED QTY","62.66"
"PC3776P","IN STOCK","LIMITED QTY","LIMITED QTY","57.66"
"PC3777","IN STOCK","IN STOCK","IN STOCK","102.66"
"PC3778P","IN STOCK","LIMITED QTY","LIMITED QTY","72.66"
"PC3782P","IN STOCK","IN STOCK","IN STOCK","55.66"
"PC3783P","IN STOCK","IN STOCK","IN STOCK","53.66"
"PC3784","LIMITED QTY","LIMITED QTY","LIMITED QTY","55.66"
"PC3785","IN STOCK","IN STOCK","LIMITED QTY","44.66"
"PC3786P","IN STOCK","IN STOCK","IN STOCK","55.66"
"PC3787","IN STOCK","LIMITED QTY","LIMITED QTY","55.66"
"PC3788","IN STOCK","LIMITED QTY","IN STOCK","42.66"
"PC3789","IN STOCK","IN STOCK","IN STOCK","58.66"
"PC3790P","IN STOCK","LIMITED QTY","LIMITED QTY","53.66"
"PC3791P","IN STOCK","LIMITED QTY","LIMITED QTY","57.66"
"PC3792P","IN STOCK","IN STOCK","LIMITED QTY","68.66"
"PC3793P","IN STOCK","IN STOCK","LIMITED QTY","49.66"
"PC3794","IN STOCK","IN STOCK","IN STOCK","53.66"
"PC3795P","IN STOCK","LIMITED QTY","IN STOCK","55.66"
"PC3796","IN STOCK","IN STOCK","LIMITED QTY","62.66"
"PC3797","IN STOCK","LIMITED QTY","LIMITED QTY","62.66"
"PC3798P","LIMITED QTY","OUT OF STOCK","LIMITED QTY","57.66"
"PC3799P","IN STOCK","IN STOCK","IN STOCK","58.66"
"PC3802","LIMITED QTY","IN STOCK","LIMITED QTY","65.66"
"PC3803","LIMITED QTY","LIMITED QTY","LIMITED QTY","62.66"
"PC3845","LIMITED QTY","LIMITED QTY","LIMITED QTY","69.66"
"PC3855P","IN STOCK","LIMITED QTY","IN STOCK","59.66"
"PC3862P","IN STOCK","IN STOCK","LIMITED QTY","52.66"
"PC3863P","LIMITED QTY","LIMITED QTY","LIMITED QTY","77.66"
"PC3864","IN STOCK","IN STOCK","IN STOCK","49.66"
"PC3865","LIMITED QTY","LIMITED QTY","LIMITED QTY","49.66"
"PC3866P","IN STOCK","IN STOCK","IN STOCK","55.66"
"PC3867","IN STOCK","LIMITED QTY","LIMITED QTY","63.66"
"PC3868","IN STOCK","IN STOCK","IN STOCK","53.66"
"PC3869","IN STOCK","IN STOCK","IN STOCK","59.66"
"PC38700","LIMITED QTY","OUT OF STOCK","OUT OF STOCK","82.66"
"PC3870P","IN STOCK","IN STOCK","IN STOCK","69.66"
"PC3871","IN STOCK","LIMITED QTY","LIMITED QTY","52.66"
"PC3872","IN STOCK","LIMITED QTY","LIMITED QTY","63.66"
"PC3873","LIMITED QTY","LIMITED QTY","LIMITED QTY","62.66"
"PC3874P","LIMITED QTY","LIMITED QTY","LIMITED QTY","59.66"
"PC3875P","LIMITED QTY","LIMITED QTY","LIMITED QTY","81.66"
"PC3876","IN STOCK","IN STOCK","LIMITED QTY","55.66"
"PC3877P","OUT OF STOCK","LIMITED QTY","LIMITED QTY","57.66"
"PC3878","IN STOCK","IN STOCK","IN STOCK","79.66"
"PC3880","LIMITED QTY","LIMITED QTY","OUT OF STOCK","72.66"
"PC3881","IN STOCK","IN STOCK","IN STOCK","58.66"
"PC3882","IN STOCK","IN STOCK","IN STOCK","54.66"
"PC3883","LIMITED QTY","LIMITED QTY","LIMITED QTY","66.66"
"PC3884","IN STOCK","LIMITED QTY","LIMITED QTY","49.66"
"PC3885","IN STOCK","IN STOCK","IN STOCK","56.66"
"PC3886P","IN STOCK","IN STOCK","IN STOCK","81.66"
"PC3887P","IN STOCK","IN STOCK","IN STOCK","61.66"
"PC3888P","IN STOCK","LIMITED QTY","IN STOCK","49.66"
"PC3889","IN STOCK","IN STOCK","IN STOCK","42.66"
"PC3890","LIMITED QTY","LIMITED QTY","LIMITED QTY","44.66"
"PC3891","IN STOCK","IN STOCK","IN STOCK","53.66"
"PC3892","IN STOCK","IN STOCK","IN STOCK","64.66"
"PC3893","IN STOCK","IN STOCK","IN STOCK","52.66"
"PC3894","IN STOCK","IN STOCK","IN STOCK","62.66"
"PC3895","IN STOCK","IN STOCK","IN STOCK","65.66"
"PC3896","LIMITED QTY","LIMITED QTY","LIMITED QTY","51.66"
"PC3897P","IN STOCK","IN STOCK","IN STOCK","58.66"
"PC3898P","IN STOCK","IN STOCK","LIMITED QTY","49.66"
"PC3899P","IN STOCK","LIMITED QTY","LIMITED QTY","54.66"
"PC3902","IN STOCK","IN STOCK","IN STOCK","67.66"
"PC3911","IN STOCK","IN STOCK","IN STOCK","62.66"
"PC3932P","IN STOCK","LIMITED QTY","LIMITED QTY","57.66"
"PC3936","IN STOCK","IN STOCK","IN STOCK","62.66"
"PC3937","IN STOCK","IN STOCK","IN STOCK","59.66"
"PC3942","IN STOCK","LIMITED QTY","LIMITED QTY","55.66"
"PC3943P","LIMITED QTY","LIMITED QTY","LIMITED QTY","67.66"
"PC3944","IN STOCK","IN STOCK","IN STOCK","48.66"
"PC3946","LIMITED QTY","LIMITED QTY","LIMITED QTY","57.66"
"PC3947P","IN STOCK","IN STOCK","IN STOCK","59.66"
"PC3948","IN STOCK","IN STOCK","IN STOCK","59.66"
"PC3949P","IN STOCK","IN STOCK","LIMITED QTY","62.66"
"PC39570","LIMITED QTY","OUT OF STOCK","OUT OF STOCK","69.66"
"PC3965P","IN STOCK","IN STOCK","IN STOCK","52.66"
"PC3967","IN STOCK","LIMITED QTY","LIMITED QTY","49.66"
"PC3968","IN STOCK","LIMITED QTY","LIMITED QTY","49.66"
"PC3974","IN STOCK","IN STOCK","IN STOCK","64.66"
"PC3975","IN STOCK","IN STOCK","IN STOCK","49.66"
"PC3976P","IN STOCK","IN STOCK","IN STOCK","57.66"
"PC3977P","IN STOCK","LIMITED QTY","LIMITED QTY","43.66"
"PC3978","IN STOCK","LIMITED QTY","LIMITED QTY","65.66"
"PC3979P","IN STOCK","LIMITED QTY","LIMITED QTY","43.66"
"PC3981","IN STOCK","IN STOCK","LIMITED QTY","49.66"
"PC3982","IN STOCK","IN STOCK","IN STOCK","59.66"
"PC3983","IN STOCK","LIMITED QTY","LIMITED QTY","57.66"
"PC3984P","LIMITED QTY","LIMITED QTY","LIMITED QTY","62.66"
"PC3985","IN STOCK","IN STOCK","IN STOCK","53.66"
"PC3986","IN STOCK","IN STOCK","LIMITED QTY","45.66"
"PC3987P","IN STOCK","IN STOCK","LIMITED QTY","49.66"
"PC3988","IN STOCK","IN STOCK","LIMITED QTY","52.66"
"PC3989","IN STOCK","LIMITED QTY","LIMITED QTY","49.66"
"PC3990","IN STOCK","LIMITED QTY","OUT OF STOCK","73.66"
"PC3991","IN STOCK","LIMITED QTY","LIMITED QTY","55.66"
"PC3992","LIMITED QTY","LIMITED QTY","LIMITED QTY","59.66"
"PC3993","IN STOCK","LIMITED QTY","LIMITED QTY","49.66"
"PC3994P","IN STOCK","IN STOCK","IN STOCK","55.66"
"PC3995P","IN STOCK","IN STOCK","IN STOCK","55.66"
"PC3996","IN STOCK","IN STOCK","LIMITED QTY","55.66"
"PC3997","IN STOCK","IN STOCK","IN STOCK","54.66"
"PC3998","IN STOCK","IN STOCK","IN STOCK","65.66"
"PC4006","LIMITED QTY","OUT OF STOCK","OUT OF STOCK","85.66"
"PC4010A","OUT OF STOCK","OUT OF STOCK","OUT OF STOCK","79.66"
"PC4011","IN STOCK","IN STOCK","LIMITED QTY","62.66"
"PC4012P","OUT OF STOCK","LIMITED QTY","LIMITED QTY","59.66"
"PC4013","LIMITED QTY","IN STOCK","LIMITED QTY","97.66"
"PC4019A","LIMITED QTY","LIMITED QTY","OUT OF STOCK","86.66"
"PC4036S","OUT OF STOCK","OUT OF STOCK","OUT OF STOCK","62.66"
"PC4044","IN STOCK","IN STOCK","LIMITED QTY","43.66"
"PC4049","IN STOCK","LIMITED QTY","LIMITED QTY","54.66"
"PC4054","LIMITED QTY","LIMITED QTY","LIMITED QTY","57.66"
"PC4055P","IN STOCK","LIMITED QTY","IN STOCK","56.66"
"PC4063P","IN STOCK","LIMITED QTY","LIMITED QTY","51.66"
"PC4066P","IN STOCK","LIMITED QTY","LIMITED QTY","54.66"
"PC4069","LIMITED QTY","LIMITED QTY","LIMITED QTY","59.66"
"PC4074","IN STOCK","LIMITED QTY","LIMITED QTY","49.66"
"PC4075A","OUT OF STOCK","OUT OF STOCK","OUT OF STOCK","93.66"
"PC4076","IN STOCK","LIMITED QTY","LIMITED QTY","62.66"
"PC4077F","OUT OF STOCK","OUT OF STOCK","OUT OF STOCK","366.66"
"PC4083","IN STOCK","IN STOCK","IN STOCK","59.66"
"PC4084","IN STOCK","LIMITED QTY","LIMITED QTY","38.66"
"PC4085","OUT OF STOCK","OUT OF STOCK","OUT OF STOCK","69.66"
"PC4089","LIMITED QTY","LIMITED QTY","OUT OF STOCK","53.66"
"PC4096","IN STOCK","LIMITED QTY","LIMITED QTY","148.66"
"PC4097","IN STOCK","LIMITED QTY","LIMITED QTY","49.66"
"PC4102","IN STOCK","LIMITED QTY","LIMITED QTY","49.66"
"PC4103","IN STOCK","IN STOCK","IN STOCK","44.66"
"PC4104","IN STOCK","IN STOCK","IN STOCK","49.66"
"PC4106","IN STOCK","IN STOCK","IN STOCK","54.66"
"PC4115","IN STOCK","IN STOCK","IN STOCK","61.66"
"PC4117","IN STOCK","LIMITED QTY","LIMITED QTY","58.66"
"PC4118","IN STOCK","IN STOCK","IN STOCK","49.66"
"PC4119","IN STOCK","IN STOCK","IN STOCK","62.66"
"PC4120","IN STOCK","IN STOCK","LIMITED QTY","51.66"
"PC4121","IN STOCK","LIMITED QTY","LIMITED QTY","48.66"
"PC4127","IN STOCK","IN STOCK","LIMITED QTY","49.66"
"PC4128","IN STOCK","IN STOCK","IN STOCK","52.66"
"PC4137","IN STOCK","IN STOCK","IN STOCK","69.66"
"PC4145P","IN STOCK","IN STOCK","LIMITED QTY","47.66"
"PC4152P","IN STOCK","IN STOCK","LIMITED QTY","56.66"
"PC4153","IN STOCK","IN STOCK","IN STOCK","68.66"
"PC4165","IN STOCK","IN STOCK","IN STOCK","49.66"
"PC4168A","IN STOCK","LIMITED QTY","IN STOCK","72.66"
"PC4171A","LIMITED QTY","LIMITED QTY","LIMITED QTY","88.66"
"PC4172","IN STOCK","LIMITED QTY","LIMITED QTY","33.66"
"PC4173P","IN STOCK","LIMITED QTY","LIMITED QTY","53.66"
"PC4174P","IN STOCK","OUT OF STOCK","OUT OF STOCK","82.66"
"PC4182S","LIMITED QTY","LIMITED QTY","OUT OF STOCK","85.66"
"PC4184","LIMITED QTY","LIMITED QTY","LIMITED QTY","47.66"
"PC4189","IN STOCK","IN STOCK","IN STOCK","49.66"
"PC4192","IN STOCK","IN STOCK","LIMITED QTY","55.66"
"PC4201","IN STOCK","IN STOCK","IN STOCK","63.66"
"PC4211","IN STOCK","IN STOCK","IN STOCK","45.66"
"PC4214","IN STOCK","IN STOCK","IN STOCK","49.66"
"PC4221","IN STOCK","IN STOCK","LIMITED QTY","53.66"
"PC4222","IN STOCK","IN STOCK","IN STOCK","51.66"
"PC4223","LIMITED QTY","LIMITED QTY","LIMITED QTY","118.66"
"PC4224","LIMITED QTY","LIMITED QTY","LIMITED QTY","56.66"
"PC4226","IN STOCK","IN STOCK","LIMITED QTY","51.66"
"PC4227","IN STOCK","IN STOCK","IN STOCK","52.66"
"PC4229P","IN STOCK","LIMITED QTY","IN STOCK","55.66"
"PC4230","IN STOCK","IN STOCK","IN STOCK","47.66"
"PC4232","IN STOCK","IN STOCK","IN STOCK","53.66"
"PC4233","LIMITED QTY","IN STOCK","LIMITED QTY","53.66"
"PC4234P","IN STOCK","LIMITED QTY","LIMITED QTY","52.66"
"PC4236S","LIMITED QTY","LIMITED QTY","OUT OF STOCK","73.66"
"PC4237P","IN STOCK","LIMITED QTY","LIMITED QTY","41.66"
"PC4238P","IN STOCK","OUT OF STOCK","IN STOCK","82.66"
"PC4239","IN STOCK","IN STOCK","IN STOCK","63.66"
"PC4240","IN STOCK","IN STOCK","IN STOCK","67.66"
"PC4241","IN STOCK","IN STOCK","IN STOCK","67.66"
"PC4242","IN STOCK","LIMITED QTY","LIMITED QTY","56.66"
"PC4243","IN STOCK","IN STOCK","IN STOCK","59.66"
"PC4244P","LIMITED QTY","IN STOCK","LIMITED QTY","59.66"
"PC4246","IN STOCK","IN STOCK","LIMITED QTY","47.66"
"PC4250","IN STOCK","LIMITED QTY","LIMITED QTY","42.66"
"PC4252","LIMITED QTY","LIMITED QTY","LIMITED QTY","52.66"
"PC4253P","IN STOCK","LIMITED QTY","LIMITED QTY","72.66"
"PC4254","IN STOCK","IN STOCK","LIMITED QTY","49.66"
"PC4258A","LIMITED QTY","LIMITED QTY","IN STOCK","57.66"
"PC4266","IN STOCK","LIMITED QTY","IN STOCK","58.66"
"PC4267P","LIMITED QTY","OUT OF STOCK","OUT OF STOCK","63.66"
"PC4276S","OUT OF STOCK","OUT OF STOCK","OUT OF STOCK","52.66"
"PC4277","IN STOCK","IN STOCK","IN STOCK","59.66"
"PC4279P","LIMITED QTY","LIMITED QTY","LIMITED QTY","73.66"
"PC4280","LIMITED QTY","OUT OF STOCK","LIMITED QTY","58.66"
"PC4281","IN STOCK","LIMITED QTY","LIMITED QTY","52.66"
"PC4282","IN STOCK","IN STOCK","IN STOCK","59.66"
"PC4283","IN STOCK","IN STOCK","IN STOCK","52.66"
"PC4284P","IN STOCK","IN STOCK","IN STOCK","78.66"
"PC4290","LIMITED QTY","LIMITED QTY","LIMITED QTY","89.66"
"PC4291","IN STOCK","IN STOCK","IN STOCK","56.66"
"PC4292","IN STOCK","LIMITED QTY","LIMITED QTY","39.66"
"PC4293","IN STOCK","IN STOCK","LIMITED QTY","48.66"
"PC4294","LIMITED QTY","OUT OF STOCK","OUT OF STOCK","96.66"
"PC4295A","IN STOCK","IN STOCK","IN STOCK","55.66"
"PC4297","IN STOCK","IN STOCK","IN STOCK","55.66"
"PC4298P","IN STOCK","IN STOCK","IN STOCK","75.66"
"PC4299","IN STOCK","IN STOCK","LIMITED QTY","69.66"
"PC4302","IN STOCK","IN STOCK","IN STOCK","47.66"
"PC4303A","OUT OF STOCK","OUT OF STOCK","OUT OF STOCK","108.66"
"PC4307","IN STOCK","IN STOCK","LIMITED QTY","63.66"
"PC4309","OUT OF STOCK","OUT OF STOCK","OUT OF STOCK","98.66"
"PC4312A","LIMITED QTY","OUT OF STOCK","OUT OF STOCK","62.66"
"PC4313","OUT OF STOCK","OUT OF STOCK","OUT OF STOCK","132.66"
"PC4316P","IN STOCK","IN STOCK","LIMITED QTY","44.66"
"PC4318","LIMITED QTY","OUT OF STOCK","LIMITED QTY","58.66"
"PC4320","LIMITED QTY","LIMITED QTY","OUT OF STOCK","85.66"
"PC4321","LIMITED QTY","LIMITED QTY","LIMITED QTY","53.66"
"PC4322S","LIMITED QTY","LIMITED QTY","LIMITED QTY","79.66"
"PC4326P","IN STOCK","LIMITED QTY","LIMITED QTY","54.66"
"PC4328","LIMITED QTY","OUT OF STOCK","OUT OF STOCK","69.66"
"PC4329P","LIMITED QTY","LIMITED QTY","LIMITED QTY","55.66"
"PC4331","IN STOCK","IN STOCK","LIMITED QTY","49.66"
"PC4334","LIMITED QTY","LIMITED QTY","LIMITED QTY","57.66"
"PC4338P","IN STOCK","LIMITED QTY","LIMITED QTY","63.66"
"PC4340","LIMITED QTY","OUT OF STOCK","LIMITED QTY","62.66"
"PC4345S","IN STOCK","IN STOCK","LIMITED QTY","55.66"
"PC4352","LIMITED QTY","LIMITED QTY","LIMITED QTY","87.66"
"PC4353P","IN STOCK","IN STOCK","IN STOCK","68.66"
"PC4361","IN STOCK","IN STOCK","IN STOCK","55.66"
"PC4365P","LIMITED QTY","LIMITED QTY","LIMITED QTY","42.66"
"PC4368","LIMITED QTY","LIMITED QTY","LIMITED QTY","59.66"
"PC4369P","IN STOCK","IN STOCK","IN STOCK","59.66"
"PC4379P","LIMITED QTY","LIMITED QTY","LIMITED QTY","77.66"
"PC4380","IN STOCK","LIMITED QTY","LIMITED QTY","53.66"
"PC4381A","OUT OF STOCK","OUT OF STOCK","OUT OF STOCK","51.66"
"PC4387A","LIMITED QTY","OUT OF STOCK","OUT OF STOCK","93.66"
"PC4389","IN STOCK","IN STOCK","LIMITED QTY","63.66"
"PC4390","LIMITED QTY","LIMITED QTY","LIMITED QTY","57.66"
"PC4392","IN STOCK","IN STOCK","IN STOCK","62.66"
"PC4393P","LIMITED QTY","LIMITED QTY","LIMITED QTY","105.66"
"PC4395P","LIMITED QTY","OUT OF STOCK","OUT OF STOCK","152.66"
"PC4397","LIMITED QTY","LIMITED QTY","LIMITED QTY","52.66"
"PC4402","IN STOCK","IN STOCK","LIMITED QTY","45.66"
"PC4404P","IN STOCK","LIMITED QTY","LIMITED QTY","52.66"
"PC4405","LIMITED QTY","LIMITED QTY","OUT OF STOCK","102.66"
"PC4412","LIMITED QTY","LIMITED QTY","LIMITED QTY","93.66"
"PC4414","LIMITED QTY","LIMITED QTY","OUT OF STOCK","41.66"
"PC4421","IN STOCK","IN STOCK","IN STOCK","92.66"
"PC4423","IN STOCK","IN STOCK","IN STOCK","54.66"
"PC4424P","LIMITED QTY","LIMITED QTY","LIMITED QTY","72.66"
"PC4429","IN STOCK","IN STOCK","IN STOCK","52.66"
"PC4430","IN STOCK","IN STOCK","IN STOCK","72.66"
"PC4431","IN STOCK","IN STOCK","IN STOCK","53.66"
"PC4432P","IN STOCK","LIMITED QTY","LIMITED QTY","52.66"
"PC4433P","IN STOCK","LIMITED QTY","OUT OF STOCK","65.66"
"PC4434P","LIMITED QTY","LIMITED QTY","LIMITED QTY","48.66"
"PC4435P","IN STOCK","LIMITED QTY","LIMITED QTY","68.66"
"PC4436P","IN STOCK","IN STOCK","IN STOCK","73.66"
"PC4437","IN STOCK","LIMITED QTY","LIMITED QTY","52.66"
"PC4438","IN STOCK","IN STOCK","IN STOCK","49.66"
"PC4439","IN STOCK","IN STOCK","IN STOCK","66.66"
"PC4440","IN STOCK","LIMITED QTY","IN STOCK","58.66"
"PC4441P","IN STOCK","LIMITED QTY","IN STOCK","51.66"
"PC4442","IN STOCK","IN STOCK","IN STOCK","57.66"
"PC4443P","LIMITED QTY","OUT OF STOCK","OUT OF STOCK","55.66"
"PC4445","IN STOCK","IN STOCK","IN STOCK","53.66"
"PC4446P","LIMITED QTY","OUT OF STOCK","OUT OF STOCK","102.66"
"PC4447P","LIMITED QTY","LIMITED QTY","LIMITED QTY","43.66"
"PC4448","IN STOCK","IN STOCK","LIMITED QTY","69.66"
"PC4454","IN STOCK","IN STOCK","LIMITED QTY","49.66"
"PC4459","IN STOCK","IN STOCK","LIMITED QTY","59.66"
"PC4460P","LIMITED QTY","LIMITED QTY","LIMITED QTY","58.66"
"PC4462","IN STOCK","IN STOCK","LIMITED QTY","62.66"
"PC4463","IN STOCK","IN STOCK","LIMITED QTY","65.66"
"PC4469","IN STOCK","LIMITED QTY","LIMITED QTY","59.66"
"PC4471S","IN STOCK","LIMITED QTY","OUT OF STOCK","53.66"
"PC4472P","OUT OF STOCK","OUT OF STOCK","OUT OF STOCK","119.66"
"PC4473","LIMITED QTY","LIMITED QTY","LIMITED QTY","62.66"
"PC4475","IN STOCK","LIMITED QTY","LIMITED QTY","61.66"
"PC4480","IN STOCK","IN STOCK","LIMITED QTY","61.66"
"PC4486P","LIMITED QTY","LIMITED QTY","LIMITED QTY","65.66"
"PC4487","LIMITED QTY","OUT OF STOCK","LIMITED QTY","52.66"
"PC4501","IN STOCK","LIMITED QTY","LIMITED QTY","67.66"
"PC4502F","IN STOCK","LIMITED QTY","LIMITED QTY","66.66"
"PC4503P","IN STOCK","IN STOCK","IN STOCK","52.66"
"PC4513","IN STOCK","IN STOCK","IN STOCK","48.66"
"PC4516","IN STOCK","IN STOCK","LIMITED QTY","64.66"
"PC4519","IN STOCK","IN STOCK","IN STOCK","51.66"
"PC4531A","IN STOCK","LIMITED QTY","IN STOCK","59.66"
"PC4536P","IN STOCK","IN STOCK","IN STOCK","59.66"
"PC4537","IN STOCK","IN STOCK","IN STOCK","59.66"
"PC4538","LIMITED QTY","OUT OF STOCK","OUT OF STOCK","48.66"
"PC4540P","LIMITED QTY","LIMITED QTY","LIMITED QTY","39.66"
"PC4544P","IN STOCK","LIMITED QTY","LIMITED QTY","45.66"
"PC4549A","IN STOCK","LIMITED QTY","IN STOCK","62.66"
"PC4550P","IN STOCK","LIMITED QTY","LIMITED QTY","67.66"
"PC4553","LIMITED QTY","OUT OF STOCK","OUT OF STOCK","62.66"
"PC4557","IN STOCK","LIMITED QTY","LIMITED QTY","68.66"
"PC4558P","LIMITED QTY","LIMITED QTY","LIMITED QTY","53.66"
"PC4560P","IN STOCK","IN STOCK","IN STOCK","57.66"
"PC4562P","IN STOCK","LIMITED QTY","LIMITED QTY","49.66"
"PC4565","IN STOCK","LIMITED QTY","LIMITED QTY","62.66"
"PC4569P","IN STOCK","LIMITED QTY","LIMITED QTY","52.66"
"PC4570P","LIMITED QTY","LIMITED QTY","LIMITED QTY","67.66"
"PC4571","LIMITED QTY","LIMITED QTY","OUT OF STOCK","86.66"
"PC4577","LIMITED QTY","LIMITED QTY","LIMITED QTY","103.66"
"PC4579P","IN STOCK","LIMITED QTY","IN STOCK","59.66"
"PC4580P","IN STOCK","LIMITED QTY","LIMITED QTY","59.66"
"PC4586P","LIMITED QTY","LIMITED QTY","LIMITED QTY","56.66"
"PC4590P","LIMITED QTY","LIMITED QTY","LIMITED QTY","89.66"
"PC4599","OUT OF STOCK","OUT OF STOCK","OUT OF STOCK","65.66"
"PC4602S","LIMITED QTY","LIMITED QTY","LIMITED QTY","49.66"
"PC4604P","OUT OF STOCK","OUT OF STOCK","OUT OF STOCK","43.66"
"PC4605P","LIMITED QTY","OUT OF STOCK","OUT OF STOCK","45.66"
"PC4606","LIMITED QTY","LIMITED QTY","OUT OF STOCK","55.66"
"PC4612P","IN STOCK","LIMITED QTY","LIMITED QTY","58.66"
"PC4614P","IN STOCK","IN STOCK","IN STOCK","53.66"
"PC4615P","LIMITED QTY","LIMITED QTY","OUT OF STOCK","71.66"
"PC4616P","LIMITED QTY","LIMITED QTY","LIMITED QTY","52.66"
"PC4617P","LIMITED QTY","LIMITED QTY","LIMITED QTY","55.66"
"PC4620","IN STOCK","IN STOCK","IN STOCK","59.66"
"PC4621","LIMITED QTY","OUT OF STOCK","OUT OF STOCK","95.66"
"PC4622P","LIMITED QTY","OUT OF STOCK","OUT OF STOCK","58.66"
"PC4623P","IN STOCK","LIMITED QTY","LIMITED QTY","58.66"
"PC4625A","LIMITED QTY","LIMITED QTY","LIMITED QTY","47.66"
"PC4627A","LIMITED QTY","LIMITED QTY","LIMITED QTY","102.66"
"PC4628P","LIMITED QTY","OUT OF STOCK","LIMITED QTY","87.66"
"PC4629A","LIMITED QTY","LIMITED QTY","LIMITED QTY","87.66"
"PC4635","OUT OF STOCK","OUT OF STOCK","OUT OF STOCK","49.66"
"PC4640","OUT OF STOCK","OUT OF STOCK","OUT OF STOCK","102.66"
"PC4643P","OUT OF STOCK","OUT OF STOCK","OUT OF STOCK","77.66"
"PC4645P","OUT OF STOCK","OUT OF STOCK","OUT OF STOCK","59.66"
"PC4647","LIMITED QTY","OUT OF STOCK","OUT OF STOCK","89.66"
"PC4648","LIMITED QTY","LIMITED QTY","LIMITED QTY","62.66"
"PC4651P","LIMITED QTY","LIMITED QTY","OUT OF STOCK","51.66"
"PC4655","IN STOCK","LIMITED QTY","LIMITED QTY","52.66"
"PC4658P","IN STOCK","LIMITED QTY","LIMITED QTY","39.66"
"PC4659P","LIMITED QTY","LIMITED QTY","LIMITED QTY","67.66"
"PC4660P","IN STOCK","LIMITED QTY","LIMITED QTY","47.66"
"PC4662P","LIMITED QTY","LIMITED QTY","OUT OF STOCK","101.66"
"PC4663P","LIMITED QTY","OUT OF STOCK","OUT OF STOCK","56.66"
"PC4664P","IN STOCK","LIMITED QTY","LIMITED QTY","52.66"
"PC4666","IN STOCK","LIMITED QTY","LIMITED QTY","103.66"
"PC4668P","IN STOCK","LIMITED QTY","LIMITED QTY","57.66"
"PC4671A","OUT OF STOCK","OUT OF STOCK","OUT OF STOCK","67.66"
"PC4673","OUT OF STOCK","OUT OF STOCK","OUT OF STOCK","62.66"
"PC4676A","LIMITED QTY","OUT OF STOCK","LIMITED QTY","112.66"
"PC4677A","OUT OF STOCK","OUT OF STOCK","OUT OF STOCK","95.66"
"PC4678P","IN STOCK","IN STOCK","IN STOCK","58.66"
"PC4681A","LIMITED QTY","LIMITED QTY","LIMITED QTY","82.66"
"PC4682","LIMITED QTY","OUT OF STOCK","OUT OF STOCK","51.66"
"PC4684P","LIMITED QTY","LIMITED QTY","OUT OF STOCK","86.66"
"PC4688","IN STOCK","IN STOCK","IN STOCK","56.66"
"PC4689","IN STOCK","IN STOCK","IN STOCK","51.66"
"PC4690P","IN STOCK","LIMITED QTY","LIMITED QTY","42.66"
"PC4692","IN STOCK","LIMITED QTY","LIMITED QTY","75.66"
"PC4693P","LIMITED QTY","OUT OF STOCK","OUT OF STOCK","89.66"
"PC4695P","IN STOCK","LIMITED QTY","LIMITED QTY","59.66"
"PC4696P","LIMITED QTY","OUT OF STOCK","OUT OF STOCK","63.66"
"PC4697P","OUT OF STOCK","OUT OF STOCK","OUT OF STOCK","82.66"
"PC4699P","LIMITED QTY","LIMITED QTY","LIMITED QTY","69.66"
"PC4702P","IN STOCK","IN STOCK","LIMITED QTY","37.66"
"PC4703P","LIMITED QTY","LIMITED QTY","LIMITED QTY","49.66"
"PC4704P","IN STOCK","LIMITED QTY","LIMITED QTY","59.66"
"PC4707P","IN STOCK","IN STOCK","IN STOCK","59.66"
"PC4709P","LIMITED QTY","OUT OF STOCK","OUT OF STOCK","65.66"
"PC4710P","LIMITED QTY","LIMITED QTY","OUT OF STOCK","55.66"
"PC4711P","IN STOCK","LIMITED QTY","LIMITED QTY","57.66"
"PC4712","LIMITED QTY","LIMITED QTY","OUT OF STOCK","57.66"
"PC4714","OUT OF STOCK","OUT OF STOCK","OUT OF STOCK","99.66"
"PC4715P","LIMITED QTY","LIMITED QTY","LIMITED QTY","52.66"
"PC4716P","IN STOCK","LIMITED QTY","LIMITED QTY","55.66"
"PC4718","IN STOCK","IN STOCK","LIMITED QTY","51.66"
"PC4719P","IN STOCK","IN STOCK","LIMITED QTY","49.66"
"PC4720P","LIMITED QTY","IN STOCK","LIMITED QTY","53.66"
"PC4721P","IN STOCK","LIMITED QTY","LIMITED QTY","55.66"
"PC4722P","IN STOCK","OUT OF STOCK","IN STOCK","54.66"
"PC4724","IN STOCK","IN STOCK","IN STOCK","59.66"
"PC4726","IN STOCK","IN STOCK","LIMITED QTY","62.66"
"PC4727","IN STOCK","IN STOCK","LIMITED QTY","62.66"
"PC4728P","LIMITED QTY","LIMITED QTY","LIMITED QTY","62.66"
"PC4729P","LIMITED QTY","LIMITED QTY","LIMITED QTY","51.66"
"PC4730P","LIMITED QTY","LIMITED QTY","OUT OF STOCK","39.66"
"PC4732","IN STOCK","LIMITED QTY","LIMITED QTY","53.66"
"PC4733P","LIMITED QTY","OUT OF STOCK","OUT OF STOCK","72.66"
"PC4736","IN STOCK","LIMITED QTY","LIMITED QTY","53.66"
"PC4738","LIMITED QTY","LIMITED QTY","OUT OF STOCK","72.66"
"PC4739P","IN STOCK","IN STOCK","IN STOCK","63.66"
"PC4740","IN STOCK","LIMITED QTY","LIMITED QTY","58.66"
"PC4741","IN STOCK","IN STOCK","IN STOCK","67.66"
"PC4742","IN STOCK","IN STOCK","IN STOCK","54.66"
"PC4744P","IN STOCK","LIMITED QTY","LIMITED QTY","49.66"
"PC4747","OUT OF STOCK","OUT OF STOCK","OUT OF STOCK","92.66"
"PC4748","IN STOCK","LIMITED QTY","LIMITED QTY","58.66"
"PC4749","LIMITED QTY","LIMITED QTY","LIMITED QTY","53.66"
"PC4750A","OUT OF STOCK","OUT OF STOCK","OUT OF STOCK","49.66"
"PC4752","OUT OF STOCK","OUT OF STOCK","OUT OF STOCK","123.66"
"PC4755P","LIMITED QTY","LIMITED QTY","LIMITED QTY","59.66"
"PC4756","LIMITED QTY","OUT OF STOCK","OUT OF STOCK","63.66"
"PC4757","IN STOCK","IN STOCK","IN STOCK","53.66"
"PC4758P","IN STOCK","LIMITED QTY","LIMITED QTY","53.66"
"PC4759","IN STOCK","IN STOCK","IN STOCK","39.66"
"PC4760","LIMITED QTY","LIMITED QTY","OUT OF STOCK","56.66"
"PC4761","IN STOCK","IN STOCK","IN STOCK","54.66"
"PC4762","IN STOCK","IN STOCK","IN STOCK","49.66"
"PC4763","IN STOCK","IN STOCK","IN STOCK","58.66"
"PC4765","IN STOCK","IN STOCK","IN STOCK","65.66"
"PC4766P","IN STOCK","IN STOCK","LIMITED QTY","43.66"
"PC4768P","IN STOCK","IN STOCK","IN STOCK","65.66"
"PC4770P","LIMITED QTY","LIMITED QTY","LIMITED QTY","62.66"
"PC4773P","LIMITED QTY","OUT OF STOCK","LIMITED QTY","65.66"
"PC4774P","IN STOCK","OUT OF STOCK","OUT OF STOCK","55.66"
"PC4779","IN STOCK","LIMITED QTY","LIMITED QTY","59.66"
"PC4780P","LIMITED QTY","LIMITED QTY","OUT OF STOCK","52.66"
"PC4781","LIMITED QTY","OUT OF STOCK","OUT OF STOCK","62.66"
"PC4782P","LIMITED QTY","OUT OF STOCK","OUT OF STOCK","137.66"
"PC4783A","LIMITED QTY","LIMITED QTY","OUT OF STOCK","72.66"
"PC4784P","IN STOCK","LIMITED QTY","LIMITED QTY","69.66"
"PC4785F","LIMITED QTY","OUT OF STOCK","OUT OF STOCK","169.66"
"PC4786P","IN STOCK","IN STOCK","IN STOCK","62.66"
"PC4787P","LIMITED QTY","LIMITED QTY","LIMITED QTY","62.66"
"PC4788P","IN STOCK","LIMITED QTY","OUT OF STOCK","43.66"
"PC4789P","LIMITED QTY","LIMITED QTY","LIMITED QTY","57.66"
"PC4791","IN STOCK","OUT OF STOCK","OUT OF STOCK","52.66"
"PC4793P","IN STOCK","LIMITED QTY","OUT OF STOCK","58.66"
"PC4794","IN STOCK","LIMITED QTY","OUT OF STOCK","37.66"
"PC4798F","IN STOCK","LIMITED QTY","LIMITED QTY","92.66"
"PC4801P","LIMITED QTY","LIMITED QTY","LIMITED QTY","49.66"
"PC4802P","IN STOCK","LIMITED QTY","LIMITED QTY","52.66"
"PC4803P","LIMITED QTY","LIMITED QTY","OUT OF STOCK","54.66"
"PC4806P","LIMITED QTY","LIMITED QTY","LIMITED QTY","54.66"
"PC4808A","LIMITED QTY","OUT OF STOCK","OUT OF STOCK","103.66"
"PC4810P","LIMITED QTY","LIMITED QTY","OUT OF STOCK","61.66"
"PC4811S","LIMITED QTY","OUT OF STOCK","OUT OF STOCK","88.66"
"PC4812P","LIMITED QTY","OUT OF STOCK","OUT OF STOCK","63.66"
"PC4814P","IN STOCK","LIMITED QTY","LIMITED QTY","55.66"
"PC4817P","LIMITED QTY","LIMITED QTY","OUT OF STOCK","59.66"
"PC4818","LIMITED QTY","LIMITED QTY","LIMITED QTY","53.66"
"PC4821P","IN STOCK","IN STOCK","LIMITED QTY","62.66"
"PC4825P","IN STOCK","LIMITED QTY","LIMITED QTY","66.66"
"PC4826P","LIMITED QTY","LIMITED QTY","LIMITED QTY","67.66"
"PC4837P","IN STOCK","LIMITED QTY","LIMITED QTY","43.66"
"PC4839P","IN STOCK","LIMITED QTY","LIMITED QTY","55.66"
"PC4846P","LIMITED QTY","OUT OF STOCK","LIMITED QTY","96.66"
"PC4848P","IN STOCK","OUT OF STOCK","OUT OF STOCK","43.66"
"PC4852","IN STOCK","IN STOCK","LIMITED QTY","73.66"
"PC4855","LIMITED QTY","OUT OF STOCK","OUT OF STOCK","83.66"
"PC4857P","OUT OF STOCK","OUT OF STOCK","OUT OF STOCK","88.66"
"PC4859","OUT OF STOCK","OUT OF STOCK","OUT OF STOCK","93.66"
"PC4878P","IN STOCK","OUT OF STOCK","OUT OF STOCK","53.66"
"PC4879P","LIMITED QTY","LIMITED QTY","LIMITED QTY","45.66"
"PC4881P","IN STOCK","LIMITED QTY","LIMITED QTY","59.66"
"PC4882A","IN STOCK","LIMITED QTY","LIMITED QTY","49.66"
"PC4883P","IN STOCK","IN STOCK","IN STOCK","61.66"
"PC4885","LIMITED QTY","LIMITED QTY","LIMITED QTY","75.66"
"PC4890P","IN STOCK","IN STOCK","IN STOCK","65.66"
"PC4891","IN STOCK","IN STOCK","IN STOCK","56.66"
"PC4892","IN STOCK","LIMITED QTY","LIMITED QTY","59.66"
"PC4893","LIMITED QTY","LIMITED QTY","LIMITED QTY","49.66"
"PC4894P","IN STOCK","LIMITED QTY","LIMITED QTY","47.66"
"PC4895","IN STOCK","IN STOCK","IN STOCK","59.66"
"PC4897P","IN STOCK","LIMITED QTY","LIMITED QTY","52.66"
"PC4898P","IN STOCK","LIMITED QTY","LIMITED QTY","42.66"
"PC4899P","IN STOCK","IN STOCK","IN STOCK","49.66"
"PC4900P","IN STOCK","LIMITED QTY","LIMITED QTY","47.66"
"PC4902","LIMITED QTY","LIMITED QTY","LIMITED QTY","72.66"
"PC4904","IN STOCK","IN STOCK","LIMITED QTY","55.66"
"PC4905","IN STOCK","LIMITED QTY","LIMITED QTY","59.66"
"PC4907","IN STOCK","OUT OF STOCK","LIMITED QTY","51.66"
"PC4912","LIMITED QTY","LIMITED QTY","LIMITED QTY","72.66"
"PC4913","IN STOCK","IN STOCK","IN STOCK","52.66"
"PC4914","IN STOCK","LIMITED QTY","IN STOCK","48.66"
"PC4915P","IN STOCK","IN STOCK","LIMITED QTY","37.66"
"PC4917","IN STOCK","IN STOCK","IN STOCK","52.66"
"PC4918","IN STOCK","IN STOCK","LIMITED QTY","55.66"
"PC4919","IN STOCK","IN STOCK","IN STOCK","56.66"
"PC4920","IN STOCK","LIMITED QTY","LIMITED QTY","49.66"
"PC4921","IN STOCK","IN STOCK","LIMITED QTY","48.66"
"PC4922P","LIMITED QTY","LIMITED QTY","LIMITED QTY","92.66"
"PC4923P","IN STOCK","LIMITED QTY","LIMITED QTY","49.66"
"PC4924P","LIMITED QTY","LIMITED QTY","LIMITED QTY","52.66"
"PC4925P","LIMITED QTY","IN STOCK","LIMITED QTY","49.66"
"PC4927","LIMITED QTY","LIMITED QTY","OUT OF STOCK","62.66"
"PC4929P","LIMITED QTY","LIMITED QTY","LIMITED QTY","49.66"
"PC4930","IN STOCK","LIMITED QTY","LIMITED QTY","43.66"
"PC4931","IN STOCK","IN STOCK","IN STOCK","66.66"
"PC4932P","LIMITED QTY","OUT OF STOCK","LIMITED QTY","62.66"
"PC4933","LIMITED QTY","LIMITED QTY","OUT OF STOCK","59.66"
"PC4934A","LIMITED QTY","LIMITED QTY","LIMITED QTY","111.66"
"PC4935P","IN STOCK","IN STOCK","LIMITED QTY","63.66"
"PC4936P","IN STOCK","LIMITED QTY","OUT OF STOCK","59.66"
"PC4937P","LIMITED QTY","LIMITED QTY","LIMITED QTY","59.66"
"PC4938P","IN STOCK","LIMITED QTY","OUT OF STOCK","42.66"
"PC4940","LIMITED QTY","LIMITED QTY","LIMITED QTY","62.66"
"PC4941P","LIMITED QTY","LIMITED QTY","OUT OF STOCK","77.66"
"PC4943P","LIMITED QTY","LIMITED QTY","LIMITED QTY","53.66"
"PC4944P","LIMITED QTY","LIMITED QTY","LIMITED QTY","52.66"
"PC4945","OUT OF STOCK","LIMITED QTY","LIMITED QTY","65.66"
"PC4946P","LIMITED QTY","LIMITED QTY","LIMITED QTY","39.66"
"PC4949P","OUT OF STOCK","LIMITED QTY","LIMITED QTY","52.66"
"PC4950P","LIMITED QTY","LIMITED QTY","LIMITED QTY","55.66"
"PC4951","IN STOCK","IN STOCK","IN STOCK","49.66"
"PC4953P","IN STOCK","IN STOCK","IN STOCK","55.66"
"PC4954P","LIMITED QTY","LIMITED QTY","LIMITED QTY","57.66"
"PC4956","LIMITED QTY","LIMITED QTY","LIMITED QTY","62.66"
"PC4957P","LIMITED QTY","LIMITED QTY","LIMITED QTY","47.66"
"PC4958","IN STOCK","LIMITED QTY","LIMITED QTY","51.66"
"PC4959P","IN STOCK","IN STOCK","LIMITED QTY","56.66"
"PC4961","IN STOCK","IN STOCK","IN STOCK","58.66"
"PC4963P","IN STOCK","IN STOCK","LIMITED QTY","49.66"
"PC4965P","IN STOCK","LIMITED QTY","LIMITED QTY","47.66"
"PC4966P","LIMITED QTY","LIMITED QTY","OUT OF STOCK","62.66"
"PC4967P","IN STOCK","LIMITED QTY","LIMITED QTY","47.66"
"PC4968P","LIMITED QTY","LIMITED QTY","LIMITED QTY","57.66"
"PC4969P","IN STOCK","LIMITED QTY","LIMITED QTY","48.66"
"PC4970P","IN STOCK","LIMITED QTY","LIMITED QTY","79.66"
"PC4972","LIMITED QTY","LIMITED QTY","OUT OF STOCK","57.66"
"PC4973P","IN STOCK","IN STOCK","LIMITED QTY","29.66"
"PC4975P","IN STOCK","IN STOCK","LIMITED QTY","57.66"
"PC4976P","IN STOCK","LIMITED QTY","OUT OF STOCK","47.66"
"PC4977P","IN STOCK","LIMITED QTY","LIMITED QTY","44.66"
"PC4978P","IN STOCK","LIMITED QTY","LIMITED QTY","48.66"
"PC4980P","IN STOCK","LIMITED QTY","LIMITED QTY","62.66"
"PC4981P","LIMITED QTY","LIMITED QTY","LIMITED QTY","53.66"
"PC4982P","LIMITED QTY","LIMITED QTY","LIMITED QTY","62.66"
"PC4983P","IN STOCK","LIMITED QTY","IN STOCK","49.66"
"PC4984P","IN STOCK","LIMITED QTY","LIMITED QTY","46.66"
"PC4985P","IN STOCK","IN STOCK","LIMITED QTY","72.66"
"PC4986P","IN STOCK","IN STOCK","LIMITED QTY","51.66"
"PC4988P","IN STOCK","IN STOCK","LIMITED QTY","59.66"
"PC4991P","LIMITED QTY","LIMITED QTY","LIMITED QTY","105.66"
"PC4993P","IN STOCK","LIMITED QTY","LIMITED QTY","32.66"
"PC4994P","LIMITED QTY","LIMITED QTY","LIMITED QTY","43.66"
"PC4995P","LIMITED QTY","LIMITED QTY","LIMITED QTY","62.66"
"PC4996","IN STOCK","IN STOCK","IN STOCK","55.66"
"PC4997","IN STOCK","IN STOCK","IN STOCK","62.66"
"PC88020","OUT OF STOCK","OUT OF STOCK","OUT OF STOCK","113.66"
"PC88059P","LIMITED QTY","IN STOCK","LIMITED QTY","63.66"
"PC88060","IN STOCK","LIMITED QTY","LIMITED QTY","88.66"
"PC88108","IN STOCK","LIMITED QTY","LIMITED QTY","133.66"
"PC88110","IN STOCK","IN STOCK","IN STOCK","53.66"
"PC88118","OUT OF STOCK","OUT OF STOCK","OUT OF STOCK","95.66"
"PC88119","LIMITED QTY","LIMITED QTY","LIMITED QTY","233.66"
"PC88124","IN STOCK","IN STOCK","IN STOCK","91.66"
"PC88125","IN STOCK","LIMITED QTY","LIMITED QTY","85.66"
"PC88139","OUT OF STOCK","LIMITED QTY","LIMITED QTY","63.66"
"PC88144","LIMITED QTY","OUT OF STOCK","OUT OF STOCK","152.66"
"PC88149","IN STOCK","LIMITED QTY","LIMITED QTY","92.66"
"PC88150","IN STOCK","LIMITED QTY","LIMITED QTY","92.66"
"PC88155","IN STOCK","IN STOCK","IN STOCK","48.66"
"PF1001","IN STOCK","IN STOCK","IN STOCK","78.66"
"PF1002","IN STOCK","IN STOCK","IN STOCK","122.66"
"PF1002F","OUT OF STOCK","OUT OF STOCK","OUT OF STOCK","0.00"
"PF1003","LIMITED QTY","LIMITED QTY","OUT OF STOCK","101.66"
"PF1004","IN STOCK","IN STOCK","IN STOCK","123.66"
"PF1005","IN STOCK","IN STOCK","IN STOCK","152.66"
"PF1006","IN STOCK","IN STOCK","IN STOCK","99.66"
"PF1007","IN STOCK","LIMITED QTY","LIMITED QTY","122.66"
"PF1008","IN STOCK","OUT OF STOCK","IN STOCK","96.66"
"PF1009","IN STOCK","IN STOCK","LIMITED QTY","222.66"
"PF1011","IN STOCK","LIMITED QTY","IN STOCK","166.66"
"PF1012","IN STOCK","LIMITED QTY","LIMITED QTY","153.66"
"PF1013","IN STOCK","IN STOCK","IN STOCK","125.66"
"PF1014","IN STOCK","IN STOCK","IN STOCK","62.66"
"PF1015","IN STOCK","IN STOCK","IN STOCK","156.66"
"PF1016","IN STOCK","IN STOCK","LIMITED QTY","263.66"
"PF1017","IN STOCK","IN STOCK","IN STOCK","62.66"
"PF1018","IN STOCK","LIMITED QTY","IN STOCK","52.66"
"PF1019","IN STOCK","IN STOCK","OUT OF STOCK","52.66"
"PF1020","IN STOCK","LIMITED QTY","IN STOCK","137.66"
"PF1022","IN STOCK","IN STOCK","IN STOCK","172.66"
"PF1023","IN STOCK","IN STOCK","IN STOCK","179.66"
"PF1025","IN STOCK","LIMITED QTY","LIMITED QTY","156.66"
"PF1026","IN STOCK","LIMITED QTY","LIMITED QTY","176.66"
"PF1028","IN STOCK","IN STOCK","IN STOCK","112.66"
"PF1029","IN STOCK","IN STOCK","IN STOCK","101.66"
"PF1030","IN STOCK","LIMITED QTY","LIMITED QTY","188.66"
"PF1032","IN STOCK","IN STOCK","IN STOCK","118.66"
"PF1033","IN STOCK","IN STOCK","IN STOCK","117.66"
"PF1034","LIMITED QTY","OUT OF STOCK","OUT OF STOCK","47.66"
"PF1035","LIMITED QTY","LIMITED QTY","LIMITED QTY","62.66"
"PF1036","IN STOCK","IN STOCK","IN STOCK","57.66"
"PF1037","IN STOCK","LIMITED QTY","LIMITED QTY","159.66"
"PF1038","OUT OF STOCK","LIMITED QTY","LIMITED QTY","272.66"
"PF1040","IN STOCK","IN STOCK","IN STOCK","176.66"
"PF1042","IN STOCK","LIMITED QTY","IN STOCK","57.66"
"PF1044","IN STOCK","IN STOCK","IN STOCK","152.66"
"PF1046","IN STOCK","LIMITED QTY","LIMITED QTY","158.66"
"PF1047","IN STOCK","IN STOCK","IN STOCK","73.66"
"PF1048","IN STOCK","IN STOCK","LIMITED QTY","98.66"
"PF1049","IN STOCK","LIMITED QTY","LIMITED QTY","82.66"
"PF1050","IN STOCK","LIMITED QTY","LIMITED QTY","73.66"
"PF1051","IN STOCK","LIMITED QTY","OUT OF STOCK","218.66"
"PF1052","LIMITED QTY","LIMITED QTY","LIMITED QTY","99.66"
"PF1053","IN STOCK","LIMITED QTY","LIMITED QTY","52.66"
"PF1054","IN STOCK","IN STOCK","LIMITED QTY","71.66"
"PF1055","LIMITED QTY","LIMITED QTY","LIMITED QTY","213.66"
"PF1056","LIMITED QTY","LIMITED QTY","LIMITED QTY","153.66"
"PF1059","OUT OF STOCK","OUT OF STOCK","OUT OF STOCK","73.66"
"PF1061","IN STOCK","LIMITED QTY","LIMITED QTY","57.66"
"PF1062","LIMITED QTY","LIMITED QTY","LIMITED QTY","62.66"
"PF1063","IN STOCK","LIMITED QTY","IN STOCK","52.66"
"PF1064","IN STOCK","LIMITED QTY","IN STOCK","63.66"
"PF1067","IN STOCK","LIMITED QTY","LIMITED QTY","73.66"
"PF1073","LIMITED QTY","LIMITED QTY","LIMITED QTY","69.66"
"PF1079","LIMITED QTY","LIMITED QTY","LIMITED QTY","193.66"
"PF1085","LIMITED QTY","LIMITED QTY","LIMITED QTY","129.66"
"PF1091","IN STOCK","LIMITED QTY","LIMITED QTY","129.66"
"PF1092","IN STOCK","LIMITED QTY","LIMITED QTY","408.66"
"PF1094","LIMITED QTY","OUT OF STOCK","OUT OF STOCK","132.66"
"PF1099","IN STOCK","OUT OF STOCK","LIMITED QTY","122.66"
"PF1101","IN STOCK","LIMITED QTY","LIMITED QTY","172.66"
"PF1105","LIMITED QTY","LIMITED QTY","LIMITED QTY","172.66"
"PF1108","IN STOCK","LIMITED QTY","LIMITED QTY","109.66"
"PF1111","IN STOCK","LIMITED QTY","LIMITED QTY","83.66"
"PF1121","IN STOCK","LIMITED QTY","LIMITED QTY","132.66"
"PF1125","IN STOCK","LIMITED QTY","LIMITED QTY","127.66"
"PF1129","IN STOCK","LIMITED QTY","LIMITED QTY","192.66"
"PF1132","IN STOCK","LIMITED QTY","LIMITED QTY","67.66"
"PF1135","LIMITED QTY","LIMITED QTY","LIMITED QTY","99.66"
"PF1142","IN STOCK","LIMITED QTY","LIMITED QTY","222.66"
"PF1145","IN STOCK","IN STOCK","LIMITED QTY","202.66"
"PF1146","LIMITED QTY","LIMITED QTY","LIMITED QTY","116.66"
"PF1148","LIMITED QTY","LIMITED QTY","LIMITED QTY","363.66"
"PF1149","LIMITED QTY","LIMITED QTY","LIMITED QTY","334.66"
"PF1150","LIMITED QTY","LIMITED QTY","IN STOCK","122.66"
"PF1154","LIMITED QTY","OUT OF STOCK","OUT OF STOCK","184.66"
"PF1155","OUT OF STOCK","LIMITED QTY","LIMITED QTY","213.66"
"PF1163","LIMITED QTY","OUT OF STOCK","OUT OF STOCK","402.66"
"PF1164","LIMITED QTY","OUT OF STOCK","LIMITED QTY","224.66"
"PF1165","LIMITED QTY","LIMITED QTY","LIMITED QTY","203.66"
"PF1166","LIMITED QTY","LIMITED QTY","LIMITED QTY","123.66"
"PF1167","LIMITED QTY","LIMITED QTY","LIMITED QTY","208.66"
"PF1169","LIMITED QTY","LIMITED QTY","LIMITED QTY","152.66"
"PF1170","LIMITED QTY","LIMITED QTY","LIMITED QTY","113.66"
"PF1171","IN STOCK","LIMITED QTY","LIMITED QTY","93.66"
"PF1172","LIMITED QTY","LIMITED QTY","LIMITED QTY","142.66"
"PF12050","IN STOCK","IN STOCK","IN STOCK","87.66"
"PF12051","IN STOCK","IN STOCK","IN STOCK","64.66"
"PF12052","IN STOCK","IN STOCK","IN STOCK","92.66"
"PF12053","LIMITED QTY","LIMITED QTY","LIMITED QTY","149.66"
"PF1301","LIMITED QTY","LIMITED QTY","OUT OF STOCK","72.66"
"PF1303","LIMITED QTY","OUT OF STOCK","LIMITED QTY","79.66"
"PF1305","IN STOCK","LIMITED QTY","LIMITED QTY","69.66"
"PF13053","IN STOCK","IN STOCK","LIMITED QTY","79.66"
"PF13054","IN STOCK","LIMITED QTY","IN STOCK","75.66"
"PF13055","IN STOCK","LIMITED QTY","IN STOCK","72.66"
"PF13056","IN STOCK","IN STOCK","IN STOCK","94.66"
"PF13058","IN STOCK","LIMITED QTY","LIMITED QTY","49.66"
"PF1306","LIMITED QTY","IN STOCK","OUT OF STOCK","67.66"
"PF1307","IN STOCK","LIMITED QTY","IN STOCK","37.66"
"PF1308","IN STOCK","LIMITED QTY","LIMITED QTY","37.66"
"PF1310","IN STOCK","IN STOCK","IN STOCK","72.66"
"PF13121","IN STOCK","LIMITED QTY","LIMITED QTY","108.66"
"PF13131","IN STOCK","LIMITED QTY","LIMITED QTY","79.66"
"PF1314","IN STOCK","LIMITED QTY","LIMITED QTY","263.66"
"PF1315","IN STOCK","IN STOCK","IN STOCK","54.66"
"PF1316","LIMITED QTY","IN STOCK","OUT OF STOCK","52.66"
"PF1318","LIMITED QTY","LIMITED QTY","IN STOCK","86.66"
"PF1319","IN STOCK","LIMITED QTY","IN STOCK","52.66"
"PF1321","IN STOCK","IN STOCK","IN STOCK","118.66"
"PF1322","OUT OF STOCK","OUT OF STOCK","OUT OF STOCK","173.66"
"PF1323","IN STOCK","LIMITED QTY","IN STOCK","49.66"
"PF1324","IN STOCK","IN STOCK","LIMITED QTY","69.66"
"PF1325","IN STOCK","IN STOCK","IN STOCK","59.66"
"PF1326","IN STOCK","OUT OF STOCK","LIMITED QTY","152.66"
"PF1327","IN STOCK","IN STOCK","IN STOCK","123.66"
"PF1328","IN STOCK","IN STOCK","IN STOCK","143.66"
"PF1329","IN STOCK","IN STOCK","IN STOCK","129.66"
"PF1329F","IN STOCK","IN STOCK","IN STOCK","133.66"
"PF1330","IN STOCK","LIMITED QTY","LIMITED QTY","153.66"
"PF1331","IN STOCK","LIMITED QTY","LIMITED QTY","183.66"
"PF1332","LIMITED QTY","LIMITED QTY","LIMITED QTY","132.66"
"PF1333","IN STOCK","IN STOCK","IN STOCK","109.66"
"PF1335","IN STOCK","OUT OF STOCK","IN STOCK","67.66"
"PF1336","IN STOCK","LIMITED QTY","LIMITED QTY","52.66"
"PF1337","IN STOCK","LIMITED QTY","LIMITED QTY","55.66"
"PF1338","IN STOCK","IN STOCK","IN STOCK","165.66"
"PF1339","IN STOCK","IN STOCK","LIMITED QTY","77.66"
"PF1340","IN STOCK","IN STOCK","LIMITED QTY","72.66"
"PF1341","IN STOCK","LIMITED QTY","LIMITED QTY","173.66"
"PF1342","IN STOCK","LIMITED QTY","LIMITED QTY","173.66"
"PF1343","IN STOCK","LIMITED QTY","LIMITED QTY","118.66"
"PF1344","IN STOCK","IN STOCK","LIMITED QTY","189.66"
"PF1345","LIMITED QTY","LIMITED QTY","LIMITED QTY","168.66"
"PF1346","IN STOCK","IN STOCK","LIMITED QTY","152.66"
"PF1348","LIMITED QTY","OUT OF STOCK","OUT OF STOCK","192.66"
"PF1349","IN STOCK","LIMITED QTY","LIMITED QTY","73.66"
"PF1350","OUT OF STOCK","OUT OF STOCK","OUT OF STOCK","343.66"
"PF1351","OUT OF STOCK","OUT OF STOCK","OUT OF STOCK","77.66"
"PF1352","LIMITED QTY","LIMITED QTY","LIMITED QTY","163.66"
"PF1353","LIMITED QTY","LIMITED QTY","LIMITED QTY","204.66"
"PF1354","LIMITED QTY","LIMITED QTY","LIMITED QTY","129.66"
"PF1401","IN STOCK","IN STOCK","LIMITED QTY","60.66"
"PF1403","LIMITED QTY","LIMITED QTY","LIMITED QTY","69.66"
"PF1405","LIMITED QTY","OUT OF STOCK","OUT OF STOCK","82.66"
"PF1407","IN STOCK","LIMITED QTY","LIMITED QTY","69.66"
"PF15031","OUT OF STOCK","OUT OF STOCK","OUT OF STOCK","37.66"
"PF1601","IN STOCK","LIMITED QTY","LIMITED QTY","66.66"
"PF1603","IN STOCK","LIMITED QTY","LIMITED QTY","92.66"
"PF1605","LIMITED QTY","OUT OF STOCK","OUT OF STOCK","73.66"
"PF1607","OUT OF STOCK","OUT OF STOCK","OUT OF STOCK","75.66"
"PF1609","IN STOCK","LIMITED QTY","IN STOCK","69.66"
"PF1651","LIMITED QTY","LIMITED QTY","LIMITED QTY","56.66"
"PF1652","IN STOCK","LIMITED QTY","LIMITED QTY","52.66"
"PF1653","LIMITED QTY","LIMITED QTY","LIMITED QTY","58.66"
"PF1657","LIMITED QTY","OUT OF STOCK","OUT OF STOCK","71.66"
"PF1658","LIMITED QTY","LIMITED QTY","LIMITED QTY","67.66"
"PF1659","IN STOCK","IN STOCK","IN STOCK","54.66"
"PF17001","IN STOCK","LIMITED QTY","LIMITED QTY","59.66"
"PF17002","IN STOCK","IN STOCK","OUT OF STOCK","52.66"
"PF17003","IN STOCK","LIMITED QTY","IN STOCK","65.66"
"PF1701","LIMITED QTY","LIMITED QTY","OUT OF STOCK","76.66"
"PF17011","IN STOCK","LIMITED QTY","IN STOCK","75.66"
"PF17012","IN STOCK","IN STOCK","IN STOCK","63.66"
"PF1702","LIMITED QTY","OUT OF STOCK","OUT OF STOCK","52.66"
"PF1703","IN STOCK","LIMITED QTY","LIMITED QTY","41.66"
"PF1704","LIMITED QTY","OUT OF STOCK","OUT OF STOCK","41.66"
"PF1705","LIMITED QTY","OUT OF STOCK","OUT OF STOCK","55.66"
"PF1706","LIMITED QTY","OUT OF STOCK","OUT OF STOCK","37.66"
"PF1707","LIMITED QTY","OUT OF STOCK","OUT OF STOCK","45.66"
"PF1709","LIMITED QTY","LIMITED QTY","LIMITED QTY","66.66"
"PF17091","IN STOCK","LIMITED QTY","LIMITED QTY","67.66"
"PF17092","LIMITED QTY","OUT OF STOCK","LIMITED QTY","85.66"
"PF17093","IN STOCK","LIMITED QTY","IN STOCK","56.66"
"PF1710","LIMITED QTY","OUT OF STOCK","OUT OF STOCK","45.66"
"PF17101","OUT OF STOCK","OUT OF STOCK","OUT OF STOCK","47.66"
"PF17102","IN STOCK","OUT OF STOCK","OUT OF STOCK","47.66"
"PF1712","LIMITED QTY","OUT OF STOCK","OUT OF STOCK","65.66"
"PF1713","LIMITED QTY","OUT OF STOCK","OUT OF STOCK","37.66"
"PF1714","IN STOCK","LIMITED QTY","LIMITED QTY","182.66"
"PF1717","IN STOCK","IN STOCK","IN STOCK","54.66"
"PF1719","IN STOCK","IN STOCK","IN STOCK","78.66"
"PF1720","IN STOCK","IN STOCK","IN STOCK","108.66"
"PF1721","IN STOCK","IN STOCK","IN STOCK","98.66"
"PF1722","IN STOCK","IN STOCK","IN STOCK","102.66"
"PF1723","IN STOCK","LIMITED QTY","LIMITED QTY","123.66"
"PF1724","LIMITED QTY","LIMITED QTY","OUT OF STOCK","99.66"
"PF1725","IN STOCK","IN STOCK","IN STOCK","62.66"
"PF1726","IN STOCK","IN STOCK","IN STOCK","85.66"
"PF1727","LIMITED QTY","LIMITED QTY","LIMITED QTY","63.66"
"PF1729","IN STOCK","IN STOCK","IN STOCK","102.66"
"PF1730","IN STOCK","LIMITED QTY","LIMITED QTY","592.66"
"PF1732","LIMITED QTY","OUT OF STOCK","LIMITED QTY","44.66"
"PF1733","IN STOCK","IN STOCK","IN STOCK","122.66"
"PF1734","IN STOCK","IN STOCK","IN STOCK","154.66"
"PF1735","LIMITED QTY","LIMITED QTY","LIMITED QTY","303.66"
"PF1736","LIMITED QTY","LIMITED QTY","LIMITED QTY","253.66"
"PF1738","IN STOCK","IN STOCK","IN STOCK","45.66"
"PF1739","IN STOCK","LIMITED QTY","LIMITED QTY","212.66"
"PF1740","IN STOCK","IN STOCK","IN STOCK","213.66"
"PF1741","IN STOCK","IN STOCK","IN STOCK","162.66"
"PF1743","IN STOCK","IN STOCK","IN STOCK","238.66"
"PF1744","LIMITED QTY","LIMITED QTY","LIMITED QTY","162.66"
"PF1745","IN STOCK","LIMITED QTY","IN STOCK","94.66"
"PF1746","IN STOCK","LIMITED QTY","LIMITED QTY","168.66"
"PF1747","IN STOCK","IN STOCK","LIMITED QTY","159.66"
"PF1821","IN STOCK","LIMITED QTY","LIMITED QTY","99.66"
"PF18311","IN STOCK","IN STOCK","IN STOCK","75.66"
"PF18312","LIMITED QTY","OUT OF STOCK","LIMITED QTY","116.66"
"PF18313","IN STOCK","IN STOCK","IN STOCK","99.66"
"PF1832","LIMITED QTY","LIMITED QTY","LIMITED QTY","132.66"
"PF18511","IN STOCK","IN STOCK","IN STOCK","118.66"
"PF18515","IN STOCK","IN STOCK","IN STOCK","132.66"
"PF18516","IN STOCK","LIMITED QTY","LIMITED QTY","98.66"
"PF18517","IN STOCK","LIMITED QTY","LIMITED QTY","172.66"
"PF1852","OUT OF STOCK","OUT OF STOCK","OUT OF STOCK","41.66"
"PF1853","OUT OF STOCK","OUT OF STOCK","OUT OF STOCK","41.66"
"PF1902","LIMITED QTY","LIMITED QTY","OUT OF STOCK","47.66"
"PF1904","IN STOCK","LIMITED QTY","LIMITED QTY","47.66"
"PF19041","IN STOCK","IN STOCK","IN STOCK","47.66"
"PF19042","IN STOCK","LIMITED QTY","LIMITED QTY","45.66"
"PF19043","IN STOCK","IN STOCK","IN STOCK","98.66"
"PF19046","IN STOCK","LIMITED QTY","LIMITED QTY","149.66"
"PF1905","IN STOCK","OUT OF STOCK","OUT OF STOCK","49.66"
"PF1906","LIMITED QTY","LIMITED QTY","LIMITED QTY","39.66"
"PF1951","IN STOCK","IN STOCK","IN STOCK","75.66"
"PF2101","LIMITED QTY","LIMITED QTY","LIMITED QTY","59.66"
"PF2102","IN STOCK","LIMITED QTY","LIMITED QTY","38.66"
"PF2105","LIMITED QTY","OUT OF STOCK","OUT OF STOCK","175.66"
"PF21051","IN STOCK","LIMITED QTY","LIMITED QTY","48.66"
"PF21052","IN STOCK","LIMITED QTY","LIMITED QTY","49.66"
"PF21053","LIMITED QTY","LIMITED QTY","LIMITED QTY","61.66"
"PF21054","LIMITED QTY","LIMITED QTY","OUT OF STOCK","49.66"
"PF2108","LIMITED QTY","LIMITED QTY","LIMITED QTY","57.66"
"PF2109","IN STOCK","IN STOCK","LIMITED QTY","49.66"
"PF21091","IN STOCK","IN STOCK","LIMITED QTY","48.66"
"PF2110","LIMITED QTY","LIMITED QTY","LIMITED QTY","58.66"
"PF2111","IN STOCK","IN STOCK","IN STOCK","48.66"
"PF2112","IN STOCK","LIMITED QTY","LIMITED QTY","65.66"
"PF2113","LIMITED QTY","OUT OF STOCK","OUT OF STOCK","79.66"
"PF2114","LIMITED QTY","LIMITED QTY","LIMITED QTY","62.66"
"PF21150","IN STOCK","IN STOCK","LIMITED QTY","54.66"
"PF21151","IN STOCK","LIMITED QTY","IN STOCK","44.66"
"PF21152","LIMITED QTY","OUT OF STOCK","OUT OF STOCK","82.66"
"PF21153","LIMITED QTY","LIMITED QTY","OUT OF STOCK","82.66"
"PF21154","IN STOCK","LIMITED QTY","LIMITED QTY","61.66"
"PF2117","OUT OF STOCK","OUT OF STOCK","OUT OF STOCK","65.66"
"PF2135","IN STOCK","IN STOCK","LIMITED QTY","46.66"
"PF2136","LIMITED QTY","LIMITED QTY","LIMITED QTY","63.66"
"PF2201","IN STOCK","LIMITED QTY","LIMITED QTY","42.66"
"PF2202","LIMITED QTY","IN STOCK","LIMITED QTY","39.66"
"PF2203","IN STOCK","LIMITED QTY","LIMITED QTY","45.66"
"PF22032","IN STOCK","LIMITED QTY","LIMITED QTY","45.66"
"PF2204","IN STOCK","IN STOCK","LIMITED QTY","42.66"
"PF2205","LIMITED QTY","OUT OF STOCK","LIMITED QTY","55.66"
"PF2206","LIMITED QTY","OUT OF STOCK","OUT OF STOCK","39.66"
"PF2207","IN STOCK","LIMITED QTY","OUT OF STOCK","45.66"
"PF2209","LIMITED QTY","OUT OF STOCK","LIMITED QTY","46.66"
"PF22091","OUT OF STOCK","OUT OF STOCK","OUT OF STOCK","179.66"
"PF22092","OUT OF STOCK","OUT OF STOCK","OUT OF STOCK","62.66"
"PF2210","IN STOCK","LIMITED QTY","LIMITED QTY","55.66"
"PF2211","OUT OF STOCK","OUT OF STOCK","OUT OF STOCK","47.66"
"PF2213","IN STOCK","LIMITED QTY","LIMITED QTY","49.66"
"PF2214","LIMITED QTY","LIMITED QTY","LIMITED QTY","57.66"
"PF2215","IN STOCK","OUT OF STOCK","LIMITED QTY","188.66"
"PF2221","IN STOCK","IN STOCK","OUT OF STOCK","61.66"
"PF2222","OUT OF STOCK","OUT OF STOCK","OUT OF STOCK","103.66"
"PF2223","LIMITED QTY","LIMITED QTY","IN STOCK","68.66"
"PF2224","IN STOCK","LIMITED QTY","LIMITED QTY","49.66"
"PF2225","IN STOCK","LIMITED QTY","IN STOCK","49.66"
"PF2226","IN STOCK","IN STOCK","LIMITED QTY","53.66"
"PF2227","IN STOCK","LIMITED QTY","LIMITED QTY","44.66"
"PF2228","IN STOCK","IN STOCK","LIMITED QTY","45.66"
"PF22281","IN STOCK","IN STOCK","IN STOCK","45.66"
"PF22283","LIMITED QTY","OUT OF STOCK","LIMITED QTY","69.66"
"PF22284","IN STOCK","LIMITED QTY","LIMITED QTY","72.66"
"PF2229","IN STOCK","IN STOCK","IN STOCK","55.66"
"PF2230","IN STOCK","LIMITED QTY","LIMITED QTY","51.66"
"PF2231","IN STOCK","IN STOCK","IN STOCK","52.66"
"PF2232","IN STOCK","IN STOCK","IN STOCK","52.66"
"PF2233","IN STOCK","LIMITED QTY","IN STOCK","52.66"
"PF2238","IN STOCK","LIMITED QTY","LIMITED QTY","108.66"
"PF2239","IN STOCK","LIMITED QTY","LIMITED QTY","62.66"
"PF2240","IN STOCK","LIMITED QTY","LIMITED QTY","79.66"
"PF2300","LIMITED QTY","LIMITED QTY","LIMITED QTY","55.66"
"PF2301","LIMITED QTY","LIMITED QTY","LIMITED QTY","45.66"
"PF2302","IN STOCK","LIMITED QTY","LIMITED QTY","45.66"
"PF2303","IN STOCK","LIMITED QTY","LIMITED QTY","43.66"
"PF2304","IN STOCK","LIMITED QTY","LIMITED QTY","49.66"
"PF2305","IN STOCK","LIMITED QTY","LIMITED QTY","47.66"
"PF2306","LIMITED QTY","OUT OF STOCK","OUT OF STOCK","47.66"
"PF2308","LIMITED QTY","LIMITED QTY","LIMITED QTY","37.66"
"PF2310","IN STOCK","IN STOCK","IN STOCK","52.66"
"PF2312","IN STOCK","IN STOCK","IN STOCK","48.66"
"PF23121","IN STOCK","IN STOCK","IN STOCK","42.66"
"PF23122","LIMITED QTY","LIMITED QTY","LIMITED QTY","55.66"
"PF23123","IN STOCK","IN STOCK","IN STOCK","49.66"
"PF23124","IN STOCK","LIMITED QTY","LIMITED QTY","49.66"
"PF23125","OUT OF STOCK","OUT OF STOCK","OUT OF STOCK","73.66"
"PF2313","IN STOCK","LIMITED QTY","LIMITED QTY","49.66"
"PF2317","LIMITED QTY","LIMITED QTY","IN STOCK","103.66"
"PF2319","IN STOCK","IN STOCK","IN STOCK","117.66"
"PF2320","OUT OF STOCK","LIMITED QTY","LIMITED QTY","89.66"
"PF2321","LIMITED QTY","LIMITED QTY","LIMITED QTY","116.66"
"PF2322","IN STOCK","LIMITED QTY","LIMITED QTY","266.66"
"PF2401","IN STOCK","LIMITED QTY","LIMITED QTY","43.66"
"PF2402","LIMITED QTY","LIMITED QTY","LIMITED QTY","62.66"
"PF2405","IN STOCK","IN STOCK","LIMITED QTY","42.66"
"PF2406","IN STOCK","IN STOCK","IN STOCK","42.66"
"PF2407","IN STOCK","IN STOCK","IN STOCK","52.66"
"PF2408","IN STOCK","IN STOCK","IN STOCK","47.66"
"PF2409","IN STOCK","IN STOCK","IN STOCK","49.66"
"PF2410","IN STOCK","IN STOCK","IN STOCK","43.66"
"PF2411","IN STOCK","LIMITED QTY","IN STOCK","46.66"
"PF2412","IN STOCK","LIMITED QTY","OUT OF STOCK","58.66"
"PF2414","IN STOCK","IN STOCK","IN STOCK","46.66"
"PF2501","IN STOCK","LIMITED QTY","IN STOCK","49.66"
"PF2502","IN STOCK","LIMITED QTY","LIMITED QTY","49.66"
"PF2505","IN STOCK","IN STOCK","OUT OF STOCK","53.66"
"PF25052","LIMITED QTY","LIMITED QTY","OUT OF STOCK","51.66"
"PF2506","IN STOCK","IN STOCK","IN STOCK","51.66"
"PF25062","IN STOCK","IN STOCK","IN STOCK","52.66"
"PF2704","LIMITED QTY","LIMITED QTY","LIMITED QTY","79.66"
"PF27041","IN STOCK","IN STOCK","IN STOCK","72.66"
"PF27441","LIMITED QTY","OUT OF STOCK","OUT OF STOCK","41.66"
"PF27443","IN STOCK","LIMITED QTY","LIMITED QTY","53.66"
"PF2745","IN STOCK","LIMITED QTY","LIMITED QTY","32.66"
"PF28000","OUT OF STOCK","OUT OF STOCK","OUT OF STOCK","143.66"
"PF28001","LIMITED QTY","LIMITED QTY","LIMITED QTY","49.66"
"PF28002","IN STOCK","LIMITED QTY","LIMITED QTY","45.66"
"PF2801","IN STOCK","IN STOCK","IN STOCK","44.66"
"PF2802","LIMITED QTY","LIMITED QTY","OUT OF STOCK","55.66"
"PF28022","IN STOCK","LIMITED QTY","LIMITED QTY","65.66"
"PF2804","LIMITED QTY","IN STOCK","LIMITED QTY","49.66"
"PF2805","LIMITED QTY","IN STOCK","OUT OF STOCK","52.66"
"PF28051","LIMITED QTY","LIMITED QTY","LIMITED QTY","45.66"
"PF28052","IN STOCK","IN STOCK","OUT OF STOCK","49.66"
"PF2806","IN STOCK","LIMITED QTY","LIMITED QTY","82.66"
"PF2807","LIMITED QTY","LIMITED QTY","LIMITED QTY","53.66"
"PF2808","LIMITED QTY","LIMITED QTY","LIMITED QTY","72.66"
"PF2809","LIMITED QTY","IN STOCK","LIMITED QTY","61.66"
"PF2811","IN STOCK","IN STOCK","IN STOCK","46.66"
"PF2812","IN STOCK","IN STOCK","IN STOCK","53.66"
"PF2813","IN STOCK","LIMITED QTY","LIMITED QTY","72.66"
"PF2814","IN STOCK","IN STOCK","IN STOCK","54.66"
"PF2815","IN STOCK","IN STOCK","IN STOCK","49.66"
"PF2905","IN STOCK","LIMITED QTY","LIMITED QTY","47.66"
"PF2906","IN STOCK","OUT OF STOCK","LIMITED QTY","46.66"
"PF2907","IN STOCK","LIMITED QTY","LIMITED QTY","46.66"
"PF2911","IN STOCK","IN STOCK","IN STOCK","48.66"
"PF2912","IN STOCK","IN STOCK","IN STOCK","49.66"
"PF2915","IN STOCK","LIMITED QTY","IN STOCK","48.66"
"PF2916","IN STOCK","IN STOCK","LIMITED QTY","52.66"
"PF3002","OUT OF STOCK","OUT OF STOCK","OUT OF STOCK","68.66"
"PF3004","LIMITED QTY","LIMITED QTY","LIMITED QTY","92.66"
"PF3005","OUT OF STOCK","OUT OF STOCK","OUT OF STOCK","133.66"
"PF3006","IN STOCK","LIMITED QTY","IN STOCK","168.66"
"PF3011","LIMITED QTY","LIMITED QTY","LIMITED QTY","35.66"
"PF3012","IN STOCK","IN STOCK","IN STOCK","139.66"
"PF3021","LIMITED QTY","IN STOCK","LIMITED QTY","82.66"
"PF3029","LIMITED QTY","OUT OF STOCK","OUT OF STOCK","139.66"
"PF3030","LIMITED QTY","OUT OF STOCK","OUT OF STOCK","117.66"
"PF3031","OUT OF STOCK","LIMITED QTY","LIMITED QTY","117.66"
"PF3032","LIMITED QTY","OUT OF STOCK","OUT OF STOCK","142.66"
"PF3033","LIMITED QTY","OUT OF STOCK","OUT OF STOCK","183.66"
"PF3034","LIMITED QTY","LIMITED QTY","LIMITED QTY","202.66"
"PF3101","IN STOCK","LIMITED QTY","LIMITED QTY","59.66"
"PF3102","IN STOCK","LIMITED QTY","LIMITED QTY","62.66"
"PF3103","LIMITED QTY","LIMITED QTY","LIMITED QTY","52.66"
"PF3104","IN STOCK","IN STOCK","LIMITED QTY","58.66"
"PF31041","IN STOCK","IN STOCK","OUT OF STOCK","86.66"
"PF31042","IN STOCK","IN STOCK","IN STOCK","102.66"
"PF31043","IN STOCK","IN STOCK","IN STOCK","103.66"
"PF31045","LIMITED QTY","LIMITED QTY","LIMITED QTY","91.66"
"PF31047","LIMITED QTY","LIMITED QTY","LIMITED QTY","122.66"
"PF31048","IN STOCK","IN STOCK","IN STOCK","258.66"
"PF31049","LIMITED QTY","OUT OF STOCK","OUT OF STOCK","218.66"
"PF31050","LIMITED QTY","OUT OF STOCK","OUT OF STOCK","113.66"
"PF31052","IN STOCK","LIMITED QTY","LIMITED QTY","118.66"
"PF31057","LIMITED QTY","LIMITED QTY","OUT OF STOCK","242.66"
"PF3201","IN STOCK","LIMITED QTY","LIMITED QTY","44.66"
"PF3202","IN STOCK","LIMITED QTY","LIMITED QTY","65.66"
"PF3203","LIMITED QTY","OUT OF STOCK","LIMITED QTY","63.66"
"PF3204","LIMITED QTY","OUT OF STOCK","OUT OF STOCK","62.66"
"PF3301","IN STOCK","IN STOCK","OUT OF STOCK","39.66"
"PF3302","LIMITED QTY","LIMITED QTY","LIMITED QTY","41.66"
"PF3303","LIMITED QTY","LIMITED QTY","LIMITED QTY","52.66"
"PF3304","LIMITED QTY","LIMITED QTY","LIMITED QTY","47.66"
"PF3306","LIMITED QTY","LIMITED QTY","LIMITED QTY","62.66"
"PF3307","IN STOCK","LIMITED QTY","LIMITED QTY","52.66"
"PF3308","LIMITED QTY","LIMITED QTY","LIMITED QTY","49.66"
"PF3311","IN STOCK","IN STOCK","IN STOCK","72.66"
"PF3313","LIMITED QTY","LIMITED QTY","LIMITED QTY","85.66"
"PF3314","IN STOCK","IN STOCK","IN STOCK","68.66"
"PF33141","IN STOCK","LIMITED QTY","LIMITED QTY","91.66"
"PF33142","IN STOCK","IN STOCK","IN STOCK","78.66"
"PF33143","LIMITED QTY","IN STOCK","IN STOCK","92.66"
"PF3315","IN STOCK","IN STOCK","IN STOCK","92.66"
"PF3316","IN STOCK","IN STOCK","IN STOCK","82.66"
"PF3317","LIMITED QTY","LIMITED QTY","LIMITED QTY","95.66"
"PF3318","IN STOCK","IN STOCK","IN STOCK","93.66"
"PF3325","OUT OF STOCK","OUT OF STOCK","OUT OF STOCK","51.66"
"PF3328","LIMITED QTY","LIMITED QTY","LIMITED QTY","62.66"
"PF3329","IN STOCK","IN STOCK","IN STOCK","121.66"
"PF3330","LIMITED QTY","IN STOCK","IN STOCK","83.66"
"PF3331","IN STOCK","IN STOCK","LIMITED QTY","119.66"
"PF3332","IN STOCK","LIMITED QTY","LIMITED QTY","71.66"
"PF3333","IN STOCK","LIMITED QTY","LIMITED QTY","93.66"
"PF3334","IN STOCK","LIMITED QTY","IN STOCK","222.66"
"PF3335","LIMITED QTY","OUT OF STOCK","IN STOCK","118.66"
"PF3336","LIMITED QTY","LIMITED QTY","LIMITED QTY","324.66"
"PF3337","LIMITED QTY","OUT OF STOCK","OUT OF STOCK","383.66"
"PF3338","LIMITED QTY","OUT OF STOCK","OUT OF STOCK","147.66"
"PF3339","LIMITED QTY","OUT OF STOCK","OUT OF STOCK","125.66"
"PF3401","LIMITED QTY","LIMITED QTY","LIMITED QTY","82.66"
"PF3402","LIMITED QTY","LIMITED QTY","LIMITED QTY","52.66"
"PF3403","IN STOCK","LIMITED QTY","LIMITED QTY","45.66"
"PF3404","LIMITED QTY","LIMITED QTY","LIMITED QTY","42.66"
"PF3405","IN STOCK","IN STOCK","IN STOCK","62.66"
"PF3406","LIMITED QTY","OUT OF STOCK","OUT OF STOCK","57.66"
"PF3407","OUT OF STOCK","LIMITED QTY","LIMITED QTY","97.66"
"PF3408","LIMITED QTY","LIMITED QTY","LIMITED QTY","94.66"
"PF3409","IN STOCK","IN STOCK","IN STOCK","62.66"
"PF3410","IN STOCK","IN STOCK","IN STOCK","78.66"
"PF3414","IN STOCK","LIMITED QTY","LIMITED QTY","158.66"
"PF3415","IN STOCK","IN STOCK","IN STOCK","93.66"
"PF3416","OUT OF STOCK","LIMITED QTY","LIMITED QTY","115.66"
"PF3417","IN STOCK","IN STOCK","IN STOCK","128.66"
"PF3418","IN STOCK","IN STOCK","IN STOCK","122.66"
"PF35001","IN STOCK","LIMITED QTY","LIMITED QTY","42.66"
"PF35005","LIMITED QTY","OUT OF STOCK","OUT OF STOCK","27.66"
"PF35007","OUT OF STOCK","OUT OF STOCK","OUT OF STOCK","45.66"
"PF35008","LIMITED QTY","LIMITED QTY","LIMITED QTY","42.66"
"PF35010","IN STOCK","OUT OF STOCK","OUT OF STOCK","53.66"
"PF36011","IN STOCK","LIMITED QTY","LIMITED QTY","85.66"
"PF37051","IN STOCK","IN STOCK","IN STOCK","61.66"
"PF37510","OUT OF STOCK","OUT OF STOCK","OUT OF STOCK","363.66"
"PF37511","IN STOCK","IN STOCK","IN STOCK","92.66"
"PF37512","LIMITED QTY","OUT OF STOCK","OUT OF STOCK","288.66"
"PF37514","OUT OF STOCK","OUT OF STOCK","LIMITED QTY","102.66"
"PF37515","IN STOCK","IN STOCK","LIMITED QTY","107.66"
"PF37516","OUT OF STOCK","OUT OF STOCK","OUT OF STOCK","133.66"
"PF37517","IN STOCK","IN STOCK","IN STOCK","83.66"
"PF37520","IN STOCK","LIMITED QTY","LIMITED QTY","222.66"
"PF3781","LIMITED QTY","LIMITED QTY","LIMITED QTY","77.66"
"PF3782","IN STOCK","LIMITED QTY","LIMITED QTY","71.66"
"PF3783","IN STOCK","IN STOCK","IN STOCK","67.66"
"PF3801","LIMITED QTY","LIMITED QTY","LIMITED QTY","59.66"
"PF3802","LIMITED QTY","LIMITED QTY","LIMITED QTY","72.66"
"PF3803","IN STOCK","LIMITED QTY","LIMITED QTY","82.66"
"PF3804","IN STOCK","IN STOCK","IN STOCK","82.66"
"PF3805","IN STOCK","IN STOCK","LIMITED QTY","98.66"
"PF38051","IN STOCK","LIMITED QTY","IN STOCK","123.66"
"PF3806","LIMITED QTY","LIMITED QTY","OUT OF STOCK","127.66"
"PF3807","LIMITED QTY","IN STOCK","LIMITED QTY","98.66"
"PF3808","IN STOCK","IN STOCK","IN STOCK","102.66"
"PF3809","LIMITED QTY","LIMITED QTY","LIMITED QTY","173.66"
"PF3810","LIMITED QTY","LIMITED QTY","LIMITED QTY","71.66"
"PF3811","LIMITED QTY","LIMITED QTY","LIMITED QTY","164.66"
"PF38501","IN STOCK","LIMITED QTY","LIMITED QTY","72.66"
"PF38502","IN STOCK","IN STOCK","IN STOCK","83.66"
"PF38504","LIMITED QTY","LIMITED QTY","LIMITED QTY","73.66"
"PF38505","IN STOCK","LIMITED QTY","LIMITED QTY","182.66"
"PF3851","LIMITED QTY","IN STOCK","OUT OF STOCK","79.66"
"PF38513","IN STOCK","LIMITED QTY","LIMITED QTY","98.66"
"PF38515","LIMITED QTY","OUT OF STOCK","OUT OF STOCK","153.66"
"PF3852","OUT OF STOCK","OUT OF STOCK","OUT OF STOCK","528.66"
"PF3853","LIMITED QTY","OUT OF STOCK","LIMITED QTY","92.66"
"PF3854","LIMITED QTY","LIMITED QTY","OUT OF STOCK","151.66"
"PF3855","IN STOCK","IN STOCK","IN STOCK","95.66"
"PF38551","LIMITED QTY","OUT OF STOCK","OUT OF STOCK","209.66"
"PF38552","OUT OF STOCK","OUT OF STOCK","OUT OF STOCK","383.66"
"PF3856","IN STOCK","IN STOCK","IN STOCK","78.66"
"PF3857","LIMITED QTY","LIMITED QTY","OUT OF STOCK","152.66"
"PF3859","LIMITED QTY","OUT OF STOCK","OUT OF STOCK","324.66"
"PF3860","LIMITED QTY","LIMITED QTY","LIMITED QTY","153.66"
"PF3881","IN STOCK","IN STOCK","LIMITED QTY","94.66"
"PF3901","IN STOCK","LIMITED QTY","LIMITED QTY","45.66"
"PF39011","LIMITED QTY","LIMITED QTY","OUT OF STOCK","62.66"
"PF3903","LIMITED QTY","OUT OF STOCK","OUT OF STOCK","62.66"
"PF39031","LIMITED QTY","LIMITED QTY","LIMITED QTY","85.66"
"PF39032","LIMITED QTY","LIMITED QTY","LIMITED QTY","79.66"
"PF3904","LIMITED QTY","LIMITED QTY","LIMITED QTY","75.66"
"PF3905","IN STOCK","IN STOCK","IN STOCK","79.66"
"PF39050","LIMITED QTY","LIMITED QTY","LIMITED QTY","92.66"
"PF39051","IN STOCK","LIMITED QTY","IN STOCK","99.66"
"PF39052","IN STOCK","IN STOCK","IN STOCK","98.66"
"PF39053","IN STOCK","IN STOCK","LIMITED QTY","138.66"
"PF39054","IN STOCK","LIMITED QTY","LIMITED QTY","182.66"
"PF3906","LIMITED QTY","LIMITED QTY","OUT OF STOCK","173.66"
"PF3907","IN STOCK","LIMITED QTY","IN STOCK","84.66"
"PF3908","LIMITED QTY","OUT OF STOCK","OUT OF STOCK","229.66"
"PF3909","LIMITED QTY","LIMITED QTY","LIMITED QTY","223.66"
"PF3910","OUT OF STOCK","OUT OF STOCK","OUT OF STOCK","193.66"
"PF3911","IN STOCK","IN STOCK","IN STOCK","88.66"
"PF3913","IN STOCK","LIMITED QTY","LIMITED QTY","112.66"
"PF3914","LIMITED QTY","LIMITED QTY","OUT OF STOCK","343.66"
"PF3915","IN STOCK","LIMITED QTY","LIMITED QTY","79.66"
"PF3916","IN STOCK","LIMITED QTY","LIMITED QTY","208.66"
"PF3917","IN STOCK","LIMITED QTY","LIMITED QTY","199.66"
"PF3918","IN STOCK","LIMITED QTY","LIMITED QTY","193.66"
"PF3919","IN STOCK","LIMITED QTY","LIMITED QTY","169.66"
"PF3920","OUT OF STOCK","OUT OF STOCK","OUT OF STOCK","493.66"
"PF3921","LIMITED QTY","LIMITED QTY","LIMITED QTY","248.66"
"PF39452","IN STOCK","LIMITED QTY","LIMITED QTY","48.66"
"PF3951","IN STOCK","LIMITED QTY","LIMITED QTY","62.66"
"PF39511","IN STOCK","LIMITED QTY","IN STOCK","112.66"
"PF39512","LIMITED QTY","OUT OF STOCK","OUT OF STOCK","125.66"
"PF39521","IN STOCK","IN STOCK","IN STOCK","86.66"
"PF39523","IN STOCK","LIMITED QTY","IN STOCK","87.66"
"PF39524","LIMITED QTY","LIMITED QTY","LIMITED QTY","155.66"
"PF39525","IN STOCK","LIMITED QTY","LIMITED QTY","303.66"
"PF39531","IN STOCK","LIMITED QTY","IN STOCK","132.66"
"PF39711","LIMITED QTY","LIMITED QTY","LIMITED QTY","79.66"
"PF39712","IN STOCK","IN STOCK","IN STOCK","101.66"
"PF39713","LIMITED QTY","LIMITED QTY","OUT OF STOCK","116.66"
"PF39715","LIMITED QTY","OUT OF STOCK","LIMITED QTY","149.66"
"PF39716","IN STOCK","LIMITED QTY","IN STOCK","153.66"
"PF39718","IN STOCK","LIMITED QTY","LIMITED QTY","92.66"
"PF39721","IN STOCK","IN STOCK","IN STOCK","77.66"
"PF3981","LIMITED QTY","OUT OF STOCK","OUT OF STOCK","47.66"
"PF3982","OUT OF STOCK","OUT OF STOCK","OUT OF STOCK","51.66"
"PF3984","LIMITED QTY","LIMITED QTY","LIMITED QTY","65.66"
"PF3985","LIMITED QTY","OUT OF STOCK","LIMITED QTY","57.66"
"PF3987","IN STOCK","IN STOCK","LIMITED QTY","103.66"
"PF3988","IN STOCK","IN STOCK","LIMITED QTY","132.66"
"PF4101","LIMITED QTY","LIMITED QTY","OUT OF STOCK","41.66"
"PF4102","LIMITED QTY","OUT OF STOCK","OUT OF STOCK","39.66"
"PF4103","LIMITED QTY","LIMITED QTY","LIMITED QTY","52.66"
"PF4104","IN STOCK","LIMITED QTY","LIMITED QTY","43.66"
"PF4106","IN STOCK","IN STOCK","LIMITED QTY","54.66"
"PF41065","IN STOCK","IN STOCK","IN STOCK","62.66"
"PF41067","IN STOCK","IN STOCK","LIMITED QTY","71.66"
"PF41068","IN STOCK","IN STOCK","IN STOCK","68.66"
"PF41069","IN STOCK","IN STOCK","LIMITED QTY","92.66"
"PF4109","LIMITED QTY","OUT OF STOCK","OUT OF STOCK","47.66"
"PF4110","LIMITED QTY","LIMITED QTY","LIMITED QTY","122.66"
"PF4111","IN STOCK","LIMITED QTY","LIMITED QTY","47.66"
"PF4112","LIMITED QTY","OUT OF STOCK","LIMITED QTY","45.66"
"PF41121","IN STOCK","LIMITED QTY","LIMITED QTY","78.66"
"PF41123","IN STOCK","LIMITED QTY","LIMITED QTY","63.66"
"PF41124","IN STOCK","IN STOCK","IN STOCK","72.66"
"PF41125","LIMITED QTY","LIMITED QTY","LIMITED QTY","135.66"
"PF4113","LIMITED QTY","LIMITED QTY","LIMITED QTY","74.66"
"PF4114","LIMITED QTY","OUT OF STOCK","OUT OF STOCK","63.66"
"PF4115","LIMITED QTY","OUT OF STOCK","LIMITED QTY","77.66"
"PF4116","IN STOCK","IN STOCK","IN STOCK","65.66"
"PF41161","IN STOCK","IN STOCK","IN STOCK","109.66"
"PF41162","IN STOCK","IN STOCK","LIMITED QTY","89.66"
"PF41163","IN STOCK","IN STOCK","IN STOCK","112.66"
"PF41164","IN STOCK","LIMITED QTY","LIMITED QTY","143.66"
"PF4117","IN STOCK","IN STOCK","IN STOCK","65.66"
"PF4118","IN STOCK","LIMITED QTY","LIMITED QTY","69.66"
"PF4119","IN STOCK","IN STOCK","IN STOCK","64.66"
"PF41191","IN STOCK","IN STOCK","IN STOCK","92.66"
"PF4120","IN STOCK","LIMITED QTY","LIMITED QTY","112.66"
"PF4122","OUT OF STOCK","OUT OF STOCK","OUT OF STOCK","62.66"
"PF4131","LIMITED QTY","OUT OF STOCK","OUT OF STOCK","47.66"
"PF4132","LIMITED QTY","OUT OF STOCK","OUT OF STOCK","45.66"
"PF4134","LIMITED QTY","OUT OF STOCK","OUT OF STOCK","43.66"
"PF4135","LIMITED QTY","LIMITED QTY","LIMITED QTY","55.66"
"PF41351","IN STOCK","LIMITED QTY","LIMITED QTY","59.66"
"PF41352","IN STOCK","LIMITED QTY","LIMITED QTY","65.66"
"PF4136","IN STOCK","LIMITED QTY","LIMITED QTY","55.66"
"PF41362","IN STOCK","IN STOCK","IN STOCK","82.66"
"PF4137","OUT OF STOCK","OUT OF STOCK","OUT OF STOCK","49.66"
"PF4138","IN STOCK","IN STOCK","IN STOCK","59.66"
"PF4139","IN STOCK","LIMITED QTY","LIMITED QTY","63.66"
"PF4140","LIMITED QTY","LIMITED QTY","LIMITED QTY","92.66"
"PF4142","IN STOCK","IN STOCK","IN STOCK","69.66"
"PF4146","IN STOCK","LIMITED QTY","LIMITED QTY","183.66"
"PF4151","IN STOCK","LIMITED QTY","LIMITED QTY","43.66"
"PF4152","LIMITED QTY","LIMITED QTY","LIMITED QTY","43.66"
"PF41552","IN STOCK","LIMITED QTY","LIMITED QTY","93.66"
"PF4159","LIMITED QTY","LIMITED QTY","LIMITED QTY","53.66"
"PF4160","IN STOCK","IN STOCK","LIMITED QTY","54.66"
"PF4194","IN STOCK","IN STOCK","LIMITED QTY","77.66"
"PF41941","IN STOCK","IN STOCK","IN STOCK","72.66"
"PF4195","IN STOCK","IN STOCK","OUT OF STOCK","85.66"
"PF4202","LIMITED QTY","OUT OF STOCK","OUT OF STOCK","61.66"
"PF4203","LIMITED QTY","OUT OF STOCK","OUT OF STOCK","263.66"
"PF4305","OUT OF STOCK","OUT OF STOCK","OUT OF STOCK","51.66"
"PF43051","IN STOCK","LIMITED QTY","LIMITED QTY","52.66"
"PF43052","IN STOCK","LIMITED QTY","LIMITED QTY","46.66"
"PF4312","OUT OF STOCK","OUT OF STOCK","OUT OF STOCK","55.66"
"PF4314","LIMITED QTY","OUT OF STOCK","OUT OF STOCK","61.66"
"PF43141","IN STOCK","LIMITED QTY","LIMITED QTY","71.66"
"PF43142","LIMITED QTY","LIMITED QTY","LIMITED QTY","93.66"
"PF43145","IN STOCK","IN STOCK","IN STOCK","108.66"
"PF43146","IN STOCK","IN STOCK","IN STOCK","102.66"
"PF43151","LIMITED QTY","OUT OF STOCK","OUT OF STOCK","81.66"
"PF43153","OUT OF STOCK","OUT OF STOCK","OUT OF STOCK","79.66"
"PF43154","LIMITED QTY","LIMITED QTY","LIMITED QTY","72.66"
"PF43155","LIMITED QTY","OUT OF STOCK","OUT OF STOCK","83.66"
"PF43156","IN STOCK","IN STOCK","IN STOCK","88.66"
"PF4341","IN STOCK","LIMITED QTY","LIMITED QTY","87.66"
"PF4342","LIMITED QTY","LIMITED QTY","OUT OF STOCK","62.66"
"PF4349","OUT OF STOCK","OUT OF STOCK","OUT OF STOCK","65.66"
"PF4350","LIMITED QTY","LIMITED QTY","OUT OF STOCK","67.66"
"PF4351","OUT OF STOCK","OUT OF STOCK","OUT OF STOCK","59.66"
"PF43511","IN STOCK","LIMITED QTY","LIMITED QTY","53.66"
"PF43512","LIMITED QTY","LIMITED QTY","LIMITED QTY","57.66"
"PF4352","LIMITED QTY","LIMITED QTY","LIMITED QTY","45.66"
"PF4353","OUT OF STOCK","OUT OF STOCK","OUT OF STOCK","89.66"
"PF4354","IN STOCK","IN STOCK","LIMITED QTY","85.66"
"PF4355","IN STOCK","IN STOCK","LIMITED QTY","72.66"
"PF4356","LIMITED QTY","LIMITED QTY","LIMITED QTY","69.66"
"PF4357","IN STOCK","LIMITED QTY","OUT OF STOCK","148.66"
"PF4358","LIMITED QTY","OUT OF STOCK","LIMITED QTY","64.66"
"PF4359","IN STOCK","LIMITED QTY","IN STOCK","84.66"
"PF4360","LIMITED QTY","LIMITED QTY","LIMITED QTY","97.66"
"PF4361","IN STOCK","LIMITED QTY","LIMITED QTY","109.66"
"PF4362","OUT OF STOCK","OUT OF STOCK","OUT OF STOCK","151.66"
"PF4363","IN STOCK","IN STOCK","IN STOCK","62.66"
"PF4364","OUT OF STOCK","OUT OF STOCK","OUT OF STOCK","185.66"
"PF43641","IN STOCK","IN STOCK","IN STOCK","72.66"
"PF43642","IN STOCK","IN STOCK","IN STOCK","66.66"
"PF43643","IN STOCK","OUT OF STOCK","LIMITED QTY","68.66"
"PF43645","IN STOCK","IN STOCK","LIMITED QTY","79.66"
"PF43647","IN STOCK","LIMITED QTY","LIMITED QTY","69.66"
"PF4365","IN STOCK","IN STOCK","IN STOCK","73.66"
"PF4366","IN STOCK","IN STOCK","IN STOCK","75.66"
"PF4367","IN STOCK","IN STOCK","LIMITED QTY","71.66"
"PF4400","LIMITED QTY","OUT OF STOCK","OUT OF STOCK","45.66"
"PF4401","LIMITED QTY","OUT OF STOCK","OUT OF STOCK","39.66"
"PF4402","IN STOCK","LIMITED QTY","LIMITED QTY","36.66"
"PF4405","LIMITED QTY","LIMITED QTY","LIMITED QTY","42.66"
"PF4406","OUT OF STOCK","OUT OF STOCK","OUT OF STOCK","52.66"
"PF4408","LIMITED QTY","OUT OF STOCK","OUT OF STOCK","37.66"
"PF4409","LIMITED QTY","OUT OF STOCK","OUT OF STOCK","43.66"
"PF4411","OUT OF STOCK","OUT OF STOCK","OUT OF STOCK","49.66"
"PF4412","LIMITED QTY","LIMITED QTY","OUT OF STOCK","37.66"
"PF44121","LIMITED QTY","OUT OF STOCK","OUT OF STOCK","45.66"
"PF4414","OUT OF STOCK","OUT OF STOCK","OUT OF STOCK","49.66"
"PF4415","LIMITED QTY","LIMITED QTY","LIMITED QTY","73.66"
"PF44151","LIMITED QTY","LIMITED QTY","OUT OF STOCK","66.66"
"PF44152","IN STOCK","LIMITED QTY","LIMITED QTY","68.66"
"PF44153","IN STOCK","LIMITED QTY","LIMITED QTY","65.66"
"PF44171","LIMITED QTY","LIMITED QTY","OUT OF STOCK","109.66"
"PF4418","IN STOCK","OUT OF STOCK","IN STOCK","96.66"
"PF4419","LIMITED QTY","IN STOCK","LIMITED QTY","86.66"
"PF4420","LIMITED QTY","OUT OF STOCK","OUT OF STOCK","54.66"
"PF4421","OUT OF STOCK","OUT OF STOCK","OUT OF STOCK","122.66"
"PF4422","LIMITED QTY","LIMITED QTY","OUT OF STOCK","303.66"
"PF4425","LIMITED QTY","OUT OF STOCK","OUT OF STOCK","226.66"
"PF4431","LIMITED QTY","LIMITED QTY","LIMITED QTY","81.66"
"PF4432","OUT OF STOCK","OUT OF STOCK","OUT OF STOCK","349.66"
"PF4433","IN STOCK","LIMITED QTY","OUT OF STOCK","179.66"
"PF4434","OUT OF STOCK","OUT OF STOCK","OUT OF STOCK","193.66"
"PF4450","LIMITED QTY","LIMITED QTY","LIMITED QTY","62.66"
"PF4451","IN STOCK","IN STOCK","IN STOCK","84.66"
"PF4452","IN STOCK","IN STOCK","IN STOCK","95.66"
"PF4454","IN STOCK","LIMITED QTY","LIMITED QTY","79.66"
"PF4455","IN STOCK","IN STOCK","IN STOCK","79.66"
"PF44811","IN STOCK","LIMITED QTY","LIMITED QTY","99.66"
"PF4491","LIMITED QTY","IN STOCK","LIMITED QTY","73.66"
"PF4493","IN STOCK","LIMITED QTY","LIMITED QTY","66.66"
"PF4496","LIMITED QTY","LIMITED QTY","LIMITED QTY","173.66"
"PF4497","IN STOCK","LIMITED QTY","LIMITED QTY","97.66"
"PF44971","IN STOCK","IN STOCK","IN STOCK","97.66"
"PF44973","IN STOCK","LIMITED QTY","LIMITED QTY","213.66"
"PF4501","LIMITED QTY","OUT OF STOCK","OUT OF STOCK","49.66"
"PF4502","LIMITED QTY","LIMITED QTY","LIMITED QTY","51.66"
"PF45039","OUT OF STOCK","OUT OF STOCK","OUT OF STOCK","99.66"
"PF4504","LIMITED QTY","OUT OF STOCK","OUT OF STOCK","57.66"
"PF45041","LIMITED QTY","OUT OF STOCK","OUT OF STOCK","67.66"
"PF45045","IN STOCK","LIMITED QTY","LIMITED QTY","85.66"
"PF4505","OUT OF STOCK","OUT OF STOCK","OUT OF STOCK","41.66"
"PF4506","IN STOCK","IN STOCK","LIMITED QTY","58.66"
"PF4507","LIMITED QTY","OUT OF STOCK","OUT OF STOCK","37.66"
"PF4510","LIMITED QTY","OUT OF STOCK","OUT OF STOCK","75.66"
"PF4512","IN STOCK","LIMITED QTY","LIMITED QTY","52.66"
"PF4514","IN STOCK","LIMITED QTY","LIMITED QTY","93.66"
"PF4515","IN STOCK","LIMITED QTY","LIMITED QTY","54.66"
"PF45152","OUT OF STOCK","OUT OF STOCK","OUT OF STOCK","85.66"
"PF4516","LIMITED QTY","LIMITED QTY","LIMITED QTY","45.66"
"PF45161","LIMITED QTY","LIMITED QTY","LIMITED QTY","152.66"
"PF4517","IN STOCK","IN STOCK","IN STOCK","79.66"
"PF45170","LIMITED QTY","LIMITED QTY","LIMITED QTY","99.66"
"PF4518","IN STOCK","IN STOCK","IN STOCK","79.66"
"PF4519","OUT OF STOCK","OUT OF STOCK","OUT OF STOCK","78.66"
"PF4520","LIMITED QTY","OUT OF STOCK","OUT OF STOCK","75.66"
"PF4521","LIMITED QTY","OUT OF STOCK","LIMITED QTY","88.66"
"PF4522","IN STOCK","LIMITED QTY","LIMITED QTY","82.66"
"PF4523","LIMITED QTY","OUT OF STOCK","OUT OF STOCK","87.66"
"PF4524","IN STOCK","IN STOCK","IN STOCK","82.66"
"PF4526","OUT OF STOCK","OUT OF STOCK","OUT OF STOCK","88.66"
"PF4527","IN STOCK","IN STOCK","IN STOCK","122.66"
"PF4528","OUT OF STOCK","OUT OF STOCK","OUT OF STOCK","232.66"
"PF4532","OUT OF STOCK","OUT OF STOCK","OUT OF STOCK","58.66"
"PF45322","IN STOCK","LIMITED QTY","LIMITED QTY","42.66"
"PF45430","IN STOCK","LIMITED QTY","LIMITED QTY","85.66"
"PF45431","LIMITED QTY","LIMITED QTY","LIMITED QTY","79.66"
"PF45432","IN STOCK","IN STOCK","LIMITED QTY","109.66"
"PF45433","IN STOCK","LIMITED QTY","LIMITED QTY","83.66"
"PF45434","LIMITED QTY","LIMITED QTY","LIMITED QTY","156.66"
"PF45435","IN STOCK","IN STOCK","IN STOCK","99.66"
"PF45438","IN STOCK","IN STOCK","LIMITED QTY","93.66"
"PF46000","IN STOCK","LIMITED QTY","IN STOCK","122.66"
"PF46001","IN STOCK","LIMITED QTY","LIMITED QTY","79.66"
"PF46002","LIMITED QTY","OUT OF STOCK","LIMITED QTY","112.66"
"PF46003","IN STOCK","IN STOCK","LIMITED QTY","41.66"
"PF46004","IN STOCK","IN STOCK","IN STOCK","49.66"
"PF4601","OUT OF STOCK","OUT OF STOCK","OUT OF STOCK","47.66"
"PF4605","IN STOCK","IN STOCK","LIMITED QTY","51.66"
"PF4607","IN STOCK","IN STOCK","IN STOCK","53.66"
"PF4611","IN STOCK","LIMITED QTY","LIMITED QTY","45.66"
"PF4615","LIMITED QTY","LIMITED QTY","LIMITED QTY","49.66"
"PF4616","LIMITED QTY","OUT OF STOCK","OUT OF STOCK","45.66"
"PF4619","LIMITED QTY","LIMITED QTY","LIMITED QTY","59.66"
"PF4620","IN STOCK","LIMITED QTY","LIMITED QTY","69.66"
"PF4621","IN STOCK","LIMITED QTY","LIMITED QTY","59.66"
"PF4622","IN STOCK","LIMITED QTY","LIMITED QTY","53.66"
"PF4623","LIMITED QTY","OUT OF STOCK","LIMITED QTY","72.66"
"PF4624","IN STOCK","IN STOCK","IN STOCK","102.66"
"PF4625","IN STOCK","IN STOCK","IN STOCK","115.66"
"PF4627","IN STOCK","LIMITED QTY","LIMITED QTY","232.66"
"PF5002","IN STOCK","LIMITED QTY","IN STOCK","141.66"
"PF5003","IN STOCK","LIMITED QTY","LIMITED QTY","219.66"
"PF5004","IN STOCK","LIMITED QTY","LIMITED QTY","194.66"
"PF5005","IN STOCK","IN STOCK","IN STOCK","98.66"
"PF50051","IN STOCK","LIMITED QTY","LIMITED QTY","152.66"
"PF5201","IN STOCK","IN STOCK","LIMITED QTY","75.66"
"PF52020","LIMITED QTY","LIMITED QTY","LIMITED QTY","79.66"
"PF52021","IN STOCK","IN STOCK","IN STOCK","53.66"
"PF5203","IN STOCK","IN STOCK","LIMITED QTY","76.66"
"PF5204","IN STOCK","IN STOCK","IN STOCK","55.66"
"PF5205","LIMITED QTY","OUT OF STOCK","OUT OF STOCK","75.66"
"PF5206","LIMITED QTY","OUT OF STOCK","OUT OF STOCK","79.66"
"PF5207","OUT OF STOCK","OUT OF STOCK","OUT OF STOCK","55.66"
"PF5209","IN STOCK","LIMITED QTY","LIMITED QTY","68.66"
"PF5211","IN STOCK","LIMITED QTY","LIMITED QTY","55.66"
"PF5212","LIMITED QTY","OUT OF STOCK","OUT OF STOCK","61.66"
"PF5213","IN STOCK","LIMITED QTY","LIMITED QTY","76.66"
"PF5215","IN STOCK","LIMITED QTY","LIMITED QTY","45.66"
"PF5216","IN STOCK","IN STOCK","LIMITED QTY","49.66"
"PF52161","IN STOCK","IN STOCK","LIMITED QTY","78.66"
"PF5217","LIMITED QTY","OUT OF STOCK","OUT OF STOCK","65.66"
"PF5218","IN STOCK","IN STOCK","IN STOCK","66.66"
"PF5219","OUT OF STOCK","OUT OF STOCK","OUT OF STOCK","71.66"
"PF5220","OUT OF STOCK","OUT OF STOCK","OUT OF STOCK","83.66"
"PF5221","IN STOCK","LIMITED QTY","OUT OF STOCK","86.66"
"PF5223","LIMITED QTY","LIMITED QTY","LIMITED QTY","79.66"
"PF52509","IN STOCK","LIMITED QTY","LIMITED QTY","65.66"
"PF5251","IN STOCK","IN STOCK","IN STOCK","55.66"
"PF52511","LIMITED QTY","LIMITED QTY","IN STOCK","78.66"
"PF52512","OUT OF STOCK","OUT OF STOCK","OUT OF STOCK","205.66"
"PF52513","IN STOCK","OUT OF STOCK","IN STOCK","127.66"
"PF52513F","OUT OF STOCK","OUT OF STOCK","OUT OF STOCK","129.66"
"PF52514","IN STOCK","LIMITED QTY","LIMITED QTY","175.66"
"PF5253","IN STOCK","LIMITED QTY","LIMITED QTY","72.66"
"PF5298","LIMITED QTY","OUT OF STOCK","OUT OF STOCK","62.66"
"PF5301","IN STOCK","LIMITED QTY","LIMITED QTY","56.66"
"PF5302","IN STOCK","IN STOCK","IN STOCK","79.66"
"PF5305","IN STOCK","IN STOCK","LIMITED QTY","51.66"
"PF53051","IN STOCK","IN STOCK","LIMITED QTY","75.66"
"PF53052","IN STOCK","LIMITED QTY","IN STOCK","62.66"
"PF53053","IN STOCK","IN STOCK","IN STOCK","102.66"
"PF53054","IN STOCK","IN STOCK","IN STOCK","263.66"
"PF5306","LIMITED QTY","LIMITED QTY","LIMITED QTY","89.66"
"PF53062","IN STOCK","LIMITED QTY","LIMITED QTY","71.66"
"PF5312","IN STOCK","IN STOCK","IN STOCK","53.66"
"PF5313","IN STOCK","IN STOCK","IN STOCK","76.66"
"PF5314","LIMITED QTY","LIMITED QTY","LIMITED QTY","82.66"
"PF5315","IN STOCK","IN STOCK","IN STOCK","189.66"
"PF5316","IN STOCK","IN STOCK","IN STOCK","182.66"
"PF5319","IN STOCK","IN STOCK","IN STOCK","153.66"
"PF5321","LIMITED QTY","LIMITED QTY","LIMITED QTY","52.66"
"PF5322","LIMITED QTY","LIMITED QTY","OUT OF STOCK","45.66"
"PF5323","LIMITED QTY","LIMITED QTY","LIMITED QTY","72.66"
"PF5325","LIMITED QTY","LIMITED QTY","LIMITED QTY","92.66"
"PF5326","LIMITED QTY","LIMITED QTY","LIMITED QTY","95.66"
"PF5327","IN STOCK","LIMITED QTY","IN STOCK","74.66"
"PF5329","LIMITED QTY","LIMITED QTY","OUT OF STOCK","73.66"
"PF5331","IN STOCK","LIMITED QTY","LIMITED QTY","72.66"
"PF5334","LIMITED QTY","OUT OF STOCK","OUT OF STOCK","62.66"
"PF5335","LIMITED QTY","OUT OF STOCK","LIMITED QTY","112.66"
"PF5500","OUT OF STOCK","OUT OF STOCK","OUT OF STOCK","93.66"
"PF5501","IN STOCK","LIMITED QTY","LIMITED QTY","53.66"
"PF55011","LIMITED QTY","LIMITED QTY","LIMITED QTY","62.66"
"PF55013","IN STOCK","IN STOCK","LIMITED QTY","62.66"
"PF55014","IN STOCK","LIMITED QTY","LIMITED QTY","69.66"
"PF55014F","IN STOCK","LIMITED QTY","IN STOCK","73.66"
"PF55015","IN STOCK","IN STOCK","LIMITED QTY","82.66"
"PF55016F","IN STOCK","OUT OF STOCK","IN STOCK","172.66"
"PF55017F","IN STOCK","IN STOCK","IN STOCK","182.66"
"PF5502","IN STOCK","IN STOCK","LIMITED QTY","72.66"
"PF55021","IN STOCK","LIMITED QTY","LIMITED QTY","131.66"
"PF55022","IN STOCK","IN STOCK","IN STOCK","82.66"
"PF55023","IN STOCK","IN STOCK","IN STOCK","108.66"
"PF55024","IN STOCK","LIMITED QTY","LIMITED QTY","63.66"
"PF55025","IN STOCK","IN STOCK","IN STOCK","58.66"
"PF55026","LIMITED QTY","OUT OF STOCK","OUT OF STOCK","103.66"
"PF55027","IN STOCK","LIMITED QTY","LIMITED QTY","119.66"
"PF55028","IN STOCK","IN STOCK","IN STOCK","106.66"
"PF55029","IN STOCK","IN STOCK","IN STOCK","115.66"
"PF5503","IN STOCK","IN STOCK","LIMITED QTY","52.66"
"PF5504","LIMITED QTY","LIMITED QTY","LIMITED QTY","49.66"
"PF5505","IN STOCK","IN STOCK","LIMITED QTY","49.66"
"PF5511","IN STOCK","IN STOCK","LIMITED QTY","54.66"
"PF55113","IN STOCK","LIMITED QTY","LIMITED QTY","58.66"
"PF55114","LIMITED QTY","LIMITED QTY","LIMITED QTY","75.66"
"PF55115","IN STOCK","LIMITED QTY","LIMITED QTY","69.66"
"PF5513","IN STOCK","IN STOCK","IN STOCK","59.66"
"PF5515","IN STOCK","IN STOCK","IN STOCK","168.66"
"PF5516","LIMITED QTY","OUT OF STOCK","LIMITED QTY","91.66"
"PF5518","LIMITED QTY","LIMITED QTY","LIMITED QTY","77.66"
"PF5520","IN STOCK","IN STOCK","IN STOCK","138.66"
"PF5551","LIMITED QTY","LIMITED QTY","LIMITED QTY","102.66"
"PF5552","IN STOCK","IN STOCK","LIMITED QTY","76.66"
"PF5880","OUT OF STOCK","OUT OF STOCK","OUT OF STOCK","353.66"
"PF5882","LIMITED QTY","OUT OF STOCK","OUT OF STOCK","295.66"
"PF61001","LIMITED QTY","LIMITED QTY","LIMITED QTY","82.66"
"PF61011","LIMITED QTY","LIMITED QTY","OUT OF STOCK","61.66"
"PF6108","LIMITED QTY","LIMITED QTY","LIMITED QTY","66.66"
"PF6109","LIMITED QTY","LIMITED QTY","LIMITED QTY","88.66"
"PF6111","LIMITED QTY","LIMITED QTY","OUT OF STOCK","97.66"
"PF6115","LIMITED QTY","OUT OF STOCK","OUT OF STOCK","51.66"
"PF6123","LIMITED QTY","OUT OF STOCK","OUT OF STOCK","81.66"
"PF6125","LIMITED QTY","LIMITED QTY","OUT OF STOCK","65.66"
"PF6131","IN STOCK","LIMITED QTY","LIMITED QTY","43.66"
"PF6132","IN STOCK","IN STOCK","LIMITED QTY","45.66"
"PF6133","IN STOCK","LIMITED QTY","LIMITED QTY","92.66"
"PF6134","IN STOCK","LIMITED QTY","IN STOCK","92.66"
"PF6135","IN STOCK","IN STOCK","IN STOCK","92.66"
"PF6136","LIMITED QTY","LIMITED QTY","LIMITED QTY","72.66"
"PF6137","IN STOCK","IN STOCK","IN STOCK","72.66"
"PF6151","LIMITED QTY","LIMITED QTY","LIMITED QTY","46.66"
"PF6153","IN STOCK","IN STOCK","LIMITED QTY","132.66"
"PF6154","LIMITED QTY","IN STOCK","LIMITED QTY","113.66"
"PF61541","IN STOCK","LIMITED QTY","LIMITED QTY","92.66"
"PF6155","IN STOCK","OUT OF STOCK","IN STOCK","75.66"
"PF6156","IN STOCK","IN STOCK","IN STOCK","89.66"
"PF6161","IN STOCK","LIMITED QTY","LIMITED QTY","89.66"
"PF6162","LIMITED QTY","LIMITED QTY","LIMITED QTY","132.66"
"PF61621","IN STOCK","IN STOCK","IN STOCK","123.66"
"PF6163","IN STOCK","LIMITED QTY","IN STOCK","79.66"
"PF6164","IN STOCK","IN STOCK","IN STOCK","92.66"
"PF6165","IN STOCK","IN STOCK","IN STOCK","133.66"
"PF6166","IN STOCK","LIMITED QTY","IN STOCK","77.66"
"PF6167","IN STOCK","LIMITED QTY","LIMITED QTY","83.66"
"PF6168","IN STOCK","LIMITED QTY","IN STOCK","85.66"
"PF6169","IN STOCK","IN STOCK","IN STOCK","97.66"
"PF6170","IN STOCK","LIMITED QTY","LIMITED QTY","98.66"
"PF6171","IN STOCK","IN STOCK","LIMITED QTY","94.66"
"PF6172","LIMITED QTY","LIMITED QTY","LIMITED QTY","88.66"
"PF6201","LIMITED QTY","OUT OF STOCK","OUT OF STOCK","95.66"
"PF6203","IN STOCK","OUT OF STOCK","LIMITED QTY","87.66"
"PF6210","IN STOCK","LIMITED QTY","LIMITED QTY","89.66"
"PF6211","IN STOCK","LIMITED QTY","LIMITED QTY","75.66"
"PF6213","IN STOCK","IN STOCK","IN STOCK","93.66"
"PF62131","IN STOCK","IN STOCK","IN STOCK","96.66"
"PF62132","OUT OF STOCK","OUT OF STOCK","OUT OF STOCK","102.66"
"PF6214","IN STOCK","LIMITED QTY","LIMITED QTY","102.66"
"PF6215","IN STOCK","IN STOCK","IN STOCK","102.66"
"PF6216","LIMITED QTY","LIMITED QTY","LIMITED QTY","99.66"
"PF6217","IN STOCK","LIMITED QTY","LIMITED QTY","109.66"
"PF6218","IN STOCK","IN STOCK","IN STOCK","83.66"
"PF6231","IN STOCK","LIMITED QTY","LIMITED QTY","84.66"
"PF62311","IN STOCK","OUT OF STOCK","LIMITED QTY","107.66"
"PF62312","IN STOCK","LIMITED QTY","IN STOCK","108.66"
"PF6232","IN STOCK","IN STOCK","IN STOCK","65.66"
"PF62321","IN STOCK","IN STOCK","IN STOCK","95.66"
"PF6301","LIMITED QTY","OUT OF STOCK","LIMITED QTY","85.66"
"PF6399","IN STOCK","LIMITED QTY","LIMITED QTY","76.66"
"PF6400","IN STOCK","IN STOCK","LIMITED QTY","72.66"
"PF6401","IN STOCK","LIMITED QTY","LIMITED QTY","61.66"
"PF6402","LIMITED QTY","LIMITED QTY","OUT OF STOCK","86.66"
"PF6403","LIMITED QTY","OUT OF STOCK","OUT OF STOCK","77.66"
"PF6404","OUT OF STOCK","OUT OF STOCK","OUT OF STOCK","254.66"
"PF6407","IN STOCK","IN STOCK","LIMITED QTY","92.66"
"PF6409","LIMITED QTY","LIMITED QTY","OUT OF STOCK","73.66"
"PF6412","IN STOCK","LIMITED QTY","LIMITED QTY","59.66"
"PF6415","IN STOCK","LIMITED QTY","LIMITED QTY","65.66"
"PF64151","IN STOCK","LIMITED QTY","IN STOCK","59.66"
"PF64153","IN STOCK","IN STOCK","IN STOCK","85.66"
"PF64154","IN STOCK","OUT OF STOCK","IN STOCK","76.66"
"PF6460","IN STOCK","IN STOCK","IN STOCK","91.66"
"PF64851","IN STOCK","IN STOCK","IN STOCK","51.66"
"PF6499","LIMITED QTY","OUT OF STOCK","OUT OF STOCK","42.66"
"PF65001","IN STOCK","LIMITED QTY","LIMITED QTY","113.66"
"PF6501","IN STOCK","LIMITED QTY","IN STOCK","83.66"
"PF65011","LIMITED QTY","LIMITED QTY","LIMITED QTY","85.66"
"PF65012","LIMITED QTY","LIMITED QTY","LIMITED QTY","91.66"
"PF6502","LIMITED QTY","LIMITED QTY","LIMITED QTY","112.66"
"PF65021","LIMITED QTY","LIMITED QTY","LIMITED QTY","92.66"
"PF6503","IN STOCK","LIMITED QTY","LIMITED QTY","82.66"
"PF65031","IN STOCK","LIMITED QTY","LIMITED QTY","77.66"
"PF6504","LIMITED QTY","LIMITED QTY","LIMITED QTY","99.66"
"PF6506","IN STOCK","IN STOCK","IN STOCK","99.66"
"PF6507","IN STOCK","IN STOCK","IN STOCK","84.66"
"PF6508","LIMITED QTY","LIMITED QTY","OUT OF STOCK","104.66"
"PF6509","IN STOCK","IN STOCK","LIMITED QTY","79.66"
"PF6510","LIMITED QTY","IN STOCK","LIMITED QTY","96.66"
"PF6511","IN STOCK","IN STOCK","IN STOCK","82.66"
"PF6512","IN STOCK","LIMITED QTY","LIMITED QTY","92.66"
"PF6513","LIMITED QTY","LIMITED QTY","LIMITED QTY","121.66"
"PF6515F","IN STOCK","IN STOCK","IN STOCK","86.66"
"PF6516","LIMITED QTY","LIMITED QTY","IN STOCK","88.66"
"PF6517","IN STOCK","IN STOCK","IN STOCK","172.66"
"PF6517F","OUT OF STOCK","OUT OF STOCK","OUT OF STOCK","172.66"
"PF6518","IN STOCK","IN STOCK","IN STOCK","119.66"
"PF6519","IN STOCK","IN STOCK","IN STOCK","129.66"
"PF6520","IN STOCK","IN STOCK","IN STOCK","82.66"
"PF6521","LIMITED QTY","OUT OF STOCK","OUT OF STOCK","68.66"
"PF6522","IN STOCK","IN STOCK","IN STOCK","173.66"
"PF6523","IN STOCK","IN STOCK","IN STOCK","126.66"
"PF7101","LIMITED QTY","OUT OF STOCK","LIMITED QTY","77.66"
"PF7103","LIMITED QTY","OUT OF STOCK","OUT OF STOCK","73.66"
"PF7105","LIMITED QTY","OUT OF STOCK","OUT OF STOCK","52.66"
"PF7108","LIMITED QTY","LIMITED QTY","OUT OF STOCK","49.66"
"PF7109","OUT OF STOCK","OUT OF STOCK","OUT OF STOCK","53.66"
"PF7111","IN STOCK","IN STOCK","IN STOCK","82.66"
"PF7121","LIMITED QTY","LIMITED QTY","LIMITED QTY","82.66"
"PF7124","LIMITED QTY","OUT OF STOCK","OUT OF STOCK","47.66"
"PF7127","LIMITED QTY","LIMITED QTY","LIMITED QTY","74.66"
"PF7151","LIMITED QTY","LIMITED QTY","LIMITED QTY","99.66"
"PF7152","IN STOCK","LIMITED QTY","LIMITED QTY","122.66"
"PF7153","OUT OF STOCK","OUT OF STOCK","OUT OF STOCK","122.66"
"PF7154","IN STOCK","IN STOCK","IN STOCK","82.66"
"PF7155","IN STOCK","LIMITED QTY","LIMITED QTY","79.66"
"PF71611","IN STOCK","IN STOCK","IN STOCK","82.66"
"PF7202","OUT OF STOCK","OUT OF STOCK","OUT OF STOCK","51.66"
"PF72151","LIMITED QTY","LIMITED QTY","OUT OF STOCK","132.66"
"PF72152","OUT OF STOCK","OUT OF STOCK","OUT OF STOCK","123.66"
"PF72153","LIMITED QTY","LIMITED QTY","LIMITED QTY","119.66"
"PF72157","IN STOCK","LIMITED QTY","IN STOCK","72.66"
"PF72158","IN STOCK","IN STOCK","IN STOCK","102.66"
"PF72159","LIMITED QTY","LIMITED QTY","IN STOCK","169.66"
"PF7301","LIMITED QTY","OUT OF STOCK","OUT OF STOCK","49.66"
"PF7303","IN STOCK","LIMITED QTY","LIMITED QTY","43.66"
"PF73031","OUT OF STOCK","OUT OF STOCK","OUT OF STOCK","101.66"
"PF7317","IN STOCK","LIMITED QTY","LIMITED QTY","71.66"
"PF73171","IN STOCK","IN STOCK","IN STOCK","87.66"
"PF73173","IN STOCK","IN STOCK","OUT OF STOCK","87.66"
"PF7319","LIMITED QTY","LIMITED QTY","LIMITED QTY","73.66"
"PF7320","IN STOCK","LIMITED QTY","IN STOCK","72.66"
"PF7322","IN STOCK","IN STOCK","IN STOCK","92.66"
"PF7323","IN STOCK","IN STOCK","IN STOCK","102.66"
"PF7324","LIMITED QTY","IN STOCK","LIMITED QTY","132.66"
"PF7325","IN STOCK","IN STOCK","IN STOCK","232.66"
"PF7326","LIMITED QTY","IN STOCK","LIMITED QTY","179.66"
"PF7351","IN STOCK","IN STOCK","IN STOCK","69.66"
"PF7352","IN STOCK","IN STOCK","IN STOCK","74.66"
"PF73531","IN STOCK","LIMITED QTY","LIMITED QTY","93.66"
"PF73532","IN STOCK","IN STOCK","IN STOCK","78.66"
"PF73533","IN STOCK","IN STOCK","LIMITED QTY","92.66"
"PF73534","LIMITED QTY","LIMITED QTY","LIMITED QTY","122.66"
"PF73535","IN STOCK","IN STOCK","LIMITED QTY","85.66"
"PF73536","IN STOCK","IN STOCK","IN STOCK","62.66"
"PF73538","IN STOCK","IN STOCK","IN STOCK","83.66"
"PF73539","IN STOCK","IN STOCK","IN STOCK","132.66"
"PF7355","IN STOCK","IN STOCK","IN STOCK","87.66"
"PF7394","IN STOCK","LIMITED QTY","LIMITED QTY","82.66"
"PF7395","IN STOCK","LIMITED QTY","IN STOCK","92.66"
"PF73951","LIMITED QTY","LIMITED QTY","OUT OF STOCK","132.66"
"PF73953","LIMITED QTY","LIMITED QTY","OUT OF STOCK","122.66"
"PF73954","LIMITED QTY","LIMITED QTY","IN STOCK","108.66"
"PF7396","LIMITED QTY","LIMITED QTY","OUT OF STOCK","98.66"
"PF7397","LIMITED QTY","LIMITED QTY","LIMITED QTY","102.66"
"PF7398","LIMITED QTY","LIMITED QTY","OUT OF STOCK","79.66"
"PF7399","LIMITED QTY","LIMITED QTY","OUT OF STOCK","92.66"
"PF74021","LIMITED QTY","LIMITED QTY","LIMITED QTY","69.66"
"PF7411","LIMITED QTY","LIMITED QTY","OUT OF STOCK","57.66"
"PF7413","LIMITED QTY","LIMITED QTY","LIMITED QTY","49.66"
"PF7415","IN STOCK","LIMITED QTY","LIMITED QTY","58.66"
"PF7416","IN STOCK","LIMITED QTY","LIMITED QTY","63.66"
"PF7441","IN STOCK","IN STOCK","OUT OF STOCK","52.66"
"PF7442","LIMITED QTY","LIMITED QTY","LIMITED QTY","119.66"
"PF7443","LIMITED QTY","LIMITED QTY","LIMITED QTY","69.66"
"PF74431","LIMITED QTY","OUT OF STOCK","OUT OF STOCK","65.66"
"PF74433","IN STOCK","LIMITED QTY","LIMITED QTY","58.66"
"PF7452","OUT OF STOCK","OUT OF STOCK","OUT OF STOCK","61.66"
"PF7454","OUT OF STOCK","OUT OF STOCK","OUT OF STOCK","61.66"
"PF74851","IN STOCK","IN STOCK","IN STOCK","82.66"
"PF74852","IN STOCK","IN STOCK","LIMITED QTY","68.66"
"PF74853","IN STOCK","IN STOCK","IN STOCK","68.66"
"PF74854","OUT OF STOCK","OUT OF STOCK","OUT OF STOCK","373.66"
"PF7501","LIMITED QTY","OUT OF STOCK","OUT OF STOCK","57.66"
"PF7502","LIMITED QTY","LIMITED QTY","OUT OF STOCK","57.66"
"PF7601","LIMITED QTY","LIMITED QTY","LIMITED QTY","75.66"
"PF7602","LIMITED QTY","OUT OF STOCK","OUT OF STOCK","55.66"
"PF7603","OUT OF STOCK","OUT OF STOCK","OUT OF STOCK","53.66"
"PF7604","IN STOCK","LIMITED QTY","LIMITED QTY","79.66"
"PF76041","IN STOCK","LIMITED QTY","LIMITED QTY","73.66"
"PF7605","IN STOCK","LIMITED QTY","LIMITED QTY","89.66"
"PF7607","LIMITED QTY","LIMITED QTY","LIMITED QTY","92.66"
"PF7801","IN STOCK","LIMITED QTY","LIMITED QTY","57.66"
"PF7802","LIMITED QTY","LIMITED QTY","OUT OF STOCK","82.66"
"PF7805","LIMITED QTY","LIMITED QTY","OUT OF STOCK","59.66"
"PF7821","LIMITED QTY","LIMITED QTY","LIMITED QTY","69.66"
"PF7823","LIMITED QTY","LIMITED QTY","LIMITED QTY","77.66"
"PF7825","LIMITED QTY","LIMITED QTY","LIMITED QTY","122.66"
"PF78251","IN STOCK","LIMITED QTY","IN STOCK","99.66"
"PF78252","LIMITED QTY","OUT OF STOCK","OUT OF STOCK","142.66"
"PF7900","IN STOCK","IN STOCK","IN STOCK","108.66"
"PF79001F","IN STOCK","IN STOCK","IN STOCK","83.66"
"PF79002","IN STOCK","LIMITED QTY","IN STOCK","76.66"
"PF79003","IN STOCK","LIMITED QTY","LIMITED QTY","169.66"
"PF79004","IN STOCK","OUT OF STOCK","LIMITED QTY","72.66"
"PF79005","LIMITED QTY","OUT OF STOCK","LIMITED QTY","99.66"
"PF79006","IN STOCK","IN STOCK","IN STOCK","166.66"
"PF7901","LIMITED QTY","OUT OF STOCK","OUT OF STOCK","153.66"
"PF7902","IN STOCK","IN STOCK","IN STOCK","116.66"
"PF7903","IN STOCK","LIMITED QTY","IN STOCK","52.66"
"PF7904","IN STOCK","IN STOCK","IN STOCK","92.66"
"PF7906","IN STOCK","IN STOCK","IN STOCK","57.66"
"PF7906F","IN STOCK","IN STOCK","LIMITED QTY","63.66"
"PF7908","IN STOCK","IN STOCK","IN STOCK","71.66"
"PF7910","IN STOCK","IN STOCK","LIMITED QTY","62.66"
"PF7911","LIMITED QTY","LIMITED QTY","LIMITED QTY","78.66"
"PF7912","IN STOCK","IN STOCK","IN STOCK","64.66"
"PF82000","LIMITED QTY","LIMITED QTY","LIMITED QTY","67.66"
"PF82001","LIMITED QTY","LIMITED QTY","LIMITED QTY","116.66"
"PF82002","IN STOCK","LIMITED QTY","LIMITED QTY","108.66"
"PF82002F","LIMITED QTY","LIMITED QTY","LIMITED QTY","112.66"
"PF82005","LIMITED QTY","LIMITED QTY","LIMITED QTY","268.66"
"PF82006","IN STOCK","LIMITED QTY","LIMITED QTY","158.66"
"PF82007","IN STOCK","IN STOCK","IN STOCK","162.66"
"PF82008","LIMITED QTY","IN STOCK","OUT OF STOCK","167.66"
"PF82009F","IN STOCK","IN STOCK","IN STOCK","163.66"
"PF8201","LIMITED QTY","LIMITED QTY","LIMITED QTY","82.66"
"PF82010","OUT OF STOCK","OUT OF STOCK","OUT OF STOCK","306.66"
"PF82011","LIMITED QTY","LIMITED QTY","OUT OF STOCK","283.66"
"PF82012","LIMITED QTY","LIMITED QTY","OUT OF STOCK","107.66"
"PF82013","LIMITED QTY","LIMITED QTY","LIMITED QTY","209.66"
"PF82014","IN STOCK","LIMITED QTY","LIMITED QTY","113.66"
"PF82015","IN STOCK","LIMITED QTY","LIMITED QTY","178.66"
"PF82016","LIMITED QTY","LIMITED QTY","LIMITED QTY","292.66"
"PF82017","OUT OF STOCK","OUT OF STOCK","OUT OF STOCK","338.66"
"PF82018","LIMITED QTY","LIMITED QTY","LIMITED QTY","228.66"
"PF82019","IN STOCK","LIMITED QTY","LIMITED QTY","183.66"
"PF82020","LIMITED QTY","OUT OF STOCK","OUT OF STOCK","268.66"
"PF8203","LIMITED QTY","LIMITED QTY","LIMITED QTY","72.66"
"PF8213","LIMITED QTY","LIMITED QTY","LIMITED QTY","93.66"
"PF82131","IN STOCK","LIMITED QTY","LIMITED QTY","59.66"
"PF82132","LIMITED QTY","LIMITED QTY","OUT OF STOCK","76.66"
"PF82133","LIMITED QTY","LIMITED QTY","LIMITED QTY","82.66"
"PF82134","IN STOCK","IN STOCK","LIMITED QTY","62.66"
"PF82135","LIMITED QTY","LIMITED QTY","LIMITED QTY","186.66"
"PF82229","IN STOCK","LIMITED QTY","LIMITED QTY","114.66"
"PF82230","IN STOCK","IN STOCK","LIMITED QTY","212.66"
"PF82231","LIMITED QTY","LIMITED QTY","LIMITED QTY","253.66"
"PF82232","LIMITED QTY","LIMITED QTY","LIMITED QTY","113.66"
"PF82233","LIMITED QTY","OUT OF STOCK","OUT OF STOCK","129.66"
"PF82234","LIMITED QTY","OUT OF STOCK","OUT OF STOCK","119.66"
"PF82235","LIMITED QTY","OUT OF STOCK","OUT OF STOCK","273.66"
"PF82236","LIMITED QTY","OUT OF STOCK","OUT OF STOCK","233.66"
"PF82241","IN STOCK","IN STOCK","LIMITED QTY","168.66"
"PF82241F","LIMITED QTY","LIMITED QTY","LIMITED QTY","188.66"
"PF82242","LIMITED QTY","LIMITED QTY","OUT OF STOCK","308.66"
"PF83000","IN STOCK","LIMITED QTY","LIMITED QTY","118.66"
"PF83002","LIMITED QTY","LIMITED QTY","LIMITED QTY","182.66"
"PF83003","IN STOCK","IN STOCK","IN STOCK","128.66"
"PF83005","LIMITED QTY","OUT OF STOCK","OUT OF STOCK","323.66"
"PF83006","IN STOCK","IN STOCK","IN STOCK","164.66"
"PF83007","LIMITED QTY","OUT OF STOCK","OUT OF STOCK","193.66"
"PF83008","LIMITED QTY","LIMITED QTY","LIMITED QTY","318.66"
"PF83019","LIMITED QTY","LIMITED QTY","LIMITED QTY","263.66"
"PF8302","LIMITED QTY","OUT OF STOCK","OUT OF STOCK","333.66"
"PF8303","LIMITED QTY","LIMITED QTY","OUT OF STOCK","193.66"
"PF8304","IN STOCK","IN STOCK","OUT OF STOCK","159.66"
"PF8305","OUT OF STOCK","OUT OF STOCK","OUT OF STOCK","58.66"
"PF8306","OUT OF STOCK","OUT OF STOCK","OUT OF STOCK","59.66"
"PF8307","IN STOCK","LIMITED QTY","LIMITED QTY","243.66"
"PF8308","IN STOCK","IN STOCK","LIMITED QTY","243.66"
"PF8309","LIMITED QTY","LIMITED QTY","LIMITED QTY","212.66"
"PF8310","IN STOCK","IN STOCK","IN STOCK","113.66"
"PF84018","LIMITED QTY","OUT OF STOCK","OUT OF STOCK","37.66"
"PF84021","IN STOCK","IN STOCK","IN STOCK","84.66"
"PF84024","IN STOCK","IN STOCK","IN STOCK","189.66"
"PF84025","IN STOCK","IN STOCK","IN STOCK","186.66"
"PF84026","IN STOCK","LIMITED QTY","LIMITED QTY","158.66"
"PF84119","OUT OF STOCK","OUT OF STOCK","OUT OF STOCK","119.66"
"PF84120","LIMITED QTY","LIMITED QTY","LIMITED QTY","99.66"
"PF84121","LIMITED QTY","OUT OF STOCK","OUT OF STOCK","129.66"
"PF84123","IN STOCK","IN STOCK","LIMITED QTY","98.66"
"PF84124","LIMITED QTY","LIMITED QTY","IN STOCK","99.66"
"PF84125","IN STOCK","IN STOCK","IN STOCK","148.66"
"PF84126","IN STOCK","LIMITED QTY","LIMITED QTY","192.66"
"PF84303","IN STOCK","LIMITED QTY","LIMITED QTY","39.66"
"PF8501","LIMITED QTY","OUT OF STOCK","LIMITED QTY","97.66"
"PF8502","LIMITED QTY","LIMITED QTY","LIMITED QTY","41.66"
"PF85022","IN STOCK","LIMITED QTY","LIMITED QTY","43.66"
"PF8503","IN STOCK","LIMITED QTY","LIMITED QTY","92.66"
"PF85031","IN STOCK","LIMITED QTY","LIMITED QTY","85.66"
"PF85036","LIMITED QTY","LIMITED QTY","LIMITED QTY","183.66"
"PF8505","LIMITED QTY","LIMITED QTY","LIMITED QTY","121.66"
"PF8506","LIMITED QTY","LIMITED QTY","OUT OF STOCK","135.66"
"PF8507","LIMITED QTY","OUT OF STOCK","OUT OF STOCK","568.66"
"PF8508","LIMITED QTY","IN STOCK","OUT OF STOCK","153.66"
"PF8509","OUT OF STOCK","OUT OF STOCK","OUT OF STOCK","948.66"
"PF8510","LIMITED QTY","LIMITED QTY","LIMITED QTY","208.66"
"PF8511","IN STOCK","LIMITED QTY","LIMITED QTY","87.66"
"PF8512","IN STOCK","LIMITED QTY","LIMITED QTY","298.66"
"PF8513","OUT OF STOCK","OUT OF STOCK","OUT OF STOCK","248.66"
"PF8514","OUT OF STOCK","OUT OF STOCK","OUT OF STOCK","458.66"
"PF85141","IN STOCK","IN STOCK","IN STOCK","108.66"
"PF851412","IN STOCK","IN STOCK","IN STOCK","118.66"
"PF851413","IN STOCK","IN STOCK","LIMITED QTY","129.66"
"PF851414","LIMITED QTY","LIMITED QTY","OUT OF STOCK","193.66"
"PF85142","IN STOCK","IN STOCK","IN STOCK","133.66"
"PF85143","IN STOCK","LIMITED QTY","LIMITED QTY","152.66"
"PF85144","LIMITED QTY","OUT OF STOCK","OUT OF STOCK","165.66"
"PF8516","IN STOCK","LIMITED QTY","IN STOCK","184.66"
"PF8517","IN STOCK","LIMITED QTY","LIMITED QTY","522.66"
"PF8518","LIMITED QTY","OUT OF STOCK","OUT OF STOCK","478.66"
"PF8519","IN STOCK","LIMITED QTY","LIMITED QTY","225.66"
"PF8601","LIMITED QTY","LIMITED QTY","LIMITED QTY","151.66"
"PF87001","IN STOCK","LIMITED QTY","LIMITED QTY","119.66"
"PF87002","IN STOCK","LIMITED QTY","LIMITED QTY","142.66"
"PHC0001","IN STOCK","LIMITED QTY","LIMITED QTY","61.66"
"PHC0002","LIMITED QTY","OUT OF STOCK","OUT OF STOCK","61.66"
"PHC0003","IN STOCK","OUT OF STOCK","LIMITED QTY","63.66"
"PHC0004","IN STOCK","LIMITED QTY","LIMITED QTY","64.66"
"PHC0005","LIMITED QTY","OUT OF STOCK","OUT OF STOCK","79.66"
"PHC0006","IN STOCK","LIMITED QTY","LIMITED QTY","57.66"
"PHC0007","IN STOCK","LIMITED QTY","LIMITED QTY","62.66"
"PHC0008","LIMITED QTY","OUT OF STOCK","LIMITED QTY","69.66"
"PHC0009","IN STOCK","LIMITED QTY","LIMITED QTY","59.66"
"PHC0010","LIMITED QTY","OUT OF STOCK","OUT OF STOCK","61.66"
"PHC0011","LIMITED QTY","OUT OF STOCK","OUT OF STOCK","67.66"
"PHC0012","IN STOCK","LIMITED QTY","LIMITED QTY","61.66"
"PHC0013","LIMITED QTY","OUT OF STOCK","OUT OF STOCK","69.66"
"PHC0014","LIMITED QTY","OUT OF STOCK","OUT OF STOCK","69.66"
"PHC0015","LIMITED QTY","OUT OF STOCK","OUT OF STOCK","69.66"
"PHC0016","IN STOCK","LIMITED QTY","LIMITED QTY","82.66"
"PHC0017","LIMITED QTY","OUT OF STOCK","OUT OF STOCK","79.66"
"PHC0018","LIMITED QTY","OUT OF STOCK","OUT OF STOCK","65.66"
"PHC0019","LIMITED QTY","OUT OF STOCK","LIMITED QTY","72.66"
"PHC0065","OUT OF STOCK","OUT OF STOCK","OUT OF STOCK","63.66"
"PHR0023","LIMITED QTY","OUT OF STOCK","OUT OF STOCK","318.66"
"PIC001","IN STOCK","IN STOCK","IN STOCK","83.66"
"PIC002","IN STOCK","LIMITED QTY","LIMITED QTY","57.66"
"PIC003","LIMITED QTY","LIMITED QTY","OUT OF STOCK","278.66"
"PIC005","IN STOCK","IN STOCK","IN STOCK","213.66"
"PIC006","LIMITED QTY","LIMITED QTY","OUT OF STOCK","92.66"
"PIC007","IN STOCK","LIMITED QTY","LIMITED QTY","71.66"
"PIC008","IN STOCK","LIMITED QTY","LIMITED QTY","63.66"
"PIC009","IN STOCK","LIMITED QTY","LIMITED QTY","143.66"
"PIC010","IN STOCK","LIMITED QTY","LIMITED QTY","143.66"
"PIC011","OUT OF STOCK","LIMITED QTY","LIMITED QTY","524.66"
"PIC012","IN STOCK","IN STOCK","IN STOCK","239.66"
"PIC013","LIMITED QTY","OUT OF STOCK","LIMITED QTY","184.66"
"PIC014","IN STOCK","LIMITED QTY","LIMITED QTY","173.66"
"PIC015","OUT OF STOCK","OUT OF STOCK","OUT OF STOCK","98.66"
"PIC017","LIMITED QTY","LIMITED QTY","LIMITED QTY","263.66"
"PIC018","IN STOCK","IN STOCK","IN STOCK","203.66"
"PIC019","IN STOCK","IN STOCK","IN STOCK","228.66"
"PIC020","IN STOCK","IN STOCK","IN STOCK","123.66"
"PIC021","IN STOCK","LIMITED QTY","LIMITED QTY","69.66"
"PIC022","LIMITED QTY","OUT OF STOCK","LIMITED QTY","191.66"
"PIC023","LIMITED QTY","LIMITED QTY","OUT OF STOCK","183.66"
"PIC024","IN STOCK","LIMITED QTY","LIMITED QTY","68.66"
"PIC025","IN STOCK","IN STOCK","IN STOCK","102.66"
"PIC027","IN STOCK","IN STOCK","LIMITED QTY","88.66"
"PIC028","IN STOCK","LIMITED QTY","LIMITED QTY","75.66"
"PIC029","IN STOCK","IN STOCK","IN STOCK","75.66"
"PIC030","IN STOCK","LIMITED QTY","LIMITED QTY","132.66"
"PIC031","IN STOCK","LIMITED QTY","LIMITED QTY","68.66"
"PIC032","IN STOCK","LIMITED QTY","LIMITED QTY","82.66"
"PIC033","IN STOCK","IN STOCK","IN STOCK","124.66"
"PIC034","IN STOCK","LIMITED QTY","LIMITED QTY","93.66"
"PIC035","IN STOCK","IN STOCK","IN STOCK","123.66"
"PIC036","IN STOCK","IN STOCK","LIMITED QTY","86.66"
"PIC037","IN STOCK","LIMITED QTY","LIMITED QTY","92.66"
"PIC038","LIMITED QTY","OUT OF STOCK","OUT OF STOCK","183.66"
"PIC040","LIMITED QTY","LIMITED QTY","LIMITED QTY","192.66"
"PIC041","IN STOCK","LIMITED QTY","LIMITED QTY","68.66"
"PIC042","LIMITED QTY","LIMITED QTY","LIMITED QTY","102.66"
"PIC043","IN STOCK","IN STOCK","LIMITED QTY","88.66"
"PIC046","IN STOCK","IN STOCK","LIMITED QTY","92.66"
"PIC047","LIMITED QTY","LIMITED QTY","LIMITED QTY","93.66"
"PIC048","IN STOCK","LIMITED QTY","LIMITED QTY","62.66"
"PIC049","LIMITED QTY","LIMITED QTY","LIMITED QTY","143.66"
"PIC050","IN STOCK","IN STOCK","IN STOCK","115.66"
"PIC051","IN STOCK","LIMITED QTY","LIMITED QTY","78.66"
"PIC052","IN STOCK","IN STOCK","LIMITED QTY","88.66"
"PIC053","LIMITED QTY","LIMITED QTY","LIMITED QTY","85.66"
"PIC054","IN STOCK","LIMITED QTY","LIMITED QTY","79.66"
"PIC055","IN STOCK","IN STOCK","IN STOCK","73.66"
"PIC057","IN STOCK","IN STOCK","IN STOCK","113.66"
"PIC059","IN STOCK","LIMITED QTY","LIMITED QTY","112.66"
"PIC060","IN STOCK","LIMITED QTY","LIMITED QTY","82.66"
"PIC062","LIMITED QTY","OUT OF STOCK","OUT OF STOCK","133.66"
"PIC063","LIMITED QTY","OUT OF STOCK","OUT OF STOCK","142.66"
"PIC064","IN STOCK","LIMITED QTY","LIMITED QTY","118.66"
"PIC065","IN STOCK","LIMITED QTY","LIMITED QTY","92.66"
"PIC068","IN STOCK","LIMITED QTY","LIMITED QTY","133.66"
"PIC069","IN STOCK","LIMITED QTY","LIMITED QTY","122.66"
"PIC071","IN STOCK","LIMITED QTY","LIMITED QTY","103.66"
"PIC072","LIMITED QTY","LIMITED QTY","OUT OF STOCK","153.66"
"PIC075","IN STOCK","LIMITED QTY","LIMITED QTY","82.66"
"PIC076","LIMITED QTY","IN STOCK","IN STOCK","195.66"
"PIC077","LIMITED QTY","LIMITED QTY","LIMITED QTY","173.66"
"PIC078","LIMITED QTY","OUT OF STOCK","OUT OF STOCK","48.66"
"PIC079","IN STOCK","LIMITED QTY","LIMITED QTY","95.66"
"PIC081","LIMITED QTY","LIMITED QTY","LIMITED QTY","113.66"
"PIC082","IN STOCK","IN STOCK","IN STOCK","92.66"
"PIC083","IN STOCK","IN STOCK","IN STOCK","92.66"
"PIC084","IN STOCK","IN STOCK","IN STOCK","82.66"
"PIC085","IN STOCK","IN STOCK","IN STOCK","102.66"
"PIC086","IN STOCK","LIMITED QTY","LIMITED QTY","71.66"
"PIC087","IN STOCK","IN STOCK","IN STOCK","123.66"
"PIC088","IN STOCK","LIMITED QTY","LIMITED QTY","93.66"
"PIC089","IN STOCK","LIMITED QTY","IN STOCK","96.66"
"PIC090","IN STOCK","IN STOCK","IN STOCK","93.66"
"PIC093","IN STOCK","IN STOCK","LIMITED QTY","222.66"
"PIC094","IN STOCK","LIMITED QTY","LIMITED QTY","112.66"
"PIC095","IN STOCK","LIMITED QTY","LIMITED QTY","108.66"
"PIC096","IN STOCK","LIMITED QTY","LIMITED QTY","103.66"
"PIC097","IN STOCK","LIMITED QTY","LIMITED QTY","163.66"
"PIC099","IN STOCK","LIMITED QTY","LIMITED QTY","103.66"
"PIC101","IN STOCK","IN STOCK","IN STOCK","79.66"
"PIC102","IN STOCK","LIMITED QTY","LIMITED QTY","92.66"
"PIC104","IN STOCK","IN STOCK","IN STOCK","85.66"
"PIC106","IN STOCK","IN STOCK","IN STOCK","98.66"
"PIC107","IN STOCK","IN STOCK","IN STOCK","119.66"
"PIC108","LIMITED QTY","LIMITED QTY","LIMITED QTY","192.66"
"PIC109","LIMITED QTY","LIMITED QTY","LIMITED QTY","191.66"
"PIC110","LIMITED QTY","LIMITED QTY","OUT OF STOCK","243.66"
"PIC112","IN STOCK","IN STOCK","IN STOCK","122.66"
"PIC113","IN STOCK","LIMITED QTY","LIMITED QTY","122.66"
"PIC114","IN STOCK","LIMITED QTY","LIMITED QTY","145.66"
"PIC115","LIMITED QTY","IN STOCK","LIMITED QTY","159.66"
"PIC116","IN STOCK","IN STOCK","IN STOCK","68.66"
"PIC117","LIMITED QTY","OUT OF STOCK","OUT OF STOCK","155.66"
"PIC118","IN STOCK","IN STOCK","IN STOCK","78.66"
"PIC119","LIMITED QTY","IN STOCK","LIMITED QTY","96.66"
"PIC120","IN STOCK","LIMITED QTY","LIMITED QTY","84.66"
"PIC121","IN STOCK","LIMITED QTY","LIMITED QTY","91.66"
"PIC123","OUT OF STOCK","OUT OF STOCK","OUT OF STOCK","408.66"
"PIC124","LIMITED QTY","OUT OF STOCK","OUT OF STOCK","271.66"
"PIC125","LIMITED QTY","LIMITED QTY","OUT OF STOCK","233.66"
"PIC126","IN STOCK","IN STOCK","LIMITED QTY","102.66"
"PIC127","IN STOCK","LIMITED QTY","IN STOCK","85.66"
"PIC128","IN STOCK","IN STOCK","IN STOCK","112.66"
"PIC129","IN STOCK","LIMITED QTY","LIMITED QTY","123.66"
"PIC134","LIMITED QTY","LIMITED QTY","LIMITED QTY","235.66"
"PIC136","IN STOCK","LIMITED QTY","LIMITED QTY","155.66"
"PIC137","IN STOCK","IN STOCK","LIMITED QTY","152.66"
"PIC138","IN STOCK","LIMITED QTY","LIMITED QTY","79.66"
"PIC139","IN STOCK","IN STOCK","IN STOCK","82.66"
"PIC140","OUT OF STOCK","OUT OF STOCK","OUT OF STOCK","129.66"
"PIC141","LIMITED QTY","LIMITED QTY","LIMITED QTY","239.66"
"PIC142","IN STOCK","LIMITED QTY","LIMITED QTY","79.66"
"PIC143","IN STOCK","IN STOCK","IN STOCK","163.66"
"PIC144","IN STOCK","IN STOCK","IN STOCK","252.66"
"PIC145","IN STOCK","LIMITED QTY","OUT OF STOCK","148.66"
"PIC146","LIMITED QTY","LIMITED QTY","OUT OF STOCK","313.66"
"PIC147","LIMITED QTY","LIMITED QTY","LIMITED QTY","119.66"
"PIC148","LIMITED QTY","LIMITED QTY","LIMITED QTY","62.66"
"PIC149","IN STOCK","IN STOCK","IN STOCK","60.66"
"PIC150","IN STOCK","IN STOCK","IN STOCK","92.66"
"PIC151","IN STOCK","LIMITED QTY","LIMITED QTY","173.66"
"PIC152","IN STOCK","LIMITED QTY","LIMITED QTY","276.66"
"PIC153","OUT OF STOCK","OUT OF STOCK","OUT OF STOCK","192.66"
"PIC154","LIMITED QTY","LIMITED QTY","LIMITED QTY","131.66"
"PIC155","IN STOCK","IN STOCK","IN STOCK","112.66"
"PIC156","IN STOCK","IN STOCK","IN STOCK","99.66"
"PIC157","IN STOCK","OUT OF STOCK","IN STOCK","87.66"
"PIC158","IN STOCK","IN STOCK","LIMITED QTY","148.66"
"PIC159","LIMITED QTY","LIMITED QTY","LIMITED QTY","112.66"
"PIC160","IN STOCK","IN STOCK","LIMITED QTY","118.66"
"PIC161","IN STOCK","LIMITED QTY","LIMITED QTY","99.66"
"PIC162","IN STOCK","IN STOCK","IN STOCK","77.66"
"PIC163","LIMITED QTY","LIMITED QTY","LIMITED QTY","103.66"
"PIC164","OUT OF STOCK","OUT OF STOCK","OUT OF STOCK","168.66"
"PIC165","IN STOCK","IN STOCK","IN STOCK","72.66"
"PIC166","IN STOCK","IN STOCK","IN STOCK","89.66"
"PIC167","IN STOCK","LIMITED QTY","LIMITED QTY","103.66"
"PIC168","IN STOCK","LIMITED QTY","LIMITED QTY","169.66"
"PIC169","IN STOCK","IN STOCK","IN STOCK","133.66"
"PIC170","IN STOCK","IN STOCK","LIMITED QTY","128.66"
"PIC171","IN STOCK","IN STOCK","IN STOCK","93.66"
"PIC172","LIMITED QTY","LIMITED QTY","LIMITED QTY","123.66"
"PIC173","IN STOCK","IN STOCK","IN STOCK","67.66"
"PIC178","IN STOCK","LIMITED QTY","LIMITED QTY","138.66"
"PIC179","IN STOCK","LIMITED QTY","LIMITED QTY","107.66"
"PIC180","IN STOCK","LIMITED QTY","LIMITED QTY","87.66"
"PIC181","IN STOCK","LIMITED QTY","LIMITED QTY","153.66"
"PIC182","LIMITED QTY","OUT OF STOCK","OUT OF STOCK","129.66"
"PIC183","IN STOCK","LIMITED QTY","LIMITED QTY","112.66"
"PIC184","IN STOCK","LIMITED QTY","LIMITED QTY","99.66"
"PIC186","IN STOCK","LIMITED QTY","LIMITED QTY","172.66"
"PIC187","IN STOCK","LIMITED QTY","LIMITED QTY","143.66"
"PIC188","IN STOCK","LIMITED QTY","LIMITED QTY","109.66"
"PIC189","IN STOCK","LIMITED QTY","IN STOCK","103.66"
"PIC191","IN STOCK","IN STOCK","IN STOCK","82.66"
"PIC192","IN STOCK","LIMITED QTY","LIMITED QTY","98.66"
"PIC193","IN STOCK","LIMITED QTY","LIMITED QTY","128.66"
"PIC194","IN STOCK","IN STOCK","IN STOCK","178.66"
"PIC195","IN STOCK","IN STOCK","IN STOCK","123.66"
"PIC196","IN STOCK","LIMITED QTY","LIMITED QTY","118.66"
"PIC197","IN STOCK","LIMITED QTY","LIMITED QTY","98.66"
"PIC198","IN STOCK","IN STOCK","IN STOCK","265.66"
"PIC199","IN STOCK","IN STOCK","IN STOCK","122.66"
"PIC201","IN STOCK","IN STOCK","IN STOCK","102.66"
"PIC204","LIMITED QTY","LIMITED QTY","LIMITED QTY","92.66"
"PIC206","IN STOCK","LIMITED QTY","OUT OF STOCK","82.66"
"PIC208","LIMITED QTY","OUT OF STOCK","OUT OF STOCK","222.66"
"PIC209","LIMITED QTY","OUT OF STOCK","OUT OF STOCK","92.66"
"PIC210","IN STOCK","LIMITED QTY","LIMITED QTY","112.66"
"PIC211","IN STOCK","LIMITED QTY","LIMITED QTY","102.66"
"PIC212","LIMITED QTY","OUT OF STOCK","LIMITED QTY","102.66"
"PIC213","IN STOCK","LIMITED QTY","LIMITED QTY","102.66"
"PIC215","OUT OF STOCK","IN STOCK","LIMITED QTY","129.66"
"PIC216","IN STOCK","LIMITED QTY","LIMITED QTY","102.66"
"PIC218","LIMITED QTY","LIMITED QTY","LIMITED QTY","78.66"
"PIC219","OUT OF STOCK","OUT OF STOCK","OUT OF STOCK","87.66"
"PIC220","IN STOCK","LIMITED QTY","OUT OF STOCK","139.66"
"PIC221","LIMITED QTY","LIMITED QTY","LIMITED QTY","102.66"
"PIC222","OUT OF STOCK","OUT OF STOCK","OUT OF STOCK","102.66"
"PIC223","OUT OF STOCK","OUT OF STOCK","OUT OF STOCK","102.66"
"PIC224","LIMITED QTY","OUT OF STOCK","LIMITED QTY","108.66"
"PIC229","LIMITED QTY","OUT OF STOCK","OUT OF STOCK","87.66"
"PIC230","IN STOCK","LIMITED QTY","LIMITED QTY","99.66"
"PIC231","LIMITED QTY","LIMITED QTY","OUT OF STOCK","99.66"
"PIC232","LIMITED QTY","LIMITED QTY","OUT OF STOCK","119.66"
"PIC827","IN STOCK","LIMITED QTY","LIMITED QTY","102.66"
"PIC828","IN STOCK","LIMITED QTY","LIMITED QTY","142.66"
"POC003","IN STOCK","LIMITED QTY","LIMITED QTY","65.66"
"POC004","IN STOCK","IN STOCK","IN STOCK","62.66"
"POC005","IN STOCK","IN STOCK","LIMITED QTY","62.66"
"POC006","IN STOCK","LIMITED QTY","LIMITED QTY","41.66"
"POC007","LIMITED QTY","IN STOCK","LIMITED QTY","41.66"
"POC008","IN STOCK","IN STOCK","LIMITED QTY","41.66"
"POC009","IN STOCK","LIMITED QTY","LIMITED QTY","80.66"
"POC010","IN STOCK","LIMITED QTY","LIMITED QTY","53.66"
"POC011","IN STOCK","LIMITED QTY","LIMITED QTY","38.66"
"POC012","IN STOCK","LIMITED QTY","LIMITED QTY","67.66"
"POC013","IN STOCK","LIMITED QTY","LIMITED QTY","44.66"
"POC014","OUT OF STOCK","IN STOCK","IN STOCK","69.66"
"POC015","LIMITED QTY","LIMITED QTY","LIMITED QTY","82.66"
"POC016","LIMITED QTY","IN STOCK","LIMITED QTY","98.66"
"POC017","IN STOCK","LIMITED QTY","IN STOCK","52.66"
"POC018","IN STOCK","IN STOCK","LIMITED QTY","72.66"
"POC020","LIMITED QTY","LIMITED QTY","LIMITED QTY","87.66"
"POC021","LIMITED QTY","OUT OF STOCK","OUT OF STOCK","103.66"
"POC022","IN STOCK","LIMITED QTY","LIMITED QTY","94.66"
"POC023","LIMITED QTY","LIMITED QTY","LIMITED QTY","72.66"
"POC024","IN STOCK","LIMITED QTY","LIMITED QTY","123.66"
"POC025","IN STOCK","LIMITED QTY","LIMITED QTY","79.66"
"POC026","IN STOCK","LIMITED QTY","LIMITED QTY","78.66"
"POC027","IN STOCK","LIMITED QTY","LIMITED QTY","77.66"
"POC028","LIMITED QTY","IN STOCK","OUT OF STOCK","38.66"
"POC030","IN STOCK","LIMITED QTY","LIMITED QTY","31.66"
"POC031","IN STOCK","LIMITED QTY","LIMITED QTY","39.66"
"POC032","IN STOCK","LIMITED QTY","LIMITED QTY","62.66"
"POC033","LIMITED QTY","LIMITED QTY","LIMITED QTY","73.66"
"POC034","LIMITED QTY","LIMITED QTY","LIMITED QTY","69.66"
"POC035","IN STOCK","LIMITED QTY","LIMITED QTY","42.66"
"POC036","IN STOCK","IN STOCK","IN STOCK","43.66"
"POC037","IN STOCK","IN STOCK","LIMITED QTY","49.66"
"POC038","IN STOCK","IN STOCK","IN STOCK","38.66"
"POC039","IN STOCK","LIMITED QTY","LIMITED QTY","55.66"
"POC044","LIMITED QTY","LIMITED QTY","LIMITED QTY","41.66"
"POC046","IN STOCK","LIMITED QTY","LIMITED QTY","38.66"
"POC047","LIMITED QTY","IN STOCK","LIMITED QTY","43.66"
"POC048","LIMITED QTY","LIMITED QTY","LIMITED QTY","39.66"
"POC050","IN STOCK","LIMITED QTY","LIMITED QTY","67.66"
"POC051","IN STOCK","IN STOCK","LIMITED QTY","62.66"
"POC054","LIMITED QTY","LIMITED QTY","OUT OF STOCK","49.66"
"POC056","OUT OF STOCK","OUT OF STOCK","OUT OF STOCK","135.66"
"POC057","OUT OF STOCK","OUT OF STOCK","OUT OF STOCK","45.66"
"POC058","IN STOCK","LIMITED QTY","LIMITED QTY","113.66"
"POC059","LIMITED QTY","LIMITED QTY","LIMITED QTY","48.66"
"POC060","LIMITED QTY","LIMITED QTY","OUT OF STOCK","74.66"
"POC062","LIMITED QTY","LIMITED QTY","LIMITED QTY","82.66"
"POC063","IN STOCK","LIMITED QTY","IN STOCK","69.66"
"POC067","LIMITED QTY","LIMITED QTY","LIMITED QTY","43.66"
"POC068","LIMITED QTY","IN STOCK","LIMITED QTY","38.66"
"POC069","IN STOCK","IN STOCK","LIMITED QTY","92.66"
"POC070","IN STOCK","LIMITED QTY","LIMITED QTY","87.66"
"POC071","OUT OF STOCK","OUT OF STOCK","OUT OF STOCK","53.66"
"POC078","IN STOCK","LIMITED QTY","LIMITED QTY","37.66"
"POC080","IN STOCK","LIMITED QTY","LIMITED QTY","62.66"
"POC081","IN STOCK","LIMITED QTY","LIMITED QTY","28.66"
"POC082","OUT OF STOCK","OUT OF STOCK","OUT OF STOCK","53.66"
"POC086","IN STOCK","IN STOCK","LIMITED QTY","43.66"
"POC087","IN STOCK","IN STOCK","IN STOCK","46.66"
"POC088","IN STOCK","IN STOCK","LIMITED QTY","99.66"
"POC089","LIMITED QTY","LIMITED QTY","LIMITED QTY","87.66"
"POC092","IN STOCK","LIMITED QTY","LIMITED QTY","35.66"
"POC093","LIMITED QTY","LIMITED QTY","LIMITED QTY","44.66"
"POC095","IN STOCK","LIMITED QTY","LIMITED QTY","34.66"
"POC096","IN STOCK","LIMITED QTY","LIMITED QTY","38.66"
"POC101","LIMITED QTY","LIMITED QTY","LIMITED QTY","54.66"
"POC114","IN STOCK","LIMITED QTY","LIMITED QTY","103.66"
"POC116","LIMITED QTY","OUT OF STOCK","OUT OF STOCK","87.66"
"POC120","OUT OF STOCK","OUT OF STOCK","OUT OF STOCK","73.66"
"POC121","LIMITED QTY","LIMITED QTY","LIMITED QTY","69.66"
"POC122","IN STOCK","LIMITED QTY","LIMITED QTY","52.66"
"POC123","IN STOCK","LIMITED QTY","LIMITED QTY","52.66"
"POC124","IN STOCK","IN STOCK","IN STOCK","57.66"
"POC126","OUT OF STOCK","OUT OF STOCK","OUT OF STOCK","119.66"
"POC128","IN STOCK","LIMITED QTY","LIMITED QTY","72.66"
"POC129","LIMITED QTY","OUT OF STOCK","LIMITED QTY","52.66"
"POC130","LIMITED QTY","LIMITED QTY","LIMITED QTY","52.66"
"POC131","IN STOCK","IN STOCK","IN STOCK","38.66"
"POC132","LIMITED QTY","LIMITED QTY","LIMITED QTY","89.66"
"POC133","IN STOCK","LIMITED QTY","LIMITED QTY","132.66"
"POC134","IN STOCK","LIMITED QTY","LIMITED QTY","73.66"
"POC136","IN STOCK","LIMITED QTY","LIMITED QTY","48.66"
"POC138","LIMITED QTY","LIMITED QTY","OUT OF STOCK","62.66"
"POC141","OUT OF STOCK","OUT OF STOCK","OUT OF STOCK","223.66"
"POC142","IN STOCK","IN STOCK","IN STOCK","44.66"
"POC143","IN STOCK","IN STOCK","LIMITED QTY","72.66"
"POC144","IN STOCK","LIMITED QTY","LIMITED QTY","77.66"
"POC145","IN STOCK","LIMITED QTY","LIMITED QTY","41.66"
"POC147","IN STOCK","IN STOCK","LIMITED QTY","55.66"
"POC148","IN STOCK","IN STOCK","LIMITED QTY","42.66"
"POC149","LIMITED QTY","LIMITED QTY","LIMITED QTY","82.66"
"POC150","IN STOCK","IN STOCK","LIMITED QTY","71.66"
"POC153","LIMITED QTY","LIMITED QTY","LIMITED QTY","65.66"
"POC154","IN STOCK","IN STOCK","LIMITED QTY","75.66"
"POC155","IN STOCK","IN STOCK","LIMITED QTY","53.66"
"POC156","LIMITED QTY","LIMITED QTY","LIMITED QTY","102.66"
"POC157","IN STOCK","IN STOCK","IN STOCK","47.66"
"POC159","IN STOCK","IN STOCK","IN STOCK","112.66"
"POC160","LIMITED QTY","LIMITED QTY","LIMITED QTY","82.66"
"POC161","IN STOCK","LIMITED QTY","LIMITED QTY","89.66"
"POC162","OUT OF STOCK","IN STOCK","IN STOCK","132.66"
"POC163","IN STOCK","IN STOCK","IN STOCK","79.66"
"POC164","IN STOCK","LIMITED QTY","LIMITED QTY","117.66"
"POC165","LIMITED QTY","LIMITED QTY","LIMITED QTY","97.66"
"POC166","IN STOCK","IN STOCK","LIMITED QTY","113.66"
"POC168","IN STOCK","IN STOCK","LIMITED QTY","65.66"
"POC169","IN STOCK","LIMITED QTY","LIMITED QTY","89.66"
"POC170","IN STOCK","LIMITED QTY","LIMITED QTY","48.66"
"POC171","IN STOCK","LIMITED QTY","LIMITED QTY","62.66"
"POC172","IN STOCK","IN STOCK","IN STOCK","38.66"
"POC173","IN STOCK","LIMITED QTY","LIMITED QTY","78.66"
"POC174","IN STOCK","IN STOCK","LIMITED QTY","63.66"
"POC175","IN STOCK","IN STOCK","IN STOCK","57.66"
"POC176","IN STOCK","IN STOCK","IN STOCK","52.66"
"POC177","LIMITED QTY","LIMITED QTY","IN STOCK","82.66"
"POC178","IN STOCK","LIMITED QTY","LIMITED QTY","87.66"
"POC179","LIMITED QTY","LIMITED QTY","OUT OF STOCK","149.66"
"POC180","IN STOCK","IN STOCK","IN STOCK","92.66"
"POC181","IN STOCK","LIMITED QTY","LIMITED QTY","88.66"
"POC183","IN STOCK","LIMITED QTY","LIMITED QTY","82.66"
"POC184","IN STOCK","LIMITED QTY","LIMITED QTY","59.66"
"POC186","IN STOCK","LIMITED QTY","LIMITED QTY","53.66"
"POC194","IN STOCK","LIMITED QTY","LIMITED QTY","73.66"
"POC195","IN STOCK","IN STOCK","IN STOCK","52.66"
"POC197","OUT OF STOCK","OUT OF STOCK","OUT OF STOCK","213.66"
"POC200","IN STOCK","IN STOCK","LIMITED QTY","92.66"
"POC201","IN STOCK","IN STOCK","IN STOCK","87.66"
"POC202","IN STOCK","LIMITED QTY","LIMITED QTY","85.66"
"POC203","IN STOCK","IN STOCK","IN STOCK","127.66"
"POC204","IN STOCK","IN STOCK","LIMITED QTY","61.66"
"POC205","IN STOCK","IN STOCK","IN STOCK","44.66"
"POC206","IN STOCK","IN STOCK","IN STOCK","72.66"
"POC207","OUT OF STOCK","OUT OF STOCK","OUT OF STOCK","221.66"
"POC208","LIMITED QTY","IN STOCK","LIMITED QTY","99.66"
"POC209","IN STOCK","IN STOCK","IN STOCK","68.66"
"POC211","IN STOCK","LIMITED QTY","LIMITED QTY","79.66"
"POC212","LIMITED QTY","LIMITED QTY","LIMITED QTY","65.66"
"POC213","IN STOCK","LIMITED QTY","IN STOCK","62.66"
"POC214","IN STOCK","IN STOCK","IN STOCK","68.66"
"POC215","IN STOCK","LIMITED QTY","LIMITED QTY","133.66"
"POC216","OUT OF STOCK","OUT OF STOCK","OUT OF STOCK","172.66"
"POC217","IN STOCK","LIMITED QTY","LIMITED QTY","132.66"
"POC218","IN STOCK","LIMITED QTY","LIMITED QTY","78.66"
"POC219","LIMITED QTY","LIMITED QTY","LIMITED QTY","59.66"
"POC220","IN STOCK","LIMITED QTY","LIMITED QTY","73.66"
"POC221","LIMITED QTY","LIMITED QTY","LIMITED QTY","69.66"
"POC222","IN STOCK","LIMITED QTY","LIMITED QTY","69.66"
"POC223","IN STOCK","IN STOCK","IN STOCK","41.66"
"POC224","IN STOCK","LIMITED QTY","OUT OF STOCK","78.66"
"POC225","LIMITED QTY","LIMITED QTY","LIMITED QTY","69.66"
"POC226","IN STOCK","LIMITED QTY","LIMITED QTY","55.66"
"POC228","IN STOCK","IN STOCK","IN STOCK","45.66"
"POC229","LIMITED QTY","LIMITED QTY","LIMITED QTY","95.66"
"POC230","OUT OF STOCK","OUT OF STOCK","OUT OF STOCK","116.66"
"POC232","OUT OF STOCK","OUT OF STOCK","LIMITED QTY","122.66"
"POC233","LIMITED QTY","LIMITED QTY","OUT OF STOCK","122.66"
"POC234","IN STOCK","LIMITED QTY","LIMITED QTY","57.66"
"POC235","LIMITED QTY","LIMITED QTY","LIMITED QTY","42.66"
"POC237","IN STOCK","IN STOCK","LIMITED QTY","68.66"
"POC238","IN STOCK","IN STOCK","LIMITED QTY","72.66"
"POC239","OUT OF STOCK","OUT OF STOCK","OUT OF STOCK","93.66"
"POC240","OUT OF STOCK","OUT OF STOCK","OUT OF STOCK","213.66"
"POC241","OUT OF STOCK","OUT OF STOCK","OUT OF STOCK","193.66"
"POC242","OUT OF STOCK","OUT OF STOCK","OUT OF STOCK","68.66"
"POC246","LIMITED QTY","LIMITED QTY","LIMITED QTY","147.66"
"POC250","LIMITED QTY","OUT OF STOCK","OUT OF STOCK","72.66"
"POC253","IN STOCK","IN STOCK","IN STOCK","82.66"
"POC254","IN STOCK","IN STOCK","IN STOCK","78.66"
"POC255","IN STOCK","IN STOCK","LIMITED QTY","89.66"
"POC256","IN STOCK","LIMITED QTY","LIMITED QTY","84.66"
"POC257","LIMITED QTY","IN STOCK","LIMITED QTY","89.66"
"POC258","IN STOCK","IN STOCK","IN STOCK","52.66"
"POC259","IN STOCK","IN STOCK","IN STOCK","43.66"
"POC260","IN STOCK","IN STOCK","IN STOCK","93.66"
"POC261","LIMITED QTY","LIMITED QTY","LIMITED QTY","139.66"
"POC263","LIMITED QTY","OUT OF STOCK","OUT OF STOCK","102.66"
"POC265","LIMITED QTY","LIMITED QTY","LIMITED QTY","62.66"
"POC266","LIMITED QTY","LIMITED QTY","OUT OF STOCK","52.66"
"POC267","IN STOCK","IN STOCK","IN STOCK","65.66"
"POC268","IN STOCK","LIMITED QTY","LIMITED QTY","52.66"
"POC269","IN STOCK","IN STOCK","IN STOCK","62.66"
"POC272","IN STOCK","IN STOCK","LIMITED QTY","63.66"
"POC275","LIMITED QTY","OUT OF STOCK","OUT OF STOCK","243.66"
"POC277","IN STOCK","IN STOCK","IN STOCK","65.66"
"POC278","IN STOCK","IN STOCK","IN STOCK","41.66"
"POC279","IN STOCK","LIMITED QTY","LIMITED QTY","45.66"
"POC280","IN STOCK","LIMITED QTY","LIMITED QTY","35.66"
"POC281","IN STOCK","LIMITED QTY","LIMITED QTY","68.66"
"POC282","LIMITED QTY","LIMITED QTY","LIMITED QTY","51.66"
"POC283","IN STOCK","LIMITED QTY","LIMITED QTY","102.66"
"POC284","IN STOCK","LIMITED QTY","LIMITED QTY","99.66"
"POC285","IN STOCK","LIMITED QTY","LIMITED QTY","99.66"
"POC286","OUT OF STOCK","OUT OF STOCK","OUT OF STOCK","99.66"
"POC287","IN STOCK","IN STOCK","IN STOCK","55.66"
"POC288","LIMITED QTY","IN STOCK","IN STOCK","61.66"
"POC289","LIMITED QTY","LIMITED QTY","LIMITED QTY","61.66"
"POC290","IN STOCK","LIMITED QTY","LIMITED QTY","89.66"
"POC291","IN STOCK","LIMITED QTY","LIMITED QTY","61.66"
"POC292","OUT OF STOCK","OUT OF STOCK","OUT OF STOCK","49.66"
"POC293","IN STOCK","OUT OF STOCK","LIMITED QTY","102.66"
"POC295","OUT OF STOCK","OUT OF STOCK","OUT OF STOCK","158.66"
"POC296","LIMITED QTY","OUT OF STOCK","OUT OF STOCK","129.66"
"POC299","IN STOCK","LIMITED QTY","LIMITED QTY","78.66"
"POC300","OUT OF STOCK","OUT OF STOCK","OUT OF STOCK","87.66"
"POC301","LIMITED QTY","OUT OF STOCK","OUT OF STOCK","74.66"
"POC302","LIMITED QTY","OUT OF STOCK","OUT OF STOCK","89.66"
"POC303","LIMITED QTY","OUT OF STOCK","OUT OF STOCK","86.66"
"POC304","IN STOCK","OUT OF STOCK","OUT OF STOCK","71.66"
"POC305","LIMITED QTY","LIMITED QTY","LIMITED QTY","52.66"
"POC307","LIMITED QTY","LIMITED QTY","LIMITED QTY","102.66"
"POC802","IN STOCK","IN STOCK","LIMITED QTY","52.66"
"POC803","IN STOCK","LIMITED QTY","LIMITED QTY","47.66"
"POC806","LIMITED QTY","LIMITED QTY","LIMITED QTY","53.66"
"POC809","LIMITED QTY","LIMITED QTY","LIMITED QTY","108.66"
"POC813","LIMITED QTY","LIMITED QTY","LIMITED QTY","52.66"
"POC822","IN STOCK","LIMITED QTY","LIMITED QTY","128.66"
"POC823","LIMITED QTY","LIMITED QTY","LIMITED QTY","38.66"
"POC824","LIMITED QTY","LIMITED QTY","LIMITED QTY","49.66"
"POC825","OUT OF STOCK","OUT OF STOCK","OUT OF STOCK","59.66"
"POC827","IN STOCK","IN STOCK","IN STOCK","83.66"
"POC830","LIMITED QTY","OUT OF STOCK","LIMITED QTY","128.66"
"POC831","LIMITED QTY","OUT OF STOCK","OUT OF STOCK","118.66"
"POC832","LIMITED QTY","OUT OF STOCK","OUT OF STOCK","106.66"
"PR0010A","LIMITED QTY","LIMITED QTY","OUT OF STOCK","93.66"
"PR0011A","OUT OF STOCK","OUT OF STOCK","OUT OF STOCK","65.66"
"PR0012","LIMITED QTY","OUT OF STOCK","LIMITED QTY","472.66"
"PR0015A","LIMITED QTY","OUT OF STOCK","OUT OF STOCK","118.66"
"PR0019A","IN STOCK","LIMITED QTY","LIMITED QTY","69.66"
"PR0020","OUT OF STOCK","OUT OF STOCK","OUT OF STOCK","198.66"
"PR0021A","IN STOCK","LIMITED QTY","LIMITED QTY","128.66"
"PR0046A","LIMITED QTY","OUT OF STOCK","OUT OF STOCK","65.66"
"PR0048A","LIMITED QTY","LIMITED QTY","LIMITED QTY","63.66"
"PR0050A","LIMITED QTY","LIMITED QTY","IN STOCK","85.66"
"PR0068A","OUT OF STOCK","OUT OF STOCK","OUT OF STOCK","117.66"
"PR0078A","LIMITED QTY","LIMITED QTY","LIMITED QTY","86.66"
"PR0083A","OUT OF STOCK","OUT OF STOCK","OUT OF STOCK","132.66"
"PR0098F","LIMITED QTY","LIMITED QTY","LIMITED QTY","68.66"
"PR0109A","LIMITED QTY","LIMITED QTY","OUT OF STOCK","88.66"
"PR0138A","IN STOCK","LIMITED QTY","LIMITED QTY","92.66"
"PR0140A","LIMITED QTY","OUT OF STOCK","OUT OF STOCK","62.66"
"PR0142A","OUT OF STOCK","OUT OF STOCK","OUT OF STOCK","203.66"
"PR0145A","LIMITED QTY","LIMITED QTY","LIMITED QTY","57.66"
"PR0147A","LIMITED QTY","LIMITED QTY","LIMITED QTY","122.66"
"PR0161A","IN STOCK","LIMITED QTY","LIMITED QTY","68.66"
"PR0162A","IN STOCK","IN STOCK","IN STOCK","81.66"
"PR0165A","OUT OF STOCK","OUT OF STOCK","OUT OF STOCK","283.66"
"PR0169A","LIMITED QTY","LIMITED QTY","OUT OF STOCK","132.66"
"PR0170A","OUT OF STOCK","OUT OF STOCK","OUT OF STOCK","93.66"
"PR0177K","OUT OF STOCK","OUT OF STOCK","OUT OF STOCK","51.66"
"PR0178A","LIMITED QTY","LIMITED QTY","OUT OF STOCK","95.66"
"PR0180","LIMITED QTY","LIMITED QTY","OUT OF STOCK","243.66"
"PR0184A","LIMITED QTY","OUT OF STOCK","OUT OF STOCK","85.66"
"PR0204A","LIMITED QTY","OUT OF STOCK","OUT OF STOCK","147.66"
"PR0206A","IN STOCK","IN STOCK","IN STOCK","72.66"
"PR0223A","IN STOCK","LIMITED QTY","LIMITED QTY","57.66"
"PR0227A","IN STOCK","IN STOCK","IN STOCK","82.66"
"PR0229A","IN STOCK","OUT OF STOCK","OUT OF STOCK","76.66"
"PR0233A","LIMITED QTY","LIMITED QTY","OUT OF STOCK","77.66"
"PR0242K","IN STOCK","LIMITED QTY","OUT OF STOCK","53.66"
"PR0248A","IN STOCK","OUT OF STOCK","OUT OF STOCK","75.66"
"PR0250A","LIMITED QTY","LIMITED QTY","OUT OF STOCK","79.66"
"PR0263A","LIMITED QTY","OUT OF STOCK","OUT OF STOCK","59.66"
"PR0265A","IN STOCK","LIMITED QTY","LIMITED QTY","49.66"
"PR0289A","OUT OF STOCK","OUT OF STOCK","OUT OF STOCK","199.66"
"PR0292A","IN STOCK","OUT OF STOCK","LIMITED QTY","72.66"
"PR0312A","IN STOCK","LIMITED QTY","LIMITED QTY","83.66"
"PR0314A","OUT OF STOCK","LIMITED QTY","LIMITED QTY","67.66"
"PR0333A","OUT OF STOCK","OUT OF STOCK","OUT OF STOCK","135.66"
"PR0337A","OUT OF STOCK","OUT OF STOCK","OUT OF STOCK","158.66"
"PR0357F","IN STOCK","IN STOCK","LIMITED QTY","99.66"
"PR0395F","OUT OF STOCK","OUT OF STOCK","OUT OF STOCK","203.66"
"PR0396A","LIMITED QTY","LIMITED QTY","LIMITED QTY","77.66"
"PR0433A","IN STOCK","LIMITED QTY","LIMITED QTY","203.66"
"PR0434A","LIMITED QTY","LIMITED QTY","LIMITED QTY","72.66"
"PR0438A","LIMITED QTY","LIMITED QTY","LIMITED QTY","98.66"
"PR0444A","LIMITED QTY","LIMITED QTY","LIMITED QTY","278.66"
"PR0449F","OUT OF STOCK","OUT OF STOCK","OUT OF STOCK","186.66"
"PR0453A","IN STOCK","LIMITED QTY","LIMITED QTY","89.66"
"PR0454F","IN STOCK","IN STOCK","IN STOCK","163.66"
"PR0470A","LIMITED QTY","OUT OF STOCK","OUT OF STOCK","262.66"
"PR0472A","IN STOCK","LIMITED QTY","LIMITED QTY","112.66"
"PR0473A","LIMITED QTY","LIMITED QTY","LIMITED QTY","159.66"
"PR0537A","IN STOCK","LIMITED QTY","OUT OF STOCK","63.66"
"PR0539A","IN STOCK","LIMITED QTY","LIMITED QTY","66.66"
"PR0547A","IN STOCK","LIMITED QTY","LIMITED QTY","169.66"
"PR0556A","IN STOCK","IN STOCK","IN STOCK","88.66"
"PR0557A","LIMITED QTY","LIMITED QTY","LIMITED QTY","142.66"
"PR0558A","OUT OF STOCK","OUT OF STOCK","OUT OF STOCK","153.66"
"PR0561A","OUT OF STOCK","OUT OF STOCK","OUT OF STOCK","254.66"
"PR0569F","IN STOCK","IN STOCK","LIMITED QTY","75.66"
"PR0570A","OUT OF STOCK","OUT OF STOCK","OUT OF STOCK","103.66"
"PR0573A","LIMITED QTY","OUT OF STOCK","OUT OF STOCK","162.66"
"PR0581A","OUT OF STOCK","OUT OF STOCK","OUT OF STOCK","283.66"
"PR0583A","LIMITED QTY","LIMITED QTY","LIMITED QTY","243.66"
"PR0618A","IN STOCK","IN STOCK","IN STOCK","72.66"
"PR0619A","IN STOCK","LIMITED QTY","LIMITED QTY","64.66"
"PR0621A","IN STOCK","OUT OF STOCK","OUT OF STOCK","76.66"
"PR0622A","IN STOCK","IN STOCK","IN STOCK","78.66"
"PR0624A","LIMITED QTY","LIMITED QTY","LIMITED QTY","122.66"
"PR0658A","IN STOCK","LIMITED QTY","LIMITED QTY","68.66"
"PR0674A","IN STOCK","LIMITED QTY","LIMITED QTY","95.66"
"PR0677A","IN STOCK","LIMITED QTY","LIMITED QTY","73.66"
"PR0681A","IN STOCK","IN STOCK","LIMITED QTY","83.66"
"PR0705A","LIMITED QTY","LIMITED QTY","LIMITED QTY","89.66"
"PR0709A","IN STOCK","IN STOCK","IN STOCK","83.66"
"PR0712F","LIMITED QTY","OUT OF STOCK","OUT OF STOCK","135.66"
"PR0716F","IN STOCK","IN STOCK","IN STOCK","88.66"
"PR0717A","OUT OF STOCK","OUT OF STOCK","OUT OF STOCK","233.66"
"PR0720A","LIMITED QTY","LIMITED QTY","LIMITED QTY","102.66"
"PR0726A","LIMITED QTY","LIMITED QTY","LIMITED QTY","88.66"
"PR0729A","LIMITED QTY","LIMITED QTY","LIMITED QTY","162.66"
"PR0730A","IN STOCK","LIMITED QTY","LIMITED QTY","162.66"
"PR0733","LIMITED QTY","LIMITED QTY","OUT OF STOCK","72.66"
"PR0738A","IN STOCK","LIMITED QTY","LIMITED QTY","82.66"
"PR0741A","IN STOCK","LIMITED QTY","LIMITED QTY","72.66"
"PR0744A","IN STOCK","LIMITED QTY","OUT OF STOCK","75.66"
"PR0747A","OUT OF STOCK","OUT OF STOCK","OUT OF STOCK","92.66"
"PR0767A","LIMITED QTY","OUT OF STOCK","LIMITED QTY","78.66"
"PR0768A","IN STOCK","LIMITED QTY","LIMITED QTY","89.66"
"PR0781A","IN STOCK","LIMITED QTY","OUT OF STOCK","62.66"
"PR0813A","OUT OF STOCK","OUT OF STOCK","OUT OF STOCK","105.66"
"PR0825A","LIMITED QTY","LIMITED QTY","LIMITED QTY","152.66"
"PR0829A","IN STOCK","IN STOCK","IN STOCK","119.66"
"PR0836A","LIMITED QTY","OUT OF STOCK","OUT OF STOCK","82.66"
"PR0837F","OUT OF STOCK","LIMITED QTY","LIMITED QTY","78.66"
"PR0840A","IN STOCK","LIMITED QTY","LIMITED QTY","77.66"
"PR0854A","OUT OF STOCK","OUT OF STOCK","OUT OF STOCK","82.66"
"PR0855A","IN STOCK","OUT OF STOCK","OUT OF STOCK","82.66"
"PR0856A","LIMITED QTY","IN STOCK","LIMITED QTY","88.66"
"PR0858A","LIMITED QTY","OUT OF STOCK","OUT OF STOCK","99.66"
"PR0861","LIMITED QTY","LIMITED QTY","OUT OF STOCK","209.66"
"PR0870A","IN STOCK","LIMITED QTY","LIMITED QTY","65.66"
"PR0880A","OUT OF STOCK","OUT OF STOCK","OUT OF STOCK","105.66"
"PR0881A","OUT OF STOCK","OUT OF STOCK","OUT OF STOCK","86.66"
"PR0883A","LIMITED QTY","LIMITED QTY","LIMITED QTY","132.66"
"PR0885A","OUT OF STOCK","OUT OF STOCK","OUT OF STOCK","123.66"
"PR0886A","LIMITED QTY","LIMITED QTY","LIMITED QTY","69.66"
"PR0890A","LIMITED QTY","OUT OF STOCK","LIMITED QTY","97.66"
"PR0891A","LIMITED QTY","LIMITED QTY","OUT OF STOCK","153.66"
"PR0894A","LIMITED QTY","LIMITED QTY","LIMITED QTY","87.66"
"PR0897A","IN STOCK","IN STOCK","LIMITED QTY","62.66"
"PR0901A","IN STOCK","LIMITED QTY","LIMITED QTY","85.66"
"PR0908A","LIMITED QTY","LIMITED QTY","LIMITED QTY","112.66"
"PR0909A","IN STOCK","LIMITED QTY","OUT OF STOCK","95.66"
"PR0920A","LIMITED QTY","OUT OF STOCK","OUT OF STOCK","75.66"
"PR0921A","IN STOCK","LIMITED QTY","LIMITED QTY","72.66"
"PR0924A","IN STOCK","LIMITED QTY","LIMITED QTY","72.66"
"PR0928A","IN STOCK","LIMITED QTY","LIMITED QTY","72.66"
"PR0929A","LIMITED QTY","LIMITED QTY","OUT OF STOCK","82.66"
"PR0930A","OUT OF STOCK","OUT OF STOCK","OUT OF STOCK","183.66"
"PR0931A","LIMITED QTY","OUT OF STOCK","OUT OF STOCK","82.66"
"PR0934","LIMITED QTY","OUT OF STOCK","OUT OF STOCK","95.66"
"PR0935A","OUT OF STOCK","OUT OF STOCK","OUT OF STOCK","97.66"
"PR0939A","LIMITED QTY","OUT OF STOCK","OUT OF STOCK","97.66"
"PR0941F","LIMITED QTY","OUT OF STOCK","OUT OF STOCK","107.66"
"PR0942A","IN STOCK","LIMITED QTY","LIMITED QTY","53.66"
"PR0943A","IN STOCK","LIMITED QTY","LIMITED QTY","157.66"
"PR0945A","IN STOCK","LIMITED QTY","IN STOCK","58.66"
"PR0946K","LIMITED QTY","OUT OF STOCK","OUT OF STOCK","68.66"
"PR0948A","LIMITED QTY","LIMITED QTY","OUT OF STOCK","198.66"
"PR0950A","OUT OF STOCK","OUT OF STOCK","OUT OF STOCK","93.66"
"PR0951A","IN STOCK","IN STOCK","LIMITED QTY","69.66"
"PR0952A","LIMITED QTY","OUT OF STOCK","LIMITED QTY","66.66"
"PR0954A","IN STOCK","IN STOCK","LIMITED QTY","72.66"
"PR0955A","IN STOCK","IN STOCK","LIMITED QTY","89.66"
"PR0959A","IN STOCK","IN STOCK","IN STOCK","142.66"
"PR0963A","LIMITED QTY","OUT OF STOCK","OUT OF STOCK","71.66"
"PR0965A","LIMITED QTY","LIMITED QTY","OUT OF STOCK","95.66"
"PR0973A","OUT OF STOCK","OUT OF STOCK","OUT OF STOCK","63.66"
"PR0975A","LIMITED QTY","LIMITED QTY","LIMITED QTY","102.66"
"PR0977A","IN STOCK","LIMITED QTY","OUT OF STOCK","92.66"
"PR0978A","LIMITED QTY","LIMITED QTY","OUT OF STOCK","99.66"
"PR0979F","LIMITED QTY","OUT OF STOCK","OUT OF STOCK","122.66"
"PR0980A","OUT OF STOCK","OUT OF STOCK","OUT OF STOCK","108.66"
"PR0981A","LIMITED QTY","LIMITED QTY","LIMITED QTY","117.66"
"PR1000A","LIMITED QTY","LIMITED QTY","LIMITED QTY","59.66"
"PR1031A","LIMITED QTY","OUT OF STOCK","OUT OF STOCK","72.66"
"PR1032A","LIMITED QTY","OUT OF STOCK","OUT OF STOCK","67.66"
"PR1035A","IN STOCK","LIMITED QTY","LIMITED QTY","82.66"
"PR1043A","OUT OF STOCK","OUT OF STOCK","OUT OF STOCK","69.66"
"PR1047A","LIMITED QTY","LIMITED QTY","LIMITED QTY","83.66"
"PR1048A","IN STOCK","LIMITED QTY","OUT OF STOCK","79.66"
"PR1049A","LIMITED QTY","LIMITED QTY","OUT OF STOCK","69.66"
"PR1051A","LIMITED QTY","LIMITED QTY","LIMITED QTY","92.66"
"PR1052A","IN STOCK","IN STOCK","IN STOCK","102.66"
"PR1061A","LIMITED QTY","IN STOCK","IN STOCK","79.66"
"PR1062A","LIMITED QTY","LIMITED QTY","LIMITED QTY","79.66"
"PR1067A","LIMITED QTY","LIMITED QTY","LIMITED QTY","92.66"
"PR1072A","LIMITED QTY","OUT OF STOCK","OUT OF STOCK","89.66"
"PR1074A","LIMITED QTY","OUT OF STOCK","OUT OF STOCK","72.66"
"PR1077A","OUT OF STOCK","OUT OF STOCK","OUT OF STOCK","85.66"
"PR1081F","LIMITED QTY","LIMITED QTY","OUT OF STOCK","73.66"
"PR1094A","IN STOCK","LIMITED QTY","LIMITED QTY","78.66"
"PR1095A","LIMITED QTY","LIMITED QTY","LIMITED QTY","88.66"
"PR1108A","IN STOCK","LIMITED QTY","LIMITED QTY","64.66"
"PR1110A","LIMITED QTY","OUT OF STOCK","OUT OF STOCK","72.66"
"PR1115A","LIMITED QTY","OUT OF STOCK","OUT OF STOCK","139.66"
"PR1117K","LIMITED QTY","OUT OF STOCK","OUT OF STOCK","59.66"
"PR1124A","IN STOCK","LIMITED QTY","LIMITED QTY","131.66"
"PR1125A","LIMITED QTY","LIMITED QTY","OUT OF STOCK","91.66"
"PR1127A","OUT OF STOCK","OUT OF STOCK","OUT OF STOCK","67.66"
"PR1134A","OUT OF STOCK","OUT OF STOCK","OUT OF STOCK","62.66"
"PR1135A","LIMITED QTY","LIMITED QTY","OUT OF STOCK","69.66"
"PR1140A","IN STOCK","LIMITED QTY","LIMITED QTY","68.66"
"PR1144","OUT OF STOCK","OUT OF STOCK","OUT OF STOCK","159.66"
"PR1145A","LIMITED QTY","OUT OF STOCK","OUT OF STOCK","93.66"
"PR1150A","IN STOCK","OUT OF STOCK","LIMITED QTY","65.66"
"PR1151A","OUT OF STOCK","OUT OF STOCK","OUT OF STOCK","97.66"
"PR1152A","LIMITED QTY","LIMITED QTY","LIMITED QTY","58.66"
"PR1155A","IN STOCK","LIMITED QTY","LIMITED QTY","65.66"
"PR1158A","LIMITED QTY","OUT OF STOCK","OUT OF STOCK","52.66"
"PR1159A","OUT OF STOCK","OUT OF STOCK","OUT OF STOCK","123.66"
"PR1164A","LIMITED QTY","IN STOCK","OUT OF STOCK","83.66"
"PR1165A","IN STOCK","LIMITED QTY","IN STOCK","203.66"
"PR1173KA","OUT OF STOCK","OUT OF STOCK","OUT OF STOCK","84.66"
"PR1174A","LIMITED QTY","LIMITED QTY","LIMITED QTY","69.66"
"PR1178A","LIMITED QTY","LIMITED QTY","LIMITED QTY","58.66"
"PR1183A","IN STOCK","LIMITED QTY","LIMITED QTY","62.66"
"PR1187P","LIMITED QTY","OUT OF STOCK","OUT OF STOCK","91.66"
"PR1190A","IN STOCK","LIMITED QTY","LIMITED QTY","88.66"
"PR1193F","IN STOCK","IN STOCK","IN STOCK","68.66"
"PR1194A","LIMITED QTY","OUT OF STOCK","LIMITED QTY","117.66"
"PR1202A","IN STOCK","LIMITED QTY","LIMITED QTY","78.66"
"PR1203A","LIMITED QTY","OUT OF STOCK","OUT OF STOCK","88.66"
"PR1206A","IN STOCK","LIMITED QTY","LIMITED QTY","72.66"
"PR1210A","IN STOCK","LIMITED QTY","LIMITED QTY","79.66"
"PR1211A","IN STOCK","IN STOCK","LIMITED QTY","89.66"
"PR1212A","LIMITED QTY","LIMITED QTY","LIMITED QTY","92.66"
"PR1216A","LIMITED QTY","LIMITED QTY","OUT OF STOCK","82.66"
"PR1218A","IN STOCK","LIMITED QTY","LIMITED QTY","142.66"
"PR1240A","LIMITED QTY","OUT OF STOCK","OUT OF STOCK","73.66"
"PR1242A","LIMITED QTY","OUT OF STOCK","OUT OF STOCK","63.66"
"PR1244A","IN STOCK","LIMITED QTY","OUT OF STOCK","97.66"
"PR1273A","IN STOCK","IN STOCK","LIMITED QTY","62.66"
"PR1276A","LIMITED QTY","LIMITED QTY","OUT OF STOCK","68.66"
"PR1277A","LIMITED QTY","LIMITED QTY","LIMITED QTY","79.66"
"PR1278A","IN STOCK","OUT OF STOCK","OUT OF STOCK","82.66"
"PR1279A","LIMITED QTY","LIMITED QTY","LIMITED QTY","77.66"
"PR1283A","IN STOCK","LIMITED QTY","LIMITED QTY","99.66"
"PR1286F","IN STOCK","LIMITED QTY","OUT OF STOCK","47.66"
"PR1290A","IN STOCK","LIMITED QTY","LIMITED QTY","45.66"
"PR1295A","LIMITED QTY","LIMITED QTY","LIMITED QTY","89.66"
"PR1298A","IN STOCK","IN STOCK","LIMITED QTY","63.66"
"PR13000A","IN STOCK","IN STOCK","LIMITED QTY","36.66"
"PR13001A","IN STOCK","IN STOCK","IN STOCK","59.66"
"PR13002A","IN STOCK","LIMITED QTY","LIMITED QTY","55.66"
"PR13004A","IN STOCK","IN STOCK","IN STOCK","193.66"
"PR13005A","IN STOCK","LIMITED QTY","LIMITED QTY","65.66"
"PR13006A","IN STOCK","IN STOCK","IN STOCK","72.66"
"PR13007A","IN STOCK","IN STOCK","IN STOCK","72.66"
"PR13009A","IN STOCK","IN STOCK","IN STOCK","59.66"
"PR13010A","LIMITED QTY","LIMITED QTY","LIMITED QTY","53.66"
"PR13012A","IN STOCK","IN STOCK","IN STOCK","77.66"
"PR13013A","LIMITED QTY","LIMITED QTY","LIMITED QTY","99.66"
"PR13014A","IN STOCK","LIMITED QTY","LIMITED QTY","85.66"
"PR13015A","IN STOCK","IN STOCK","IN STOCK","61.66"
"PR13016A","IN STOCK","LIMITED QTY","LIMITED QTY","61.66"
"PR13017A","IN STOCK","IN STOCK","IN STOCK","81.66"
"PR13018A","IN STOCK","IN STOCK","LIMITED QTY","72.66"
"PR13019A","IN STOCK","IN STOCK","IN STOCK","68.66"
"PR13020A","LIMITED QTY","LIMITED QTY","LIMITED QTY","62.66"
"PR13021A","IN STOCK","IN STOCK","LIMITED QTY","62.66"
"PR13022A","IN STOCK","LIMITED QTY","OUT OF STOCK","203.66"
"PR13023A","IN STOCK","IN STOCK","IN STOCK","70.66"
"PR13024F","IN STOCK","IN STOCK","IN STOCK","68.66"
"PR13025A","IN STOCK","IN STOCK","LIMITED QTY","58.66"
"PR13026A","IN STOCK","LIMITED QTY","IN STOCK","58.66"
"PR13027A","IN STOCK","IN STOCK","IN STOCK","88.66"
"PR13028A","IN STOCK","LIMITED QTY","LIMITED QTY","69.66"
"PR13029F","IN STOCK","IN STOCK","IN STOCK","98.66"
"PR1302A","IN STOCK","LIMITED QTY","LIMITED QTY","87.66"
"PR13030A","IN STOCK","LIMITED QTY","LIMITED QTY","78.66"
"PR13031A","IN STOCK","IN STOCK","IN STOCK","62.66"
"PR13032A","IN STOCK","LIMITED QTY","OUT OF STOCK","75.66"
"PR13033A","IN STOCK","LIMITED QTY","LIMITED QTY","75.66"
"PR13034A","OUT OF STOCK","OUT OF STOCK","OUT OF STOCK","72.66"
"PR13035F","IN STOCK","IN STOCK","IN STOCK","68.66"
"PR13036A","LIMITED QTY","LIMITED QTY","LIMITED QTY","99.66"
"PR13037F","IN STOCK","IN STOCK","IN STOCK","62.66"
"PR13038A","IN STOCK","IN STOCK","IN STOCK","68.66"
"PR13039A","IN STOCK","IN STOCK","IN STOCK","62.66"
"PR1303A","IN STOCK","IN STOCK","LIMITED QTY","79.66"
"PR13040A","IN STOCK","IN STOCK","IN STOCK","62.66"
"PR13041A","IN STOCK","IN STOCK","IN STOCK","68.66"
"PR13043A","LIMITED QTY","LIMITED QTY","LIMITED QTY","103.66"
"PR13044A","IN STOCK","IN STOCK","IN STOCK","92.66"
"PR13045F","IN STOCK","IN STOCK","IN STOCK","79.66"
"PR13046A","IN STOCK","IN STOCK","IN STOCK","88.66"
"PR13047A","IN STOCK","IN STOCK","IN STOCK","54.66"
"PR13048A","LIMITED QTY","IN STOCK","LIMITED QTY","58.66"
"PR13049A","IN STOCK","LIMITED QTY","LIMITED QTY","68.66"
"PR1304A","LIMITED QTY","LIMITED QTY","LIMITED QTY","77.66"
"PR13050A","IN STOCK","LIMITED QTY","LIMITED QTY","79.66"
"PR13051A","IN STOCK","LIMITED QTY","LIMITED QTY","62.66"
"PR13052A","LIMITED QTY","LIMITED QTY","LIMITED QTY","79.66"
"PR13053A","IN STOCK","IN STOCK","IN STOCK","69.66"
"PR13054A","LIMITED QTY","LIMITED QTY","LIMITED QTY","85.66"
"PR13055A","OUT OF STOCK","OUT OF STOCK","OUT OF STOCK","83.66"
"PR13056A","IN STOCK","LIMITED QTY","LIMITED QTY","82.66"
"PR13057A","IN STOCK","IN STOCK","IN STOCK","88.66"
"PR13058A","LIMITED QTY","LIMITED QTY","LIMITED QTY","78.66"
"PR13059A","IN STOCK","LIMITED QTY","OUT OF STOCK","62.66"
"PR1305A","LIMITED QTY","LIMITED QTY","LIMITED QTY","98.66"
"PR13060A","LIMITED QTY","IN STOCK","IN STOCK","63.66"
"PR13061A","IN STOCK","IN STOCK","LIMITED QTY","68.66"
"PR13062A","IN STOCK","IN STOCK","IN STOCK","68.66"
"PR13063A","LIMITED QTY","LIMITED QTY","LIMITED QTY","68.66"
"PR13064A","IN STOCK","IN STOCK","LIMITED QTY","68.66"
"PR13065A","IN STOCK","OUT OF STOCK","OUT OF STOCK","76.66"
"PR13066A","IN STOCK","IN STOCK","LIMITED QTY","82.66"
"PR13067A","LIMITED QTY","OUT OF STOCK","IN STOCK","69.66"
"PR13068A","LIMITED QTY","LIMITED QTY","LIMITED QTY","66.66"
"PR13069A","IN STOCK","LIMITED QTY","LIMITED QTY","76.66"
"PR1306KA","LIMITED QTY","LIMITED QTY","LIMITED QTY","106.66"
"PR13070A","LIMITED QTY","OUT OF STOCK","LIMITED QTY","76.66"
"PR13071A","IN STOCK","OUT OF STOCK","OUT OF STOCK","59.66"
"PR13074F","IN STOCK","IN STOCK","LIMITED QTY","66.66"
"PR13076A","IN STOCK","IN STOCK","IN STOCK","68.66"
"PR13077A","IN STOCK","IN STOCK","IN STOCK","68.66"
"PR13078A","IN STOCK","IN STOCK","IN STOCK","75.66"
"PR13079A","IN STOCK","IN STOCK","IN STOCK","78.66"
"PR1307A","OUT OF STOCK","OUT OF STOCK","OUT OF STOCK","65.66"
"PR13080A","IN STOCK","OUT OF STOCK","IN STOCK","122.66"
"PR13081A","IN STOCK","IN STOCK","IN STOCK","113.66"
"PR13082A","IN STOCK","IN STOCK","IN STOCK","68.66"
"PR13083A","IN STOCK","LIMITED QTY","LIMITED QTY","103.66"
"PR13084A","IN STOCK","IN STOCK","IN STOCK","52.66"
"PR13085A","LIMITED QTY","LIMITED QTY","LIMITED QTY","72.66"
"PR13086A","LIMITED QTY","IN STOCK","LIMITED QTY","58.66"
"PR13087A","IN STOCK","IN STOCK","IN STOCK","58.66"
"PR13088A","IN STOCK","LIMITED QTY","LIMITED QTY","71.66"
"PR13089A","IN STOCK","LIMITED QTY","LIMITED QTY","71.66"
"PR13090A","IN STOCK","IN STOCK","IN STOCK","76.66"
"PR13091A","LIMITED QTY","IN STOCK","OUT OF STOCK","61.66"
"PR13092F","IN STOCK","IN STOCK","LIMITED QTY","59.66"
"PR13093A","IN STOCK","IN STOCK","LIMITED QTY","55.66"
"PR13094A","IN STOCK","IN STOCK","IN STOCK","108.66"
"PR13095A","IN STOCK","LIMITED QTY","IN STOCK","64.66"
"PR13096A","IN STOCK","LIMITED QTY","LIMITED QTY","79.66"
"PR13097A","IN STOCK","IN STOCK","IN STOCK","69.66"
"PR13098A","IN STOCK","IN STOCK","IN STOCK","91.66"
"PR13099A","IN STOCK","IN STOCK","IN STOCK","91.66"
"PR1309F","OUT OF STOCK","OUT OF STOCK","OUT OF STOCK","288.66"
"PR13100F","LIMITED QTY","IN STOCK","LIMITED QTY","55.66"
"PR13101A","IN STOCK","IN STOCK","LIMITED QTY","86.66"
"PR13103A","LIMITED QTY","IN STOCK","LIMITED QTY","72.66"
"PR13104A","IN STOCK","LIMITED QTY","LIMITED QTY","86.66"
"PR13105A","IN STOCK","IN STOCK","IN STOCK","43.66"
"PR13106A","IN STOCK","IN STOCK","IN STOCK","55.66"
"PR13108A","LIMITED QTY","LIMITED QTY","LIMITED QTY","85.66"
"PR13109A","LIMITED QTY","LIMITED QTY","LIMITED QTY","85.66"
"PR13111KA","LIMITED QTY","OUT OF STOCK","OUT OF STOCK","142.66"
"PR13112A","IN STOCK","IN STOCK","LIMITED QTY","75.88"
"PR13113A","IN STOCK","IN STOCK","LIMITED QTY","68.66"
"PR13114A","LIMITED QTY","LIMITED QTY","LIMITED QTY","82.66"
"PR13115A","IN STOCK","IN STOCK","IN STOCK","71.66"
"PR13116A","IN STOCK","IN STOCK","LIMITED QTY","73.66"
"PR13117A","IN STOCK","IN STOCK","LIMITED QTY","66.66"
"PR13118A","IN STOCK","LIMITED QTY","LIMITED QTY","72.66"
"PR13119A","IN STOCK","IN STOCK","LIMITED QTY","49.66"
"PR1311A","LIMITED QTY","LIMITED QTY","LIMITED QTY","118.66"
"PR13120A","IN STOCK","LIMITED QTY","LIMITED QTY","75.66"
"PR13121A","IN STOCK","IN STOCK","IN STOCK","78.66"
"PR13122A","IN STOCK","LIMITED QTY","LIMITED QTY","67.66"
"PR13123A","IN STOCK","IN STOCK","IN STOCK","79.66"
"PR13124A","IN STOCK","LIMITED QTY","LIMITED QTY","42.66"
"PR13125A","IN STOCK","LIMITED QTY","LIMITED QTY","64.66"
"PR13126A","IN STOCK","IN STOCK","IN STOCK","72.66"
"PR13127A","IN STOCK","IN STOCK","LIMITED QTY","56.66"
"PR13128A","LIMITED QTY","LIMITED QTY","LIMITED QTY","243.66"
"PR13129A","IN STOCK","LIMITED QTY","LIMITED QTY","73.66"
"PR1312A","LIMITED QTY","LIMITED QTY","LIMITED QTY","72.66"
"PR13130A","IN STOCK","LIMITED QTY","LIMITED QTY","59.66"
"PR13131A","OUT OF STOCK","OUT OF STOCK","OUT OF STOCK","102.66"
"PR13132A","IN STOCK","LIMITED QTY","LIMITED QTY","62.66"
"PR13133F","LIMITED QTY","LIMITED QTY","LIMITED QTY","62.66"
"PR13134F","IN STOCK","IN STOCK","IN STOCK","59.66"
"PR13135A","IN STOCK","LIMITED QTY","LIMITED QTY","59.66"
"PR13136A","IN STOCK","IN STOCK","IN STOCK","69.66"
"PR13137A","OUT OF STOCK","LIMITED QTY","LIMITED QTY","53.66"
"PR13138A","LIMITED QTY","LIMITED QTY","LIMITED QTY","59.66"
"PR13139A","LIMITED QTY","IN STOCK","LIMITED QTY","69.66"
"PR1313A","IN STOCK","LIMITED QTY","LIMITED QTY","138.66"
"PR13140A","IN STOCK","IN STOCK","OUT OF STOCK","69.66"
"PR13141A","IN STOCK","IN STOCK","IN STOCK","78.66"
"PR13142A","IN STOCK","IN STOCK","IN STOCK","88.66"
"PR13143A","LIMITED QTY","LIMITED QTY","LIMITED QTY","79.66"
"PR13144A","LIMITED QTY","LIMITED QTY","LIMITED QTY","73.66"
"PR13145A","IN STOCK","IN STOCK","LIMITED QTY","109.66"
"PR13146A","IN STOCK","IN STOCK","IN STOCK","64.66"
"PR13148A","IN STOCK","IN STOCK","IN STOCK","106.66"
"PR13149A","IN STOCK","IN STOCK","LIMITED QTY","68.66"
"PR13150F","IN STOCK","IN STOCK","IN STOCK","59.66"
"PR13151A","IN STOCK","LIMITED QTY","LIMITED QTY","74.66"
"PR13152F","IN STOCK","IN STOCK","IN STOCK","58.66"
"PR13154A","LIMITED QTY","IN STOCK","IN STOCK","76.66"
"PR13155A","IN STOCK","IN STOCK","LIMITED QTY","79.66"
"PR13156A","IN STOCK","IN STOCK","IN STOCK","78.66"
"PR13157A","IN STOCK","IN STOCK","IN STOCK","62.66"
"PR13158A","IN STOCK","IN STOCK","IN STOCK","78.66"
"PR13159A","IN STOCK","IN STOCK","IN STOCK","58.66"
"PR1315A","LIMITED QTY","LIMITED QTY","OUT OF STOCK","138.66"
"PR13160A","LIMITED QTY","LIMITED QTY","LIMITED QTY","69.66"
"PR13161F","IN STOCK","IN STOCK","IN STOCK","68.66"
"PR13162A","IN STOCK","LIMITED QTY","IN STOCK","92.66"
"PR13163A","LIMITED QTY","LIMITED QTY","OUT OF STOCK","178.66"
"PR13164A","LIMITED QTY","LIMITED QTY","LIMITED QTY","253.66"
"PR13165A","LIMITED QTY","LIMITED QTY","LIMITED QTY","229.66"
"PR13166A","IN STOCK","LIMITED QTY","LIMITED QTY","107.66"
"PR13167A","IN STOCK","IN STOCK","LIMITED QTY","52.66"
"PR13168A","IN STOCK","IN STOCK","IN STOCK","99.66"
"PR13169A","LIMITED QTY","LIMITED QTY","LIMITED QTY","112.66"
"PR1316A","LIMITED QTY","LIMITED QTY","LIMITED QTY","53.66"
"PR13170A","OUT OF STOCK","OUT OF STOCK","OUT OF STOCK","223.66"
"PR13173A","IN STOCK","LIMITED QTY","LIMITED QTY","102.66"
"PR13174A","IN STOCK","IN STOCK","IN STOCK","108.66"
"PR13175A","LIMITED QTY","LIMITED QTY","LIMITED QTY","143.66"
"PR13176A","IN STOCK","LIMITED QTY","LIMITED QTY","209.66"
"PR13177F","IN STOCK","IN STOCK","LIMITED QTY","133.66"
"PR13178A","LIMITED QTY","LIMITED QTY","LIMITED QTY","62.66"
"PR13179A","IN STOCK","IN STOCK","IN STOCK","72.66"
"PR1317A","LIMITED QTY","OUT OF STOCK","OUT OF STOCK","65.66"
"PR13180A","IN STOCK","LIMITED QTY","IN STOCK","68.66"
"PR13181A","IN STOCK","LIMITED QTY","LIMITED QTY","87.66"
"PR13184A","IN STOCK","OUT OF STOCK","LIMITED QTY","58.66"
"PR13185A","IN STOCK","IN STOCK","LIMITED QTY","68.66"
"PR13186A","LIMITED QTY","OUT OF STOCK","LIMITED QTY","72.66"
"PR13187A","LIMITED QTY","IN STOCK","IN STOCK","69.66"
"PR13188A","IN STOCK","IN STOCK","IN STOCK","77.66"
"PR13189F","IN STOCK","IN STOCK","IN STOCK","64.66"
"PR1318A","IN STOCK","LIMITED QTY","LIMITED QTY","62.66"
"PR13190A","IN STOCK","LIMITED QTY","IN STOCK","67.66"
"PR13191A","IN STOCK","IN STOCK","IN STOCK","59.66"
"PR13192A","LIMITED QTY","LIMITED QTY","OUT OF STOCK","73.66"
"PR13193A","IN STOCK","LIMITED QTY","LIMITED QTY","68.66"
"PR13194F","IN STOCK","IN STOCK","IN STOCK","68.66"
"PR13195A","LIMITED QTY","LIMITED QTY","LIMITED QTY","66.66"
"PR13196A","LIMITED QTY","LIMITED QTY","OUT OF STOCK","79.66"
"PR13197A","IN STOCK","IN STOCK","IN STOCK","71.66"
"PR13198A","IN STOCK","LIMITED QTY","LIMITED QTY","71.66"
"PR13199F","IN STOCK","LIMITED QTY","IN STOCK","71.66"
"PR1319A","IN STOCK","LIMITED QTY","LIMITED QTY","63.66"
"PR13200A","IN STOCK","IN STOCK","IN STOCK","58.66"
"PR13201A","IN STOCK","IN STOCK","IN STOCK","56.66"
"PR13202A","IN STOCK","LIMITED QTY","LIMITED QTY","63.66"
"PR13203A","LIMITED QTY","LIMITED QTY","LIMITED QTY","82.66"
"PR13204A","IN STOCK","LIMITED QTY","IN STOCK","64.66"
"PR13205A","IN STOCK","IN STOCK","LIMITED QTY","68.66"
"PR13206A","IN STOCK","IN STOCK","IN STOCK","69.66"
"PR13207A","IN STOCK","LIMITED QTY","LIMITED QTY","72.66"
"PR13208A","IN STOCK","IN STOCK","IN STOCK","61.66"
"PR13209A","IN STOCK","IN STOCK","LIMITED QTY","65.66"
"PR13210A","IN STOCK","IN STOCK","IN STOCK","88.66"
"PR13211A","IN STOCK","LIMITED QTY","LIMITED QTY","68.66"
"PR13212A","IN STOCK","IN STOCK","IN STOCK","65.66"
"PR13213F","IN STOCK","IN STOCK","IN STOCK","78.66"
"PR13214A","IN STOCK","LIMITED QTY","LIMITED QTY","73.66"
"PR13215A","IN STOCK","IN STOCK","IN STOCK","54.66"
"PR13217A","IN STOCK","IN STOCK","IN STOCK","59.66"
"PR13218A","IN STOCK","LIMITED QTY","LIMITED QTY","52.66"
"PR13219F","IN STOCK","IN STOCK","LIMITED QTY","55.66"
"PR13220A","IN STOCK","LIMITED QTY","LIMITED QTY","69.66"
"PR13221A","IN STOCK","IN STOCK","IN STOCK","57.66"
"PR13222A","LIMITED QTY","LIMITED QTY","LIMITED QTY","57.66"
"PR13223A","IN STOCK","IN STOCK","LIMITED QTY","57.66"
"PR13224A","LIMITED QTY","LIMITED QTY","LIMITED QTY","57.66"
"PR13225A","IN STOCK","IN STOCK","IN STOCK","91.66"
"PR13226A","IN STOCK","IN STOCK","IN STOCK","89.66"
"PR13227A","IN STOCK","LIMITED QTY","LIMITED QTY","99.66"
"PR13228A","IN STOCK","LIMITED QTY","IN STOCK","99.66"
"PR13229A","IN STOCK","IN STOCK","IN STOCK","93.66"
"PR1322A","IN STOCK","LIMITED QTY","LIMITED QTY","69.66"
"PR13230A","IN STOCK","IN STOCK","IN STOCK","138.66"
"PR13231A","IN STOCK","OUT OF STOCK","LIMITED QTY","109.66"
"PR13232A","LIMITED QTY","LIMITED QTY","LIMITED QTY","143.66"
"PR13233A","IN STOCK","IN STOCK","IN STOCK","58.66"
"PR13234A","LIMITED QTY","LIMITED QTY","LIMITED QTY","62.66"
"PR13235A","LIMITED QTY","LIMITED QTY","LIMITED QTY","102.66"
"PR13236F","LIMITED QTY","LIMITED QTY","LIMITED QTY","79.66"
"PR13237A","IN STOCK","LIMITED QTY","IN STOCK","65.66"
"PR1323A","LIMITED QTY","LIMITED QTY","LIMITED QTY","65.66"
"PR13240A","LIMITED QTY","IN STOCK","IN STOCK","88.66"
"PR13241A","IN STOCK","IN STOCK","IN STOCK","103.66"
"PR13242A","IN STOCK","LIMITED QTY","LIMITED QTY","122.66"
"PR13243A","LIMITED QTY","LIMITED QTY","LIMITED QTY","107.66"
"PR13244A","IN STOCK","OUT OF STOCK","IN STOCK","159.66"
"PR13245A","IN STOCK","LIMITED QTY","IN STOCK","52.66"
"PR13246A","LIMITED QTY","LIMITED QTY","LIMITED QTY","69.66"
"PR13247A","IN STOCK","IN STOCK","IN STOCK","69.66"
"PR13248A","IN STOCK","IN STOCK","IN STOCK","68.66"
"PR13249A","IN STOCK","LIMITED QTY","LIMITED QTY","64.66"
"PR1324A","LIMITED QTY","OUT OF STOCK","LIMITED QTY","67.66"
"PR13250A","IN STOCK","IN STOCK","LIMITED QTY","88.66"
"PR13251A","IN STOCK","IN STOCK","IN STOCK","87.66"
"PR13252A","IN STOCK","IN STOCK","LIMITED QTY","56.66"
"PR13253A","IN STOCK","IN STOCK","IN STOCK","59.66"
"PR13254A","IN STOCK","IN STOCK","IN STOCK","77.66"
"PR13255A","IN STOCK","LIMITED QTY","LIMITED QTY","62.66"
"PR13256A","IN STOCK","LIMITED QTY","IN STOCK","89.66"
"PR13257A","IN STOCK","LIMITED QTY","LIMITED QTY","65.66"
"PR13258A","IN STOCK","IN STOCK","IN STOCK","59.66"
"PR13259A","IN STOCK","IN STOCK","LIMITED QTY","49.66"
"PR1325A","IN STOCK","LIMITED QTY","LIMITED QTY","72.66"
"PR13260A","IN STOCK","LIMITED QTY","LIMITED QTY","66.66"
"PR13261A","IN STOCK","LIMITED QTY","LIMITED QTY","64.66"
"PR13262A","IN STOCK","LIMITED QTY","LIMITED QTY","82.66"
"PR13263A","IN STOCK","LIMITED QTY","LIMITED QTY","57.66"
"PR13264A","IN STOCK","IN STOCK","IN STOCK","54.66"
"PR13265A","IN STOCK","LIMITED QTY","LIMITED QTY","59.66"
"PR13266A","IN STOCK","LIMITED QTY","IN STOCK","93.66"
"PR13267A","LIMITED QTY","IN STOCK","IN STOCK","121.66"
"PR13268A","LIMITED QTY","LIMITED QTY","LIMITED QTY","83.66"
"PR13269A","IN STOCK","LIMITED QTY","LIMITED QTY","62.66"
"PR1326A","LIMITED QTY","LIMITED QTY","OUT OF STOCK","68.66"
"PR13270A","IN STOCK","IN STOCK","IN STOCK","53.66"
"PR13271A","IN STOCK","IN STOCK","LIMITED QTY","64.66"
"PR13272A","IN STOCK","IN STOCK","IN STOCK","63.66"
"PR13273A","LIMITED QTY","IN STOCK","LIMITED QTY","62.66"
"PR13274A","IN STOCK","IN STOCK","IN STOCK","112.66"
"PR13275A","LIMITED QTY","LIMITED QTY","LIMITED QTY","112.66"
"PR13276A","IN STOCK","LIMITED QTY","LIMITED QTY","85.66"
"PR13277A","LIMITED QTY","LIMITED QTY","LIMITED QTY","69.66"
"PR13278A","IN STOCK","OUT OF STOCK","IN STOCK","84.66"
"PR13279A","LIMITED QTY","LIMITED QTY","OUT OF STOCK","222.66"
"PR13281A","IN STOCK","IN STOCK","IN STOCK","72.66"
"PR13282A","IN STOCK","LIMITED QTY","LIMITED QTY","82.66"
"PR13283A","IN STOCK","IN STOCK","LIMITED QTY","78.66"
"PR13284A","IN STOCK","LIMITED QTY","IN STOCK","73.66"
"PR13285A","IN STOCK","IN STOCK","LIMITED QTY","119.66"
"PR13286A","IN STOCK","LIMITED QTY","LIMITED QTY","126.66"
"PR13287A","LIMITED QTY","OUT OF STOCK","OUT OF STOCK","143.66"
"PR13289A","OUT OF STOCK","LIMITED QTY","OUT OF STOCK","107.66"
"PR1328A","LIMITED QTY","OUT OF STOCK","LIMITED QTY","49.66"
"PR13290A","OUT OF STOCK","LIMITED QTY","LIMITED QTY","79.66"
"PR13292A","LIMITED QTY","LIMITED QTY","LIMITED QTY","59.66"
"PR13293A","IN STOCK","IN STOCK","IN STOCK","58.66"
"PR13294A","LIMITED QTY","LIMITED QTY","LIMITED QTY","78.66"
"PR13295A","IN STOCK","LIMITED QTY","IN STOCK","82.66"
"PR13296A","IN STOCK","IN STOCK","IN STOCK","122.66"
"PR13298A","IN STOCK","IN STOCK","LIMITED QTY","62.66"
"PR1329A","OUT OF STOCK","OUT OF STOCK","OUT OF STOCK","229.66"
"PR13300A","IN STOCK","IN STOCK","LIMITED QTY","48.66"
"PR13301A","IN STOCK","IN STOCK","IN STOCK","103.66"
"PR13302A","IN STOCK","IN STOCK","IN STOCK","93.66"
"PR13303A","IN STOCK","LIMITED QTY","LIMITED QTY","64.66"
"PR13304A","LIMITED QTY","LIMITED QTY","LIMITED QTY","49.66"
"PR13306A","IN STOCK","IN STOCK","IN STOCK","79.66"
"PR13307A","IN STOCK","IN STOCK","LIMITED QTY","68.66"
"PR13308A","IN STOCK","IN STOCK","IN STOCK","72.66"
"PR13309A","IN STOCK","IN STOCK","IN STOCK","69.66"
"PR13310A","LIMITED QTY","LIMITED QTY","LIMITED QTY","117.66"
"PR13311A","IN STOCK","LIMITED QTY","LIMITED QTY","58.66"
"PR13312A","LIMITED QTY","LIMITED QTY","LIMITED QTY","59.66"
"PR13313A","IN STOCK","IN STOCK","IN STOCK","61.66"
"PR13314A","IN STOCK","IN STOCK","IN STOCK","62.66"
"PR13315A","IN STOCK","LIMITED QTY","LIMITED QTY","68.66"
"PR13316A","IN STOCK","LIMITED QTY","LIMITED QTY","75.66"
"PR13317A","IN STOCK","IN STOCK","IN STOCK","63.66"
"PR13318A","IN STOCK","IN STOCK","IN STOCK","82.66"
"PR13319A","IN STOCK","LIMITED QTY","LIMITED QTY","58.66"
"PR13320A","IN STOCK","IN STOCK","LIMITED QTY","68.66"
"PR13321A","IN STOCK","IN STOCK","IN STOCK","64.66"
"PR13322A","IN STOCK","IN STOCK","LIMITED QTY","67.66"
"PR13323A","IN STOCK","IN STOCK","IN STOCK","58.66"
"PR13324A","IN STOCK","LIMITED QTY","LIMITED QTY","64.66"
"PR13325A","IN STOCK","IN STOCK","IN STOCK","68.66"
"PR13326F","IN STOCK","IN STOCK","IN STOCK","68.66"
"PR13327A","IN STOCK","IN STOCK","IN STOCK","69.66"
"PR13328A","IN STOCK","IN STOCK","IN STOCK","68.66"
"PR13329A","IN STOCK","LIMITED QTY","LIMITED QTY","54.66"
"PR13330A","IN STOCK","LIMITED QTY","LIMITED QTY","59.66"
"PR13331A","IN STOCK","IN STOCK","LIMITED QTY","58.66"
"PR13332A","IN STOCK","OUT OF STOCK","IN STOCK","68.66"
"PR13333A","IN STOCK","IN STOCK","IN STOCK","54.66"
"PR13334A","IN STOCK","IN STOCK","LIMITED QTY","82.66"
"PR13335A","IN STOCK","IN STOCK","IN STOCK","166.66"
"PR13336A","IN STOCK","IN STOCK","IN STOCK","112.66"
"PR13337A","LIMITED QTY","OUT OF STOCK","LIMITED QTY","93.66"
"PR13338A","IN STOCK","IN STOCK","IN STOCK","54.66"
"PR13339A","IN STOCK","IN STOCK","IN STOCK","142.66"
"PR1333A","IN STOCK","LIMITED QTY","OUT OF STOCK","169.66"
"PR13340A","LIMITED QTY","IN STOCK","LIMITED QTY","93.66"
"PR13341A","IN STOCK","IN STOCK","IN STOCK","82.66"
"PR13342A","IN STOCK","IN STOCK","LIMITED QTY","62.66"
"PR13343A","OUT OF STOCK","OUT OF STOCK","OUT OF STOCK","157.66"
"PR13345A","IN STOCK","IN STOCK","IN STOCK","88.66"
"PR13346A","IN STOCK","IN STOCK","LIMITED QTY","52.66"
"PR13347A","IN STOCK","IN STOCK","LIMITED QTY","53.66"
"PR13348A","IN STOCK","IN STOCK","IN STOCK","78.66"
"PR13349A","IN STOCK","OUT OF STOCK","LIMITED QTY","89.66"
"PR13350A","IN STOCK","LIMITED QTY","LIMITED QTY","82.66"
"PR13351A","IN STOCK","IN STOCK","IN STOCK","88.66"
"PR13352A","IN STOCK","IN STOCK","LIMITED QTY","69.66"
"PR13353A","IN STOCK","IN STOCK","IN STOCK","72.66"
"PR13354A","IN STOCK","LIMITED QTY","LIMITED QTY","65.66"
"PR13355A","IN STOCK","LIMITED QTY","LIMITED QTY","55.66"
"PR13356A","LIMITED QTY","LIMITED QTY","LIMITED QTY","82.66"
"PR13357A","OUT OF STOCK","OUT OF STOCK","OUT OF STOCK","218.66"
"PR13358A","IN STOCK","IN STOCK","LIMITED QTY","86.66"
"PR13359A","IN STOCK","IN STOCK","IN STOCK","104.66"
"PR13360A","IN STOCK","IN STOCK","OUT OF STOCK","65.66"
"PR13361A","IN STOCK","OUT OF STOCK","IN STOCK","83.66"
"PR13362A","IN STOCK","OUT OF STOCK","LIMITED QTY","78.66"
"PR13363A","IN STOCK","IN STOCK","IN STOCK","52.66"
"PR13364A","IN STOCK","IN STOCK","IN STOCK","73.66"
"PR13365A","IN STOCK","IN STOCK","IN STOCK","48.66"
"PR13366A","IN STOCK","LIMITED QTY","IN STOCK","78.66"
"PR13367A","IN STOCK","IN STOCK","IN STOCK","59.66"
"PR13368A","IN STOCK","LIMITED QTY","LIMITED QTY","68.66"
"PR13370A","IN STOCK","IN STOCK","IN STOCK","78.66"
"PR13371A","IN STOCK","LIMITED QTY","IN STOCK","72.66"
"PR13372A","IN STOCK","IN STOCK","IN STOCK","75.66"
"PR13373A","IN STOCK","IN STOCK","IN STOCK","78.66"
"PR13374A","LIMITED QTY","LIMITED QTY","LIMITED QTY","57.66"
"PR13375A","IN STOCK","OUT OF STOCK","OUT OF STOCK","68.66"
"PR13376A","IN STOCK","IN STOCK","IN STOCK","88.66"
"PR13377A","IN STOCK","LIMITED QTY","IN STOCK","132.66"
"PR13378A","OUT OF STOCK","OUT OF STOCK","OUT OF STOCK","243.66"
"PR13379A","IN STOCK","IN STOCK","LIMITED QTY","196.66"
"PR13380A","IN STOCK","IN STOCK","IN STOCK","113.66"
"PR13381A","IN STOCK","LIMITED QTY","LIMITED QTY","195.66"
"PR13382A","IN STOCK","IN STOCK","IN STOCK","66.66"
"PR13383A","IN STOCK","IN STOCK","IN STOCK","58.66"
"PR13384A","LIMITED QTY","LIMITED QTY","IN STOCK","75.66"
"PR13385A","LIMITED QTY","LIMITED QTY","LIMITED QTY","58.66"
"PR13387A","IN STOCK","IN STOCK","LIMITED QTY","89.66"
"PR13388A","LIMITED QTY","IN STOCK","LIMITED QTY","69.66"
"PR13389A","IN STOCK","IN STOCK","LIMITED QTY","69.66"
"PR13390A","LIMITED QTY","LIMITED QTY","LIMITED QTY","73.66"
"PR13391A","IN STOCK","IN STOCK","IN STOCK","78.66"
"PR13393A","IN STOCK","IN STOCK","IN STOCK","84.66"
"PR13394A","IN STOCK","IN STOCK","IN STOCK","68.66"
"PR13395A","IN STOCK","LIMITED QTY","LIMITED QTY","56.66"
"PR13396A","IN STOCK","IN STOCK","IN STOCK","99.66"
"PR13397A","IN STOCK","IN STOCK","IN STOCK","98.66"
"PR13398A","IN STOCK","IN STOCK","IN STOCK","98.66"
"PR13400A","IN STOCK","IN STOCK","IN STOCK","56.66"
"PR13401A","IN STOCK","IN STOCK","IN STOCK","64.66"
"PR13402A","IN STOCK","IN STOCK","IN STOCK","73.66"
"PR13403A","IN STOCK","IN STOCK","IN STOCK","68.66"
"PR13404A","IN STOCK","IN STOCK","IN STOCK","61.66"
"PR13405A","IN STOCK","LIMITED QTY","LIMITED QTY","68.66"
"PR13406A","LIMITED QTY","LIMITED QTY","LIMITED QTY","69.66"
"PR13407A","IN STOCK","IN STOCK","IN STOCK","73.66"
"PR1340A","IN STOCK","LIMITED QTY","LIMITED QTY","78.66"
"PR13411A","IN STOCK","LIMITED QTY","LIMITED QTY","52.66"
"PR13412A","IN STOCK","IN STOCK","LIMITED QTY","64.66"
"PR13413A","LIMITED QTY","LIMITED QTY","LIMITED QTY","55.66"
"PR13414A","IN STOCK","IN STOCK","IN STOCK","57.66"
"PR13415A","IN STOCK","LIMITED QTY","IN STOCK","71.66"
"PR13416A","IN STOCK","LIMITED QTY","LIMITED QTY","49.66"
"PR13417A","IN STOCK","LIMITED QTY","IN STOCK","72.66"
"PR13418A","IN STOCK","LIMITED QTY","LIMITED QTY","62.66"
"PR13419F","IN STOCK","IN STOCK","LIMITED QTY","75.66"
"PR1341A","LIMITED QTY","OUT OF STOCK","OUT OF STOCK","72.66"
"PR13420A","IN STOCK","LIMITED QTY","LIMITED QTY","62.66"
"PR13421A","IN STOCK","IN STOCK","LIMITED QTY","82.66"
"PR13422A","IN STOCK","IN STOCK","IN STOCK","68.66"
"PR13423A","IN STOCK","LIMITED QTY","IN STOCK","89.66"
"PR13424A","LIMITED QTY","LIMITED QTY","LIMITED QTY","54.66"
"PR13425A","IN STOCK","IN STOCK","IN STOCK","55.66"
"PR13427A","IN STOCK","IN STOCK","LIMITED QTY","53.66"
"PR13428A","IN STOCK","LIMITED QTY","LIMITED QTY","62.66"
"PR13429A","IN STOCK","IN STOCK","IN STOCK","59.66"
"PR1342A","LIMITED QTY","OUT OF STOCK","LIMITED QTY","82.66"
"PR13430A","IN STOCK","LIMITED QTY","LIMITED QTY","77.66"
"PR13431A","IN STOCK","IN STOCK","IN STOCK","66.66"
"PR13432A","IN STOCK","IN STOCK","IN STOCK","75.66"
"PR13433A","IN STOCK","IN STOCK","IN STOCK","99.66"
"PR13436A","IN STOCK","LIMITED QTY","LIMITED QTY","48.66"
"PR13439A","IN STOCK","LIMITED QTY","LIMITED QTY","62.66"
"PR1343A","LIMITED QTY","OUT OF STOCK","OUT OF STOCK","72.66"
"PR13440A","IN STOCK","LIMITED QTY","LIMITED QTY","75.66"
"PR13442A","IN STOCK","LIMITED QTY","LIMITED QTY","67.66"
"PR13443A","IN STOCK","LIMITED QTY","IN STOCK","58.66"
"PR13444A","IN STOCK","IN STOCK","LIMITED QTY","69.66"
"PR13445A","IN STOCK","OUT OF STOCK","IN STOCK","68.66"
"PR13446A","IN STOCK","LIMITED QTY","LIMITED QTY","61.66"
"PR13447A","LIMITED QTY","LIMITED QTY","LIMITED QTY","102.66"
"PR13448A","IN STOCK","IN STOCK","IN STOCK","65.66"
"PR13449A","IN STOCK","IN STOCK","IN STOCK","76.66"
"PR1344A","LIMITED QTY","OUT OF STOCK","OUT OF STOCK","75.66"
"PR13450A","IN STOCK","IN STOCK","LIMITED QTY","73.66"
"PR13451A","IN STOCK","IN STOCK","IN STOCK","64.66"
"PR13453A","IN STOCK","IN STOCK","LIMITED QTY","73.66"
"PR13454A","IN STOCK","IN STOCK","IN STOCK","73.66"
"PR13455A","LIMITED QTY","LIMITED QTY","LIMITED QTY","55.66"
"PR13456A","IN STOCK","IN STOCK","LIMITED QTY","68.66"
"PR13457A","IN STOCK","IN STOCK","IN STOCK","62.66"
"PR13458A","IN STOCK","LIMITED QTY","IN STOCK","59.66"
"PR13459A","IN STOCK","LIMITED QTY","LIMITED QTY","73.66"
"PR13460A","IN STOCK","LIMITED QTY","OUT OF STOCK","73.66"
"PR13461A","IN STOCK","IN STOCK","IN STOCK","63.66"
"PR13462A","LIMITED QTY","LIMITED QTY","LIMITED QTY","68.66"
"PR13463A","LIMITED QTY","LIMITED QTY","LIMITED QTY","69.66"
"PR13466A","LIMITED QTY","LIMITED QTY","LIMITED QTY","162.66"
"PR13467A","IN STOCK","IN STOCK","IN STOCK","74.66"
"PR13468A","IN STOCK","LIMITED QTY","LIMITED QTY","55.66"
"PR13469A","IN STOCK","IN STOCK","LIMITED QTY","67.66"
"PR13470A","IN STOCK","IN STOCK","IN STOCK","69.66"
"PR13471A","IN STOCK","LIMITED QTY","LIMITED QTY","72.66"
"PR13472A","IN STOCK","LIMITED QTY","LIMITED QTY","99.66"
"PR13473A","IN STOCK","IN STOCK","IN STOCK","93.66"
"PR13475A","IN STOCK","LIMITED QTY","LIMITED QTY","68.66"
"PR13476A","IN STOCK","IN STOCK","IN STOCK","103.66"
"PR13477A","IN STOCK","OUT OF STOCK","IN STOCK","72.66"
"PR13478A","LIMITED QTY","LIMITED QTY","LIMITED QTY","85.66"
"PR13479A","LIMITED QTY","OUT OF STOCK","OUT OF STOCK","59.66"
"PR13480A","IN STOCK","LIMITED QTY","LIMITED QTY","65.66"
"PR13481A","LIMITED QTY","LIMITED QTY","LIMITED QTY","87.66"
"PR13483A","LIMITED QTY","OUT OF STOCK","OUT OF STOCK","96.66"
"PR13484A","IN STOCK","IN STOCK","IN STOCK","68.66"
"PR13485A","LIMITED QTY","LIMITED QTY","LIMITED QTY","79.66"
"PR13486A","IN STOCK","LIMITED QTY","IN STOCK","82.66"
"PR13487A","IN STOCK","IN STOCK","IN STOCK","82.66"
"PR13488A","IN STOCK","LIMITED QTY","LIMITED QTY","88.66"
"PR13489A","IN STOCK","IN STOCK","IN STOCK","79.66"
"PR1348A","LIMITED QTY","OUT OF STOCK","LIMITED QTY","83.66"
"PR13490A","IN STOCK","IN STOCK","IN STOCK","112.66"
"PR13492A","IN STOCK","IN STOCK","LIMITED QTY","78.66"
"PR13493A","IN STOCK","IN STOCK","IN STOCK","76.66"
"PR13494A","IN STOCK","IN STOCK","LIMITED QTY","92.66"
"PR13496A","IN STOCK","IN STOCK","IN STOCK","93.66"
"PR13498A","IN STOCK","IN STOCK","IN STOCK","91.66"
"PR13499A","IN STOCK","IN STOCK","IN STOCK","92.66"
"PR13500A","IN STOCK","LIMITED QTY","IN STOCK","109.66"
"PR13501A","IN STOCK","IN STOCK","IN STOCK","89.66"
"PR13502A","IN STOCK","LIMITED QTY","LIMITED QTY","78.66"
"PR13503A","IN STOCK","LIMITED QTY","IN STOCK","78.66"
"PR13504A","LIMITED QTY","LIMITED QTY","LIMITED QTY","102.66"
"PR13505A","IN STOCK","IN STOCK","IN STOCK","89.66"
"PR13506A","IN STOCK","LIMITED QTY","LIMITED QTY","73.66"
"PR13507A","IN STOCK","IN STOCK","IN STOCK","69.66"
"PR13508A","IN STOCK","IN STOCK","IN STOCK","72.66"
"PR13509A","IN STOCK","LIMITED QTY","OUT OF STOCK","68.66"
"PR13510A","IN STOCK","IN STOCK","IN STOCK","93.66"
"PR13511A","IN STOCK","IN STOCK","IN STOCK","88.66"
"PR13512A","IN STOCK","IN STOCK","IN STOCK","78.66"
"PR13513A","IN STOCK","LIMITED QTY","LIMITED QTY","64.66"
"PR13514A","IN STOCK","IN STOCK","LIMITED QTY","79.66"
"PR13515A","IN STOCK","IN STOCK","LIMITED QTY","65.66"
"PR13516A","IN STOCK","IN STOCK","IN STOCK","66.66"
"PR13517A","IN STOCK","IN STOCK","LIMITED QTY","97.66"
"PR13518A","IN STOCK","LIMITED QTY","LIMITED QTY","82.66"
"PR13519A","IN STOCK","IN STOCK","IN STOCK","63.66"
"PR13520A","IN STOCK","IN STOCK","IN STOCK","79.66"
"PR13521A","IN STOCK","IN STOCK","LIMITED QTY","82.66"
"PR13522A","LIMITED QTY","OUT OF STOCK","LIMITED QTY","102.66"
"PR13523A","LIMITED QTY","LIMITED QTY","LIMITED QTY","93.66"
"PR13524A","IN STOCK","IN STOCK","LIMITED QTY","68.66"
"PR13525A","IN STOCK","IN STOCK","IN STOCK","63.66"
"PR13526A","IN STOCK","LIMITED QTY","LIMITED QTY","139.66"
"PR13527A","IN STOCK","IN STOCK","IN STOCK","138.66"
"PR13528A","IN STOCK","IN STOCK","IN STOCK","68.66"
"PR13529A","IN STOCK","IN STOCK","IN STOCK","68.66"
"PR13530A","LIMITED QTY","IN STOCK","IN STOCK","78.66"
"PR13531A","IN STOCK","LIMITED QTY","LIMITED QTY","63.66"
"PR13532A","IN STOCK","IN STOCK","LIMITED QTY","69.66"
"PR13533A","IN STOCK","IN STOCK","IN STOCK","65.66"
"PR13534A","IN STOCK","IN STOCK","IN STOCK","79.66"
"PR13535A","IN STOCK","LIMITED QTY","LIMITED QTY","65.66"
"PR13536A","IN STOCK","LIMITED QTY","LIMITED QTY","77.66"
"PR13537A","IN STOCK","IN STOCK","IN STOCK","72.66"
"PR13538A","IN STOCK","LIMITED QTY","OUT OF STOCK","65.66"
"PR13539A","IN STOCK","IN STOCK","IN STOCK","65.66"
"PR13540A","IN STOCK","IN STOCK","IN STOCK","98.66"
"PR13541A","IN STOCK","LIMITED QTY","LIMITED QTY","68.66"
"PR13542A","LIMITED QTY","LIMITED QTY","LIMITED QTY","333.66"
"PR13543A","IN STOCK","IN STOCK","LIMITED QTY","82.66"
"PR13544A","IN STOCK","LIMITED QTY","LIMITED QTY","63.66"
"PR13545A","OUT OF STOCK","OUT OF STOCK","OUT OF STOCK","232.66"
"PR13547A","LIMITED QTY","OUT OF STOCK","OUT OF STOCK","58.66"
"PR13549A","IN STOCK","OUT OF STOCK","LIMITED QTY","93.66"
"PR13550A","IN STOCK","LIMITED QTY","LIMITED QTY","93.66"
"PR13551A","IN STOCK","IN STOCK","IN STOCK","129.66"
"PR13552A","LIMITED QTY","LIMITED QTY","LIMITED QTY","63.66"
"PR13553A","IN STOCK","IN STOCK","IN STOCK","88.66"
"PR13554A","IN STOCK","IN STOCK","LIMITED QTY","92.66"
"PR13555A","IN STOCK","IN STOCK","IN STOCK","86.66"
"PR13556A","LIMITED QTY","IN STOCK","LIMITED QTY","112.66"
"PR13558A","IN STOCK","IN STOCK","IN STOCK","77.66"
"PR13559A","IN STOCK","IN STOCK","IN STOCK","68.66"
"PR13560A","IN STOCK","OUT OF STOCK","IN STOCK","78.66"
"PR13561A","IN STOCK","IN STOCK","IN STOCK","79.66"
"PR13562A","IN STOCK","IN STOCK","IN STOCK","143.66"
"PR13563A","IN STOCK","LIMITED QTY","LIMITED QTY","82.66"
"PR13565A","IN STOCK","IN STOCK","IN STOCK","86.66"
"PR13566A","IN STOCK","IN STOCK","OUT OF STOCK","76.66"
"PR13568A","IN STOCK","IN STOCK","IN STOCK","85.66"
"PR13569A","IN STOCK","IN STOCK","IN STOCK","123.66"
"PR13570A","IN STOCK","OUT OF STOCK","IN STOCK","87.66"
"PR13571A","IN STOCK","LIMITED QTY","LIMITED QTY","76.66"
"PR13572A","IN STOCK","IN STOCK","IN STOCK","86.66"
"PR13573A","IN STOCK","IN STOCK","LIMITED QTY","86.66"
"PR13574A","IN STOCK","IN STOCK","IN STOCK","73.66"
"PR13575A","IN STOCK","IN STOCK","IN STOCK","62.66"
"PR13576A","IN STOCK","IN STOCK","IN STOCK","62.66"
"PR13577A","IN STOCK","IN STOCK","LIMITED QTY","64.66"
"PR13578A","IN STOCK","IN STOCK","LIMITED QTY","87.66"
"PR13579A","IN STOCK","IN STOCK","IN STOCK","59.66"
"PR13581A","IN STOCK","IN STOCK","LIMITED QTY","76.66"
"PR13582A","IN STOCK","IN STOCK","IN STOCK","66.66"
"PR13583A","IN STOCK","IN STOCK","IN STOCK","59.66"
"PR13584A","IN STOCK","IN STOCK","IN STOCK","71.66"
"PR13585A","IN STOCK","OUT OF STOCK","LIMITED QTY","63.66"
"PR13586A","IN STOCK","OUT OF STOCK","LIMITED QTY","82.66"
"PR13587A","LIMITED QTY","IN STOCK","LIMITED QTY","84.66"
"PR13588A","IN STOCK","LIMITED QTY","LIMITED QTY","93.66"
"PR13589A","LIMITED QTY","LIMITED QTY","OUT OF STOCK","79.66"
"PR13590A","IN STOCK","LIMITED QTY","LIMITED QTY","69.66"
"PR13591A","IN STOCK","IN STOCK","IN STOCK","55.66"
"PR13592A","IN STOCK","IN STOCK","LIMITED QTY","82.66"
"PR13593A","IN STOCK","LIMITED QTY","IN STOCK","63.66"
"PR13594A","IN STOCK","IN STOCK","IN STOCK","99.66"
"PR13595A","IN STOCK","IN STOCK","IN STOCK","143.66"
"PR13596A","IN STOCK","LIMITED QTY","LIMITED QTY","79.66"
"PR13597A","IN STOCK","LIMITED QTY","LIMITED QTY","127.66"
"PR13598A","IN STOCK","IN STOCK","IN STOCK","143.66"
"PR13599A","IN STOCK","IN STOCK","IN STOCK","88.66"
"PR13600A","IN STOCK","LIMITED QTY","LIMITED QTY","73.66"
"PR13602A","IN STOCK","IN STOCK","IN STOCK","74.66"
"PR13603A","IN STOCK","IN STOCK","IN STOCK","64.66"
"PR13604A","IN STOCK","LIMITED QTY","IN STOCK","68.66"
"PR13605A","IN STOCK","IN STOCK","LIMITED QTY","63.66"
"PR13606A","LIMITED QTY","LIMITED QTY","LIMITED QTY","102.66"
"PR13607A","LIMITED QTY","LIMITED QTY","LIMITED QTY","92.66"
"PR13608A","IN STOCK","LIMITED QTY","IN STOCK","73.66"
"PR13609A","IN STOCK","IN STOCK","IN STOCK","58.66"
"PR13610A","IN STOCK","IN STOCK","LIMITED QTY","97.66"
"PR13611A","IN STOCK","LIMITED QTY","IN STOCK","62.66"
"PR13612A","IN STOCK","IN STOCK","IN STOCK","88.66"
"PR13613A","OUT OF STOCK","OUT OF STOCK","OUT OF STOCK","102.66"
"PR13614A","IN STOCK","IN STOCK","LIMITED QTY","83.66"
"PR13615A","LIMITED QTY","LIMITED QTY","LIMITED QTY","89.66"
"PR13616A","IN STOCK","IN STOCK","IN STOCK","213.66"
"PR13617A","IN STOCK","IN STOCK","IN STOCK","79.66"
"PR13618A","LIMITED QTY","LIMITED QTY","LIMITED QTY","74.66"
"PR13620A","IN STOCK","LIMITED QTY","LIMITED QTY","65.66"
"PR13622A","IN STOCK","LIMITED QTY","OUT OF STOCK","73.66"
"PR13623A","LIMITED QTY","LIMITED QTY","LIMITED QTY","69.66"
"PR13624A","IN STOCK","IN STOCK","LIMITED QTY","108.66"
"PR13625A","IN STOCK","IN STOCK","LIMITED QTY","93.66"
"PR13626A","IN STOCK","IN STOCK","IN STOCK","65.66"
"PR13627A","IN STOCK","LIMITED QTY","OUT OF STOCK","168.66"
"PR13628A","IN STOCK","LIMITED QTY","LIMITED QTY","93.66"
"PR13629A","IN STOCK","IN STOCK","IN STOCK","134.66"
"PR13630A","IN STOCK","LIMITED QTY","IN STOCK","82.66"
"PR13631A","IN STOCK","IN STOCK","IN STOCK","122.66"
"PR13632A","IN STOCK","IN STOCK","IN STOCK","112.66"
"PR13633A","IN STOCK","LIMITED QTY","IN STOCK","73.66"
"PR13634A","IN STOCK","IN STOCK","IN STOCK","92.66"
"PR13635A","IN STOCK","IN STOCK","LIMITED QTY","69.66"
"PR13636A","LIMITED QTY","LIMITED QTY","LIMITED QTY","222.66"
"PR13637A","IN STOCK","IN STOCK","LIMITED QTY","132.66"
"PR13639A","LIMITED QTY","LIMITED QTY","LIMITED QTY","87.66"
"PR13641A","IN STOCK","LIMITED QTY","IN STOCK","79.66"
"PR13642A","LIMITED QTY","OUT OF STOCK","IN STOCK","76.66"
"PR13643A","IN STOCK","IN STOCK","IN STOCK","152.66"
"PR13644A","IN STOCK","IN STOCK","IN STOCK","66.66"
"PR13645A","IN STOCK","IN STOCK","IN STOCK","82.66"
"PR13646A","IN STOCK","IN STOCK","LIMITED QTY","69.66"
"PR13647A","IN STOCK","OUT OF STOCK","LIMITED QTY","82.66"
"PR13650A","LIMITED QTY","LIMITED QTY","LIMITED QTY","97.66"
"PR13651A","IN STOCK","IN STOCK","IN STOCK","108.66"
"PR13652A","IN STOCK","LIMITED QTY","LIMITED QTY","163.66"
"PR13653A","IN STOCK","LIMITED QTY","LIMITED QTY","69.66"
"PR13654A","IN STOCK","IN STOCK","LIMITED QTY","77.66"
"PR13655A","LIMITED QTY","LIMITED QTY","LIMITED QTY","93.66"
"PR13656A","IN STOCK","IN STOCK","IN STOCK","73.66"
"PR13657A","IN STOCK","IN STOCK","IN STOCK","79.66"
"PR13658A","LIMITED QTY","LIMITED QTY","LIMITED QTY","109.66"
"PR13659A","IN STOCK","IN STOCK","IN STOCK","72.66"
"PR13660A","IN STOCK","LIMITED QTY","LIMITED QTY","83.66"
"PR13661A","IN STOCK","LIMITED QTY","IN STOCK","62.66"
"PR13662A","IN STOCK","IN STOCK","IN STOCK","69.66"
"PR13663A","IN STOCK","OUT OF STOCK","LIMITED QTY","82.66"
"PR13664A","LIMITED QTY","IN STOCK","IN STOCK","62.66"
"PR13665A","IN STOCK","IN STOCK","IN STOCK","84.66"
"PR13666A","IN STOCK","IN STOCK","IN STOCK","56.66"
"PR13667A","IN STOCK","LIMITED QTY","LIMITED QTY","62.66"
"PR13668A","IN STOCK","LIMITED QTY","LIMITED QTY","122.66"
"PR13669A","IN STOCK","LIMITED QTY","LIMITED QTY","79.66"
"PR13670A","IN STOCK","IN STOCK","IN STOCK","63.66"
"PR13671A","LIMITED QTY","LIMITED QTY","LIMITED QTY","62.66"
"PR13672A","IN STOCK","OUT OF STOCK","LIMITED QTY","73.66"
"PR13673A","IN STOCK","IN STOCK","LIMITED QTY","68.66"
"PR13674A","IN STOCK","IN STOCK","IN STOCK","68.66"
"PR13675A","IN STOCK","IN STOCK","IN STOCK","99.66"
"PR13676A","IN STOCK","IN STOCK","IN STOCK","173.66"
"PR13677A","IN STOCK","IN STOCK","IN STOCK","103.66"
"PR13678A","IN STOCK","IN STOCK","IN STOCK","63.66"
"PR13679A","IN STOCK","IN STOCK","LIMITED QTY","76.66"
"PR13680A","LIMITED QTY","LIMITED QTY","LIMITED QTY","102.66"
"PR13681A","IN STOCK","IN STOCK","LIMITED QTY","94.66"
"PR13682A","IN STOCK","IN STOCK","IN STOCK","81.66"
"PR13683A","LIMITED QTY","LIMITED QTY","LIMITED QTY","95.66"
"PR13684A","IN STOCK","IN STOCK","IN STOCK","67.66"
"PR13685A","IN STOCK","LIMITED QTY","LIMITED QTY","64.66"
"PR13686A","IN STOCK","IN STOCK","IN STOCK","62.66"
"PR13687A","LIMITED QTY","IN STOCK","IN STOCK","82.66"
"PR13688A","IN STOCK","IN STOCK","IN STOCK","113.66"
"PR13689A","IN STOCK","IN STOCK","IN STOCK","112.66"
"PR13690A","IN STOCK","IN STOCK","IN STOCK","218.66"
"PR13691A","IN STOCK","IN STOCK","LIMITED QTY","81.66"
"PR13693A","LIMITED QTY","OUT OF STOCK","LIMITED QTY","159.66"
"PR13694A","LIMITED QTY","LIMITED QTY","LIMITED QTY","132.66"
"PR13695A","IN STOCK","IN STOCK","IN STOCK","73.66"
"PR13696A","IN STOCK","IN STOCK","LIMITED QTY","86.66"
"PR13697A","IN STOCK","IN STOCK","LIMITED QTY","129.66"
"PR13698A","IN STOCK","IN STOCK","IN STOCK","95.66"
"PR13699A","IN STOCK","IN STOCK","IN STOCK","139.66"
"PR13700A","IN STOCK","IN STOCK","IN STOCK","73.66"
"PR13701A","IN STOCK","IN STOCK","LIMITED QTY","112.66"
"PR13702A","OUT OF STOCK","OUT OF STOCK","OUT OF STOCK","259.66"
"PR13703A","LIMITED QTY","LIMITED QTY","LIMITED QTY","102.66"
"PR13704A","IN STOCK","IN STOCK","IN STOCK","102.66"
"PR13705A","IN STOCK","IN STOCK","IN STOCK","98.66"
"PR13706A","IN STOCK","IN STOCK","IN STOCK","93.66"
"PR13707A","LIMITED QTY","LIMITED QTY","LIMITED QTY","78.66"
"PR13708A","IN STOCK","IN STOCK","LIMITED QTY","69.66"
"PR13709A","IN STOCK","IN STOCK","LIMITED QTY","59.66"
"PR13710A","IN STOCK","LIMITED QTY","LIMITED QTY","66.66"
"PR13711A","IN STOCK","LIMITED QTY","LIMITED QTY","143.66"
"PR13713A","IN STOCK","LIMITED QTY","LIMITED QTY","112.66"
"PR13714A","LIMITED QTY","LIMITED QTY","LIMITED QTY","89.66"
"PR13715A","IN STOCK","IN STOCK","IN STOCK","79.66"
"PR13716A","IN STOCK","IN STOCK","IN STOCK","147.66"
"PR13717A","IN STOCK","IN STOCK","IN STOCK","157.66"
"PR13718A","IN STOCK","IN STOCK","IN STOCK","98.66"
"PR13720A","LIMITED QTY","LIMITED QTY","LIMITED QTY","125.66"
"PR13721A","IN STOCK","LIMITED QTY","IN STOCK","139.66"
"PR13722A","LIMITED QTY","LIMITED QTY","LIMITED QTY","91.66"
"PR13723A","IN STOCK","LIMITED QTY","LIMITED QTY","86.66"
"PR13724A","LIMITED QTY","LIMITED QTY","LIMITED QTY","163.66"
"PR13725A","IN STOCK","IN STOCK","IN STOCK","99.66"
"PR1372A","LIMITED QTY","LIMITED QTY","OUT OF STOCK","133.66"
"PR13748A","IN STOCK","IN STOCK","IN STOCK","58.66"
"PR13749A","IN STOCK","LIMITED QTY","LIMITED QTY","99.66"
"PR13750A","IN STOCK","IN STOCK","LIMITED QTY","102.66"
"PR13751A","IN STOCK","LIMITED QTY","LIMITED QTY","95.66"
"PR13752A","LIMITED QTY","LIMITED QTY","LIMITED QTY","82.66"
"PR13753A","IN STOCK","IN STOCK","LIMITED QTY","128.66"
"PR13754A","IN STOCK","IN STOCK","OUT OF STOCK","93.66"
"PR13755A","IN STOCK","IN STOCK","LIMITED QTY","112.66"
"PR13756A","IN STOCK","IN STOCK","IN STOCK","127.66"
"PR13757A","IN STOCK","LIMITED QTY","LIMITED QTY","99.66"
"PR13758A","IN STOCK","LIMITED QTY","IN STOCK","119.66"
"PR13759A","IN STOCK","LIMITED QTY","LIMITED QTY","88.66"
"PR13761A","IN STOCK","IN STOCK","LIMITED QTY","88.66"
"PR13765A","IN STOCK","IN STOCK","LIMITED QTY","131.66"
"PR13766A","IN STOCK","LIMITED QTY","IN STOCK","83.66"
"PR13767A","IN STOCK","OUT OF STOCK","IN STOCK","99.66"
"PR13768A","IN STOCK","IN STOCK","IN STOCK","66.66"
"PR13769A","IN STOCK","IN STOCK","IN STOCK","84.66"
"PR13770A","IN STOCK","IN STOCK","IN STOCK","73.66"
"PR13771A","IN STOCK","IN STOCK","IN STOCK","69.66"
"PR13772A","IN STOCK","OUT OF STOCK","IN STOCK","96.66"
"PR13773A","IN STOCK","IN STOCK","IN STOCK","102.66"
"PR13774A","IN STOCK","IN STOCK","IN STOCK","113.66"
"PR13775A","IN STOCK","IN STOCK","IN STOCK","58.66"
"PR13776A","IN STOCK","IN STOCK","IN STOCK","83.66"
"PR13777A","IN STOCK","IN STOCK","IN STOCK","69.66"
"PR13778A","IN STOCK","IN STOCK","IN STOCK","76.66"
"PR13779A","LIMITED QTY","LIMITED QTY","LIMITED QTY","62.66"
"PR13780A","IN STOCK","IN STOCK","IN STOCK","69.66"
"PR13782A","IN STOCK","IN STOCK","IN STOCK","93.66"
"PR13783A","IN STOCK","IN STOCK","IN STOCK","135.66"
"PR13784A","LIMITED QTY","LIMITED QTY","LIMITED QTY","72.66"
"PR13786A","IN STOCK","IN STOCK","IN STOCK","59.66"
"PR13787A","IN STOCK","IN STOCK","LIMITED QTY","71.66"
"PR13788A","IN STOCK","IN STOCK","LIMITED QTY","103.66"
"PR13789A","IN STOCK","LIMITED QTY","LIMITED QTY","89.66"
"PR13790A","IN STOCK","LIMITED QTY","LIMITED QTY","143.66"
"PR13791A","IN STOCK","LIMITED QTY","LIMITED QTY","152.66"
"PR13792A","LIMITED QTY","LIMITED QTY","LIMITED QTY","214.66"
"PR13793A","LIMITED QTY","LIMITED QTY","LIMITED QTY","158.66"
"PR13794A","LIMITED QTY","LIMITED QTY","LIMITED QTY","79.66"
"PR13795A","IN STOCK","LIMITED QTY","LIMITED QTY","112.66"
"PR13796A","IN STOCK","LIMITED QTY","LIMITED QTY","103.66"
"PR13797A","IN STOCK","IN STOCK","IN STOCK","85.66"
"PR13798A","IN STOCK","IN STOCK","IN STOCK","92.66"
"PR13799A","IN STOCK","IN STOCK","IN STOCK","88.66"
"PR13800A","IN STOCK","IN STOCK","LIMITED QTY","172.66"
"PR13801A","IN STOCK","IN STOCK","IN STOCK","92.66"
"PR13802A","IN STOCK","IN STOCK","IN STOCK","92.66"
"PR13803A","IN STOCK","IN STOCK","IN STOCK","102.66"
"PR13804A","IN STOCK","IN STOCK","IN STOCK","86.66"
"PR13805A","IN STOCK","IN STOCK","LIMITED QTY","56.66"
"PR13806A","IN STOCK","LIMITED QTY","LIMITED QTY","118.66"
"PR13807A","OUT OF STOCK","OUT OF STOCK","OUT OF STOCK","218.66"
"PR13808A","IN STOCK","IN STOCK","LIMITED QTY","132.66"
"PR13809A","IN STOCK","IN STOCK","IN STOCK","69.66"
"PR13810A","IN STOCK","IN STOCK","IN STOCK","68.66"
"PR13811A","LIMITED QTY","LIMITED QTY","LIMITED QTY","149.66"
"PR13812A","IN STOCK","IN STOCK","IN STOCK","81.66"
"PR13813A","IN STOCK","IN STOCK","IN STOCK","82.66"
"PR13814A","IN STOCK","IN STOCK","IN STOCK","102.66"
"PR13816A","IN STOCK","LIMITED QTY","LIMITED QTY","133.66"
"PR13817A","IN STOCK","IN STOCK","IN STOCK","59.66"
"PR13818A","IN STOCK","IN STOCK","IN STOCK","118.66"
"PR13819A","IN STOCK","IN STOCK","IN STOCK","98.66"
"PR1381A","IN STOCK","LIMITED QTY","LIMITED QTY","55.66"
"PR13820A","IN STOCK","IN STOCK","IN STOCK","92.66"
"PR13821A","IN STOCK","LIMITED QTY","LIMITED QTY","98.66"
"PR13822A","IN STOCK","IN STOCK","LIMITED QTY","132.66"
"PR13823A","IN STOCK","LIMITED QTY","LIMITED QTY","73.66"
"PR13824A","IN STOCK","IN STOCK","IN STOCK","87.66"
"PR13825A","IN STOCK","IN STOCK","LIMITED QTY","79.66"
"PR13826A","IN STOCK","IN STOCK","IN STOCK","78.66"
"PR13827A","IN STOCK","IN STOCK","IN STOCK","97.66"
"PR13828A","IN STOCK","IN STOCK","LIMITED QTY","78.66"
"PR13829A","IN STOCK","IN STOCK","LIMITED QTY","126.66"
"PR13831A","IN STOCK","IN STOCK","IN STOCK","69.66"
"PR13832A","IN STOCK","IN STOCK","LIMITED QTY","69.66"
"PR13833A","IN STOCK","IN STOCK","IN STOCK","72.66"
"PR13834A","IN STOCK","LIMITED QTY","LIMITED QTY","58.66"
"PR13835A","IN STOCK","IN STOCK","IN STOCK","98.66"
"PR13836A","IN STOCK","IN STOCK","LIMITED QTY","78.66"
"PR13837A","IN STOCK","IN STOCK","IN STOCK","87.66"
"PR13838A","IN STOCK","IN STOCK","LIMITED QTY","82.66"
"PR13839A","IN STOCK","IN STOCK","LIMITED QTY","109.66"
"PR1383A","IN STOCK","LIMITED QTY","LIMITED QTY","229.66"
"PR13840A","IN STOCK","LIMITED QTY","OUT OF STOCK","162.66"
"PR13841A","IN STOCK","IN STOCK","IN STOCK","123.66"
"PR13842A","IN STOCK","IN STOCK","IN STOCK","72.66"
"PR13843A","OUT OF STOCK","OUT OF STOCK","OUT OF STOCK","10666.00"
"PR13844A","IN STOCK","LIMITED QTY","LIMITED QTY","76.66"
"PR13845A","IN STOCK","IN STOCK","IN STOCK","89.66"
"PR13847A","IN STOCK","IN STOCK","LIMITED QTY","99.66"
"PR13848A","IN STOCK","IN STOCK","IN STOCK","78.66"
"PR13849A","IN STOCK","IN STOCK","IN STOCK","157.66"
"PR13850A","IN STOCK","IN STOCK","IN STOCK","79.66"
"PR13851A","IN STOCK","LIMITED QTY","LIMITED QTY","98.66"
"PR13852A","IN STOCK","IN STOCK","IN STOCK","66.66"
"PR13853A","IN STOCK","IN STOCK","IN STOCK","93.66"
"PR13854A","IN STOCK","IN STOCK","IN STOCK","73.66"
"PR13855A","IN STOCK","IN STOCK","IN STOCK","88.66"
"PR13856A","IN STOCK","IN STOCK","LIMITED QTY","92.66"
"PR13857A","IN STOCK","IN STOCK","IN STOCK","102.66"
"PR13858A","IN STOCK","IN STOCK","LIMITED QTY","93.66"
"PR13859A","IN STOCK","IN STOCK","IN STOCK","73.66"
"PR13860A","IN STOCK","LIMITED QTY","IN STOCK","122.66"
"PR13861A","LIMITED QTY","LIMITED QTY","LIMITED QTY","131.66"
"PR13862A","IN STOCK","OUT OF STOCK","IN STOCK","78.66"
"PR13863A","IN STOCK","IN STOCK","IN STOCK","128.66"
"PR13864A","IN STOCK","IN STOCK","IN STOCK","92.66"
"PR13865A","IN STOCK","IN STOCK","IN STOCK","79.66"
"PR13868A","IN STOCK","IN STOCK","IN STOCK","83.66"
"PR13869A","IN STOCK","IN STOCK","LIMITED QTY","81.66"
"PR13870A","IN STOCK","IN STOCK","IN STOCK","79.66"
"PR13871A","IN STOCK","IN STOCK","IN STOCK","121.66"
"PR13872A","IN STOCK","IN STOCK","LIMITED QTY","101.66"
"PR13873A","IN STOCK","IN STOCK","IN STOCK","82.66"
"PR13874A","IN STOCK","IN STOCK","LIMITED QTY","99.66"
"PR13875A","IN STOCK","IN STOCK","IN STOCK","118.66"
"PR13876A","IN STOCK","LIMITED QTY","IN STOCK","83.66"
"PR13877A","IN STOCK","OUT OF STOCK","IN STOCK","78.66"
"PR13879A","IN STOCK","IN STOCK","IN STOCK","213.66"
"PR1387A","LIMITED QTY","OUT OF STOCK","LIMITED QTY","83.66"
"PR13880A","IN STOCK","OUT OF STOCK","LIMITED QTY","98.66"
"PR13881A","IN STOCK","IN STOCK","IN STOCK","98.66"
"PR13882A","LIMITED QTY","OUT OF STOCK","OUT OF STOCK","159.66"
"PR13883A","IN STOCK","IN STOCK","IN STOCK","72.66"
"PR13884A","IN STOCK","LIMITED QTY","LIMITED QTY","122.66"
"PR13885A","OUT OF STOCK","OUT OF STOCK","OUT OF STOCK","162.66"
"PR13886A","IN STOCK","IN STOCK","LIMITED QTY","79.66"
"PR13887A","IN STOCK","IN STOCK","IN STOCK","96.66"
"PR13888A","IN STOCK","OUT OF STOCK","IN STOCK","92.66"
"PR13889A","IN STOCK","IN STOCK","IN STOCK","112.66"
"PR1388A","LIMITED QTY","OUT OF STOCK","LIMITED QTY","67.66"
"PR13890A","IN STOCK","IN STOCK","IN STOCK","93.66"
"PR13893A","IN STOCK","IN STOCK","IN STOCK","82.66"
"PR13894A","IN STOCK","IN STOCK","LIMITED QTY","72.66"
"PR13895A","IN STOCK","IN STOCK","IN STOCK","112.66"
"PR13896A","IN STOCK","IN STOCK","IN STOCK","132.66"
"PR13897A","IN STOCK","IN STOCK","IN STOCK","77.66"
"PR13899A","IN STOCK","IN STOCK","IN STOCK","113.66"
"PR13900A","IN STOCK","IN STOCK","IN STOCK","55.77"
"PR13901A","IN STOCK","IN STOCK","IN STOCK","98.66"
"PR13902A","IN STOCK","IN STOCK","IN STOCK","119.66"
"PR13903A","IN STOCK","OUT OF STOCK","IN STOCK","103.66"
"PR13904A","IN STOCK","IN STOCK","IN STOCK","78.66"
"PR13905A","IN STOCK","OUT OF STOCK","OUT OF STOCK","107.66"
"PR13905F","IN STOCK","IN STOCK","IN STOCK","59.66"
"PR13906A","IN STOCK","IN STOCK","IN STOCK","143.66"
"PR13907A","IN STOCK","OUT OF STOCK","IN STOCK","71.66"
"PR13908A","LIMITED QTY","OUT OF STOCK","OUT OF STOCK","102.66"
"PR13909A","IN STOCK","OUT OF STOCK","LIMITED QTY","78.66"
"PR1390A","LIMITED QTY","LIMITED QTY","LIMITED QTY","69.66"
"PR13910A","IN STOCK","IN STOCK","IN STOCK","93.66"
"PR13911A","IN STOCK","IN STOCK","LIMITED QTY","122.66"
"PR13912A","IN STOCK","IN STOCK","IN STOCK","159.66"
"PR13913A","IN STOCK","IN STOCK","IN STOCK","99.66"
"PR13914A","IN STOCK","IN STOCK","IN STOCK","105.66"
"PR13915A","IN STOCK","IN STOCK","IN STOCK","83.66"
"PR13916A","IN STOCK","IN STOCK","IN STOCK","78.66"
"PR13917A","IN STOCK","IN STOCK","IN STOCK","149.66"
"PR13918A","IN STOCK","IN STOCK","IN STOCK","85.66"
"PR13919A","IN STOCK","IN STOCK","IN STOCK","89.66"
"PR1391A","IN STOCK","OUT OF STOCK","OUT OF STOCK","79.66"
"PR13920A","LIMITED QTY","LIMITED QTY","LIMITED QTY","102.66"
"PR13922A","IN STOCK","LIMITED QTY","IN STOCK","64.66"
"PR13923A","IN STOCK","IN STOCK","IN STOCK","156.66"
"PR13924A","IN STOCK","LIMITED QTY","LIMITED QTY","92.66"
"PR13925A","IN STOCK","IN STOCK","IN STOCK","84.66"
"PR13926A","IN STOCK","LIMITED QTY","LIMITED QTY","92.66"
"PR13927A","LIMITED QTY","LIMITED QTY","LIMITED QTY","65.66"
"PR13928A","IN STOCK","LIMITED QTY","LIMITED QTY","66.66"
"PR13929A","IN STOCK","IN STOCK","IN STOCK","98.66"
"PR13930A","IN STOCK","IN STOCK","IN STOCK","102.66"
"PR13931A","IN STOCK","LIMITED QTY","IN STOCK","152.66"
"PR13932A","IN STOCK","IN STOCK","IN STOCK","86.66"
"PR13933A","IN STOCK","LIMITED QTY","IN STOCK","102.66"
"PR13934A","IN STOCK","IN STOCK","IN STOCK","88.66"
"PR13935A","IN STOCK","IN STOCK","IN STOCK","127.66"
"PR13936A","IN STOCK","IN STOCK","IN STOCK","109.66"
"PR13937A","IN STOCK","LIMITED QTY","IN STOCK","103.66"
"PR13938A","IN STOCK","IN STOCK","IN STOCK","88.66"
"PR13939A","IN STOCK","IN STOCK","IN STOCK","68.66"
"PR1393A","IN STOCK","LIMITED QTY","LIMITED QTY","46.66"
"PR13940A","IN STOCK","IN STOCK","IN STOCK","112.66"
"PR13941A","IN STOCK","IN STOCK","IN STOCK","112.66"
"PR13942A","IN STOCK","IN STOCK","IN STOCK","189.66"
"PR13943A","IN STOCK","IN STOCK","LIMITED QTY","182.66"
"PR13944A","IN STOCK","IN STOCK","IN STOCK","83.66"
"PR13945A","IN STOCK","IN STOCK","IN STOCK","92.66"
"PR13946A","OUT OF STOCK","IN STOCK","IN STOCK","98.66"
"PR13947A","IN STOCK","IN STOCK","IN STOCK","122.66"
"PR13948A","IN STOCK","IN STOCK","IN STOCK","127.66"
"PR13949A","IN STOCK","OUT OF STOCK","OUT OF STOCK","103.66"
"PR1394A","IN STOCK","LIMITED QTY","LIMITED QTY","77.66"
"PR13950A","IN STOCK","IN STOCK","IN STOCK","117.66"
"PR13951A","IN STOCK","IN STOCK","IN STOCK","132.66"
"PR13952A","LIMITED QTY","LIMITED QTY","LIMITED QTY","363.66"
"PR13953A","IN STOCK","LIMITED QTY","IN STOCK","92.66"
"PR13955A","IN STOCK","IN STOCK","IN STOCK","89.66"
"PR13956A","IN STOCK","IN STOCK","IN STOCK","92.66"
"PR13957A","IN STOCK","IN STOCK","IN STOCK","112.66"
"PR13958A","IN STOCK","IN STOCK","IN STOCK","112.66"
"PR13959A","IN STOCK","IN STOCK","IN STOCK","133.66"
"PR13960A","IN STOCK","IN STOCK","IN STOCK","98.66"
"PR13961A","IN STOCK","IN STOCK","LIMITED QTY","62.66"
"PR13964A","LIMITED QTY","LIMITED QTY","LIMITED QTY","222.66"
"PR13965A","IN STOCK","IN STOCK","IN STOCK","78.66"
"PR13968A","IN STOCK","LIMITED QTY","LIMITED QTY","93.66"
"PR1396A","LIMITED QTY","LIMITED QTY","LIMITED QTY","75.66"
"PR13970A","IN STOCK","LIMITED QTY","LIMITED QTY","98.66"
"PR13971A","IN STOCK","LIMITED QTY","LIMITED QTY","103.66"
"PR13972A","IN STOCK","IN STOCK","IN STOCK","85.66"
"PR13973A","IN STOCK","LIMITED QTY","LIMITED QTY","102.66"
"PR13975A","IN STOCK","LIMITED QTY","IN STOCK","129.66"
"PR13977A","OUT OF STOCK","OUT OF STOCK","OUT OF STOCK","122.66"
"PR13978A","IN STOCK","IN STOCK","LIMITED QTY","163.66"
"PR13979A","LIMITED QTY","LIMITED QTY","LIMITED QTY","203.66"
"PR13980A","IN STOCK","IN STOCK","IN STOCK","92.66"
"PR13981A","OUT OF STOCK","OUT OF STOCK","OUT OF STOCK","293.66"
"PR13982A","IN STOCK","LIMITED QTY","LIMITED QTY","85.66"
"PR13983A","IN STOCK","LIMITED QTY","IN STOCK","73.66"
"PR13984A","IN STOCK","IN STOCK","LIMITED QTY","109.66"
"PR13985A","IN STOCK","LIMITED QTY","LIMITED QTY","92.66"
"PR13986A","IN STOCK","LIMITED QTY","LIMITED QTY","128.66"
"PR13987A","IN STOCK","LIMITED QTY","LIMITED QTY","93.66"
"PR13988A","IN STOCK","IN STOCK","IN STOCK","117.66"
"PR13989A","LIMITED QTY","OUT OF STOCK","OUT OF STOCK","162.66"
"PR1398A","LIMITED QTY","OUT OF STOCK","OUT OF STOCK","65.66"
"PR13995A","IN STOCK","IN STOCK","IN STOCK","105.66"
"PR13996A","OUT OF STOCK","OUT OF STOCK","OUT OF STOCK","79.66"
"PR13998A","IN STOCK","LIMITED QTY","LIMITED QTY","125.66"
"PR13999A","IN STOCK","IN STOCK","LIMITED QTY","68.66"
"PR1399A","IN STOCK","IN STOCK","LIMITED QTY","35.66"
"PR14000A","LIMITED QTY","LIMITED QTY","LIMITED QTY","129.66"
"PR14002A","IN STOCK","IN STOCK","IN STOCK","92.66"
"PR14003A","OUT OF STOCK","OUT OF STOCK","OUT OF STOCK","99.66"
"PR14007A","LIMITED QTY","LIMITED QTY","LIMITED QTY","161.66"
"PR1400A","LIMITED QTY","LIMITED QTY","LIMITED QTY","85.66"
"PR14011A","LIMITED QTY","LIMITED QTY","LIMITED QTY","163.66"
"PR14013A","LIMITED QTY","OUT OF STOCK","OUT OF STOCK","99.66"
"PR14014A","IN STOCK","OUT OF STOCK","OUT OF STOCK","133.66"
"PR14015A","IN STOCK","LIMITED QTY","IN STOCK","123.66"
"PR14018A","IN STOCK","LIMITED QTY","LIMITED QTY","112.66"
"PR1401A","IN STOCK","IN STOCK","LIMITED QTY","68.66"
"PR14022A","OUT OF STOCK","LIMITED QTY","LIMITED QTY","232.66"
"PR14023A","IN STOCK","LIMITED QTY","LIMITED QTY","135.66"
"PR1407A","LIMITED QTY","OUT OF STOCK","OUT OF STOCK","79.66"
"PR1409A","IN STOCK","LIMITED QTY","LIMITED QTY","59.66"
"PR1410A","LIMITED QTY","LIMITED QTY","LIMITED QTY","88.66"
"PR1419A","LIMITED QTY","OUT OF STOCK","LIMITED QTY","52.66"
"PR1421A","LIMITED QTY","LIMITED QTY","OUT OF STOCK","52.66"
"PR1422A","LIMITED QTY","LIMITED QTY","OUT OF STOCK","61.66"
"PR1424A","OUT OF STOCK","OUT OF STOCK","OUT OF STOCK","102.66"
"PR1426A","IN STOCK","LIMITED QTY","LIMITED QTY","62.66"
"PR1428A","IN STOCK","IN STOCK","LIMITED QTY","72.66"
"PR1430","LIMITED QTY","OUT OF STOCK","OUT OF STOCK","263.66"
"PR1432A","LIMITED QTY","LIMITED QTY","LIMITED QTY","155.66"
"PR1440A","LIMITED QTY","OUT OF STOCK","OUT OF STOCK","43.66"
"PR1444A","LIMITED QTY","LIMITED QTY","LIMITED QTY","53.66"
"PR1446A","LIMITED QTY","LIMITED QTY","OUT OF STOCK","116.66"
"PR1448","LIMITED QTY","OUT OF STOCK","OUT OF STOCK","608.66"
"PR1451F","IN STOCK","IN STOCK","IN STOCK","98.66"
"PR1452A","IN STOCK","LIMITED QTY","IN STOCK","79.66"
"PR1453A","LIMITED QTY","IN STOCK","OUT OF STOCK","83.66"
"PR1454A","IN STOCK","IN STOCK","LIMITED QTY","96.66"
"PR1455A","IN STOCK","LIMITED QTY","LIMITED QTY","102.66"
"PR1456A","IN STOCK","IN STOCK","LIMITED QTY","123.66"
"PR1458A","IN STOCK","LIMITED QTY","LIMITED QTY","83.66"
"PR1462KA","IN STOCK","OUT OF STOCK","OUT OF STOCK","53.66"
"PR1469","LIMITED QTY","OUT OF STOCK","LIMITED QTY","504.66"
"PR1473A","LIMITED QTY","OUT OF STOCK","OUT OF STOCK","82.66"
"PR1474A","IN STOCK","LIMITED QTY","LIMITED QTY","92.66"
"PR1475A","LIMITED QTY","OUT OF STOCK","LIMITED QTY","93.66"
"PR1476A","IN STOCK","IN STOCK","LIMITED QTY","59.66"
"PR1477A","IN STOCK","LIMITED QTY","LIMITED QTY","93.66"
"PR1482F","IN STOCK","IN STOCK","IN STOCK","81.66"
"PR1485A","IN STOCK","LIMITED QTY","LIMITED QTY","68.66"
"PR1486A","LIMITED QTY","LIMITED QTY","LIMITED QTY","92.66"
"PR1488A","IN STOCK","LIMITED QTY","LIMITED QTY","78.66"
"PR1489A","IN STOCK","IN STOCK","LIMITED QTY","92.66"
"PR1494A","IN STOCK","LIMITED QTY","LIMITED QTY","56.66"
"PR1505A","OUT OF STOCK","OUT OF STOCK","OUT OF STOCK","108.66"
"PR1511A","IN STOCK","LIMITED QTY","LIMITED QTY","85.66"
"PR1512A","IN STOCK","LIMITED QTY","LIMITED QTY","94.66"
"PR1514A","LIMITED QTY","OUT OF STOCK","OUT OF STOCK","78.66"
"PR1515A","LIMITED QTY","LIMITED QTY","LIMITED QTY","52.66"
"PR1516A","IN STOCK","IN STOCK","LIMITED QTY","82.66"
"PR1517A","IN STOCK","IN STOCK","IN STOCK","96.66"
"PR1518A","IN STOCK","LIMITED QTY","LIMITED QTY","78.66"
"PR1519A","IN STOCK","IN STOCK","IN STOCK","69.66"
"PR1520A","IN STOCK","IN STOCK","IN STOCK","119.66"
"PR1521A","IN STOCK","IN STOCK","LIMITED QTY","158.66"
"PR1522A","IN STOCK","LIMITED QTY","IN STOCK","89.66"
"PR1523A","IN STOCK","IN STOCK","IN STOCK","118.66"
"PR1527A","OUT OF STOCK","OUT OF STOCK","OUT OF STOCK","92.66"
"PR1530A","IN STOCK","OUT OF STOCK","LIMITED QTY","149.66"
"PR1531A","LIMITED QTY","LIMITED QTY","LIMITED QTY","62.66"
"PR1532A","OUT OF STOCK","OUT OF STOCK","OUT OF STOCK","67.66"
"PR1533A","IN STOCK","IN STOCK","IN STOCK","76.66"
"PR1538A","IN STOCK","LIMITED QTY","LIMITED QTY","132.66"
"PR1548A","IN STOCK","IN STOCK","IN STOCK","53.66"
"PR1550A","IN STOCK","LIMITED QTY","LIMITED QTY","93.66"
"PR1551A","IN STOCK","IN STOCK","LIMITED QTY","79.66"
"PR1552A","IN STOCK","IN STOCK","IN STOCK","86.66"
"PR1553A","IN STOCK","LIMITED QTY","IN STOCK","122.66"
"PR1555A","OUT OF STOCK","OUT OF STOCK","OUT OF STOCK","189.66"
"PR1556F","IN STOCK","OUT OF STOCK","OUT OF STOCK","38.66"
"PR1557A","LIMITED QTY","OUT OF STOCK","OUT OF STOCK","61.66"
"PR1561A","LIMITED QTY","LIMITED QTY","LIMITED QTY","69.66"
"PR1568A","IN STOCK","LIMITED QTY","LIMITED QTY","59.66"
"PR1570A","IN STOCK","LIMITED QTY","LIMITED QTY","47.66"
"PR1571A","LIMITED QTY","LIMITED QTY","LIMITED QTY","73.66"
"PR1572A","LIMITED QTY","LIMITED QTY","LIMITED QTY","95.66"
"PR1573A","IN STOCK","IN STOCK","LIMITED QTY","49.66"
"PR1574A","LIMITED QTY","LIMITED QTY","OUT OF STOCK","64.66"
"PR1575A","IN STOCK","LIMITED QTY","LIMITED QTY","72.66"
"PR1577A","LIMITED QTY","LIMITED QTY","OUT OF STOCK","113.66"
"PR1581A","LIMITED QTY","LIMITED QTY","LIMITED QTY","67.66"
"PR1592A","LIMITED QTY","OUT OF STOCK","OUT OF STOCK","82.66"
"PR1599A","IN STOCK","LIMITED QTY","LIMITED QTY","102.66"
"PR1603","IN STOCK","LIMITED QTY","OUT OF STOCK","32.66"
"PR1608F","IN STOCK","OUT OF STOCK","OUT OF STOCK","61.66"
"PR1609A","IN STOCK","IN STOCK","LIMITED QTY","85.66"
"PR1610A","LIMITED QTY","OUT OF STOCK","OUT OF STOCK","63.66"
"PR1614A","OUT OF STOCK","OUT OF STOCK","OUT OF STOCK","99.66"
"PR1624B","LIMITED QTY","OUT OF STOCK","OUT OF STOCK","69.66"
"PR1626A","LIMITED QTY","LIMITED QTY","OUT OF STOCK","65.66"
"PR1627A","IN STOCK","LIMITED QTY","LIMITED QTY","57.66"
"PR1682A","IN STOCK","IN STOCK","LIMITED QTY","83.66"
"PR1684F","IN STOCK","LIMITED QTY","LIMITED QTY","69.66"
"PR1687A","LIMITED QTY","LIMITED QTY","LIMITED QTY","65.66"
"PR1688A","IN STOCK","LIMITED QTY","LIMITED QTY","91.66"
"PR1689A","IN STOCK","LIMITED QTY","OUT OF STOCK","93.66"
"PR1691A","OUT OF STOCK","OUT OF STOCK","OUT OF STOCK","86.66"
"PR1693A","IN STOCK","IN STOCK","IN STOCK","89.66"
"PR1694A","IN STOCK","OUT OF STOCK","LIMITED QTY","122.66"
"PR1696F","IN STOCK","IN STOCK","IN STOCK","132.66"
"PR1700A","OUT OF STOCK","LIMITED QTY","LIMITED QTY","93.66"
"PR1702A","IN STOCK","LIMITED QTY","LIMITED QTY","75.66"
"PR1704A","IN STOCK","LIMITED QTY","LIMITED QTY","65.66"
"PR1706A","LIMITED QTY","LIMITED QTY","OUT OF STOCK","89.66"
"PR1707A","LIMITED QTY","IN STOCK","IN STOCK","78.66"
"PR1709A","LIMITED QTY","IN STOCK","LIMITED QTY","99.66"
"PR1718A","LIMITED QTY","LIMITED QTY","LIMITED QTY","72.66"
"PR1719A","LIMITED QTY","LIMITED QTY","LIMITED QTY","72.66"
"PR1721A","IN STOCK","IN STOCK","IN STOCK","122.66"
"PR1722A","IN STOCK","LIMITED QTY","IN STOCK","81.66"
"PR1724A","LIMITED QTY","OUT OF STOCK","LIMITED QTY","145.66"
"PR1725A","IN STOCK","IN STOCK","IN STOCK","122.66"
"PR1726A","IN STOCK","OUT OF STOCK","IN STOCK","87.66"
"PR1728A","IN STOCK","IN STOCK","IN STOCK","97.66"
"PR1729A","IN STOCK","IN STOCK","LIMITED QTY","179.66"
"PR1735A","IN STOCK","LIMITED QTY","IN STOCK","79.66"
"PR1736A","OUT OF STOCK","OUT OF STOCK","OUT OF STOCK","69.66"
"PR1737A","IN STOCK","LIMITED QTY","LIMITED QTY","79.66"
"PR1738A","IN STOCK","LIMITED QTY","LIMITED QTY","72.66"
"PR1746A","IN STOCK","OUT OF STOCK","LIMITED QTY","55.66"
"PR1748A","LIMITED QTY","OUT OF STOCK","OUT OF STOCK","129.66"
"PR1750A","LIMITED QTY","LIMITED QTY","LIMITED QTY","62.66"
"PR1751A","LIMITED QTY","LIMITED QTY","OUT OF STOCK","72.66"
"PR1752A","LIMITED QTY","LIMITED QTY","LIMITED QTY","59.66"
"PR1753A","LIMITED QTY","LIMITED QTY","OUT OF STOCK","72.66"
"PR1755A","IN STOCK","OUT OF STOCK","IN STOCK","82.66"
"PR1774A","IN STOCK","IN STOCK","IN STOCK","92.66"
"PR1775A","IN STOCK","IN STOCK","LIMITED QTY","75.66"
"PR1776A","IN STOCK","LIMITED QTY","LIMITED QTY","67.66"
"PR1777A","LIMITED QTY","LIMITED QTY","OUT OF STOCK","113.66"
"PR1778A","IN STOCK","OUT OF STOCK","OUT OF STOCK","68.66"
"PR1779A","IN STOCK","LIMITED QTY","LIMITED QTY","95.66"
"PR1784A","IN STOCK","LIMITED QTY","LIMITED QTY","83.66"
"PR1786A","IN STOCK","IN STOCK","LIMITED QTY","82.66"
"PR1788A","IN STOCK","IN STOCK","LIMITED QTY","93.66"
"PR1790A","IN STOCK","IN STOCK","IN STOCK","82.66"
"PR1791A","IN STOCK","LIMITED QTY","IN STOCK","82.66"
"PR1792A","IN STOCK","IN STOCK","IN STOCK","91.66"
"PR1793A","LIMITED QTY","OUT OF STOCK","OUT OF STOCK","229.66"
"PR1798A","LIMITED QTY","LIMITED QTY","LIMITED QTY","65.66"
"PR1799A","LIMITED QTY","OUT OF STOCK","OUT OF STOCK","99.66"
"PR1815A","IN STOCK","IN STOCK","LIMITED QTY","63.66"
"PR1816A","IN STOCK","LIMITED QTY","LIMITED QTY","45.66"
"PR1819KA","LIMITED QTY","OUT OF STOCK","OUT OF STOCK","69.66"
"PR1820F","OUT OF STOCK","OUT OF STOCK","OUT OF STOCK","273.66"
"PR1823F","IN STOCK","IN STOCK","LIMITED QTY","43.66"
"PR1824A","IN STOCK","IN STOCK","LIMITED QTY","139.66"
"PR1825A","LIMITED QTY","OUT OF STOCK","OUT OF STOCK","57.66"
"PR1826A","IN STOCK","IN STOCK","IN STOCK","68.66"
"PR1830A","IN STOCK","LIMITED QTY","LIMITED QTY","74.66"
"PR1831A","IN STOCK","LIMITED QTY","IN STOCK","92.66"
"PR1832P","LIMITED QTY","OUT OF STOCK","OUT OF STOCK","58.66"
"PR1838A","LIMITED QTY","OUT OF STOCK","LIMITED QTY","65.66"
"PR1839A","LIMITED QTY","LIMITED QTY","LIMITED QTY","63.66"
"PR1841A","IN STOCK","IN STOCK","LIMITED QTY","72.66"
"PR1842F","LIMITED QTY","LIMITED QTY","LIMITED QTY","88.66"
"PR1843A","LIMITED QTY","LIMITED QTY","LIMITED QTY","62.66"
"PR1844A","LIMITED QTY","LIMITED QTY","LIMITED QTY","95.66"
"PR1845A","IN STOCK","LIMITED QTY","LIMITED QTY","85.66"
"PR1847A","LIMITED QTY","LIMITED QTY","LIMITED QTY","129.66"
"PR1850A","IN STOCK","IN STOCK","LIMITED QTY","73.66"
"PR1851A","IN STOCK","IN STOCK","LIMITED QTY","53.66"
"PR1853A","LIMITED QTY","LIMITED QTY","OUT OF STOCK","61.66"
"PR1854A","IN STOCK","LIMITED QTY","LIMITED QTY","77.66"
"PR1859A","LIMITED QTY","LIMITED QTY","LIMITED QTY","65.66"
"PR1862A","IN STOCK","LIMITED QTY","LIMITED QTY","112.66"
"PR1864A","LIMITED QTY","LIMITED QTY","OUT OF STOCK","73.66"
"PR1871A","LIMITED QTY","LIMITED QTY","LIMITED QTY","78.66"
"PR1880A","LIMITED QTY","LIMITED QTY","LIMITED QTY","77.66"
"PR1881A","IN STOCK","LIMITED QTY","OUT OF STOCK","82.66"
"PR1885A","IN STOCK","LIMITED QTY","IN STOCK","76.66"
"PR1888A","LIMITED QTY","LIMITED QTY","LIMITED QTY","77.66"
"PR1889F","IN STOCK","LIMITED QTY","LIMITED QTY","72.66"
"PR1890A","IN STOCK","IN STOCK","LIMITED QTY","73.66"
"PR1892A","LIMITED QTY","OUT OF STOCK","OUT OF STOCK","65.66"
"PR1897A","IN STOCK","LIMITED QTY","LIMITED QTY","58.66"
"PR1905A","IN STOCK","IN STOCK","IN STOCK","92.66"
"PR1906A","IN STOCK","LIMITED QTY","LIMITED QTY","68.66"
"PR1907A","LIMITED QTY","LIMITED QTY","OUT OF STOCK","54.66"
"PR1909A","IN STOCK","LIMITED QTY","LIMITED QTY","59.66"
"PR1910A","IN STOCK","IN STOCK","IN STOCK","68.66"
"PR1912A","LIMITED QTY","LIMITED QTY","LIMITED QTY","59.66"
"PR1917A","IN STOCK","LIMITED QTY","LIMITED QTY","113.66"
"PR1918A","IN STOCK","IN STOCK","LIMITED QTY","105.66"
"PR1924A","LIMITED QTY","LIMITED QTY","LIMITED QTY","79.66"
"PR1942K","LIMITED QTY","OUT OF STOCK","OUT OF STOCK","62.66"
"PR1954K","LIMITED QTY","OUT OF STOCK","OUT OF STOCK","82.66"
"PR1956K","LIMITED QTY","OUT OF STOCK","OUT OF STOCK","53.66"
"PR1976A","IN STOCK","OUT OF STOCK","OUT OF STOCK","49.66"
"PR1979KA","LIMITED QTY","OUT OF STOCK","OUT OF STOCK","67.66"
"PR1986A","OUT OF STOCK","OUT OF STOCK","OUT OF STOCK","63.66"
"PR1993A","OUT OF STOCK","OUT OF STOCK","OUT OF STOCK","173.66"
"PR1994F","IN STOCK","IN STOCK","LIMITED QTY","92.66"
"PR1995A","IN STOCK","IN STOCK","IN STOCK","118.66"
"PR1996A","IN STOCK","IN STOCK","IN STOCK","98.66"
"PR1997A","IN STOCK","IN STOCK","LIMITED QTY","93.66"
"PR1998A","OUT OF STOCK","OUT OF STOCK","IN STOCK","75.66"
"PR2003A","IN STOCK","IN STOCK","IN STOCK","82.66"
"PR2004K","IN STOCK","OUT OF STOCK","OUT OF STOCK","46.66"
"PR2005K","LIMITED QTY","OUT OF STOCK","OUT OF STOCK","48.66"
"PR2008A","LIMITED QTY","LIMITED QTY","LIMITED QTY","73.66"
"PR2010A","LIMITED QTY","LIMITED QTY","OUT OF STOCK","75.66"
"PR2018F","IN STOCK","IN STOCK","IN STOCK","112.66"
"PR2022F","OUT OF STOCK","OUT OF STOCK","OUT OF STOCK","131.66"
"PR2023A","IN STOCK","LIMITED QTY","LIMITED QTY","68.66"
"PR2024A","IN STOCK","LIMITED QTY","OUT OF STOCK","68.66"
"PR2029F","LIMITED QTY","OUT OF STOCK","OUT OF STOCK","117.66"
"PR2030A","IN STOCK","LIMITED QTY","OUT OF STOCK","49.66"
"PR2031A","IN STOCK","LIMITED QTY","LIMITED QTY","69.66"
"PR2034F","IN STOCK","LIMITED QTY","LIMITED QTY","69.66"
"PR2035A","LIMITED QTY","LIMITED QTY","LIMITED QTY","87.66"
"PR2036F","IN STOCK","LIMITED QTY","LIMITED QTY","75.66"
"PR2037A","LIMITED QTY","LIMITED QTY","OUT OF STOCK","73.66"
"PR2038A","LIMITED QTY","LIMITED QTY","LIMITED QTY","142.66"
"PR2042A","IN STOCK","IN STOCK","IN STOCK","89.66"
"PR2043A","LIMITED QTY","LIMITED QTY","LIMITED QTY","142.66"
"PR2044A","IN STOCK","OUT OF STOCK","LIMITED QTY","84.66"
"PR2051A","IN STOCK","LIMITED QTY","IN STOCK","55.66"
"PR2053A","LIMITED QTY","OUT OF STOCK","OUT OF STOCK","142.66"
"PR2054A","LIMITED QTY","LIMITED QTY","LIMITED QTY","75.66"
"PR2055A","LIMITED QTY","OUT OF STOCK","OUT OF STOCK","75.66"
"PR2056A","LIMITED QTY","LIMITED QTY","OUT OF STOCK","84.66"
"PR2057A","LIMITED QTY","LIMITED QTY","LIMITED QTY","68.66"
"PR2058A","LIMITED QTY","LIMITED QTY","LIMITED QTY","72.66"
"PR2062A","IN STOCK","LIMITED QTY","LIMITED QTY","82.66"
"PR2063A","LIMITED QTY","LIMITED QTY","LIMITED QTY","85.66"
"PR2065A","LIMITED QTY","LIMITED QTY","LIMITED QTY","59.66"
"PR2068F","OUT OF STOCK","LIMITED QTY","LIMITED QTY","183.66"
"PR2069A","LIMITED QTY","LIMITED QTY","LIMITED QTY","118.66"
"PR2072A","OUT OF STOCK","OUT OF STOCK","OUT OF STOCK","139.66"
"PR2073A","LIMITED QTY","LIMITED QTY","LIMITED QTY","68.66"
"PR2075A","LIMITED QTY","LIMITED QTY","LIMITED QTY","68.66"
"PR2076KA","OUT OF STOCK","OUT OF STOCK","OUT OF STOCK","98.66"
"PR2078A","LIMITED QTY","LIMITED QTY","OUT OF STOCK","85.66"
"PR2081A","IN STOCK","IN STOCK","LIMITED QTY","77.66"
"PR2082A","LIMITED QTY","OUT OF STOCK","OUT OF STOCK","122.66"
"PR2084K","LIMITED QTY","OUT OF STOCK","OUT OF STOCK","59.66"
"PR2085A","LIMITED QTY","LIMITED QTY","LIMITED QTY","59.66"
"PR2087A","IN STOCK","IN STOCK","LIMITED QTY","63.66"
"PR2088A","LIMITED QTY","OUT OF STOCK","OUT OF STOCK","61.66"
"PR2089A","IN STOCK","LIMITED QTY","LIMITED QTY","62.66"
"PR2090A","LIMITED QTY","OUT OF STOCK","LIMITED QTY","94.66"
"PR2094A","LIMITED QTY","LIMITED QTY","OUT OF STOCK","221.66"
"PR2097A","IN STOCK","LIMITED QTY","LIMITED QTY","73.66"
"PR2099A","IN STOCK","LIMITED QTY","LIMITED QTY","88.66"
"PR2100A","OUT OF STOCK","OUT OF STOCK","OUT OF STOCK","96.66"
"PR2101A","IN STOCK","IN STOCK","IN STOCK","83.66"
"PR2102A","LIMITED QTY","LIMITED QTY","LIMITED QTY","87.66"
"PR2112A","LIMITED QTY","OUT OF STOCK","OUT OF STOCK","133.66"
"PR2136F","IN STOCK","IN STOCK","IN STOCK","99.66"
"PR2138F","IN STOCK","LIMITED QTY","OUT OF STOCK","72.66"
"PR2139A","IN STOCK","OUT OF STOCK","IN STOCK","72.66"
"PR2140A","LIMITED QTY","LIMITED QTY","LIMITED QTY","53.66"
"PR2141A","LIMITED QTY","LIMITED QTY","LIMITED QTY","78.66"
"PR2142L","LIMITED QTY","LIMITED QTY","LIMITED QTY","203.66"
"PR2142R","LIMITED QTY","LIMITED QTY","LIMITED QTY","172.66"
"PR2147A","IN STOCK","LIMITED QTY","IN STOCK","55.66"
"PR2148A","IN STOCK","LIMITED QTY","LIMITED QTY","52.66"
"PR2150A","IN STOCK","LIMITED QTY","LIMITED QTY","59.66"
"PR2151A","LIMITED QTY","LIMITED QTY","LIMITED QTY","65.66"
"PR2152A","LIMITED QTY","LIMITED QTY","LIMITED QTY","68.66"
"PR2153A","IN STOCK","LIMITED QTY","LIMITED QTY","76.66"
"PR2154A","IN STOCK","IN STOCK","IN STOCK","89.66"
"PR2157A","IN STOCK","OUT OF STOCK","OUT OF STOCK","64.66"
"PR2159A","IN STOCK","LIMITED QTY","LIMITED QTY","59.66"
"PR2160A","LIMITED QTY","LIMITED QTY","LIMITED QTY","106.66"
"PR2164A","IN STOCK","LIMITED QTY","LIMITED QTY","89.66"
"PR2165A","IN STOCK","IN STOCK","LIMITED QTY","109.66"
"PR2170A","IN STOCK","IN STOCK","IN STOCK","99.66"
"PR2171A","IN STOCK","IN STOCK","IN STOCK","115.66"
"PR2172A","LIMITED QTY","LIMITED QTY","OUT OF STOCK","83.66"
"PR2173A","IN STOCK","IN STOCK","IN STOCK","78.66"
"PR2178KA","IN STOCK","OUT OF STOCK","OUT OF STOCK","78.66"
"PR2179KA","LIMITED QTY","OUT OF STOCK","OUT OF STOCK","56.66"
"PR2182A","IN STOCK","IN STOCK","LIMITED QTY","73.66"
"PR2183A","IN STOCK","LIMITED QTY","LIMITED QTY","73.66"
"PR2184A","IN STOCK","LIMITED QTY","IN STOCK","73.66"
"PR2186A","OUT OF STOCK","LIMITED QTY","LIMITED QTY","152.66"
"PR2189A","LIMITED QTY","OUT OF STOCK","LIMITED QTY","102.66"
"PR2190A","IN STOCK","IN STOCK","IN STOCK","86.66"
"PR2191A","LIMITED QTY","LIMITED QTY","LIMITED QTY","62.66"
"PR2192A","LIMITED QTY","OUT OF STOCK","LIMITED QTY","69.66"
"PR2195A","IN STOCK","IN STOCK","LIMITED QTY","78.66"
"PR2196A","IN STOCK","LIMITED QTY","LIMITED QTY","51.66"
"PR2198A","IN STOCK","LIMITED QTY","IN STOCK","62.66"
"PR2203A","IN STOCK","IN STOCK","IN STOCK","52.66"
"PR2206A","LIMITED QTY","LIMITED QTY","LIMITED QTY","77.66"
"PR2208K","LIMITED QTY","OUT OF STOCK","OUT OF STOCK","67.66"
"PR2209A","OUT OF STOCK","OUT OF STOCK","OUT OF STOCK","59.66"
"PR2211A","LIMITED QTY","LIMITED QTY","OUT OF STOCK","62.66"
"PR2212A","IN STOCK","IN STOCK","LIMITED QTY","95.66"
"PR2213A","IN STOCK","LIMITED QTY","LIMITED QTY","142.66"
"PR2215A","IN STOCK","LIMITED QTY","IN STOCK","58.66"
"PR2219A","LIMITED QTY","OUT OF STOCK","OUT OF STOCK","67.66"
"PR2221KA","IN STOCK","LIMITED QTY","LIMITED QTY","94.66"
"PR2222A","IN STOCK","LIMITED QTY","LIMITED QTY","62.66"
"PR2230A","LIMITED QTY","LIMITED QTY","LIMITED QTY","77.66"
"PR2231A","LIMITED QTY","LIMITED QTY","LIMITED QTY","78.66"
"PR2241A","IN STOCK","LIMITED QTY","LIMITED QTY","58.66"
"PR2250A","LIMITED QTY","OUT OF STOCK","LIMITED QTY","83.66"
"PR2251A","LIMITED QTY","LIMITED QTY","OUT OF STOCK","82.66"
"PR2256A","LIMITED QTY","LIMITED QTY","LIMITED QTY","72.66"
"PR2257A","OUT OF STOCK","LIMITED QTY","OUT OF STOCK","76.66"
"PR2258A","IN STOCK","IN STOCK","IN STOCK","76.66"
"PR2259A","IN STOCK","LIMITED QTY","LIMITED QTY","69.66"
"PR2260A","IN STOCK","IN STOCK","IN STOCK","88.66"
"PR2261A","IN STOCK","IN STOCK","LIMITED QTY","68.66"
"PR2262A","IN STOCK","IN STOCK","IN STOCK","69.66"
"PR2263A","IN STOCK","IN STOCK","LIMITED QTY","89.66"
"PR2264A","IN STOCK","LIMITED QTY","LIMITED QTY","59.66"
"PR2265A","IN STOCK","IN STOCK","IN STOCK","53.66"
"PR2268A","IN STOCK","LIMITED QTY","LIMITED QTY","59.66"
"PR2269A","LIMITED QTY","OUT OF STOCK","LIMITED QTY","72.66"
"PR2270A","IN STOCK","IN STOCK","IN STOCK","68.66"
"PR2271A","IN STOCK","LIMITED QTY","LIMITED QTY","82.66"
"PR2272A","IN STOCK","IN STOCK","IN STOCK","74.66"
"PR2273A","LIMITED QTY","LIMITED QTY","LIMITED QTY","45.66"
"PR2274A","IN STOCK","OUT OF STOCK","OUT OF STOCK","57.66"
"PR2277A","LIMITED QTY","OUT OF STOCK","OUT OF STOCK","62.66"
"PR2278A","IN STOCK","IN STOCK","LIMITED QTY","64.66"
"PR2279A","IN STOCK","LIMITED QTY","LIMITED QTY","85.66"
"PR2280A","IN STOCK","IN STOCK","LIMITED QTY","97.66"
"PR2282A","IN STOCK","LIMITED QTY","IN STOCK","145.66"
"PR2283A","LIMITED QTY","LIMITED QTY","LIMITED QTY","78.66"
"PR2284A","LIMITED QTY","LIMITED QTY","LIMITED QTY","72.66"
"PR2285A","IN STOCK","LIMITED QTY","LIMITED QTY","96.66"
"PR2287A","LIMITED QTY","LIMITED QTY","LIMITED QTY","305.66"
"PR2290F","IN STOCK","IN STOCK","LIMITED QTY","83.66"
"PR2291A","IN STOCK","IN STOCK","IN STOCK","93.66"
"PR2292A","IN STOCK","LIMITED QTY","LIMITED QTY","68.66"
"PR2293A","LIMITED QTY","OUT OF STOCK","OUT OF STOCK","75.66"
"PR2294F","IN STOCK","LIMITED QTY","LIMITED QTY","75.66"
"PR2295F","LIMITED QTY","LIMITED QTY","OUT OF STOCK","193.66"
"PR2296A","LIMITED QTY","LIMITED QTY","LIMITED QTY","49.66"
"PR2297KA","OUT OF STOCK","OUT OF STOCK","OUT OF STOCK","49.66"
"PR2298A","IN STOCK","LIMITED QTY","IN STOCK","65.66"
"PR2299A","LIMITED QTY","OUT OF STOCK","OUT OF STOCK","69.66"
"PR2300F","LIMITED QTY","LIMITED QTY","LIMITED QTY","57.66"
"PR2301F","LIMITED QTY","LIMITED QTY","LIMITED QTY","55.66"
"PR2303A","LIMITED QTY","LIMITED QTY","OUT OF STOCK","59.66"
"PR2304A","LIMITED QTY","OUT OF STOCK","OUT OF STOCK","55.66"
"PR2305A","IN STOCK","LIMITED QTY","LIMITED QTY","49.66"
"PR2306A","LIMITED QTY","LIMITED QTY","LIMITED QTY","69.66"
"PR2307F","IN STOCK","IN STOCK","LIMITED QTY","64.66"
"PR2308A","IN STOCK","IN STOCK","LIMITED QTY","91.66"
"PR2309A","IN STOCK","LIMITED QTY","LIMITED QTY","98.66"
"PR2311A","IN STOCK","IN STOCK","IN STOCK","65.66"
"PR2312A","IN STOCK","LIMITED QTY","LIMITED QTY","72.66"
"PR2317A","IN STOCK","LIMITED QTY","LIMITED QTY","89.66"
"PR2318A","LIMITED QTY","OUT OF STOCK","OUT OF STOCK","142.66"
"PR2320A","IN STOCK","LIMITED QTY","IN STOCK","102.66"
"PR2321A","IN STOCK","LIMITED QTY","LIMITED QTY","85.66"
"PR2322A","LIMITED QTY","OUT OF STOCK","OUT OF STOCK","83.66"
"PR2323F","IN STOCK","LIMITED QTY","LIMITED QTY","59.66"
"PR2324A","IN STOCK","IN STOCK","LIMITED QTY","64.66"
"PR2325A","IN STOCK","IN STOCK","LIMITED QTY","71.66"
"PR2327A","LIMITED QTY","LIMITED QTY","LIMITED QTY","57.66"
"PR2328A","LIMITED QTY","LIMITED QTY","LIMITED QTY","53.66"
"PR2329A","IN STOCK","IN STOCK","LIMITED QTY","55.66"
"PR2330A","IN STOCK","LIMITED QTY","LIMITED QTY","72.66"
"PR2331A","IN STOCK","LIMITED QTY","LIMITED QTY","62.66"
"PR2333A","IN STOCK","IN STOCK","LIMITED QTY","69.66"
"PR2334A","IN STOCK","IN STOCK","IN STOCK","68.66"
"PR2335A","IN STOCK","LIMITED QTY","LIMITED QTY","62.66"
"PR2336A","LIMITED QTY","IN STOCK","LIMITED QTY","78.66"
"PR2337F","IN STOCK","IN STOCK","IN STOCK","69.66"
"PR2338A","LIMITED QTY","OUT OF STOCK","LIMITED QTY","58.66"
"PR2339A","IN STOCK","IN STOCK","IN STOCK","62.66"
"PR2340A","IN STOCK","IN STOCK","LIMITED QTY","69.66"
"PR2342A","IN STOCK","LIMITED QTY","IN STOCK","72.66"
"PR2343F","IN STOCK","IN STOCK","IN STOCK","69.66"
"PR2344A","LIMITED QTY","LIMITED QTY","OUT OF STOCK","61.66"
"PR2345A","LIMITED QTY","LIMITED QTY","LIMITED QTY","86.66"
"PR2346A","IN STOCK","LIMITED QTY","IN STOCK","59.66"
"PR2347A","IN STOCK","IN STOCK","IN STOCK","69.66"
"PR2348A","LIMITED QTY","LIMITED QTY","LIMITED QTY","65.66"
"PR2349A","OUT OF STOCK","OUT OF STOCK","OUT OF STOCK","146.66"
"PR2350A","IN STOCK","IN STOCK","IN STOCK","77.66"
"PR2351A","IN STOCK","IN STOCK","IN STOCK","72.66"
"PR2352A","IN STOCK","IN STOCK","LIMITED QTY","59.66"
"PR2353A","IN STOCK","LIMITED QTY","LIMITED QTY","82.66"
"PR2354A","IN STOCK","IN STOCK","IN STOCK","55.66"
"PR2356A","IN STOCK","IN STOCK","IN STOCK","68.66"
"PR2358A","LIMITED QTY","LIMITED QTY","LIMITED QTY","57.66"
"PR2359KA","OUT OF STOCK","OUT OF STOCK","OUT OF STOCK","77.66"
"PR2360A","LIMITED QTY","LIMITED QTY","LIMITED QTY","53.66"
"PR2362F","IN STOCK","IN STOCK","LIMITED QTY","58.66"
"PR2363A","LIMITED QTY","OUT OF STOCK","LIMITED QTY","55.66"
"PR2365A","IN STOCK","LIMITED QTY","IN STOCK","82.66"
"PR2367A","LIMITED QTY","OUT OF STOCK","OUT OF STOCK","82.66"
"PR2368A","IN STOCK","LIMITED QTY","IN STOCK","72.66"
"PR2369A","IN STOCK","IN STOCK","IN STOCK","72.66"
"PR2370A","IN STOCK","IN STOCK","IN STOCK","92.66"
"PR2371A","LIMITED QTY","OUT OF STOCK","LIMITED QTY","79.66"
"PR2375A","IN STOCK","LIMITED QTY","LIMITED QTY","59.66"
"PR2376F","IN STOCK","IN STOCK","IN STOCK","96.66"
"PR2377A","IN STOCK","LIMITED QTY","IN STOCK","65.66"
"PR2378F","IN STOCK","OUT OF STOCK","OUT OF STOCK","62.66"
"PR2379F","LIMITED QTY","OUT OF STOCK","OUT OF STOCK","71.66"
"PR2380F","IN STOCK","OUT OF STOCK","OUT OF STOCK","59.66"
"PR2381A","IN STOCK","LIMITED QTY","LIMITED QTY","53.66"
"PR2384F","IN STOCK","OUT OF STOCK","OUT OF STOCK","48.66"
"PR2385F","IN STOCK","OUT OF STOCK","OUT OF STOCK","48.66"
"PR2386A","LIMITED QTY","LIMITED QTY","LIMITED QTY","57.66"
"PR2387F","IN STOCK","LIMITED QTY","LIMITED QTY","61.66"
"PR2388A","LIMITED QTY","LIMITED QTY","OUT OF STOCK","67.66"
"PR2389F","IN STOCK","IN STOCK","OUT OF STOCK","69.66"
"PR2390F","IN STOCK","OUT OF STOCK","OUT OF STOCK","69.66"
"PR2391F","LIMITED QTY","OUT OF STOCK","OUT OF STOCK","77.66"
"PR2392A","IN STOCK","LIMITED QTY","LIMITED QTY","78.66"
"PR2400A","LIMITED QTY","LIMITED QTY","LIMITED QTY","61.66"
"PR2401A","IN STOCK","LIMITED QTY","IN STOCK","78.66"
"PR2402A","IN STOCK","LIMITED QTY","LIMITED QTY","65.66"
"PR2403A","IN STOCK","IN STOCK","OUT OF STOCK","72.66"
"PR2404KA","OUT OF STOCK","OUT OF STOCK","OUT OF STOCK","95.66"
"PR2405A","LIMITED QTY","LIMITED QTY","LIMITED QTY","45.66"
"PR2406A","IN STOCK","LIMITED QTY","OUT OF STOCK","43.66"
"PR2407A","OUT OF STOCK","OUT OF STOCK","LIMITED QTY","69.66"
"PR2408A","LIMITED QTY","LIMITED QTY","LIMITED QTY","53.66"
"PR2409A","IN STOCK","IN STOCK","LIMITED QTY","69.66"
"PR2410A","LIMITED QTY","OUT OF STOCK","LIMITED QTY","65.66"
"PR2411A","IN STOCK","LIMITED QTY","LIMITED QTY","82.66"
"PR2412A","IN STOCK","LIMITED QTY","LIMITED QTY","66.66"
"PR2413A","IN STOCK","LIMITED QTY","LIMITED QTY","61.66"
"PR2414A","IN STOCK","LIMITED QTY","LIMITED QTY","58.66"
"PR2415A","IN STOCK","IN STOCK","LIMITED QTY","61.66"
"PR2416A","IN STOCK","OUT OF STOCK","OUT OF STOCK","43.66"
"PR2417A","IN STOCK","IN STOCK","LIMITED QTY","74.66"
"PR2418A","IN STOCK","LIMITED QTY","LIMITED QTY","92.66"
"PR2419A","IN STOCK","IN STOCK","IN STOCK","66.66"
"PR2421A","IN STOCK","LIMITED QTY","LIMITED QTY","89.66"
"PR2423A","IN STOCK","IN STOCK","IN STOCK","83.66"
"PR2424A","IN STOCK","IN STOCK","LIMITED QTY","57.66"
"PR2425A","IN STOCK","LIMITED QTY","LIMITED QTY","72.66"
"PR2426A","LIMITED QTY","LIMITED QTY","LIMITED QTY","72.66"
"PR2427A","LIMITED QTY","LIMITED QTY","LIMITED QTY","76.66"
"PR2428A","IN STOCK","IN STOCK","IN STOCK","51.66"
"PR2430A","IN STOCK","IN STOCK","LIMITED QTY","68.66"
"PR2431F","IN STOCK","IN STOCK","LIMITED QTY","52.66"
"PR2432A","IN STOCK","LIMITED QTY","LIMITED QTY","42.66"
"PR2433A","LIMITED QTY","LIMITED QTY","LIMITED QTY","62.66"
"PR2434A","IN STOCK","IN STOCK","LIMITED QTY","71.66"
"PR2435A","IN STOCK","IN STOCK","IN STOCK","58.66"
"PR2436A","IN STOCK","IN STOCK","IN STOCK","65.66"
"PR2437A","IN STOCK","IN STOCK","IN STOCK","62.66"
"PR2438A","IN STOCK","LIMITED QTY","LIMITED QTY","65.66"
"PR2441A","LIMITED QTY","OUT OF STOCK","LIMITED QTY","72.66"
"PR2442A","IN STOCK","LIMITED QTY","LIMITED QTY","78.66"
"PR2443A","IN STOCK","IN STOCK","IN STOCK","64.66"
"PR2444A","LIMITED QTY","LIMITED QTY","LIMITED QTY","72.66"
"PR2445A","IN STOCK","LIMITED QTY","LIMITED QTY","82.66"
"PR2446A","IN STOCK","OUT OF STOCK","LIMITED QTY","59.66"
"PR2447A","LIMITED QTY","OUT OF STOCK","OUT OF STOCK","65.66"
"PR2448A","IN STOCK","LIMITED QTY","IN STOCK","58.66"
"PR2450A","IN STOCK","LIMITED QTY","LIMITED QTY","63.66"
"PR2451A","IN STOCK","LIMITED QTY","LIMITED QTY","71.66"
"PR2452A","IN STOCK","IN STOCK","LIMITED QTY","72.66"
"PR2453A","IN STOCK","LIMITED QTY","IN STOCK","68.66"
"PR2454A","IN STOCK","OUT OF STOCK","LIMITED QTY","82.66"
"PR2455A","OUT OF STOCK","LIMITED QTY","LIMITED QTY","63.66"
"PR2456A","LIMITED QTY","LIMITED QTY","LIMITED QTY","92.66"
"PR2458F","LIMITED QTY","OUT OF STOCK","LIMITED QTY","69.66"
"PR2459A","IN STOCK","IN STOCK","LIMITED QTY","69.66"
"PR2461A","IN STOCK","OUT OF STOCK","OUT OF STOCK","93.66"
"PR2462A","LIMITED QTY","LIMITED QTY","LIMITED QTY","69.66"
"PR2463A","LIMITED QTY","LIMITED QTY","OUT OF STOCK","69.66"
"PR2464A","IN STOCK","IN STOCK","LIMITED QTY","62.66"
"PR2465A","IN STOCK","IN STOCK","LIMITED QTY","73.66"
"PR2468A","IN STOCK","LIMITED QTY","IN STOCK","67.66"
"PR2469A","LIMITED QTY","OUT OF STOCK","LIMITED QTY","72.66"
"PR2470A","IN STOCK","IN STOCK","IN STOCK","92.66"
"PR2471A","LIMITED QTY","LIMITED QTY","LIMITED QTY","87.66"
"PR2472A","OUT OF STOCK","OUT OF STOCK","OUT OF STOCK","67.66"
"PR2473KA","LIMITED QTY","OUT OF STOCK","OUT OF STOCK","78.66"
"PR2474A","IN STOCK","LIMITED QTY","OUT OF STOCK","92.66"
"PR2475A","IN STOCK","LIMITED QTY","LIMITED QTY","89.66"
"PR2476A","LIMITED QTY","OUT OF STOCK","LIMITED QTY","98.66"
"PR2479A","IN STOCK","LIMITED QTY","LIMITED QTY","65.66"
"PR2480A","IN STOCK","IN STOCK","IN STOCK","67.66"
"PR2481A","IN STOCK","IN STOCK","IN STOCK","71.66"
"PR2482A","LIMITED QTY","LIMITED QTY","LIMITED QTY","72.66"
"PR2490A","LIMITED QTY","LIMITED QTY","LIMITED QTY","89.66"
"PR2491A","IN STOCK","IN STOCK","IN STOCK","75.66"
"PR2492A","IN STOCK","LIMITED QTY","LIMITED QTY","63.66"
"PR2506A","LIMITED QTY","LIMITED QTY","LIMITED QTY","72.66"
"PR2509A","IN STOCK","LIMITED QTY","LIMITED QTY","193.66"
"PR2510F","IN STOCK","IN STOCK","IN STOCK","128.66"
"PR2513A","IN STOCK","LIMITED QTY","LIMITED QTY","95.66"
"PR2514A","LIMITED QTY","IN STOCK","LIMITED QTY","92.66"
"PR2516A","IN STOCK","LIMITED QTY","LIMITED QTY","72.66"
"PR2517A","OUT OF STOCK","OUT OF STOCK","OUT OF STOCK","79.66"
"PR2518A","IN STOCK","LIMITED QTY","LIMITED QTY","53.66"
"PR2520A","IN STOCK","IN STOCK","LIMITED QTY","66.66"
"PR2521A","LIMITED QTY","LIMITED QTY","LIMITED QTY","65.66"
"PR2533A","LIMITED QTY","OUT OF STOCK","OUT OF STOCK","202.66"
"PR2537A","IN STOCK","IN STOCK","IN STOCK","193.66"
"PR2538A","LIMITED QTY","OUT OF STOCK","LIMITED QTY","162.66"
"PR2541A","LIMITED QTY","LIMITED QTY","LIMITED QTY","62.66"
"PR2542A","IN STOCK","IN STOCK","IN STOCK","76.66"
"PR2543A","IN STOCK","LIMITED QTY","LIMITED QTY","82.66"
"PR2550A","IN STOCK","OUT OF STOCK","OUT OF STOCK","57.66"
"PR2551A","IN STOCK","LIMITED QTY","LIMITED QTY","107.66"
"PR2556F","LIMITED QTY","LIMITED QTY","LIMITED QTY","89.66"
"PR2557A","LIMITED QTY","LIMITED QTY","LIMITED QTY","85.66"
"PR2561A","LIMITED QTY","OUT OF STOCK","LIMITED QTY","123.66"
"PR2562A","LIMITED QTY","LIMITED QTY","LIMITED QTY","64.66"
"PR2563A","IN STOCK","LIMITED QTY","LIMITED QTY","82.66"
"PR2565F","IN STOCK","IN STOCK","LIMITED QTY","77.66"
"PR2567F","OUT OF STOCK","OUT OF STOCK","OUT OF STOCK","303.66"
"PR2568A","LIMITED QTY","OUT OF STOCK","LIMITED QTY","294.66"
"PR2569A","IN STOCK","IN STOCK","LIMITED QTY","55.66"
"PR2571A","IN STOCK","IN STOCK","IN STOCK","65.66"
"PR2572A","IN STOCK","LIMITED QTY","LIMITED QTY","68.66"
"PR2573A","IN STOCK","LIMITED QTY","OUT OF STOCK","62.66"
"PR2574A","IN STOCK","IN STOCK","LIMITED QTY","59.66"
"PR2575A","IN STOCK","IN STOCK","IN STOCK","68.66"
"PR2576A","IN STOCK","IN STOCK","IN STOCK","62.66"
"PR2577A","IN STOCK","LIMITED QTY","LIMITED QTY","68.66"
"PR2578A","IN STOCK","LIMITED QTY","IN STOCK","76.66"
"PR2580A","IN STOCK","IN STOCK","IN STOCK","77.66"
"PR2581A","IN STOCK","IN STOCK","IN STOCK","82.66"
"PR2583A","LIMITED QTY","LIMITED QTY","LIMITED QTY","103.66"
"PR2584A","IN STOCK","IN STOCK","IN STOCK","73.66"
"PR2585A","IN STOCK","IN STOCK","IN STOCK","76.66"
"PR2587F","LIMITED QTY","OUT OF STOCK","OUT OF STOCK","57.66"
"PR2588F","IN STOCK","LIMITED QTY","LIMITED QTY","63.66"
"PR2589A","OUT OF STOCK","LIMITED QTY","LIMITED QTY","89.66"
"PR2590A","IN STOCK","LIMITED QTY","LIMITED QTY","88.66"
"PR2593A","IN STOCK","IN STOCK","LIMITED QTY","86.66"
"PR2594A","IN STOCK","LIMITED QTY","LIMITED QTY","78.66"
"PR2595A","LIMITED QTY","OUT OF STOCK","LIMITED QTY","82.66"
"PR2596A","IN STOCK","IN STOCK","IN STOCK","102.66"
"PR2599A","IN STOCK","IN STOCK","IN STOCK","56.66"
"PR2601F","LIMITED QTY","OUT OF STOCK","LIMITED QTY","78.66"
"PR2602F","LIMITED QTY","OUT OF STOCK","OUT OF STOCK","75.66"
"PR2603F","IN STOCK","LIMITED QTY","IN STOCK","78.66"
"PR2605A","IN STOCK","LIMITED QTY","LIMITED QTY","77.66"
"PR2606A","LIMITED QTY","LIMITED QTY","LIMITED QTY","77.66"
"PR2607A","IN STOCK","LIMITED QTY","LIMITED QTY","77.66"
"PR2608A","IN STOCK","OUT OF STOCK","IN STOCK","62.66"
"PR2609A","IN STOCK","IN STOCK","IN STOCK","89.66"
"PR2610A","IN STOCK","LIMITED QTY","IN STOCK","63.66"
"PR2611F","IN STOCK","IN STOCK","IN STOCK","73.66"
"PR2612A","LIMITED QTY","LIMITED QTY","LIMITED QTY","69.66"
"PR2617A","LIMITED QTY","LIMITED QTY","LIMITED QTY","72.66"
"PR2620A","IN STOCK","LIMITED QTY","LIMITED QTY","88.66"
"PR2621A","LIMITED QTY","LIMITED QTY","LIMITED QTY","95.66"
"PR2622A","IN STOCK","LIMITED QTY","LIMITED QTY","78.66"
"PR2623A","IN STOCK","LIMITED QTY","LIMITED QTY","63.66"
"PR2626A","LIMITED QTY","LIMITED QTY","OUT OF STOCK","83.66"
"PR2627F","OUT OF STOCK","OUT OF STOCK","OUT OF STOCK","278.66"
"PR2629F","IN STOCK","LIMITED QTY","LIMITED QTY","128.66"
"PR2635A","IN STOCK","IN STOCK","LIMITED QTY","62.66"
"PR2636F","IN STOCK","IN STOCK","IN STOCK","58.66"
"PR2639A","LIMITED QTY","LIMITED QTY","LIMITED QTY","161.66"
"PR2645A","IN STOCK","IN STOCK","LIMITED QTY","118.66"
"PR2648A","LIMITED QTY","LIMITED QTY","LIMITED QTY","75.66"
"PR2651F","IN STOCK","IN STOCK","IN STOCK","109.66"
"PR2652A","IN STOCK","LIMITED QTY","LIMITED QTY","103.66"
"PR2671A","IN STOCK","IN STOCK","LIMITED QTY","68.66"
"PR2672F","IN STOCK","LIMITED QTY","LIMITED QTY","83.66"
"PR2673A","IN STOCK","IN STOCK","LIMITED QTY","69.66"
"PR2674A","IN STOCK","IN STOCK","LIMITED QTY","59.66"
"PR2675A","IN STOCK","IN STOCK","LIMITED QTY","75.66"
"PR2676A","LIMITED QTY","LIMITED QTY","OUT OF STOCK","85.66"
"PR2677A","IN STOCK","IN STOCK","LIMITED QTY","67.66"
"PR2680A","IN STOCK","LIMITED QTY","IN STOCK","62.66"
"PR2681A","IN STOCK","IN STOCK","LIMITED QTY","92.66"
"PR2682A","IN STOCK","IN STOCK","IN STOCK","94.66"
"PR2683F","IN STOCK","LIMITED QTY","IN STOCK","62.66"
"PR2688A","IN STOCK","IN STOCK","IN STOCK","102.66"
"PR2689A","LIMITED QTY","LIMITED QTY","IN STOCK","112.66"
"PR2690A","IN STOCK","LIMITED QTY","LIMITED QTY","82.66"
"PR2691A","IN STOCK","IN STOCK","IN STOCK","88.66"
"PR2692A","IN STOCK","LIMITED QTY","LIMITED QTY","59.66"
"PR2693A","IN STOCK","IN STOCK","LIMITED QTY","58.66"
"PR2694A","IN STOCK","IN STOCK","LIMITED QTY","69.66"
"PR2695A","LIMITED QTY","LIMITED QTY","LIMITED QTY","63.66"
"PR2696A","IN STOCK","LIMITED QTY","LIMITED QTY","48.66"
"PR2700F","OUT OF STOCK","OUT OF STOCK","OUT OF STOCK","129.66"
"PR2701A","LIMITED QTY","OUT OF STOCK","LIMITED QTY","81.66"
"PR2702A","LIMITED QTY","IN STOCK","IN STOCK","58.66"
"PR2703A","IN STOCK","LIMITED QTY","LIMITED QTY","65.66"
"PR2704F","IN STOCK","LIMITED QTY","LIMITED QTY","62.66"
"PR2707A","IN STOCK","IN STOCK","IN STOCK","77.66"
"PR2710F","IN STOCK","IN STOCK","IN STOCK","59.66"
"PR2711A","IN STOCK","IN STOCK","IN STOCK","108.66"
"PR2712A","IN STOCK","IN STOCK","LIMITED QTY","79.66"
"PR2713A","IN STOCK","IN STOCK","IN STOCK","103.66"
"PR2714A","IN STOCK","IN STOCK","IN STOCK","72.66"
"PR2715A","LIMITED QTY","LIMITED QTY","LIMITED QTY","82.66"
"PR2716A","IN STOCK","IN STOCK","LIMITED QTY","82.66"
"PR2719A","OUT OF STOCK","LIMITED QTY","LIMITED QTY","98.66"
"PR2720A","LIMITED QTY","LIMITED QTY","OUT OF STOCK","67.66"
"PR2721A","IN STOCK","LIMITED QTY","LIMITED QTY","69.66"
"PR2722A","LIMITED QTY","OUT OF STOCK","OUT OF STOCK","62.66"
"PR2723A","LIMITED QTY","LIMITED QTY","LIMITED QTY","59.66"
"PR2724A","LIMITED QTY","LIMITED QTY","OUT OF STOCK","75.66"
"PR2727A","IN STOCK","LIMITED QTY","IN STOCK","58.66"
"PR2728A","LIMITED QTY","IN STOCK","IN STOCK","66.66"
"PR2730A","IN STOCK","IN STOCK","LIMITED QTY","158.66"
"PR2731A","IN STOCK","LIMITED QTY","LIMITED QTY","72.66"
"PR2733A","IN STOCK","LIMITED QTY","LIMITED QTY","77.66"
"PR2738A","IN STOCK","IN STOCK","IN STOCK","83.66"
"PR2740F","IN STOCK","IN STOCK","IN STOCK","69.66"
"PR2741F","IN STOCK","IN STOCK","IN STOCK","119.66"
"PR2744A","IN STOCK","LIMITED QTY","LIMITED QTY","67.66"
"PR2747A","IN STOCK","LIMITED QTY","LIMITED QTY","64.66"
"PR2748A","IN STOCK","LIMITED QTY","LIMITED QTY","103.66"
"PR2749A","LIMITED QTY","LIMITED QTY","LIMITED QTY","82.66"
"PR2750A","IN STOCK","IN STOCK","LIMITED QTY","89.66"
"PR2751A","OUT OF STOCK","OUT OF STOCK","OUT OF STOCK","182.66"
"PR2752A","LIMITED QTY","LIMITED QTY","LIMITED QTY","82.66"
"PR2753A","LIMITED QTY","LIMITED QTY","OUT OF STOCK","94.66"
"PR2754A","IN STOCK","LIMITED QTY","LIMITED QTY","79.66"
"PR2755A","LIMITED QTY","IN STOCK","LIMITED QTY","151.66"
"PR2756A","LIMITED QTY","LIMITED QTY","LIMITED QTY","99.66"
"PR2757F","IN STOCK","IN STOCK","IN STOCK","126.66"
"PR2758A","IN STOCK","LIMITED QTY","IN STOCK","69.66"
"PR2759A","LIMITED QTY","IN STOCK","LIMITED QTY","72.66"
"PR2761A","IN STOCK","IN STOCK","IN STOCK","65.66"
"PR2762F","IN STOCK","IN STOCK","LIMITED QTY","62.66"
"PR2763A","IN STOCK","LIMITED QTY","LIMITED QTY","63.66"
"PR2764A","LIMITED QTY","LIMITED QTY","IN STOCK","72.66"
"PR2765A","IN STOCK","LIMITED QTY","LIMITED QTY","59.66"
"PR2766A","IN STOCK","LIMITED QTY","LIMITED QTY","67.66"
"PR2767A","IN STOCK","IN STOCK","IN STOCK","72.66"
"PR2768F","IN STOCK","IN STOCK","LIMITED QTY","83.66"
"PR2770A","IN STOCK","LIMITED QTY","LIMITED QTY","69.66"
"PR2771A","IN STOCK","IN STOCK","IN STOCK","77.66"
"PR2773A","IN STOCK","IN STOCK","IN STOCK","66.66"
"PR2774A","IN STOCK","LIMITED QTY","LIMITED QTY","49.66"
"PR2775A","LIMITED QTY","LIMITED QTY","LIMITED QTY","52.66"
"PR2776A","IN STOCK","LIMITED QTY","LIMITED QTY","55.66"
"PR2777A","LIMITED QTY","IN STOCK","IN STOCK","62.66"
"PR2778A","IN STOCK","LIMITED QTY","OUT OF STOCK","64.66"
"PR2779A","LIMITED QTY","LIMITED QTY","LIMITED QTY","82.66"
"PR2780A","IN STOCK","IN STOCK","IN STOCK","75.66"
"PR2781A","IN STOCK","LIMITED QTY","LIMITED QTY","82.66"
"PR2782A","IN STOCK","IN STOCK","IN STOCK","58.66"
"PR2783A","LIMITED QTY","LIMITED QTY","LIMITED QTY","65.66"
"PR2784A","IN STOCK","IN STOCK","IN STOCK","63.66"
"PR2785A","IN STOCK","IN STOCK","LIMITED QTY","79.66"
"PR2786A","IN STOCK","IN STOCK","IN STOCK","64.66"
"PR2787F","IN STOCK","LIMITED QTY","LIMITED QTY","39.66"
"PR2788A","IN STOCK","IN STOCK","LIMITED QTY","67.66"
"PR2789A","IN STOCK","IN STOCK","IN STOCK","66.66"
"PR2790A","IN STOCK","IN STOCK","IN STOCK","82.66"
"PR2791A","IN STOCK","IN STOCK","IN STOCK","92.66"
"PR2792A","IN STOCK","IN STOCK","IN STOCK","78.66"
"PR2793A","IN STOCK","IN STOCK","IN STOCK","82.66"
"PR2794A","IN STOCK","LIMITED QTY","LIMITED QTY","54.66"
"PR2795A","IN STOCK","IN STOCK","IN STOCK","71.66"
"PR2796A","IN STOCK","IN STOCK","LIMITED QTY","93.66"
"PR2797A","IN STOCK","IN STOCK","IN STOCK","55.66"
"PR2798A","IN STOCK","IN STOCK","IN STOCK","71.66"
"PR2799A","IN STOCK","LIMITED QTY","LIMITED QTY","75.66"
"PR2802A","IN STOCK","LIMITED QTY","LIMITED QTY","69.66"
"PR2804A","LIMITED QTY","OUT OF STOCK","OUT OF STOCK","92.66"
"PR2805A","IN STOCK","OUT OF STOCK","OUT OF STOCK","73.66"
"PR2806A","IN STOCK","LIMITED QTY","LIMITED QTY","68.66"
"PR2807A","LIMITED QTY","IN STOCK","IN STOCK","79.66"
"PR2808A","IN STOCK","IN STOCK","IN STOCK","69.66"
"PR2809A","LIMITED QTY","OUT OF STOCK","LIMITED QTY","102.66"
"PR2810A","IN STOCK","LIMITED QTY","LIMITED QTY","89.66"
"PR2811A","LIMITED QTY","OUT OF STOCK","LIMITED QTY","79.66"
"PR2812A","IN STOCK","IN STOCK","IN STOCK","69.66"
"PR2813F","IN STOCK","IN STOCK","IN STOCK","78.66"
"PR2814A","IN STOCK","IN STOCK","LIMITED QTY","72.66"
"PR2815F","IN STOCK","IN STOCK","LIMITED QTY","106.66"
"PR2816A","IN STOCK","LIMITED QTY","IN STOCK","89.66"
"PR2817A","IN STOCK","IN STOCK","IN STOCK","65.66"
"PR2818A","IN STOCK","IN STOCK","IN STOCK","69.66"
"PR2819A","LIMITED QTY","IN STOCK","IN STOCK","92.66"
"PR2820A","LIMITED QTY","LIMITED QTY","OUT OF STOCK","75.66"
"PR2821A","LIMITED QTY","OUT OF STOCK","OUT OF STOCK","79.66"
"PR2822A","IN STOCK","IN STOCK","IN STOCK","64.66"
"PR2823A","IN STOCK","LIMITED QTY","LIMITED QTY","84.66"
"PR2825A","IN STOCK","LIMITED QTY","LIMITED QTY","128.66"
"PR2826F","IN STOCK","LIMITED QTY","OUT OF STOCK","113.66"
"PR2827F","IN STOCK","IN STOCK","IN STOCK","56.66"
"PR2828F","IN STOCK","IN STOCK","LIMITED QTY","72.66"
"PR2830A","IN STOCK","IN STOCK","IN STOCK","82.66"
"PR2831A","IN STOCK","IN STOCK","IN STOCK","62.66"
"PR2832A","IN STOCK","IN STOCK","IN STOCK","62.66"
"PR2834A","IN STOCK","IN STOCK","IN STOCK","74.66"
"PR2836A","IN STOCK","IN STOCK","LIMITED QTY","76.66"
"PR2837A","IN STOCK","IN STOCK","IN STOCK","66.66"
"PR2838A","IN STOCK","LIMITED QTY","LIMITED QTY","78.66"
"PR2839A","IN STOCK","IN STOCK","IN STOCK","64.66"
"PR2840A","IN STOCK","IN STOCK","IN STOCK","76.66"
"PR2841A","IN STOCK","IN STOCK","LIMITED QTY","92.66"
"PR2842A","LIMITED QTY","LIMITED QTY","LIMITED QTY","65.66"
"PR2843A","IN STOCK","LIMITED QTY","LIMITED QTY","62.66"
"PR2844A","LIMITED QTY","OUT OF STOCK","OUT OF STOCK","92.66"
"PR2845A","IN STOCK","LIMITED QTY","LIMITED QTY","68.66"
"PR2846A","IN STOCK","IN STOCK","IN STOCK","79.66"
"PR2847A","LIMITED QTY","OUT OF STOCK","LIMITED QTY","88.66"
"PR2848A","LIMITED QTY","LIMITED QTY","LIMITED QTY","72.66"
"PR2849A","IN STOCK","IN STOCK","IN STOCK","73.66"
"PR2850A","IN STOCK","IN STOCK","IN STOCK","75.66"
"PR2851A","IN STOCK","LIMITED QTY","LIMITED QTY","62.66"
"PR2852A","IN STOCK","LIMITED QTY","IN STOCK","64.66"
"PR2853A","IN STOCK","IN STOCK","IN STOCK","79.66"
"PR2854A","IN STOCK","IN STOCK","IN STOCK","76.66"
"PR2855A","IN STOCK","IN STOCK","IN STOCK","81.66"
"PR2856A","IN STOCK","IN STOCK","IN STOCK","83.66"
"PR2857F","IN STOCK","IN STOCK","LIMITED QTY","163.66"
"PR2858A","LIMITED QTY","OUT OF STOCK","OUT OF STOCK","157.66"
"PR2859A","IN STOCK","LIMITED QTY","LIMITED QTY","64.66"
"PR2860A","IN STOCK","LIMITED QTY","LIMITED QTY","99.66"
"PR2861A","LIMITED QTY","OUT OF STOCK","LIMITED QTY","78.66"
"PR2862A","IN STOCK","IN STOCK","IN STOCK","68.66"
"PR2864F","IN STOCK","IN STOCK","IN STOCK","68.66"
"PR2865A","LIMITED QTY","LIMITED QTY","OUT OF STOCK","79.66"
"PR2866F","IN STOCK","IN STOCK","IN STOCK","92.66"
"PR2868A","IN STOCK","LIMITED QTY","LIMITED QTY","78.66"
"PR2869A","LIMITED QTY","OUT OF STOCK","LIMITED QTY","237.66"
"PR2870A","IN STOCK","LIMITED QTY","LIMITED QTY","72.66"
"PR2871A","IN STOCK","LIMITED QTY","LIMITED QTY","142.66"
"PR2872A","LIMITED QTY","OUT OF STOCK","OUT OF STOCK","98.66"
"PR2873A","IN STOCK","IN STOCK","LIMITED QTY","58.66"
"PR2874A","LIMITED QTY","OUT OF STOCK","OUT OF STOCK","89.66"
"PR2875A","IN STOCK","LIMITED QTY","LIMITED QTY","88.66"
"PR2877A","LIMITED QTY","LIMITED QTY","OUT OF STOCK","91.66"
"PR2878A","IN STOCK","IN STOCK","IN STOCK","112.66"
"PR2879A","IN STOCK","IN STOCK","IN STOCK","76.66"
"PR2881A","OUT OF STOCK","LIMITED QTY","OUT OF STOCK","69.66"
"PR2882A","IN STOCK","IN STOCK","IN STOCK","68.66"
"PR2883A","IN STOCK","IN STOCK","IN STOCK","78.66"
"PR2884F","IN STOCK","IN STOCK","IN STOCK","112.66"
"PR2886A","LIMITED QTY","IN STOCK","LIMITED QTY","123.66"
"PR2887A","IN STOCK","IN STOCK","IN STOCK","119.66"
"PR2888A","IN STOCK","LIMITED QTY","LIMITED QTY","128.66"
"PR2889A","IN STOCK","IN STOCK","LIMITED QTY","57.66"
"PR2890A","IN STOCK","IN STOCK","IN STOCK","49.66"
"PR2891A","IN STOCK","IN STOCK","IN STOCK","58.66"
"PR2892A","IN STOCK","IN STOCK","OUT OF STOCK","61.66"
"PR2893A","IN STOCK","IN STOCK","IN STOCK","66.66"
"PR2894A","IN STOCK","IN STOCK","IN STOCK","55.66"
"PR2896A","IN STOCK","IN STOCK","LIMITED QTY","62.66"
"PR2897A","IN STOCK","IN STOCK","LIMITED QTY","73.66"
"PR2898F","IN STOCK","IN STOCK","IN STOCK","84.66"
"PR2899F","LIMITED QTY","OUT OF STOCK","OUT OF STOCK","55.66"
"PR2900F","IN STOCK","OUT OF STOCK","OUT OF STOCK","52.66"
"PR2902F","IN STOCK","OUT OF STOCK","OUT OF STOCK","47.66"
"PR2903F","IN STOCK","IN STOCK","LIMITED QTY","67.66"
"PR2905F","OUT OF STOCK","OUT OF STOCK","OUT OF STOCK","102.66"
"PR2906A","IN STOCK","LIMITED QTY","IN STOCK","86.66"
"PR2907F","IN STOCK","IN STOCK","LIMITED QTY","175.66"
"PR2908A","LIMITED QTY","OUT OF STOCK","LIMITED QTY","153.66"
"PR2909A","IN STOCK","IN STOCK","IN STOCK","118.66"
"PR2910A","LIMITED QTY","LIMITED QTY","LIMITED QTY","79.66"
"PR2911A","LIMITED QTY","LIMITED QTY","LIMITED QTY","65.66"
"PR2912A","LIMITED QTY","LIMITED QTY","LIMITED QTY","159.66"
"PR2913A","LIMITED QTY","LIMITED QTY","LIMITED QTY","76.66"
"PR2914A","IN STOCK","LIMITED QTY","LIMITED QTY","99.66"
"PR2915A","LIMITED QTY","OUT OF STOCK","OUT OF STOCK","75.66"
"PR2916A","IN STOCK","IN STOCK","IN STOCK","75.66"
"PR2917A","IN STOCK","LIMITED QTY","IN STOCK","48.66"
"PR2918A","IN STOCK","IN STOCK","LIMITED QTY","76.66"
"PR2919A","IN STOCK","IN STOCK","IN STOCK","72.66"
"PR2920A","LIMITED QTY","IN STOCK","IN STOCK","75.66"
"PR2921F","IN STOCK","IN STOCK","IN STOCK","98.66"
"PR2922A","IN STOCK","IN STOCK","IN STOCK","62.66"
"PR2923A","IN STOCK","LIMITED QTY","LIMITED QTY","62.66"
"PR2924A","IN STOCK","LIMITED QTY","LIMITED QTY","63.66"
"PR2925A","IN STOCK","IN STOCK","IN STOCK","79.66"
"PR2926A","IN STOCK","IN STOCK","IN STOCK","53.66"
"PR2927A","IN STOCK","IN STOCK","LIMITED QTY","58.66"
"PR2928A","IN STOCK","LIMITED QTY","LIMITED QTY","65.66"
"PR2929A","IN STOCK","OUT OF STOCK","LIMITED QTY","62.66"
"PR2930F","IN STOCK","IN STOCK","IN STOCK","102.66"
"PR2932A","OUT OF STOCK","OUT OF STOCK","OUT OF STOCK","81.66"
"PR2933A","IN STOCK","IN STOCK","LIMITED QTY","78.66"
"PR2934A","IN STOCK","IN STOCK","IN STOCK","92.66"
"PR2935A","IN STOCK","IN STOCK","IN STOCK","133.66"
"PR2936A","IN STOCK","IN STOCK","IN STOCK","58.66"
"PR2937A","IN STOCK","IN STOCK","IN STOCK","63.66"
"PR2938F","IN STOCK","OUT OF STOCK","OUT OF STOCK","75.66"
"PR2939A","IN STOCK","IN STOCK","IN STOCK","69.66"
"PR2941A","LIMITED QTY","OUT OF STOCK","OUT OF STOCK","63.66"
"PR2942A","IN STOCK","IN STOCK","IN STOCK","122.66"
"PR2945A","OUT OF STOCK","OUT OF STOCK","OUT OF STOCK","83.66"
"PR2946A","IN STOCK","LIMITED QTY","LIMITED QTY","92.66"
"PR2947A","IN STOCK","LIMITED QTY","LIMITED QTY","212.66"
"PR2948A","LIMITED QTY","LIMITED QTY","LIMITED QTY","199.66"
"PR2950A","IN STOCK","IN STOCK","IN STOCK","58.66"
"PR2951A","IN STOCK","IN STOCK","IN STOCK","58.66"
"PR2952A","IN STOCK","OUT OF STOCK","OUT OF STOCK","88.66"
"PR2953A","LIMITED QTY","LIMITED QTY","LIMITED QTY","125.66"
"PR2954A","IN STOCK","IN STOCK","IN STOCK","63.66"
"PR2955A","OUT OF STOCK","LIMITED QTY","LIMITED QTY","58.66"
"PR2956A","IN STOCK","IN STOCK","IN STOCK","73.66"
"PR2957A","IN STOCK","IN STOCK","IN STOCK","59.66"
"PR2959A","LIMITED QTY","OUT OF STOCK","IN STOCK","73.66"
"PR2960A","LIMITED QTY","OUT OF STOCK","OUT OF STOCK","142.66"
"PR2961A","LIMITED QTY","LIMITED QTY","LIMITED QTY","68.66"
"PR2962F","IN STOCK","IN STOCK","IN STOCK","123.66"
"PR2964A","IN STOCK","LIMITED QTY","LIMITED QTY","79.66"
"PR2965A","LIMITED QTY","LIMITED QTY","LIMITED QTY","102.66"
"PR2966A","IN STOCK","IN STOCK","IN STOCK","65.66"
"PR2968A","IN STOCK","OUT OF STOCK","LIMITED QTY","53.66"
"PR2969A","IN STOCK","LIMITED QTY","LIMITED QTY","62.66"
"PR2970A","IN STOCK","LIMITED QTY","LIMITED QTY","64.66"
"PR2971A","LIMITED QTY","OUT OF STOCK","IN STOCK","73.66"
"PR2972A","LIMITED QTY","LIMITED QTY","LIMITED QTY","58.66"
"PR2973A","IN STOCK","IN STOCK","LIMITED QTY","68.66"
"PR2974A","LIMITED QTY","LIMITED QTY","OUT OF STOCK","163.66"
"PR2975A","IN STOCK","IN STOCK","IN STOCK","72.66"
"PR2976A","IN STOCK","IN STOCK","IN STOCK","109.66"
"PR2977A","IN STOCK","IN STOCK","IN STOCK","96.66"
"PR2978A","IN STOCK","IN STOCK","LIMITED QTY","69.66"
"PR2979A","IN STOCK","LIMITED QTY","LIMITED QTY","58.66"
"PR2980A","IN STOCK","IN STOCK","IN STOCK","79.66"
"PR2981A","IN STOCK","LIMITED QTY","IN STOCK","64.66"
"PR2984F","IN STOCK","IN STOCK","IN STOCK","118.66"
"PR2985A","IN STOCK","IN STOCK","IN STOCK","74.66"
"PR2986A","IN STOCK","IN STOCK","IN STOCK","79.66"
"PR2987A","IN STOCK","IN STOCK","LIMITED QTY","78.66"
"PR2988A","IN STOCK","IN STOCK","IN STOCK","55.66"
"PR2989A","IN STOCK","LIMITED QTY","IN STOCK","69.66"
"PR2990A","IN STOCK","IN STOCK","LIMITED QTY","62.66"
"PR2992A","IN STOCK","IN STOCK","IN STOCK","88.66"
"PR2993A","IN STOCK","IN STOCK","LIMITED QTY","82.66"
"PR2994A","IN STOCK","IN STOCK","IN STOCK","88.66"
"PR2995A","IN STOCK","IN STOCK","IN STOCK","62.66"
"PR2997A","IN STOCK","LIMITED QTY","LIMITED QTY","73.66"
"PR2998A","IN STOCK","IN STOCK","IN STOCK","62.66"
"PR2999A","LIMITED QTY","LIMITED QTY","LIMITED QTY","66.66"
"PR8037A","IN STOCK","LIMITED QTY","LIMITED QTY","122.66"
"PR8041A","LIMITED QTY","LIMITED QTY","LIMITED QTY","87.66"
"PR8063F","LIMITED QTY","LIMITED QTY","OUT OF STOCK","152.66"
"PR8066A","LIMITED QTY","LIMITED QTY","LIMITED QTY","97.66"
"PR8081","OUT OF STOCK","OUT OF STOCK","OUT OF STOCK","353.66"
"PR8082","OUT OF STOCK","OUT OF STOCK","OUT OF STOCK","353.66"
"PR8083","LIMITED QTY","OUT OF STOCK","OUT OF STOCK","588.66"
"PR8085","LIMITED QTY","OUT OF STOCK","OUT OF STOCK","238.66"
"PR8087","OUT OF STOCK","LIMITED QTY","LIMITED QTY","297.66"
"PR8088","OUT OF STOCK","OUT OF STOCK","OUT OF STOCK","558.66"
"PR8092A","LIMITED QTY","OUT OF STOCK","OUT OF STOCK","188.66"
"PR8095A","LIMITED QTY","LIMITED QTY","LIMITED QTY","143.66"
"PR8097A","LIMITED QTY","LIMITED QTY","LIMITED QTY","253.66"
"PR8115A","IN STOCK","IN STOCK","LIMITED QTY","168.66"
"PR8134A","IN STOCK","IN STOCK","LIMITED QTY","162.66"
"PR8143A","OUT OF STOCK","OUT OF STOCK","OUT OF STOCK","268.66"
"PR8145A","LIMITED QTY","OUT OF STOCK","OUT OF STOCK","161.66"
"PR8146A","IN STOCK","IN STOCK","LIMITED QTY","222.66"
"PR8149A","LIMITED QTY","LIMITED QTY","OUT OF STOCK","427.66"
"PR8151A","OUT OF STOCK","OUT OF STOCK","OUT OF STOCK","593.66"
"PR8152A","OUT OF STOCK","OUT OF STOCK","OUT OF STOCK","228.66"
"PR8157A","IN STOCK","LIMITED QTY","LIMITED QTY","83.66"
"PR8166A","IN STOCK","IN STOCK","IN STOCK","149.66"
"PR8167A","IN STOCK","LIMITED QTY","LIMITED QTY","111.66"
"PR8170A","IN STOCK","LIMITED QTY","LIMITED QTY","168.66"
"PR8171A","LIMITED QTY","OUT OF STOCK","OUT OF STOCK","202.66"
"PR8173A","LIMITED QTY","LIMITED QTY","LIMITED QTY","181.66"
"PR8174A","LIMITED QTY","LIMITED QTY","LIMITED QTY","183.66"
"PR8175A","LIMITED QTY","LIMITED QTY","LIMITED QTY","209.66"
"PR8176A","IN STOCK","IN STOCK","LIMITED QTY","152.66"
"PR8199A","LIMITED QTY","LIMITED QTY","LIMITED QTY","292.66"
"PR8202A","LIMITED QTY","OUT OF STOCK","OUT OF STOCK","193.66"
"PR8222A","IN STOCK","LIMITED QTY","LIMITED QTY","112.66"
"PR8231A","OUT OF STOCK","OUT OF STOCK","OUT OF STOCK","93.66"
"PR8242A","LIMITED QTY","LIMITED QTY","LIMITED QTY","143.66"
"PR8259A","LIMITED QTY","LIMITED QTY","LIMITED QTY","258.66"
"RR2028KA","LIMITED QTY","OUT OF STOCK","OUT OF STOCK","328.66"
