SKU,Price,Compare-at Price
"=""DS400048""",29.99,
"=""KIT IS688072 + EX 10281C""",73.99,
"=""18-0131""",35.99,
"=""DS100259""",185.90,206.35
"=""BM 00248C""",92.99,
"=""14-4470NC""",246.99,308.99
"=""43-MT3032-1""",29.99,33.29
"=""CO 4326DC""",178.99,
"=""KIT EV 939585PFXC + IS400002""",74.99,
"=""14-0692NC""",395.99,
"=""EV 40077PFC""",81.99,91.01
"=""DS102186""",199.99,240.00
"=""DS101161""",199.99,
"=""DS110026""",153.99,
"=""IS108118""",302.99,
"=""DS100196""",178.99,
"=""DS102166""",306.99,
"=""IS688047""",76.99,85.46
"=""EV 0175PFXC""",76.99,85.46
"=""BM 9380C""",61.99,68.81
"=""DS105182""",195.99,
"=""DS102187""",206.99,258.99
"=""14-SD1834NC""",218.99,333.99
"=""TL850-7922""",35.99,
"=""14-SD4802NC""",256.99,321.99
"=""IS108120""",151.99,168.99
"=""14-1277NC""",280.99,351.99
"=""KIT DS104075+ IS100030 + DS920028""",209.99,
"=""KIT DS104075+ DS630010 + IS100030 + DS920028""",265.99,
"=""30-0125""",136.99,
"=""KIT DS630026+DS104075+IS100030+DS920028+IS100077""",366.99,
"=""14-0569NC""",277.99,347.99
"=""30-0120HC""",105.99,109.99
"=""14-20185NEW""",244.99,
"=""DS105158""",311.99,
"=""IS108122""",164.99,
"=""CN 22013PFC""",103.99,
"=""14-0725NEW""",224.99,
"=""DS102168""",201.99,
"=""DS100195""",234.99,
"=""CN 70011C""",77.99,
"=""IS108089""",170.99,
"=""IS108088""",242.99,
"=""IS688054""",135.99,
"=""DS104068""",174.99,
"=""TL825-3004""",34.99,
"=""008-A100-93D""",184.99,
"=""14-4140NC""",561.99,702.99
"=""14-1059NC""",361.99,447.99
"=""IS688057""",87.99,
"=""DS630025""",258.99,
"=""CO 29186C""",274.99,
"=""KIT DS145016 + IS100117""",15.99,
"=""DS140002""",3.99,
"=""DS550008""",25.99,
"=""IS108136""",202.99,
"=""IS108131""",203.99,
"=""14-SD4710NC""",228.99,298.99
"=""SW 11307C""",67.99,
"=""DS102217""",235.99,
"=""30-0133-CTRLBLK""",56.99,
"=""DS102220""",234.99,
"=""G3304S""",89.99,99.89
"=""CN 41009PFC""",102.99,
"=""14-0939NC""",311.99,387.99
"=""14-0802NC""",305.99,364.99
"=""14-0802NEW""",158.99,
"=""DS105238""",305.99,364.99
"=""14-2649NEW""",203.99,
"=""DS102073""",230.99,
"=""14-0655NIP""",410.99,
"=""DS700203""",764.99,
"=""KIT 14-SD4079NC+17-3034+18-0901+44-100""",314.99,
"=""14-3141NC""",366.99,453.99
"=""14-20448NC""",138.99,173.99
"=""14-0384NIP""",558.99,698.99
"=""14-3028NEW""",157.99,
"=""14-0023NC""",254.99,316.99
"=""14-2897NC""",293.99,367.99
"=""14-DK25069NEW""",218.99,
"=""14-0999NIP""",595.99,
"=""DS105099""",263.99,
"=""DS135001""",115.99,
"=""BM 00249C""",57.99,
"=""AC3478""",102.99,
"=""CN 3478PFXC""",102.99,
"=""IS545068""",102.99,
"=""G3478S""",102.99,
"=""DS401053""",93.99,
"=""IS108145""",233.99,
"=""CN 22050PFC""",109.99,122.09
"=""DS889944""",7.99,
"=""G40715S""",109.99,122.09
"=""14-DK46530NEW""",649.99,
"=""DS688026""",467.99,
"=""DS104065""",149.99,
"=""DS101008""",365.99,
"=""DS103062""",352.99,441.99
"=""14-DK15829NC""",2692.99,3999.99
"=""IS688062""",83.99,
"=""G22080S""",127.99,
"=""CO 29001C""",151.99,
"=""DS130142""",75.99,
"=""DS515005""",299.99,
"=""DS400050""",12.99,
"=""14-1532NC""",239.99,299.99
"=""EV 940034PFC""",83.99,
"=""DS401025""",35.99,
"=""IS688065""",76.99,85.46
"=""RD 10970C""",31.99,35.51
"=""CN 30109PFC""",81.99,
"=""E3621S""",59.99,
"=""14-SD4105NC""",351.99,
"=""TL400-5300""",240.99,
"=""14-0129NC""",236.99,293.99
"=""EV 9409170PFC""",240.99,
"=""14-4022NC""",341.99,427.99
"=""BM 9208C""",68.99,
"=""BM 9180C""",63.99,71.03
"=""BM 9360C""",66.99,
"=""DS545132""",139.99,
"=""G40605S""",109.99,
"=""G40731S""",96.99,
"=""CN 3042PFC""",84.99,94.34
"=""CN 3054PFC""",89.99,
"=""CN 3159PFC""",96.99,
"=""CN 22083PFC""",115.99,
"=""CN 3005PFC""",74.99,
"=""CN 3023PFXC""",89.99,
"=""BM 00130C""",92.99,
"=""CN 3238PFC""",85.99,
"=""BM 00005C""",68.99,
"=""CN 3289PFC""",74.99,
"=""CN 3279PFC""",72.99,
"=""CN 3422PFC""",103.99,115.43
"=""CN 3393PFC""",93.99,
"=""CN 3298PFC""",85.99,95.45
"=""CN 3361PFC""",85.99,
"=""CN 22061PFC""",91.90,102.01
"=""CN 3383PFC""",98.99,
"=""CN 3457PFC""",85.99,
"=""CN 3580PFXC""",79.99,
"=""CN 3480PFC""",98.99,
"=""CN 3513PFC""",85.99,
"=""CN 3571PFC""",80.99,
"=""CN 3589PFC""",93.99,
"=""CN 3598PFC""",103.99,
"=""DS510139""",90.99,101.00
"=""CN 3055PFC""",63.99,
"=""CN 3160PFC""",75.99,
"=""CN 3045PFC""",96.99,107.66
"=""CN 3110PFC""",135.99,
"=""DS676313""",69.99,77.69
"=""CN 3253PFC""",68.99,
"=""CN 3290PFC""",93.99,
"=""CN 3281PFXC""",89.99,
"=""CN 3788PFC""",84.99,
"=""CN 3775PFC""",90.99,
"=""BM 00008C""",66.99,
"=""CN 3738PFXC""",84.99,
"=""CN 3691PFXC""",88.99,
"=""DS510136""",121.99,
"=""BM 9298C""",56.99,
"=""CN 3394PFC""",115.99,128.75
"=""CN 3797PFC""",98.99,
"=""CN 22046PFC""",131.99,
"=""CN 3866PFC""",87.99,
"=""DS510033""",155.99,
"=""DS545085""",104.99,
"=""CN 20022PFC""",82.99,89.99
"=""CN 3026PFC""",84.99,
"=""DS510138""",213.99,
"=""CN 3936PFXC""",92.99,
"=""CN 3895PFC""",112.99,
"=""CN 3008PFC""",91.99,
"=""CN 22053PFC""",130.99,
"=""CN 3573PFC""",82.99,
"=""CN 3070PFC""",89.99,
"=""IS545065""",97.99,
"=""CN 3519PFC""",86.99,
"=""CN 3101PFC""",85.99,
"=""CN 3343PFC""",88.99,
"=""CN 3599PFC""",80.99,
"=""CN 3171PFC""",70.99,
"=""CN 3049PFC""",96.99,
"=""CN 3056PFC""",81.99,91.01
"=""CN 3978PFC""",83.99,
"=""DS545104""",78.99,
"=""DS510071""",79.99,
"=""CN 3254PFC""",78.99,87.68
"=""CN 3265PFC""",74.99,
"=""CN 3367PFC""",86.99,96.56
"=""BM 00145C""",66.99,
"=""CN 3776PFXC""",91.99,95.99
"=""CN 3995PFC""",85.99,
"=""CN 3384PFC""",83.99,93.23
"=""CN 3282PFC""",89.99,
"=""CN 3424PFXC""",71.99,79.91
"=""CN 3789PFXC""",83.99,
"=""CN 3693PFC""",83.99,
"=""CN 3395PFC""",91.99,
"=""CN 40568PFC""",128.99,
"=""BM 9286C""",70.99,
"=""CN 3739PFC""",85.99,
"=""CN 40546PFC""",120.99,134.30
"=""CN 40796PFC""",97.99,108.77
"=""CN 4145PFC""",80.99,89.90
"=""CN 40353PFC""",137.99,
"=""DS545114""",129.99,144.29
"=""BM 9321C""",69.99,
"=""CN 3762PFC""",72.99,81.02
"=""DS112098""",109.99,
"=""CN 4097PFC""",90.99,101.00
"=""CN 40829PFC""",105.99,
"=""CN 22064PFC""",131.99,146.51
"=""CN 3937PFC""",86.99,
"=""CN 3575PFXC""",83.99,
"=""CN 22074PFC""",121.99,
"=""BM 0249C""",53.99,
"=""CN 4192PFC""",87.99,
"=""CN 42472PFC""",123.99,
"=""CN 3896PFC""",89.99,
"=""CN 3079PFXC""",79.99,
"=""CN 3490PFXC""",89.99,
"=""CN 3467PFC""",86.99,
"=""CN 4617PFC""",120.99,134.30
"=""CN 3582PFC""",85.99,
"=""CN 4660PFXC""",66.99,
"=""DS510141""",91.99,
"=""CN 4570PFC""",84.99,
"=""CN 3799PFC""",92.99,
"=""CN 4742PFC""",82.99,
"=""CN 4704PFC""",85.99,
"=""CN 4722PFC""",96.99,
"=""CN 3600PFC""",93.99,
"=""CN 4537PFC""",87.99,
"=""CN 3050PFC""",93.99,97.99
"=""CN 3988PFC""",96.99,107.66
"=""CN 3220PFC""",83.99,
"=""CN 3089PFC""",77.99,
"=""CN 4946PFC""",74.99,83.24
"=""CN 4806PFC""",90.99,101.00
"=""CN 22090PFC""",188.99,
"=""DS540039""",88.99,
"=""CN 4931PFC""",87.99,
"=""BM 00179C""",73.99,
"=""CN 4994PFC""",77.99,86.57
"=""BM 00033C""",82.99,
"=""CN 4968PFC""",91.99,
"=""CN 4900PFXC""",72.99,
"=""CN 3790PFXC""",83.99,
"=""CN 3746PFC""",94.99,105.44
"=""CN 3284PFXC""",87.99,
"=""CN 3011PFXC""",92.99,
"=""CN 40817PFC""",140.99,
"=""IS688087""",71.99,
"=""CN 3889PFC""",80.99,
"=""CN 4165PFC""",76.99,
"=""DS545094""",95.99,
"=""BM 9352C""",71.99,
"=""BM 00146C""",62.99,
"=""CN 3431PFC""",90.99,
"=""CN 40732PFC""",95.99,
"=""CN 3767PFXC""",89.99,99.89
"=""CN 40588PFC""",87.99,
"=""CN 4460PFC""",98.99,
"=""EV 939765PFC""",67.99,
"=""CN 4232PFC""",90.90,100.90
"=""CN 22056PFC""",78.99,
"=""EV 939802PFC""",82.99,
"=""CN 3585PFC""",98.99,
"=""CN 3349PFC""",100.99,
"=""EV 939735PFC""",78.99,87.68
"=""CN 3240PFXC""",80.99,
"=""EV 939758PFC""",72.99,81.02
"=""CO 101320C""",161.99,
"=""CO 101630C""",156.99,
"=""CO 10241GLC""",204.99,
"=""DS102199""",215.99,
"=""CO 10539C""",205.99,
"=""CO 10599T""",237.99,
"=""IS108155""",193.99,
"=""CO 10842AC""",219.99,
"=""CO 11017C""",237.99,
"=""14-0229NEW""",186.99,
"=""CO 11138C""",363.99,
"=""CO 11046T""",211.99,
"=""DS102206""",195.99,
"=""DS105125""",267.99,
"=""CO 11263C""",250.99,
"=""CN 4379PFC""",79.99,
"=""CO 11293C""",318.99,
"=""EV 939777PFC""",79.99,
"=""EV 939783PFC""",67.99,
"=""CO 11312C""",234.99,
"=""CN 3468PFC""",90.99,101.00
"=""CO 0104JC""",276.99,
"=""CN 3996PFC""",90.99,
"=""EV 939822PFC""",71.99,
"=""EV 939846PFC""",79.99,
"=""EV 939837PFXC""",137.99,
"=""CN 4622PFC""",87.99,
"=""CN 3377PFC""",90.99,
"=""CN 3294PFC""",117.99,
"=""CN 3634PFC""",126.99,140.96
"=""CN 3103PFXC""",78.99,
"=""CN 3525PFC""",81.99,
"=""EV 939789PFC""",81.99,
"=""EV 939871PFXC""",83.99,93.23
"=""CN 3974PFC""",100.99,
"=""CN 40363PFC""",130.90,145.30
"=""CN 4664PFC""",71.99,
"=""CN 3897PFXC""",84.99,96.99
"=""CN 4709PFC""",64.99,
"=""CN 4744PFC""",80.99,89.90
"=""CN 4579PFC""",112.99,125.42
"=""CN 3613PFC""",92.99,
"=""CN 3385PFXC""",95.99,
"=""CN 3989PFC""",93.99,
"=""CO 11356C""",328.99,
"=""EV 939884PFC""",110.99,
"=""EV 939878PFC""",67.99,75.47
"=""CN 4054PFC""",91.99,
"=""CN 3058PFC""",74.99,83.24
"=""CN 4727PFC""",96.99,
"=""EV 939928PFC""",84.99,
"=""DS688024""",84.99,
"=""CN 3052PFC""",83.99,93.23
"=""CN 40986PFC""",103.99,
"=""CN 3981PFC""",80.90,89.80
"=""CN 3092PFC""",86.99,
"=""CN 3592PFC""",93.99,104.33
"=""EV 939986PFC""",73.99,
"=""EV 939974PFC""",75.99,
"=""CN 4982PFC""",87.99,
"=""CN 3397PFC""",88.99,98.78
"=""CN 4969PFXC""",74.99,83.24
"=""CN 3117PFC""",122.99,136.52
"=""EV 939729PFC""",75.99,84.35
"=""EV 939918PFXC""",85.99,95.45
"=""CN 4083PFC""",78.99,
"=""CN 4837PFC""",103.99,115.43
"=""CN 4211PFC""",86.99,96.56
"=""BM 0251""",52.99,
"=""EV 939948PFC""",81.99,
"=""CO 20339C""",181.99,
"=""CN 3791PFXC""",82.99,
"=""CN 3285PFC""",84.99,
"=""CN 40820PFC""",145.99,
"=""CN 4171PFC""",116.99,
"=""CN 4302PFC""",74.99,83.24
"=""CN 41202PFC""",77.99,
"=""CN 3687PFC""",80.99,
"=""IS676436""",53.99,
"=""CN 3747PFC""",85.99,
"=""BM 9353C""",63.99,
"=""CN 3667PFXC""",125.99,
"=""DS545121""",110.99,
"=""CN 3438PFC""",70.99,78.80
"=""EV 940018PFC""",77.99,
"=""EV 940008PFC""",64.99,
"=""CN 3771PFC""",88.99,
"=""DS670045""",80.99,89.90
"=""CN 4473PFC""",93.99,104.33
"=""CN 40735PFC""",115.99,
"=""CN 3802PFXC""",98.99,109.88
"=""CN 40603PFC""",81.99,
"=""CN 4254PFC""",79.99,
"=""CN 4540PFC""",68.99,76.58
"=""CN 22057PFC""",97.99,
"=""CN 3869PFC""",90.99,101.00
"=""CN 4239PFC""",80.99,
"=""EV 940076PFC""",90.99,
"=""EV 940064PFC""",97.99,
"=""CN 22048PFC""",87.99,97.67
"=""EV 940086PFC""",84.99,
"=""CO 101510C""",165.99,
"=""EV 940025PFC""",67.99,
"=""EV 940031PFC""",91.99,
"=""EV 940093PFC""",78.99,
"=""CN 3586PFC""",76.99,
"=""CN 3946PFC""",77.99,
"=""EV 939838PFC""",69.99,
"=""CN 3474PFXC""",78.99,
"=""DS102197""",215.99,
"=""CN 22100PFC""",170.99,
"=""EV 940051PFC""",74.99,
"=""CO 101730C""",163.99,
"=""CN 4808PFC""",70.99,
"=""DS103039""",195.99,240.00
"=""EV 940044PFC""",83.99,
"=""CO 103100C""",184.90,205.24
"=""14-0651NEW""",170.99,
"=""CN 3033PFC""",77.99,
"=""CO 10730AC""",283.99,
"=""CO 11156C""",297.99,
"=""CN 22034PFC""",191.99,
"=""CN 3506PFC""",89.99,
"=""EV 939805PFC""",84.99,
"=""CN 4433PFC""",129.99,144.29
"=""EV 939847PFC""",69.99,
"=""CO 11075C""",241.99,
"=""CN 3360PFC""",86.99,96.56
"=""CN 4623PFC""",120.99,
"=""EV 939823PFC""",75.99,
"=""CN 3105PFC""",87.99,
"=""IS688072""",70.99,
"=""CN 4676PFC""",130.99,
"=""CN 3295PFC""",79.99,
"=""CO 21223C""",241.99,
"=""CO 10802C""",208.99,
"=""CN 3975PFC""",76.99,
"=""CN 4768PFC""",95.99,
"=""CN 3891PFC""",90.99,
"=""DS110136""",75.99,
"=""CO 21511LC""",298.99,
"=""CN 4711PFC""",90.99,101.00
"=""CN 3014PFC""",79.99,88.79
"=""CN 4580PFC""",119.99,133.19
"=""CN 4904PFC""",82.99,
"=""CO 21603GLC""",204.99,
"=""CN 3991PFC""",96.99,
"=""DS102142""",219.99,
"=""CN 3557PFC""",100.99,112.10
"=""CN 3237PFXC""",91.99,102.11
"=""CN 3060PFC""",74.99,83.24
"=""CN 3259PFXC""",80.99,
"=""CN 3982PFC""",102.99,
"=""CN 3053PFC""",88.99,
"=""CO 10540LC""",248.99,
"=""CN 3094PFC""",91.99,
"=""CN 4729PFC""",76.99,85.46
"=""CN 3140PFC""",75.99,84.35
"=""CN 3399PFC""",75.99,
"=""CN 4934PFC""",121.99,135.41
"=""CN 3268PFC""",88.99,
"=""CO 11240C""",274.99,
"=""CN 4984PFXC""",65.99,
"=""CN 4972PFC""",114.99,127.64
"=""EV 939730PFXC""",71.99,
"=""CN 3792PFC""",86.99,
"=""CN 4172PFXC""",85.99,
"=""CN 40822PFC""",131.99,
"=""CN 3287PFC""",84.99,94.34
"=""DS510142""",76.99,
"=""EV 939759PFC""",76.99,
"=""CO 10573C""",301.99,
"=""CO 20179GLC""",175.99,195.35
"=""CO 101330C""",164.99,
"=""CN 3245PFC""",86.99,96.56
"=""CO 11047T""",193.99,
"=""EV 939767PFC""",81.99,
"=""14-0666MPR""",515.99,639.99
"=""CO 10845AC""",233.99,
"=""EV 939784PFC""",80.99,
"=""CO 101640C""",167.99,
"=""CO 11313C""",207.99,
"=""DS105095""",145.99,
"=""EV 939778PFC""",76.99,85.46
"=""CO 11226C""",251.99,
"=""CN 41211PFC""",145.99,
"=""G3689S""",76.99,
"=""CO 105104C""",261.99,
"=""CO 102530AC""",223.99,
"=""CN 3304PFC""",89.99,99.89
"=""CO 10602C""",230.99,
"=""CN 3786PFXC""",79.99,88.79
"=""CO 10712AC""",192.99,
"=""CO 11139C""",194.99,
"=""CN 3997PFC""",85.99,
"=""CN 3753PFC""",93.99,
"=""CN 4480PFC""",91.99,
"=""CN 3636PFXC""",101.99,
"=""CO 11168MC-KTC""",267.99,
"=""CO 20455C""",197.99,
"=""CN 3443PFXC""",84.99,94.34
"=""CO 22011C""",201.99,
"=""CN 4953PFC""",78.99,
"=""DS112133""",77.99,
"=""IS688085""",82.99,
"=""CO 11191C""",239.99,
"=""CN 40739PFC""",123.99,137.63
"=""DS102202""",209.99,
"=""EV 940019PFC""",99.99,
"=""CN 3773PFXC""",91.99,
"=""DS510130""",93.99,104.33
"=""14-6481NC""",343.99,429.99
"=""CN 4241PFC""",86.99,
"=""EV 939929PFXC""",84.99,
"=""CN 41405PFC""",158.99,176.48
"=""G41000S""",94.99,105.44
"=""DS545122""",127.99,
"=""CN 40606PFC""",129.99,
"=""DS545087""",93.99,
"=""EV 940077PFC""",101.99,
"=""CN 3003PFC""",110.99,123.20
"=""EV 939897PFC""",74.99,
"=""EV 940087PFC""",104.99,116.54
"=""EV 940009PFC""",77.99,
"=""CN 3579PFC""",108.99,120.98
"=""CN 3948PFC""",93.99,
"=""CN 3588PFC""",85.99,
"=""EV 939839PFC""",60.99,81.99
"=""EV 940095PFC""",82.99,92.12
"=""EV 940108PFC""",75.99,
"=""EV 939806PFC""",78.99,
"=""EV 939852PFC""",67.99,75.47
"=""CO 20144C""",196.99,
"=""CO 22033C""",227.99,
"=""EV 939919PFC""",90.99,
"=""CN 40552PFC""",170.99,
"=""CN 4084PFC""",72.99,
"=""EV 939885PFC""",84.99,
"=""BM 9176C""",74.99,
"=""CN 4214PFC""",85.99,95.45
"=""IS400022""",34.99,
"=""DS200187""",26.99,29.96
"=""BM 0267""",72.99,
"=""DS200218""",33.99,37.73
"=""DS200007""",38.90,43.18
"=""CO 20347C""",224.99,
"=""CN 4678PFC""",112.99,125.42
"=""CN 3507PFC""",86.99,96.56
"=""EV 939865PFXC""",97.99,
"=""CN 4779PFC""",86.99,
"=""CN 3297PFC""",79.99,90.99
"=""CN 3669PFC""",80.99,
"=""CO 22302C""",199.99,
"=""CO 20754C""",283.99,
"=""CO 21571C""",273.99,
"=""CO 28004C""",215.99,
"=""EV 939873PFC""",69.99,
"=""CN 3855PFC""",88.99,91.99
"=""CN 4715PFC""",111.99,124.31
"=""CN 4586PFC""",100.99,112.10
"=""CN 3911PFXC""",101.99,113.21
"=""EV 940033PFC""",113.99,
"=""CN 3596PFC""",75.99,
"=""CN 4544PFC""",97.99,108.77
"=""CN 3569PFXC""",82.99,92.12
"=""DS105117""",196.99,
"=""CN 22049PFC""",130.99,
"=""EV 940026PFC""",80.99,
"=""CO 101530C""",155.99,
"=""CN 4985PFC""",92.99,96.99
"=""DS520048""",90.99,101.00
"=""G4730""",58.99,
"=""CN 4895PFXC""",78.99,87.68
"=""EV 939976PFC""",107.99,
"=""EV 939989PFC""",66.99,
"=""EV 939731PFC""",72.99,
"=""CO 10648JC""",265.99,
"=""CN 40824PFC""",134.99,
"=""CN 3737PFC""",96.99,
"=""CN 4975PFC""",89.99,
"=""CN 4174PFC""",101.99,
"=""DS510137""",88.99,
"=""CN 3884PFC""",78.99,87.68
"=""CN 3870PFC""",101.99,113.21
"=""CO 101820C""",161.99,
"=""CN 22037PFC""",117.99,
"=""CN 22102PFC""",163.99,
"=""EV 940055PFC""",90.99,
"=""CO 11324C""",260.99,
"=""DS102204""",374.99,
"=""CN 3690PFC""",90.99,
"=""CN 4361PFC""",85.99,95.45
"=""CO 10739C""",158.99,
"=""CO 29019C""",205.99,
"=""CN 4503PFC""",88.99,98.78
"=""G3686S""",84.99,94.34
"=""CO 11076C""",220.99,
"=""CO 22020C""",192.99,
"=""CN 3787PFXC""",89.99,99.89
"=""CO 22002C""",212.99,
"=""CO 21224C""",210.99,
"=""CO 29098C""",219.99,
"=""CN 3016PFC""",103.99,115.43
"=""EV 940068PFC""",80.99,89.90
"=""59-3945""",139.99,
"=""CN 3892PFC""",98.99,109.88
"=""EV 940010PFC""",74.99,
"=""DS688010""",74.99,83.24
"=""IS545067""",122.99,136.52
"=""CO 21516JC""",233.99,
"=""CO 21625C""",223.99,
"=""EV 940078PFC""",89.99,
"=""CN 4925PFC""",76.99,
"=""CN 3269PFC""",90.99,
"=""CO 10858AC""",265.99,
"=""CN 41416PFC""",120.99,134.30
"=""CN 4243PFC""",91.99,
"=""CO 11213C""",260.99,
"=""EV 939807PFXC""",78.99,87.68
"=""CO 10541AC""",231.99,
"=""EV 939749PFC""",100.99,112.10
"=""EX 9703C""",33.99,
"=""EV 940112PFC""",114.99,
"=""CO 22219C""",220.90,245.20
"=""CN 4440PFC""",82.99,92.12
"=""CO 11146C""",231.99,
"=""EV 939856PFC""",75.99,
"=""EV 939792PFC""",67.99,
"=""CO 11245C""",199.99,
"=""EV 939898PFXC""",105.99,
"=""CO 10793C""",157.99,
"=""CO 10900C""",199.99,
"=""CO 10849T""",214.99,
"=""CO 101410C""",164.99,
"=""CN 4628PFC""",115.90,128.65
"=""CO 10581GLC""",249.99,
"=""59-0484""",76.99,
"=""CO 10082JC""",246.99,
"=""CO 2912GLC""",205.99,
"=""DS102198""",193.99,
"=""DS105124""",267.99,
"=""CN 3318PFC""",98.99,109.88
"=""CO 20182GLC""",205.99,
"=""CO 101650C""",157.99,
"=""CO 11025C""",314.99,
"=""CN 3246PFC""",86.99,
"=""CO 10412GLC""",201.99,
"=""CO 11316C""",175.99,
"=""DS200041""",32.99,36.62
"=""CO 20456C""",212.99,
"=""CN 4695PFC""",97.99,
"=""EV 939831PFC""",81.99,
"=""CO 105109C""",258.99,
"=""CO 102541AC""",228.99,
"=""CN 40465PFC""",95.99,
"=""CO 11192C""",230.99,
"=""CN 4602PFC""",111.99,
"=""CN 3998PFC""",110.99,123.20
"=""CN 4787PFC""",84.99,
"=""CO 10715AC""",184.99,
"=""EV 939874PFC""",64.99,
"=""CO 11169MC-KTAC""",244.99,
"=""CN 3932PFC""",85.99,95.45
"=""EV 939868PFXC""",78.99,
"=""CN 4718PFC""",73.99,
"=""CN 4986PFC""",87.99,
"=""EV 940037PFC""",89.99,99.89
"=""DS545112""",83.99,
"=""G41009S""",102.99,
"=""CN 41612PFC""",181.99,
"=""EV 939733PFXC""",85.99,95.45
"=""EV 939880PFC""",74.99,
"=""EV 939931PFXC""",78.99,
"=""CN 4944PFC""",111.99,
"=""CN 40828PFC""",98.99,
"=""CN 41215PFC""",148.99,
"=""CN 4881PFC""",90.99,
"=""CN 4189PFC""",87.99,
"=""CN 4404PFC""",107.99,119.87
"=""CN 4977PFC""",70.99,78.80
"=""DS105070""",335.99,
"=""CN 4222PFC""",97.99,108.77
"=""CO 22036C""",220.99,
"=""CO 20145C""",191.99,
"=""EX 529469C""",33.99,
"=""EV 939978PFC""",89.99,
"=""CN 4055PFC""",85.99,95.45
"=""EV 939954PFC""",75.99,
"=""CO 20446C""",195.99,235.00
"=""EV 939920PFC""",71.99,
"=""DS102219""",215.99,
"=""DS545113""",73.99,
"=""BM 9386C""",76.99,
"=""EV 940022PFC""",79.99,88.79
"=""BM 0281C""",59.99,
"=""CN 4957PFC""",86.99,
"=""EV 940069PFC""",71.99,
"=""CO 29000C""",205.99,
"=""CO 10834C""",221.99,
"=""14-2828NC""",182.99,203.12
"=""CN 3675PFXC""",94.99,105.44
"=""CO 22313C""",304.99,
"=""EV 939843PFC""",75.99,
"=""CN 40795PFC""",107.99,
"=""CN 4531PFC""",109.99,
"=""CO 20766C""",209.99,
"=""IS688091""",318.99,
"=""CO 11033C""",336.99,
"=""EV 939935PFXC""",94.99,
"=""EV 940097PFC""",112.99,125.42
"=""CN 41417PFC""",136.99,152.06
"=""CN 4811PFC""",59.99,
"=""CN 3862PFC""",88.99,98.78
"=""CO 21010C""",206.99,
"=""DS545088""",108.99,
"=""CN 4069PFC""",90.99,
"=""CN 4897PFC""",90.99,101.00
"=""14-0377NC""",352.99,441.99
"=""EV 940027PFC""",82.99,
"=""CO 29053C""",310.99,
"=""CO 101821C""",178.99,
"=""IS688064""",74.99,
"=""CN 3976PFC""",85.99,
"=""DS540069""",111.99,
"=""CO 10663AC""",158.99,
"=""CN 3885PFC""",79.99,
"=""EV 940056PFC""",79.99,
"=""BM 2739C""",69.99,
"=""CN 4696PFC""",99.99,110.99
"=""CO 11159T""",210.99,
"=""CO 11147JC""",236.99,
"=""CO 11328C""",220.99,265.00
"=""CO 22021C""",200.99,
"=""CN 4720PFC""",86.99,
"=""CO 11026JC""",292.99,
"=""CO 10379T""",199.99,
"=""IS688049""",73.99,
"=""CN 4988PFC""",85.99,95.45
"=""IS688073""",43.99,48.83
"=""CO 29100C""",296.99,
"=""CN 3876PFC""",85.99,
"=""CO 21225C""",233.99,
"=""CO 4314C""",191.99,
"=""CO 22003C""",201.99,
"=""DS545142""",90.90,100.90
"=""EV 939993PFC""",70.99,
"=""CN 3278PFC""",86.99,96.56
"=""CN 4945PFC""",112.99,125.42
"=""CN 4927PFC""",80.99,
"=""CO 11214C""",186.99,
"=""EV 939734PFC""",74.99,
"=""EV 939751PFC""",80.99,
"=""EV 940039PFC""",74.99,
"=""EV 939786PFC""",93.99,
"=""IS404056""",28.99,
"=""DS404138""",31.99,
"=""CO 21519C""",242.99,
"=""CN 4882PFC""",83.99,93.23
"=""CN 4413PFC""",134.99,149.84
"=""CN 4963PFC""",76.99,
"=""CO 29025C""",230.99,
"=""CO 22221C""",276.99,
"=""CO 11269C""",281.99,
"=""CO 101460C""",155.99,
"=""CO 10861AC""",240.99,
"=""CO 10797C""",219.99,
"=""DS103065""",190.99,
"=""CN 3320PFC""",90.99,
"=""CO 10851AC""",207.99,
"=""EV 939762PFC""",74.99,
"=""CO 10596AC""",226.99,
"=""CN 3656PFXC""",86.99,96.56
"=""CO 11317C""",257.99,
"=""CO 29130C""",305.99,
"=""CO 11234C""",206.99,
"=""CO 30021C""",231.99,
"=""DS520059""",80.99,
"=""EV 939780PFC""",80.99,89.90
"=""EV 940023PFC""",67.99,
"=""CO 10421JC""",249.99,
"=""CO 101200C""",164.99,
"=""CO 101651C""",175.99,
"=""EV 940073PFC""",101.99,
"=""CO 20195C""",212.99,
"=""CN 4011PFC""",83.99,
"=""CN 3247PFC""",97.99,
"=""CO 11110C""",175.99,
"=""DS102205""",196.99,
"=""DS100249""",215.99,
"=""CO 20458C""",207.99,
"=""DS200039""",38.99,43.28
"=""RD 10915C""",39.99,44.39
"=""IS104015""",262.99,
"=""CO 4474C""",219.99,
"=""CO 11359C""",260.99,
"=""EV 940084PFC""",94.99,
"=""EV 940016PFC""",71.99,
"=""CN 40541PFC""",68.99,
"=""CO 102580AC""",226.99,
"=""EV 939881PFC""",86.99,
"=""EV 939821PFC""",86.99,
"=""CO 10717C""",203.99,
"=""EV 940098PFC""",118.99,
"=""CO 11035T""",256.99,
"=""CN 41014PFC""",145.99,162.05
"=""CN 3392PFC""",84.99,
"=""14-0761NC""",413.99,517.99
"=""EV 939795PFC""",74.99,
"=""DS404155""",39.99,
"=""CN 4224PFC""",109.99,122.09
"=""EV 939980PFC""",78.99,
"=""EV 940119PFC""",116.99,
"=""EV 939836PFC""",103.99,115.43
"=""CN 3977PFC""",84.99,94.34
"=""IS688050""",75.99,
"=""IS108170""",209.99,
"=""14-0172NEW""",251.99,
"=""IS688077""",78.99,
"=""EV 939923PFC""",73.99,
"=""EV 939877PFC""",70.99,
"=""CN 40906PFC""",118.99,
"=""CO 11011C""",226.99,
"=""DS520064""",90.99,101.00
"=""RD 10894C""",46.99,52.16
"=""IS108165""",151.99,
"=""DS105145""",168.99,219.99
"=""CO 23003C""",193.99,
"=""CN 3678PFXC""",95.99,
"=""CO 10869C""",280.99,
"=""CO 4078C""",194.99,
"=""IS108161""",184.99,
"=""EV 940004PFC""",83.99,93.23
"=""CO 11132C""",232.99,
"=""EV 939936PFXC""",78.99,87.68
"=""EV 939995PFC""",67.99,
"=""CO 29114C""",369.99,
"=""EV 940028PFC""",71.99,79.91
"=""CO 101822C""",175.99,
"=""CN 4560PFC""",82.99,
"=""CN 4898PFC""",72.99,81.02
"=""CO 4618C""",193.99,
"=""CO 105120C""",285.99,
"=""CO 21011C""",208.99,
"=""CO 22022C""",197.99,
"=""CO 11252C""",319.99,
"=""DS105203""",178.99,
"=""CO 10663PC""",178.99,
"=""CO 11160C""",257.99,
"=""CO 11027C""",210.99,
"=""EV 940024PFC""",84.99,94.34
"=""CO 4695C""",190.99,
"=""CN 3887PFC""",82.99,
"=""EV 940085PFC""",77.99,
"=""IS688084""",68.99,
"=""EV 940017PFC""",79.99,
"=""CO 21468LC""",257.99,
"=""CO 10760JC""",246.99,
"=""CO 29010C""",267.99,
"=""DS105078""",171.90,190.81
"=""CO 11330C""",196.99,
"=""CN 3877PFC""",84.99,94.34
"=""CN 3894PFC""",96.99,
"=""CO 11274C""",310.99,
"=""RD 1772C""",37.99,42.17
"=""CO 22004C""",220.99,
"=""EV 939787PFC""",77.99,
"=""EV 939985PFC""",79.99,
"=""EV 939901PFXC""",114.99,
"=""CO 1222DC""",262.99,303.99
"=""DS200306""",29.99,
"=""DS667022""",74.99,
"=""CO 21520C""",273.99,
"=""CO 21676LC""",220.99,
"=""CO 10903C""",208.99,
"=""DS620005""",80.99,89.90
"=""CO 11270C""",179.99,199.99
"=""CO 10905C""",205.99,
"=""DS200067""",16.99,
"=""CO 4356C""",196.99,
"=""EV 939763PFC""",78.99,87.68
"=""CO 22226C""",277.99,
"=""CO 21132LC""",264.99,
"=""CO 101480C""",160.99,
"=""CO 29026C""",225.99,
"=""CO 10800C""",188.99,
"=""CO 29140C""",249.99,
"=""DS540013""",91.99,
"=""CO 20210GLC""",203.99,
"=""CO 4536C""",180.90,200.80
"=""DS104117""",239.99,
"=""CO 10852AC""",242.99,
"=""CN 4012PFC""",85.99,
"=""CO 101700C""",164.99,
"=""CO 101220C""",158.99,
"=""CO 22017C""",201.99,
"=""EV 939781PFC""",78.99,87.68
"=""CO 11318C""",287.99,
"=""CO 10597AC""",249.99,
"=""CO 30022C""",244.99,
"=""CO 1206JC""",252.99,
"=""DS104139""",199.99,
"=""CO 11068LC""",151.99,168.99
"=""CO 20730C""",217.99,
"=""CO 102581AC""",224.99,
"=""EV 940043PFC""",118.99,132.08
"=""14-22218NEW""",245.99,273.05
"=""DS669025""",81.99,
"=""CO 105115C""",264.99,
"=""CO 11307C""",179.99,204.99
"=""EV 939916PFC""",73.99,
"=""CO 10722JC""",289.99,
"=""CN 40542PFC""",112.99,
"=""DS404139""",36.99,
"=""CO 0011C""",249.99,
"=""CO 20177GLC""",195.99,
"=""RD 1137C""",33.99,37.73
"=""14-3019NC""",251.99,
"=""EV 939924PFC""",77.99,86.57
"=""CO 21579T""",196.99,
"=""EV 939799PFC""",64.99,
"=""CO 4979AC""",218.99,
"=""EV 939891PFC""",73.99,
"=""CN 40975PFC""",110.99,
"=""CO 30014C""",217.99,
"=""CO 4116""",290.99,363.99
"=""CO 20452C""",225.99,
"=""CO 11013C""",223.99,
"=""CO 4440""",218.99,
"=""CO 10837C""",148.99,
"=""CO 29084C""",257.99,
"=""IS108159""",157.99,
"=""CO 29002C""",145.99,
"=""CN 40563PFC""",109.99,
"=""CO 2486AC""",208.99,
"=""EV 940006PFC""",87.99,
"=""CO 26010C""",286.99,
"=""CO 10870JC""",204.99,
"=""CO 101610C""",164.99,
"=""14-0422NEW""",314.99,
"=""DS401006""",31.99,
"=""EV 939939PFC""",108.99,
"=""CO 29116C""",209.99,
"=""CO 10218T""",297.99,
"=""CN 4825PFC""",102.99,114.32
"=""CN 4899PFC""",78.99,
"=""CN 4562PFC""",66.99,74.36
"=""CO 22026C""",203.99,
"=""CO 105162C""",286.99,
"=""CO 11079LC""",313.99,
"=""CO 11256C""",318.99,
"=""CO 11161T""",183.99,
"=""CO 4759C""",190.99,
"=""CO 11028C""",221.99,
"=""14-SD4696NEW""",196.99,
"=""CO 7702C""",223.99,
"=""RD 1801C""",41.99,46.61
"=""CO 11154C""",227.99,
"=""CO 11331C""",289.99,
"=""CO 21470JC""",285.99,
"=""14-4030NIP""",367.99,459.99
"=""CO 30000C""",218.99,
"=""CO 11281C""",207.99,
"=""CO 29107C""",283.99,
"=""CO 29011C""",252.99,
"=""EV 0138PFXC""",76.99,
"=""DS404144""",32.99,
"=""CO 22005C""",239.99,
"=""14-SD4493NC""",210.99,263.99
"=""17-5007""",34.99,
"=""14-4023NC""",177.90,197.47
"=""DS100036""",196.99,
"=""EV 0170PFXC""",78.99,
"=""CO 21532LC""",304.99,
"=""CO 21685C""",271.99,
"=""CO 11273C""",293.99,
"=""CO 10801C""",179.99,
"=""EV 939755PFC""",77.99,
"=""CO 20215C""",226.99,
"=""CO 10906C""",219.99,
"=""CO 10854C""",219.99,
"=""CO 4362C""",187.99,
"=""CO 22229C""",220.99,
"=""CO 101230C""",138.99,154.28
"=""CN 4930PFC""",80.99,89.90
"=""CO 10447T""",245.99,
"=""EV 939764AC""",112.99,
"=""CO 11120C""",232.99,
"=""CO 11321C""",245.99,
"=""CO 10598GLC""",224.99,
"=""CO 101720C""",168.99,
"=""EV 939775PFC""",74.99,
"=""EV 939782PFC""",78.99,87.68
"=""DS105082""",205.99,
"=""EV 939883PFC""",82.99,
"=""CO 101490C""",164.99,
"=""CO 105116C""",263.99,
"=""DS404152""",33.99,
"=""CO 11074C""",228.99,
"=""CO 103090C""",159.99,
"=""CO 22018C""",202.99,
"=""DS104070""",173.99,
"=""CO 11211C""",244.99,
"=""CO 10726AC""",195.99,
"=""CO 20731C""",202.99,
"=""CO 11311C""",220.99,
"=""17-2738""",42.99,
"=""CO 20178GLC""",191.99,
"=""CO 22275C""",232.99,
"=""CO 11039T""",266.99,
"=""CO 29033C""",314.99,
"=""DS200162""",48.99,54.38
"=""CO 0020GLC""",194.99,
"=""CO 4987AC""",237.99,
"=""DS675178""",76.99,85.46
"=""IS108152""",208.99,
"=""CO 30018C""",294.99,
"=""CO 20454C""",204.99,
"=""EV 206126PFXC""",75.99,
"=""CO 29086C""",242.99,
"=""EV 0093PFC""",92.99,
"=""DS669006""",77.99,86.57
"=""CO 4440C""",168.99,
"=""EV 940007PFC""",83.99,
"=""IS688042""",81.99,91.01
"=""DS675065""",74.99,83.24
"=""DS102101""",211.99,
"=""CO 10840C""",215.99,249.99
"=""DS105187""",145.99,
"=""CO 4081C""",168.99,
"=""CO 11137C""",300.99,
"=""DS200174""",23.99,
"=""CO 2486PC""",208.99,
"=""EV 940063PFC""",119.99,133.19
"=""DS404141""",30.99,
"=""CO 10236C""",251.99,
"=""EV 939940PFC""",111.99,
"=""CO 101620C""",172.99,
"=""CO 10556C""",286.99,
"=""CO 29067C""",246.99,
"=""CO 29118C""",209.99,240.00
"=""EV 0162PFXC""",77.99,86.57
"=""CO 11083C""",218.99,
"=""CO 10686C""",246.90,274.06
"=""CO 10520C""",216.99,
"=""CO 4775C""",167.99,
"=""CO 11258C""",306.99,
"=""CO 11162T""",235.99,
"=""DS665005""",75.99,
"=""CO 4622C""",154.99,
"=""CO 7803C""",203.99,
"=""CO 10410GLC""",228.99,
"=""CO 11185MC-KTC""",246.99,
"=""14-0357MPR""",454.99,568.99
"=""CO 11332C""",195.99,
"=""DS669002""",73.99,
"=""CO 10773T""",232.99,
"=""CO 21471LC""",260.99,
"=""CO 11282C""",291.99,
"=""14-SD9537NEW""",125.99,
"=""CO 20051GLC""",205.99,
"=""EV 940049PFC""",73.99,
"=""CO 29109C""",181.99,
"=""CO 21570C""",249.99,
"=""EV 0188PFXC""",79.99,88.79
"=""CO 11337C""",348.99,
"=""CO 21183T""",272.99,
"=""CO 22006C""",187.99,
"=""EV 0174PFXC""",79.99,
"=""CO 10907C""",223.99,
"=""CO 20237GLC""",198.99,
"=""CO 101260C""",178.99,
"=""CO 4375C""",192.99,
"=""DS100238""",177.99,
"=""17-2875""",30.99,34.40
"=""CO 4478C""",187.99,
"=""CO 29030C""",233.99,
"=""CO 22234C""",199.99,
"=""EX 10148C""",34.99,
"=""DS100277""",254.99,
"=""CO 4885C""",236.99,
"=""EV 4882817PFXC""",77.99,86.57
"=""CO 20744T""",227.99,
"=""CO 22276C""",230.99,
"=""DS100264""",262.99,
"=""EV 939801PFC""",76.99,
"=""CO 21590C""",263.99,
"=""CO 30019C""",199.99,
"=""DS200175""",34.99,
"=""DS104121""",310.99,
"=""EV 206128PFXC""",84.99,94.34
"=""CO 3605AC""",224.99,
"=""CO 4917AC""",232.99,
"=""CO 29088C""",273.99,
"=""CO 27001C""",207.99,
"=""EV 0099PFC""",79.99,
"=""CO 22180C""",200.99,
"=""EV 3512AC""",76.90,85.36
"=""EV 4007AC""",80.99,
"=""CO 9285C""",149.99,
"=""CO 29006C""",289.99,
"=""CO 4091C""",195.99,
"=""DS200132""",40.99,45.50
"=""CO 25004C""",229.99,
"=""EV 62201PFC""",78.99,
"=""EV 6581PFXC""",77.99,86.57
"=""EV 6944PFC""",88.99,
"=""CO 10522C""",214.99,
"=""EV 4798751PFC""",84.99,
"=""DS100273""",235.99,
"=""CO 4575C""",278.99,
"=""EV 0160PFC""",89.99,
"=""CO 4623C""",196.90,218.56
"=""IS108184""",186.99,
"=""CO 11259C""",286.99,
"=""EV 6971PFC""",80.99,89.90
"=""CO 22031C""",209.99,
"=""EV 4798705PFXC""",72.99,
"=""EV 939941PFC""",85.99,
"=""EV 0145PFC""",78.99,
"=""EV 939508PFXC""",96.99,
"=""IS688076""",71.99,79.91
"=""CO 4335C""",188.99,
"=""CO 30003C""",213.99,
"=""CO 20109GLC""",194.99,
"=""CO 29047C""",231.99,
"=""CO 4710""",228.99,
"=""CO 29013C""",214.99,
"=""CO 11286C""",253.99,
"=""CO 21193AC""",219.99,
"=""EV 939602PFC""",68.99,
"=""59-2641""",79.99,
"=""CO 29111C""",239.99,
"=""CO 10908C""",197.99,
"=""14-3031NIP""",353.99,
"=""CO 101270C""",169.99,
"=""CO 11338C""",243.99,
"=""DS108015""",272.99,
"=""14-0437NC""",352.99,437.99
"=""CO 4825C""",204.99,
"=""DS200098""",35.99,
"=""CO 22239C""",249.99,299.99
"=""CO 6130DC""",206.99,
"=""CO 29032C""",160.99,
"=""EV 939630PFXC""",94.99,
"=""EV 5006PFXC""",75.99,
"=""EV 6796PFXC""",84.99,94.34
"=""CO 4910AC""",228.99,
"=""CO 11044JC""",257.99,
"=""CO 58111C""",248.99,
"=""CO 22285C""",199.99,240.00
"=""EV 939662PFC""",84.99,
"=""CO 0024GLC""",194.99,
"=""CO 29096C""",294.99,
"=""EV 939676PFC""",82.99,
"=""CO 28000C""",199.99,
"=""EV 40086AC""",75.99,
"=""EV 0111PFC""",89.99,
"=""CO 4108""",256.99,321.99
"=""EV 939690PFC""",102.99,
"=""EV 3605AC""",78.99,
"=""14-0250NC""",299.99,331.99
"=""EV 6596PFC""",67.99,
"=""CO 10570GLC""",180.99,
"=""CO 4576C""",285.99,
"=""EV 4798707PFXC""",79.99,88.79
"=""IS688074""",74.99,
"=""CO 4710C""",220.99,
"=""CO 29123C""",230.99,277.00
"=""EV 7993ATC""",171.99,
"=""DS105186""",198.99,
"=""DS110044""",77.99,86.57
"=""EV 6947PFXC""",105.99,117.65
"=""CO 10528C""",238.99,
"=""DS667006""",79.99,88.79
"=""DS200071""",31.99,35.51
"=""DS100279""",180.99,
"=""EV 939587PFC""",92.99,
"=""CO 11261C""",347.99,
"=""EV 939610PFC""",72.99,81.02
"=""DS210413""",44.99,49.94
"=""EV 939512PFXC""",76.99,
"=""DS200020""",38.99,43.28
"=""EV 939711PFC""",79.99,
"=""CO 8147C""",232.99,
"=""CO 30004C""",254.99,
"=""EV 0146PFXC""",85.99,95.45
"=""14-SD4637NEW""",211.99,
"=""EV 4447PFXC""",83.99,
"=""EV 4798711PFXC""",73.99,
"=""CO 20110GLC""",224.99,
"=""EV 939581PFC""",88.99,98.78
"=""IS404055""",31.99,
"=""EV 4798730PFXC""",67.99,
"=""CO 29014C""",241.99,
"=""CO 21200C""",282.99,
"=""DS200179""",28.99,32.18
"=""CO 10909C""",201.99,
"=""CO 11350C""",243.99,
"=""IS688041""",89.99,
"=""EV 939604PFXC""",81.99,91.01
"=""14-SD4384NEW""",191.99,
"=""CO 101280C""",164.99,
"=""CO 35108C""",155.99,
"=""CO 4702C""",183.99,
"=""14-SD4850NEW""",225.99,
"=""EV 6797PFC""",83.99,
"=""CO 4061C""",176.99,
"=""CO 58112C""",260.99,
"=""EV 5007PFC""",71.99,
"=""EV 939683PFC""",71.99,
"=""CO 4911AC""",239.99,
"=""CO 0038C""",194.99,
"=""EV 939699AC""",80.99,
"=""CO 22289C""",288.99,
"=""EV 4102PFC""",127.99,
"=""EV 3640PFC""",98.99,
"=""CO 4667C""",186.99,
"=""EV 3153PFXC""",86.99,
"=""EV 0134PFXC""",70.99,
"=""EV 939692PFC""",88.99,
"=""CO 9776C""",185.99,
"=""EV 939678PFC""",79.99,
"=""EV 60101PFC""",107.99,
"=""CO 4919AC""",233.99,
"=""EV 4798708PFC""",75.99,
"=""EV 939718PFXC""",70.99,78.80
"=""EV 6662PFC""",80.99,89.90
"=""IS108192""",181.99,
"=""CO 10571C""",296.99,
"=""CO 4785C""",182.99,
"=""59-8275""",78.99,
"=""CO 10529AC""",234.99,
"=""59-2532""",81.99,
"=""EV 6951PFC""",72.99,
"=""EV 62692PFC""",77.99,
"=""EV 939571PFXC""",82.99,
"=""EV 939545PFC""",79.99,
"=""EV 939620PFC""",78.99,
"=""EV 4644790PFC""",82.99,
"=""EV 939712PFC""",75.99,
"=""DS670007""",74.99,
"=""CO 8628C""",523.99,
"=""EV 4798712PFXC""",79.99,88.79
"=""EV 0154PFXC""",82.99,
"=""CO 29049C""",235.99,
"=""EV 939582PFC""",74.99,83.24
"=""CO 21222C""",244.99,
"=""IS688059""",82.99,
"=""CO 4753C""",203.99,
"=""DS200183""",23.99,
"=""EV 4798732PFC""",89.99,
"=""CO 11290C""",238.99,
"=""CO 29018C""",205.99,
"=""EV 8009PFXC""",83.99,
"=""EV 939670PFC""",70.99,
"=""EV 939606PFXC""",75.99,
"=""14-0378NC""",228.90,254.08
"=""EV 0184PFC""",69.99,
"=""CO 4425C""",158.99,
"=""CO 4705C""",189.99,
"=""CO 101290C""",155.99,
"=""CO 4854C""",182.99,
"=""EV 6819PFC""",70.99,
"=""EV 939654PFC""",68.99,
"=""EV 939635PFC""",70.99,
"=""CO 7409C""",199.99,
"=""IS108158""",198.99,
"=""14-0663MPR""",354.99,443.99
"=""EV 939664PFC""",73.99,
"=""DS200186""",43.99,48.83
"=""EV 4103AC""",112.99,125.42
"=""EV 33010PFXC""",81.99,
"=""CO 4688C""",191.99,
"=""DS105123""",185.99,229.00
"=""IS688061""",79.99,88.79
"=""EV 939701PFC""",80.99,
"=""14-1003NEW""",197.99,
"=""CO 4579C""",297.99,
"=""EV 939719PFC""",76.99,85.46
"=""CO 4804C""",172.99,
"=""DS669009""",76.99,
"=""EV 4798709PFXC""",77.99,
"=""EV 0165PFXC""",101.99,113.21
"=""EV 6956PFC""",89.99,99.89
"=""EV 62898PFC""",83.99,93.23
"=""EV 62696PFC""",82.99,
"=""14-0155NIP""",337.99,418.99
"=""DS667029""",77.99,
"=""EV 939573PFC""",77.99,
"=""EV 8003PFXC""",71.99,
"=""EV 939546PFC""",68.99,
"=""DS110105""",78.99,87.68
"=""EV 6739PFXC""",77.99,
"=""IS665078""",85.99,
"=""EV 939713PFXC""",70.99,78.80
"=""EV 4798713PFXC""",68.99,
"=""EV 939584PFC""",81.99,
"=""EV 20380PFXC""",88.99,
"=""EV 464880PFC""",78.99,
"=""DS665002""",74.99,
"=""IS688060""",41.99,
"=""IS688067""",45.90,
"=""EV 0187PFXC""",73.99,
"=""EV 6882PFXC""",92.99,
"=""CO 101300C""",123.90,137.53
"=""CO 7170C""",192.99,
"=""CO 7416C""",210.99,
"=""EV 5191ATC""",117.99,
"=""EV 4005AC""",84.99,94.34
"=""IS688040""",101.99,113.21
"=""CO 9779C""",179.99,192.99
"=""14-SD4729NC""",272.99,341.99
"=""EV 0137PFXC""",80.99,
"=""EV 939702PFC""",73.99,
"=""IS688053""",72.99,
"=""EV 939720PFC""",75.99,
"=""EV 0167PFC""",75.99,84.35
"=""CO 4969AC""",238.99,
"=""EV 939695PFC""",89.99,
"=""EV 6962PFXC""",68.99,
"=""EV 4798710PFC""",68.99,
"=""EV 6701PFC""",91.99,
"=""IS688058""",70.99,
"=""EV 4880PFC""",79.99,88.79
"=""EV 62705PFC""",80.99,89.90
"=""EV 939515PFC""",77.99,
"=""EV 939574PFXC""",72.99,81.02
"=""EV 939622PFC""",72.99,
"=""EV 939613PFC""",72.99,81.02
"=""EV 939548PFXC""",100.99,
"=""EV 6740PFC""",96.99,
"=""EV 939714PFC""",72.99,81.02
"=""EV 939655PFC""",77.99,86.57
"=""EV 4798746PFC""",95.99,106.55
"=""EV 12370PFXC""",86.99,
"=""EV 4798681PFXC""",69.99,
"=""EV 206121PFC""",85.99,
"=""EV 939503PFC""",118.99,
"=""EV 939681PFC""",70.99,
"=""EV 939608PFXC""",73.99,
"=""EV 6905ATC""",191.99,
"=""EV 939648PFXC""",68.99,
"=""DS712004""",42.99,
"=""EV 939672PFC""",80.99,
"=""EV 5326ATC""",155.90,173.05
"=""EV 939524PFXC""",61.99,
"=""EV 939666PFC""",62.99,69.92
"=""EV 939704PFC""",75.99,
"=""CO 4975AC""",240.99,
"=""EV 939721PFXC""",66.99,74.36
"=""EV 6511PFXC""",88.99,
"=""EV 4882168PFXC""",78.99,
"=""EV 6709PFC""",79.99,
"=""EV 6967PFC""",106.99,118.76
"=""EV 939600PFXC""",83.99,93.23
"=""EV 939696AC""",82.99,92.12
"=""EV 62717PFC""",81.99,
"=""EV 939576PFXC""",65.99,73.25
"=""EV 8008PFXC""",74.99,
"=""IS688071""",84.99,
"=""EV 939549PFC""",72.99,
"=""EV 6751PFC""",72.99,
"=""EV 939715PFXC""",89.99,
"=""DS665064""",84.99,
"=""EV 4798689PFC""",73.99,
"=""EV 206122PFXC""",100.99,112.10
"=""DS110118""",60.99,
"=""EV 939609PFC""",80.99,
"=""EV 939682PFC""",69.99,
"=""EV 6929PFC""",82.99,
"=""EV 939586PFC""",83.99,
"=""EV 939650PFXC""",79.99,
"=""EV 939673PFC""",69.99,
"=""EV 939688PFXC""",111.99,124.31
"=""EV 939530ATC""",126.99,
"=""59-0423""",48.99,
"=""EV 939707PFC""",68.99,
"=""EV 6513PFC""",91.99,
"=""DS110139""",47.99,53.27
"=""EV 939698AC""",75.99,
"=""EV 939601PFXC""",95.99,106.55
"=""EV 939577PFXC""",83.99,
"=""DS669011""",81.99,
"=""EV 939550PFC""",75.99,84.35
"=""EV 6752PFXC""",78.99,
"=""EV 939716PFC""",66.99,
"=""EV 939659PFC""",85.99,95.45
"=""EV 4798700ATC""",145.99,162.05
"=""IS688043""",85.99,
"=""EV 939674PFC""",72.99,81.02
"=""EV 939725PFXC""",81.99,
"=""EV 939710PFC""",71.99,
"=""EV 6794PFXC""",75.99,84.35
"=""EV 939507PFC""",74.99,
"=""IS688055""",80.99,
"=""DS669061""",77.99,
"=""EV 939661PFC""",74.99,
"=""DS102077""",195.90,217.45
"=""DS675171""",390.99,
"=""DS103074""",169.99,
"=""EV 940144PFC""",85.99,
"=""BM39045""",250.99,
"=""DS676051""",106.99,
"=""CN 22059PFC""",109.99,
"=""DS345019""",33.99,
"=""DS560001""",31.99,
"=""IS688082""",96.99,
"=""DS675235""",60.99,
"=""CN 30044PFC""",85.99,95.45
"=""CN 4741PFC""",92.99,
"=""CO 11431C""",262.99,
"=""CO 29304C""",185.99,213.99
"=""2216-006""",524.99,
"=""DS725155B""",38.99,
"=""DS676490""",106.99,
"=""DS101193""",19.99,
"=""DS132001""",15.99,
"=""2208-001""",567.99,
"=""CN 22160PFC""",121.99,
"=""DS108070""",209.99,
"=""DS108027""",195.99,
"=""BM 00043C""",60.99,
"=""KIT 14-SD4493NEW + 17-3559""",202.99,
"=""BM 00181C""",62.99,
"=""IS676425""",55.99,
"=""BM 00221C""",65.99,
"=""BM 00149C""",67.99,
"=""BM 00162C""",88.99,
"=""BM 00011C""",65.99,
"=""BM 0102""",52.99,
"=""BM 0131C""",65.99,
"=""BM 0123""",81.99,
"=""BM 0292""",78.99,
"=""BM 0374""",91.99,102.11
"=""BM 00216C""",68.99,
"=""BM 00196C""",58.99,
"=""BM 0138""",53.99,
"=""DS675233""",35.99,
"=""BM 4075C""",75.99,
"=""BM 9237C""",77.99,
"=""BM 9200C""",71.99,
"=""BM 9192C""",70.99,
"=""BM 9379C""",60.99,67.70
"=""BM 9285C""",69.99,
"=""BM 00150C""",86.99,
"=""BM 00026C""",56.99,
"=""BM 00142C""",92.99,
"=""BM 00128C""",83.99,
"=""IS676405""",37.99,
"=""BM 00198""",56.99,
"=""BM 00172C""",66.99,
"=""BM 0105""",48.99,
"=""BM 0292C""",69.99,
"=""BM 6012C""",73.99,
"=""BM 2717""",744.99,
"=""BM 3636""",64.99,
"=""DS676481""",83.99,
"=""BM 9182C""",70.99,
"=""BM 4110C""",83.99,
"=""BM 3943C""",67.99,
"=""BM 3795C""",68.99,
"=""BM 3929C""",48.99,
"=""BM 9358C""",82.99,
"=""BM 00004C""",58.99,
"=""CN 22004PFC""",140.99,
"=""BM 9323C""",61.99,
"=""CN 30043PFC""",92.99,
"=""CN 22107PFC""",85.99,
"=""BM 00218C""",73.99,
"=""CN 3274PFC""",79.99,88.79
"=""CN 3119PFC""",94.99,105.44
"=""CN 3078PFC""",76.99,
"=""CN 3793PFC""",90.99,
"=""CN 3692PFXC""",77.99,
"=""DS545103""",98.99,
"=""CN 3899PFC""",88.99,
"=""CN 3020PFC""",102.99,114.32
"=""CN 3570PFC""",87.99,
"=""BM 00173C""",80.99,
"=""BM 0256""",56.99,
"=""CN 3345PFC""",98.99,109.88
"=""BM 0136""",269.99,
"=""CN 4168PFC""",114.99,127.64
"=""BM 3922C""",72.99,
"=""CN 4227PFC""",87.99,
"=""CN 4267PFC""",126.99,140.96
"=""CN 3391PFXC""",84.99,94.34
"=""DS676416""",68.99,
"=""BM 00143C""",56.99,
"=""CN 3046PFC""",159.99,
"=""DS675238""",84.99,94.34
"=""BM 9311C""",89.99,
"=""BM 9184C""",56.99,
"=""BM 9240C""",69.99,
"=""BM 00158C""",60.99,
"=""BM 3797""",439.99,
"=""BM 9277C""",65.99,
"=""BM 9193C""",65.99,
"=""CN 4606PFC""",110.90,123.10
"=""CN 4311PFC""",140.99,
"=""BM 4065C""",90.99,
"=""CN 4447PFC""",77.99,86.57
"=""BM 9295C""",84.99,94.34
"=""CN 22012PFC""",157.99,
"=""BM 0150""",74.99,
"=""BM 00219C""",73.99,
"=""CN 4635PFC""",84.99,
"=""BM 00202""",67.99,
"=""BM 2734""",79.99,
"=""BM 3324C""",70.99,
"=""CN 4693PFC""",144.99,
"=""DS545109""",121.99,135.41
"=""CN 4719PFC""",78.99,91.99
"=""BM 6008C""",119.99,
"=""BM 00007C""",83.99,
"=""BM 00168C""",65.99,
"=""CN 3760PFXC""",96.99,97.99
"=""CN 4775PFC""",69.99,
"=""CN 4786PFC""",125.99,139.85
"=""CN 4230PFC""",74.99,83.24
"=""BM 9254C""",66.99,
"=""CN 4242PFC""",94.99,105.44
"=""DS545105""",116.99,129.86
"=""CN 4173PFC""",96.99,107.66
"=""BM 9243C""",74.99,
"=""CO 101440C""",166.99,
"=""CN 4612PFXC""",84.99,
"=""CN 4513PFC""",76.99,85.46
"=""CN 4312PFC""",127.99,142.07
"=""CN 4848PFC""",70.99,78.80
"=""CN 4917PFC""",88.99,98.78
"=""CN 4973PFC""",71.99,79.91
"=""CN 4991PFC""",122.99,136.52
"=""BM 9210C""",79.99,
"=""CN 4345PFC""",115.99,128.75
"=""CN 4552PFC""",66.99,
"=""CN 22115PFC""",97.99,
"=""CN 4008PFC""",134.99,149.84
"=""CN 3080PFC""",98.99,109.88
"=""CN 4803PFC""",114.99,127.64
"=""CO 21017C""",265.99,
"=""CO 11280C""",249.99,
"=""CO 11348C""",260.99,
"=""CO 29052C""",264.99,
"=""CO 20091C""",222.99,
"=""CO 20077C""",257.99,
"=""CO 11304C""",209.99,276.00
"=""CN 4118PFC""",82.99,92.12
"=""CO 22016C""",227.99,
"=""CN 3798PFC""",115.99,128.75
"=""CN 4152PFC""",109.99,122.09
"=""CO 20066C""",254.99,
"=""CO 29125C""",274.99,
"=""IS676434""",85.99,
"=""CN 3022PFC""",88.99,
"=""CN 4390PFC""",118.99,132.08
"=""CN 3420PFC""",93.99,
"=""CN 3347PFC""",79.99,88.79
"=""G40557S""",103.99,
"=""CN 3004PFC""",121.99,135.41
"=""BM 00220C""",72.99,
"=""BM 00138C""",72.99,
"=""BM 00144C""",65.99,
"=""CN 3959PFC""",142.99,158.72
"=""BM 00175C""",67.99,
"=""BM 00203""",100.99,
"=""CN 3275PFC""",152.99,169.82
"=""BM 6009""",149.99,
"=""CN 4277PFC""",90.99,
"=""BM 9312C""",70.99,
"=""BM 00169C""",65.99,
"=""CN 3152PFC""",77.99,86.57
"=""BM 9278C""",82.99,
"=""CN 3766PFXC""",86.99,96.56
"=""BM 9245C""",72.99,
"=""CN 4036PFC""",106.99,118.76
"=""BM 9299C""",102.99,
"=""DS675234""",76.99,
"=""DS520018""",99.99,
"=""CO 101470C""",164.99,
"=""CN 4697PFC""",121.99,135.41
"=""BM 3799C""",61.99,
"=""CN 4365PFC""",75.99,84.35
"=""DS100237""",300.99,
"=""BM 9188C""",53.99,
"=""CN 4643PFC""",87.99,
"=""CO 11244C""",279.99,
"=""CO 11167MC-KTC""",276.99,
"=""CN 4454PFC""",80.99,
"=""CO 20002C""",222.99,
"=""CO 20078C""",228.99,
"=""CN 3875PFC""",122.99,136.52
"=""BM 9388C""",60.99,
"=""CN 4153PFC""",118.99,
"=""CO 29099C""",145.99,
"=""CN 3979PFC""",82.99,
"=""CO 20067C""",257.99,
"=""CN 4621PFC""",134.99,
"=""DS104141""",185.99,
"=""CN 3803PFC""",125.99,139.85
"=""BM 4092C""",73.99,
"=""CO 11285C""",275.99,
"=""CN 4571PFC""",129.99,144.29
"=""CO 4510PC""",205.99,
"=""CN 4789PFC""",118.99,
"=""CN 4119PFC""",93.99,104.33
"=""DS102203""",195.99,
"=""BM 3340C""",44.99,
"=""BM 3327""",91.99,
"=""CN 4780PFC""",102.99,
"=""CN 30024PFC""",82.99,
"=""CO 20769C""",192.99,231.99
"=""CN 3002PFC""",125.99,139.85
"=""IS676427""",44.99,49.94
"=""CN 4763PFC""",93.99,104.33
"=""CN 4852PFC""",97.99,108.77
"=""CN 4938PFXC""",78.99,87.68
"=""CN 4236PFC""",125.99,139.85
"=""CN 3772PFC""",142.99,
"=""CO 21745C""",337.99,
"=""CN 3500PFC""",98.99,109.88
"=""CN 40571PFC""",70.99,
"=""CO 20247GLC""",208.99,
"=""CN 4201PFC""",114.99,127.64
"=""BM 9178C""",70.99,
"=""CN 3024PFC""",98.99,109.88
"=""CN 4993PFC""",75.99,
"=""BM 6011C""",70.99,
"=""CN 3350PFC""",103.99,
"=""CN 3666PFXC""",81.99,89.99
"=""CN 3439PFC""",135.99,
"=""BM 9270C""",81.99,
"=""CN 4253PFC""",98.99,
"=""CN 4519PFC""",81.99,
"=""BM 9274C""",105.99,
"=""CN 4367PFC""",141.99,
"=""CN 4699PFC""",93.99,104.33
"=""BM 9200""",72.99,
"=""CN 4328PFC""",89.90,99.79
"=""CN 30041PFC""",93.99,
"=""CN 4459PFC""",85.99,95.45
"=""CN 4555PFC""",198.99,220.88
"=""CO 20080C""",227.99,
"=""CN 40907PFC""",114.99,127.64
"=""CN 4615PFC""",84.99,
"=""CO 20003C""",183.99,
"=""BM 00160C""",56.99,
"=""BM 9189C""",70.99,
"=""CN 4439PFC""",99.99,
"=""IS108189""",187.99,
"=""CN 22015PFC""",99.99,
"=""CN 3863PFC""",101.99,
"=""14-0255NIP""",556.99,689.99
"=""CN 4576PFC""",167.99,186.47
"=""BM 4095C""",96.99,
"=""CO 11209C""",293.99,
"=""CN 4726PFC""",89.99,
"=""CN 4677PFC""",121.99,
"=""CO 20069C""",226.99,
"=""CO 4332C""",189.99,
"=""CN 3280PFC""",82.99,
"=""DS100267""",253.99,
"=""CO 29057C""",256.99,
"=""CN 22009PFC""",133.99,
"=""CO 20120C""",218.99,
"=""BM 00041C""",60.99,
"=""BM 00147C""",81.99,
"=""CN 3009PFC""",81.99,
"=""BM 00131C""",65.99,
"=""CN 4393PFC""",106.99,
"=""CO 22001C""",199.99,
"=""BM 9378C""",62.99,
"=""BM 2734C""",83.99,
"=""CN 4659PFC""",105.99,117.65
"=""BM 0354""",43.99,
"=""DS200064""",31.99,35.51
"=""CO 35110X""",189.99,231.99
"=""RD 9969C""",35.99,39.95
"=""CN 3782PFXC""",90.99,
"=""CN 4237PFC""",74.99,83.24
"=""DS103085""",256.99,321.99
"=""CO 29106C""",280.99,
"=""CO 20335C""",189.99,
"=""CN 4213PFC""",135.99,
"=""CN 4782PFC""",139.99,
"=""CN 3731PFC""",152.99,
"=""CN 4380PFC""",113.99,126.53
"=""BM 3904C""",87.99,
"=""CO 22208LC""",266.99,
"=""DS102213""",175.99,
"=""CN 4160PFC""",102.99,
"=""CN 4616PFC""",109.99,122.09
"=""CN 4702PFC""",75.99,84.35
"=""CO 101710C""",160.99,
"=""CN 3865PFC""",87.99,97.67
"=""DS102207""",219.99,
"=""CN 4104PFC""",84.99,
"=""CN 3886PFC""",128.99,143.18
"=""CN 4471PFC""",113.99,126.53
"=""CN 4307PFC""",89.99,99.89
"=""CN 4765PFC""",102.99,114.32
"=""CO 11329C""",346.99,
"=""CO 24005C""",197.99,
"=""CO 20081C""",211.99,
"=""DS510113""",85.99,
"=""CN 4941PFC""",111.99,124.31
"=""CN 22016PFC""",137.99,
"=""CO 29016C""",274.99,
"=""CO 20216C""",228.99,
"=""CN 4981PFC""",82.99,
"=""CN 3000PFC""",79.99,
"=""CO 11298C""",276.99,
"=""CN 4681PFC""",109.99,123.99
"=""DS675243""",118.99,
"=""CO 30016C""",299.99,399.99
"=""CO 20071C""",282.99,
"=""CN 3552PFC""",100.99,
"=""CN 22003PFC""",121.99,
"=""14-SD1440NEW""",291.99,
"=""CN 4728PFC""",112.99,125.42
"=""BM 3914C""",69.99,
"=""CO 4828C""",194.99,
"=""CO 4390C""",181.99,
"=""CN 3668PFC""",109.99,
"=""CN 3354PFC""",93.99,
"=""CN 4137PFC""",111.99,
"=""CN 4814PFC""",115.99,128.75
"=""CO 4335""",285.99,
"=""BM 9275C""",70.99,
"=""CN 22010PFC""",156.99,
"=""CN 4995PFC""",125.99,
"=""CO 10879C""",316.99,
"=""CO 20122GLC""",211.99,
"=""CO 20775C""",280.99,
"=""CN 4395PFC""",118.99,132.08
"=""CN 4282PFC""",89.99,
"=""BM 00161C""",85.99,
"=""CN 4266PFC""",108.99,120.98
"=""CO 20412T""",229.99,
"=""CN 4295PFC""",96.99,107.66
"=""CO 11155C""",246.99,
"=""CN 3784PFC""",99.99,110.99
"=""CN 4381PFC""",94.99,
"=""CN 3263PFXC""",81.99,
"=""CO 21515LC""",328.99,
"=""CO 10985C""",217.99,
"=""CN 4216PFC""",125.99,
"=""CN 3193PFC""",112.99,125.42
"=""CN 4163PFC""",144.99,160.94
"=""CN 3051PFC""",90.99,101.00
"=""CO 20011C""",221.99,
"=""CO 4916AC""",242.99,
"=""CN 4106PFC""",88.99,
"=""CN 3286PFC""",75.99,84.35
"=""CN 3868PFC""",86.99,96.56
"=""CN 4331PFC""",80.99,89.90
"=""CN 4604PFC""",97.99,108.77
"=""CN 4707PFC""",91.99,
"=""CN 3898PFC""",85.99,
"=""CO 29029C""",263.99,
"=""CN 4690PFC""",98.99,
"=""DS100291""",156.99,
"=""BM 00017C""",91.99,102.11
"=""CO 11339C""",209.99,
"=""CO 25003C""",379.99,
"=""BM 0777C""",79.99,
"=""CN 4475PFC""",69.99,
"=""CN 4446PFC""",147.99,164.27
"=""CO 30017C""",239.99,
"=""14-0230NEW""",212.99,
"=""CN 4662PFC""",131.99,146.51
"=""14-0328NC""",312.99,391.99
"=""CO 11319C""",165.99,
"=""CO 10647JC""",289.99,
"=""CO 29201C""",278.99,
"=""CN 3108PFC""",89.99,
"=""BM 2709C""",69.99,
"=""CN 4733PFC""",76.99,85.46
"=""IS545096""",107.99,
"=""CO 4848C""",191.99,
"=""CO 4336C""",197.99,
"=""DS712014""",25.99,
"=""CO 20073C""",238.99,
"=""CN 4965PFC""",77.99,
"=""CO 21003C""",212.99,
"=""CO 29078C""",244.99,
"=""CO 20082C""",231.99,
"=""CN 4625PFC""",77.99,
"=""BM 2714C""",72.99,
"=""CN 4766PFC""",77.99,
"=""CO 11163C""",245.99,
"=""CO 20029C""",233.99,
"=""CN 3554PFC""",109.99,
"=""CN 3642PFC""",95.90,106.45
"=""CO 29133C""",205.99,
"=""CN 3464PFC""",135.99,150.95
"=""CN 4913PFC""",87.99,
"=""CN 4692PFC""",121.99,135.41
"=""CO 10185AC""",236.99,
"=""CO 10763C""",259.99,
"=""CO 2511C""",250.99,
"=""CN 3093PFC""",81.99,
"=""CN 3674PFC""",93.99,
"=""CN 3027PFC""",153.99,170.93
"=""CN 4943PFC""",86.99,96.56
"=""CN 4983PFC""",70.99,
"=""CO 11340C""",145.99,
"=""CO 11320C""",278.99,
"=""CN 4712PFC""",101.99,113.21
"=""CO 10930C""",188.99,
"=""CO 10855C""",220.99,265.00
"=""CO 11145C""",201.99,
"=""CN 3061PFC""",87.99,
"=""CN 3264PFC""",85.99,
"=""CO 20076C""",229.99,
"=""BM 9283C""",119.99,
"=""CO 4359C""",217.99,
"=""CO 20087C""",258.99,
"=""CO 22009C""",199.99,
"=""CN 3206PFC""",72.99,81.02
"=""DS105092""",209.99,252.00
"=""CN 3314PFC""",83.99,
"=""CO 29079C""",283.99,
"=""CO 21584LC""",262.99,
"=""BM 9307C""",77.99,
"=""CO 4040""",218.99,273.99
"=""CO 22258C""",199.99,
"=""DS105120""",199.99,
"=""CO 29163C""",213.99,
"=""CN 3111PFC""",91.99,102.11
"=""CO 29043C""",175.99,
"=""CN 4626PFXC""",140.99,156.50
"=""CN 4966PFC""",80.99,
"=""CN 4817PFC""",88.99,
"=""14-0227NIP""",308.99,
"=""CO 10939C""",188.99,
"=""DS100278""",168.99,
"=""CN 4923PFC""",77.99,
"=""CN 4996PFC""",104.99,
"=""CO 10120C""",275.99,
"=""CO 1103JC""",241.99,
"=""CN 4773PFC""",87.99,
"=""CO 29085C""",240.99,
"=""CN 3472PFC""",178.99,198.68
"=""DS102051""",168.99,
"=""CN 3643PFC""",102.99,114.32
"=""CO 21016C""",254.99,
"=""CO 9775C""",207.99,
"=""EV 0082PFC""",123.99,137.63
"=""CN 4950PFC""",93.99,
"=""CN 3028PFC""",169.99,
"=""CN 3097PFC""",87.99,
"=""CN 4784PFC""",104.99,
"=""CO 4041SD""",267.99,334.99
"=""CN 22022PFC""",131.99,
"=""CN 22096PFC""",106.99,
"=""CN 3688PFXC""",85.99,
"=""CO 0041C""",401.99,
"=""CO 22010C""",219.99,
"=""CO 4996AC""",255.99,
"=""EV 3480PFXC""",106.99,
"=""CO 10693C""",237.99,
"=""CN 4798PFC""",110.99,
"=""EV 4012AC""",82.99,
"=""CO 11024C""",250.99,
"=""EV 4798697PFXC""",82.99,
"=""CO 101210C""",164.99,
"=""CO 10921C""",204.99,
"=""CO 4663""",218.99,
"=""EV 6700PFC""",86.99,
"=""CN 4970PFC""",103.99,
"=""CN 4629PFC""",97.99,101.99
"=""EV 939526PFC""",142.99,158.72
"=""CO 10246C""",212.99,
"=""CN 4838PFXC""",106.99,
"=""EV 939544PFC""",94.99,
"=""EV 939588PFC""",98.99,109.88
"=""EV 939653PFC""",78.99,87.68
"=""EV 939691PFC""",74.99,
"=""CO 22015C""",213.99,
"=""14-0809NC""",254.99,318.99
"=""CO 29181C""",297.99,
"=""EV 939752PFC""",107.99,
"=""EV 2733PFC""",98.99,
"=""EV 4798749PFC""",79.99,
"=""CN 4951PFC""",90.99,101.00
"=""EV 4798698PFC""",80.99,
"=""14-0466NC""",267.99,332.99
"=""CO 10824JC""",246.99,
"=""EV 4446PFC""",109.99,
"=""DS545084""",175.99,
"=""EV 939862PFXC""",98.99,
"=""CN 4915PFC""",91.99,102.11
"=""EV 939921PFC""",76.99,
"=""CN 3029PFC""",73.99,
"=""EV 0133PFC""",77.99,
"=""EV 939590PFXC""",110.99,
"=""IS688066""",72.99,
"=""CN 3072PFC""",124.99,
"=""CO 8148C""",173.99,
"=""CN 4802PFC""",76.99,86.57
"=""DS669005""",93.99,
"=""CO 10967C""",200.99,
"=""EV 939656PFC""",85.99,
"=""EV 940107PFC""",90.99,
"=""CO 10016C""",268.99,
"=""EV 939546PFXC""",68.99,
"=""EV 940133PFC""",93.99,
"=""CO 0043C""",245.99,
"=""EV 939757PFXC""",109.99,
"=""EV 3009PFC""",80.99,
"=""EV 4798750PFC""",93.99,
"=""EV 0152PFC""",79.99,
"=""CN 4846PFC""",172.99,192.02
"=""DS668000""",79.99,
"=""DS665003""",72.99,
"=""EV 939845PFC""",100.99,
"=""EV 939866PFXC""",93.99,104.33
"=""EV 6679PFC""",82.99,
"=""EV 939922PFC""",77.99,
"=""EV 939943PFC""",111.99,
"=""EV 6711PFC""",85.99,
"=""14-0205NEW""",217.99,
"=""EV 62903PFC""",95.99,106.55
"=""EV 7992ATC""",145.99,
"=""CO 7360C""",158.99,
"=""EV 939592PFC""",72.99,
"=""EV 939538PFC""",73.99,
"=""EV 0139PFXC""",82.99,
"=""EV 9400003PFC""",71.99,
"=""EV 939766PFC""",80.99,
"=""EV 940109PFC""",77.99,86.57
"=""EV 940134PFC""",83.99,93.23
"=""EV 3012PFC""",111.99,
"=""EV 940159PFC""",68.99,
"=""EV 2355AC""",110.99,
"=""EV 939547PFC""",112.99,
"=""CN 22098PFC""",127.99,
"=""EV 939697AC""",116.99,129.86
"=""EV 0153PFC""",115.99,128.75
"=""EV 3510AC""",79.99,
"=""EV 4798683PFC""",80.99,
"=""EV 939848PFC""",107.99,
"=""CO 10723C""",273.99,
"=""DS200178""",30.99,
"=""DS545149""",88.99,
"=""EV 939944PFC""",97.99,108.77
"=""EV 939926PFXC""",90.90,100.90
"=""EV 6680PFC""",92.99,
"=""EV 0103PFC""",105.99,
"=""EV 940000PFC""",78.99,87.68
"=""EV 939593PFC""",94.99,
"=""IS688081""",223.99,
"=""EV 0140PFC""",77.99,
"=""EV 939772PFC""",98.99,
"=""EV 3016PFC""",82.99,
"=""EV 940135PFC""",73.99,
"=""EV 4798754PFC""",87.99,
"=""14-SD9264NEW""",210.99,
"=""EV 939667PFXC""",77.99,
"=""EV 5515AC""",109.99,
"=""EV 4798693PFC""",85.99,
"=""EV 939850PFXC""",85.99,
"=""EV 939946PFC""",95.99,106.55
"=""EV 939888PFC""",75.99,
"=""EV 939930PFC""",105.99,117.65
"=""EV 8000PFXC""",77.99,86.57
"=""IS688052""",45.99,
"=""EV 6693PFXC""",88.99,
"=""CN 22099PFC""",181.99,
"=""CN 22042PFC""",81.99,
"=""EV 940113PFC""",110.99,
"=""EV 939541PFC""",76.99,
"=""DS671006""",72.99,
"=""EV 0149PFXC""",64.99,
"=""EV 939597PFC""",83.99,93.23
"=""CO 6003C""",278.90,309.58
"=""EV 9409174PFC""",112.99,
"=""DS665034""",89.99,
"=""EV 3520AC""",92.99,
"=""EV 0157PFXC""",74.99,83.24
"=""EV 939703PFC""",72.99,
"=""EV 2970PFXC""",70.99,
"=""EV 4798694PFC""",96.99,107.66
"=""EV 4021PFXC""",78.99,
"=""EV 939854PFC""",81.99,
"=""EV 939937PFXC""",80.99,89.90
"=""EV 6746PFC""",80.99,
"=""EV 940079PFC""",72.99,81.02
"=""EV 939543PFC""",83.99,
"=""EV 0110PFC""",87.99,97.67
"=""CO 4647""",215.99,
"=""EV 939615PFC""",80.99,
"=""EV 3154PFC""",101.99,113.21
"=""EV 5504AC""",107.99,
"=""EV 0701LBAC""",92.99,
"=""EV 940005PFC""",79.99,88.79
"=""CO 8231C""",172.99,
"=""EV 939705PFC""",72.99,
"=""CO 9114DC""",176.99,
"=""EV 939687PFC""",88.99,
"=""EV 0171PFC""",85.99,
"=""CO 6020""",309.99,387.99
"=""EV 3800AC""",104.99,116.54
"=""EV 4798706PFC""",91.99,
"=""CN 22058PFC""",110.99,
"=""CN 22104PFC""",127.99,
"=""EV 5192ATC""",133.99,
"=""EV 939902PFXC""",86.99,96.56
"=""EV 939860PFXC""",89.99,
"=""CO 7170""",192.99,
"=""EV 940081PFC""",110.99,
"=""CN 3075PFC""",82.99,92.12
"=""EV 939938PFC""",114.99,
"=""EV 940137PFC""",102.99,
"=""EV 6880PFC""",78.99,
"=""EV 8007PFXC""",74.99,
"=""EV 4798725PFC""",102.99,
"=""EV 939616PFC""",109.99,122.09
"=""DS667005""",76.99,
"=""DS675122""",118.99,132.08
"=""EV 4006AC""",78.99,
"=""EV 0177PFC""",74.99,
"=""EV 939565PFC""",86.99,96.56
"=""EV 5524PFC""",84.99,
"=""EV 939501PFC""",80.99,
"=""EV 3276PFC""",79.99,
"=""EV 939745PFC""",75.99,84.35
"=""EV 6900PFXC""",80.99,
"=""EV 940140PFC""",80.99,
"=""EV 940083PFC""",62.99,
"=""EV 6791PFC""",112.99,
"=""CN 22106PFC""",174.99,
"=""EV 940123PFC""",109.99,
"=""EV 939623PFC""",72.99,
"=""EV 939794PFC""",81.99,
"=""EV 940013PFC""",75.99,
"=""EV 939817PFC""",70.99,
"=""EV 3910PFC""",111.99,124.31
"=""EV 182403AC""",107.99,119.87
"=""EV 939965PFC""",73.99,
"=""CN 3076PFC""",121.99,135.41
"=""EV 940150PFC""",72.99,
"=""EV 3156AC""",118.99,132.08
"=""EV 5318ATC""",121.99,135.41
"=""CN 3039PFXC""",78.99,
"=""EV 939684PFC""",103.99,115.43
"=""CN 4959PFC""",93.99,
"=""CO 8702C""",278.99,
"=""EV 6651PFC""",112.99,
"=""EV 939746PFC""",71.99,
"=""EV 939905PFC""",117.99,
"=""EV 939627ATC""",140.99,
"=""EV 0122PFXC""",104.99,116.54
"=""EV 6800EPFC""",99.99,
"=""EV 940124PFC""",95.99,106.55
"=""EV 939796PFC""",70.99,
"=""EV 0194PFC""",70.99,
"=""IS688080""",105.99,
"=""DS200177""",23.99,
"=""RD 11215C""",35.99,39.95
"=""EV 3911PFC""",72.99,
"=""EV 939983PFC""",76.99,
"=""EV 939510PFC""",77.99,86.57
"=""EV 4798720PFC""",135.99,
"=""EV 940183PFC""",93.99,
"=""EX 529496C""",34.99,
"=""EV 939517PFXC""",78.99,
"=""EV 939563PFXC""",121.99,
"=""EV 939988PFC""",72.99,
"=""EV 940184PFC""",104.99,
"=""DS104014""",190.99,212.00
"=""EV 4798723PFC""",83.99,
"=""EV 939564PFC""",105.99,117.65
"=""EV 939522PFC""",90.99,
"=""EV 4210PFC""",93.99,
"=""DS675121""",65.99,
"=""EV 939724PFC""",80.99,
"=""EV 939984PFC""",86.99,
"=""EV 939726PFC""",74.99,
"=""EV 939972PFC""",105.99,
"=""DS131037""",30.99,
"=""14-1613NC""",257.99,322.99
"=""DS540064""",77.99,
"=""DS102190""",134.90,149.74
"=""DS120116""",35.99,
"=""IS108148""",218.99,
"=""14-0278NEW""",218.99,
"=""004-B43-28S""",45.99,
"=""VA02-AP50""",75.99,
"=""RA 13551C""",135.99,150.95
"=""14-4680NEW""",209.99,
"=""50-9982""",120.99,151.99
"=""DS315076""",19.99,22.19
"=""CO 11497C""",256.99,
"=""DS302027""",18.99,
"=""IS108147""",196.99,
"=""DS105198""",195.99,
"=""14-0440NC""",416.99,516.99
"=""DS125019""",35.99,
"=""IS108150""",237.99,
"=""DS131005""",32.99,
"=""CO 11517C""",109.99,
"=""14-5365NEW""",293.99,
"=""14-1209NC""",433.99,
"=""CO 4369C""",256.99,
"=""DS108082""",359.99,
"=""IS108092""",179.99,199.99
"=""DS105027""",433.99,537.99
"=""14-1124NEW""",343.99,
"=""DS100207""",1319.99,
"=""14-4036NC""",3294.99,4118.99
"=""DS120018""",46.99,
"=""CO 10448C""",254.99,
"=""DS103026""",258.99,
"=""14-DK56015NEW""",189.99,
"=""CO 4251""",380.99,
"=""14-0607NIP""",551.99,
"=""IS108169""",207.99,
"=""14-DK56043NEW""",232.99,
"=""14-0070NEW""",355.99,
"=""14-0220NEW""",185.99,
"=""DS104092""",210.99,
"=""DS101046""",254.99,
"=""14-1063NIP""",3419.99,
"=""DS101075""",514.99,643.99
"=""14-0837NIP""",594.99,743.99
"=""14-2493NIP""",659.99,
"=""14-1902NC""",254.99,371.99
"=""CO 2224N""",592.99,741.99
"=""DS100106""",3484.99,
"=""CO 11088X""",271.99,
"=""CO 1214""",476.99,
"=""14-0891NEW""",230.99,
"=""CO 11349C""",318.99,
"=""DS104146""",182.99,
"=""IS108084""",929.99,
"=""CO 11120RW""",232.99,
"=""14-0229NC""",247.99,307.99
"=""14-1498NEW""",300.99,
"=""IS135069""",58.99,
"=""DS102154""",235.99,
"=""DS120101""",124.99,
"=""14-SD7351NC""",254.99,318.99
"=""CO 6095C""",191.99,
"=""14-0179NIP""",3119.99,
"=""14-2640NIP""",367.99,459.99
"=""CO 10958C""",328.99,
"=""DS125040""",15.99,
"=""DS102170""",288.99,
"=""DS130136""",409.99,
"=""CO 4042C""",316.99,
"=""14-1767NIP""",383.99,479.99
"=""14-0139NIP""",556.99,689.99
"=""CO 29225C""",171.90,190.81
"=""14-0642NIP""",585.99,732.99
"=""DS780071""",16.99,
"=""14-0357NIP""",3489.99,
"=""14-2906NEW""",217.99,
"=""CO 1694C""",286.99,
"=""14-0798NIP""",607.99,759.99
"=""DS102113""",194.99,
"=""14-5369NC""",492.99,
"=""IS135100""",794.99,
"=""DS125086""",194.99,
"=""14-1959NEW""",249.99,312.99
"=""DS101003""",1339.99,
"=""14-1750FD""",3079.99,
"=""14-DK56222NC""",226.99,283.99
"=""CO 20772C""",327.99,
"=""CO 29144AN""",255.90,284.05
"=""CO 4575""",278.99,
"=""DS130036""",194.99,
"=""14-3011NC""",1589.99,1987.99
"=""14-0237NIP""",4519.99,
"=""14-5034NC""",3174.99,3968.99
"=""CO 11178JC""",175.99,
"=""CO 4079""",245.99,319.99
"=""14-0401NIP""",637.99,799.99
"=""IS100050""",169.99,
"=""DS676406""",119.99,
"=""DS404044""",315.99,
"=""EV 6810PFXC""",79.99,
"=""CN 3077PFC""",76.99,
"=""EV 4308PFC""",91.99,
"=""EV 6811PFC""",85.99,
"=""EV 939570PFC""",93.99,
"=""EV 201713PFC""",80.99,
"=""EV 3390PFC""",80.99,
"=""EV 60030PFC""",101.99,
"=""EV 939835PFC""",95.99,
"=""EV 939798PFC""",107.99,
"=""EV 939641PFC""",114.99,
"=""EV 939572PFC""",104.99,
"=""EV 20299AC""",106.99,118.76
"=""EV 60102PFC""",81.99,
"=""EV 940106PFC""",105.99,
"=""EV 939906PFC""",101.99,
"=""EV 939583PFC""",100.99,
"=""EV 6585PFC""",111.99,
"=""DS667038""",91.99,102.11
"=""EV 940036PFC""",114.99,127.64
"=""EV 4798743PFC""",112.99,
"=""EV 939747PFC""",66.99,
"=""EV 939832PFC""",91.99,102.11
"=""EV 939908PFXC""",99.99,
"=""EV 5105AC""",105.99,
"=""EV 940147PFC""",109.99,
"=""EV 939448PFC""",112.99,
"=""EV 940040PFC""",75.99,
"=""EV 939748PFC""",82.99,
"=""EV 939834PFC""",64.99,
"=""EV 939911PFXC""",72.99,81.02
"=""EV 939631PFC""",92.99,103.22
"=""EV 940148PFC""",90.99,
"=""EV 940102PFC""",84.99,
"=""DS100150""",239.90,
"=""14-DK57245NC""",398.99,498.99
"=""14-9503NC""",1531.99,1914.99
"=""14-DK54084NC""",274.99,343.99
"=""14-DK52017NC""",271.99,339.99
"=""KT 4959B""",544.99,908.99
"=""KT 5026""",406.99,678.99
"=""KT 5153A""",461.99,769.99
"=""KT 5231""",375.99,626.99
"=""KT 4919""",379.99,633.99
"=""KT 5405A""",482.99,804.99
"=""KT 5305""",376.99,628.99
"=""KT 5955A""",460.99,768.99
"=""KT 5434""",365.99,609.99
"=""KT 5609""",428.99,714.99
"=""KT 5547A""",445.99,743.99
"=""KT 4983""",386.99,644.99
"=""KT 5154""",373.99,623.99
"=""KT 5231A""",464.99,774.99
"=""KT 5595""",291.99,486.99
"=""KT 4919A""",493.99,823.99
"=""KT 5609A""",496.99,828.99
"=""KT 5434A""",457.99,763.99
"=""KT 5955B""",479.99,799.99
"=""KT 5026A""",512.99,854.99
"=""KT 5417""",339.99,566.99
"=""KT 5305A""",464.99,774.99
"=""KT 5255A""",438.99,731.99
"=""KT 5595A""",373.99,623.99
"=""KT 5003A""",442.99,738.99
"=""KT 5154A""",463.99,773.99
"=""KT 5978""",373.99,623.99
"=""KT 5434B""",505.99,843.99
"=""KT 5654""",429.99,716.99
"=""KT 5245""",383.99,639.99
"=""KT 5152""",309.99,516.99
"=""KT 5263""",370.99,618.99
"=""KT 5561A""",469.99,783.99
"=""KT 5417A""",444.99,741.99
"=""KT 5067""",480.99,801.99
"=""KT 5601""",297.99,496.99
"=""KT 5165A""",436.99,728.99
"=""KT 5510""",318.99,531.99
"=""KT 5978A""",463.99,773.99
"=""KT 5791""",421.99,703.99
"=""KT 5340""",413.99,689.99
"=""KT 5245A""",501.99,836.99
"=""KT 5591""",291.99,486.99
"=""KT 5302""",413.99,689.99
"=""KT 5025""",395.99,659.99
"=""KT 5510A""",423.99,706.99
"=""KT 5152A""",399.99,666.99
"=""KT 5171""",401.99,669.99
"=""KT 5991""",349.99,583.99
"=""KT 5100""",414.99,691.99
"=""KT 5425A""",483.99,806.99
"=""KT 5601A""",382.99,638.99
"=""KT 5591A""",422.99,704.99
"=""KT 5302A""",534.99,891.99
"=""KT 5340A""",474.99,791.99
"=""KT 5025A""",500.99,834.99
"=""KT 5547""",341.99,569.99
"=""KT 5153""",372.99,621.99
"=""KT 5991A""",394.99,658.99
"=""KT 5171A""",512.99,854.99
"=""KT 4945A""",515.99,859.99
"=""KT 5601B""",387.99,646.99
"=""KT 5426A""",557.99,929.99
"=""KT 5884""",439.99,733.99
"=""KT 5100A""",499.99,833.99
"=""KT 5341""",424.99,708.99
"=""KT 4945B""",514.99,858.99
"=""KT 5341A""",485.99,809.99
"=""KT 4945D""",533.99,889.99
"=""KT 1038""",326.99,544.99
"=""KT 1275""",288.99,481.99
"=""KT 1383A""",379.99,633.99
"=""KT 4949""",399.99,666.99
"=""KT 1454""",293.99,489.99
"=""KT 1437""",287.99,479.99
"=""KT 1493A""",425.99,709.99
"=""KT 1649""",292.99,488.99
"=""KT 1954A""",419.99,699.99
"=""KT 1343A""",495.99,826.99
"=""KT 1972""",330.99,551.99
"=""KT 2012""",335.99,559.99
"=""KT 2064""",341.99,569.99
"=""KT 1038A""",409.99,683.99
"=""KT 2890""",359.99,599.99
"=""KT 4013""",344.99,574.99
"=""KT 4949A""",473.99,789.99
"=""KT 4092A""",447.99,746.99
"=""KT 3572""",388.99,648.99
"=""KT 4174""",346.99,578.99
"=""KT 4422""",385.99,643.99
"=""KT 4719""",339.99,566.99
"=""KT 4759""",379.99,633.99
"=""KT 1276""",288.99,481.99
"=""KT 4434A""",408.99,681.99
"=""KT 1505""",294.99,491.99
"=""KT 4783""",341.99,569.99
"=""KT 1437A""",369.99,616.99
"=""KT 1454A""",386.99,644.99
"=""KT 4817A""",496.99,828.99
"=""KT 4047""",327.99,546.99
"=""KT 4811A""",483.99,806.99
"=""KT 1385""",293.99,489.99
"=""KT 4892A""",438.99,731.99
"=""KT 1650""",285.99,476.99
"=""KT 1962""",348.99,581.99
"=""KT 1347""",382.99,638.99
"=""KT 2064A""",431.99,719.99
"=""KT 1041""",319.99,533.99
"=""KT 1972A""",428.99,714.99
"=""KT 4013A""",411.99,686.99
"=""KT 4094""",347.99,579.99
"=""KT 4193""",314.99,524.99
"=""KT 1284A""",418.99,698.99
"=""KT 4422A""",491.99,819.99
"=""KT 3572A""",531.99,886.99
"=""KT 4783A""",445.99,743.99
"=""KT 1438""",291.99,486.99
"=""KT 1505A""",425.99,709.99
"=""KT 4719A""",426.99,711.99
"=""KT 1454B""",380.99,634.99
"=""KT 4819""",329.99,549.99
"=""KT 4812""",349.99,583.99
"=""KT 2012A""",418.99,698.99
"=""KT 4893""",341.99,569.99
"=""KT 2890A""",439.99,733.99
"=""KT 1667""",303.99,506.99
"=""KT 1962A""",432.99,721.99
"=""KT 2066A""",432.99,721.99
"=""KT 1386""",293.99,489.99
"=""KT 1984""",378.99,631.99
"=""KT 1787""",421.99,703.99
"=""KT 1371""",329.99,549.99
"=""KT 4760A""",520.99,868.99
"=""KT 4193B""",403.99,673.99
"=""KT 1041A""",385.99,643.99
"=""KT 2160A""",512.99,854.99
"=""KT 4048""",342.99,571.99
"=""KT 4014""",344.99,574.99
"=""KT 1455""",293.99,489.99
"=""KT 4435A""",424.99,708.99
"=""KT 4724A""",536.99,894.99
"=""KT 4819A""",472.99,788.99
"=""KT 4785""",324.99,541.99
"=""KT 1438A""",373.99,623.99
"=""KT 1521A""",397.99,663.99
"=""KT 2013""",357.99,596.99
"=""KT 4095A""",433.99,723.99
"=""KT 4812A""",458.99,764.99
"=""KT 2891""",361.99,603.99
"=""KT 1298""",335.99,559.99
"=""KT 1964""",352.99,588.99
"=""KT 4893A""",446.99,744.99
"=""KT 1823""",383.99,639.99
"=""KT 1386A""",374.99,624.99
"=""KT 2074""",327.99,546.99
"=""KT 1984A""",458.99,764.99
"=""KT 2190""",342.99,571.99
"=""KT 4014A""",399.99,666.99
"=""KT 1043""",320.99,534.99
"=""KT 1521B""",393.99,656.99
"=""KT 4049""",329.99,549.99
"=""KT 4670""",361.99,603.99
"=""KT 4724B""",536.99,894.99
"=""KT 4959A""",519.99,866.99
"=""KT 4424A""",453.99,756.99
"=""KT 1457""",293.99,489.99
"=""KT 3577""",330.99,551.99
"=""KT 4785A""",385.99,643.99
"=""KT 1439""",288.99,481.99
"=""KT 4841""",385.99,643.99
"=""KT 2013B""",448.99,748.99
"=""KT 4813""",366.99,611.99
"=""KT 1298A""",427.99,713.99
"=""KT 2892""",373.99,623.99
"=""KT 1668""",242.99,404.99
"=""KT 1967""",325.99,543.99
"=""KT 4896""",339.99,566.99
"=""KT 2196""",370.99,618.99
"=""KT 1902""",388.99,648.99
"=""KT 4403""",377.99,629.99
"=""KT 2074A""",413.99,689.99
"=""KT 1387""",293.99,489.99
"=""KT 1985""",366.99,611.99
"=""KT 4020""",366.99,611.99
"=""KT 4052A""",402.99,671.99
"=""KT 1011B""",469.99,783.99
"=""KT 4728""",354.99,591.99
"=""KT 1047""",384.99,641.99
"=""KT 1523""",307.99,513.99
"=""KT 3778""",419.99,699.99
"=""KT 1439A""",369.99,616.99
"=""KT 4841A""",491.99,819.99
"=""KT 4790A""",385.99,643.99
"=""KT 4427""",406.99,678.99
"=""KT 2014A""",418.99,698.99
"=""KT 1493""",294.99,491.99
"=""KT 4813A""",475.99,793.99
"=""KT 1306""",292.99,488.99
"=""KT 2900""",408.99,681.99
"=""KT 4761""",419.99,699.99
"=""KT 4896A""",445.99,743.99
"=""KT 4671""",362.99,604.99
"=""KT 4107""",359.99,599.99
"=""KT 1967A""",409.99,683.99
"=""KT 1936""",411.99,686.99
"=""KT 4403A""",473.99,789.99
"=""KT 1389""",299.99,499.99
"=""KT 1383""",298.99,498.99
"=""KT 4077""",358.99,598.99
"=""KT 1012A""",441.99,736.99
"=""KT 4020A""",467.99,779.99
"=""KT 4022""",366.99,611.99
"=""KT 1985A""",447.99,746.99
"=""KT 4728A""",444.99,741.99
"=""KT 4842""",406.99,678.99
"=""KT 4672A""",464.99,774.99
"=""KT 1523A""",396.99,661.99
"=""KT 3778A""",533.99,889.99
"=""KT 4427A""",512.99,854.99
"=""KT 4792A""",400.99,668.99
"=""KT 2021""",335.99,559.99
"=""KT 4404""",398.99,664.99
"=""KT 4761B""",498.99,831.99
"=""KT 1447""",293.99,489.99
"=""KT 4814""",383.99,639.99
"=""KT 2900B""",487.99,813.99
"=""KT 4761A""",499.99,833.99
"=""KT 1693""",362.99,604.99
"=""KT 4898""",350.99,584.99
"=""KT 2197""",382.99,638.99
"=""KT 4107A""",434.99,724.99
"=""KT 4672""",375.99,626.99
"=""KT 1389A""",391.99,653.99
"=""KT 1108""",336.99,561.99
"=""KT 4088A""",447.99,746.99
"=""KT 1023""",374.99,624.99
"=""KT 4022A""",480.99,801.99
"=""KT 4677""",334.99,558.99
"=""KT 1986""",381.99,636.99
"=""KT 4404A""",494.99,824.99
"=""KT 4798""",372.99,621.99
"=""KT 4429""",329.99,549.99
"=""KT 2021A""",412.99,688.99
"=""KT 4842A""",512.99,854.99
"=""KT 1523B""",392.99,654.99
"=""KT 4814A""",492.99,821.99
"=""KT 4776A""",435.99,726.99
"=""KT 3914""",379.99,633.99
"=""KT 1313""",292.99,488.99
"=""KT 1695""",385.99,643.99
"=""KT 2939""",417.99,696.99
"=""KT 4898A""",456.99,761.99
"=""KT 4126""",296.99,494.99
"=""KT 1447A""",375.99,626.99
"=""KT 1394""",288.99,481.99
"=""KT 1196""",326.99,544.99
"=""KT 4023""",344.99,574.99
"=""KT 4743A""",611.99,971.99
"=""KT 1031A""",392.99,654.99
"=""KT 4679""",384.99,641.99
"=""KT 1986A""",461.99,769.99
"=""KT 4429A""",401.99,669.99
"=""KT 1610""",298.99,498.99
"=""KT 4798A""",450.99,751.99
"=""KT 4815""",406.99,678.99
"=""KT 4088B""",464.99,774.99
"=""KT 4415""",379.99,633.99
"=""KT 4849""",398.99,664.99
"=""KT 2022""",340.99,568.99
"=""KT 2086""",366.99,611.99
"=""KT 3917""",383.99,639.99
"=""KT 4776B""",441.99,736.99
"=""KT 1313A""",423.99,706.99
"=""KT 4909""",368.99,614.99
"=""KT 2939A""",527.99,879.99
"=""KT 4126A""",428.99,714.99
"=""KT 2221""",340.99,568.99
"=""KT 1449""",291.99,486.99
"=""KT 1698""",385.99,643.99
"=""KT 1411""",358.99,598.99
"=""KT 1987""",369.99,616.99
"=""KT 1196A""",391.99,653.99
"=""KT 4023A""",444.99,741.99
"=""KT 1610A""",387.99,646.99
"=""KT 1036""",331.99,553.99
"=""KT 4430A""",410.99,684.99
"=""KT 4805""",327.99,546.99
"=""KT 4415A""",475.99,793.99
"=""KT 4815A""",505.99,843.99
"=""KT 4849A""",494.99,824.99
"=""KT 4700""",444.99,741.99
"=""KT 2026""",390.99,651.99
"=""KT 4909A""",483.99,806.99
"=""KT 4127""",297.99,496.99
"=""KT 2086A""",456.99,761.99
"=""KT 2939B""",495.99,826.99
"=""KT 1315""",292.99,488.99
"=""KT 1272""",287.99,479.99
"=""KT 2231""",343.99,573.99
"=""KT 1987A""",449.99,749.99
"=""KT 1451""",374.99,624.99
"=""KT 4744A""",522.99,871.99
"=""KT 4025""",323.99,539.99
"=""KT 1610B""",383.99,639.99
"=""KT 4417""",401.99,669.99
"=""KT 4700A""",519.99,866.99
"=""KT 4816""",371.99,619.99
"=""KT 1036A""",403.99,673.99
"=""KT 4810""",361.99,603.99
"=""KT 4879""",338.99,564.99
"=""KT 4089A""",446.99,744.99
"=""KT 1272A""",418.99,698.99
"=""KT 2028""",405.99,676.99
"=""KT 4131""",296.99,494.99
"=""KT 4431A""",441.99,736.99
"=""KT 4779""",329.99,549.99
"=""KT 2095""",372.99,621.99
"=""KT 3942""",380.99,634.99
"=""KT 1315A""",423.99,706.99
"=""KT 2940A""",459.99,766.99
"=""KT 2889""",370.99,618.99
"=""KT 1451A""",462.99,771.99
"=""KT 4756""",416.99,694.99
"=""KT 1428A""",374.99,624.99
"=""KT 2010A""",441.99,736.99
"=""KT 4037""",327.99,546.99
"=""KT 4702""",456.99,761.99
"=""KT 1646""",286.99,478.99
"=""KT 4810A""",470.99,784.99
"=""KT 4816A""",480.99,801.99
"=""KT 4091""",346.99,578.99
"=""KT 4417A""",497.99,829.99
"=""KT 4432""",360.99,601.99
"=""KT 2029""",394.99,658.99
"=""KT 4910A""",502.99,838.99
"=""KT 4780""",339.99,566.99
"=""KT 2941""",339.99,566.99
"=""KT 3960""",373.99,623.99
"=""KT 1343""",444.99,741.99
"=""KT 4887""",320.99,534.99
"=""KT 2889A""",450.99,751.99
"=""KT 1711""",302.99,504.99
"=""KT 4756A""",535.99,893.99
"=""KT 2011B""",426.99,711.99
"=""KT 1435""",288.99,481.99
"=""KT 4169""",360.99,601.99
"=""KT 4811""",375.99,626.99
"=""KT 1452""",288.99,481.99
"=""KT 4817""",387.99,646.99
"=""KT 2030""",376.99,628.99
"=""KT 4889A""",413.99,689.99
"=""KT 4434""",337.99,563.99
"=""KT 1714""",298.99,498.99
"=""KT 4169A""",418.99,698.99
"=""KT 3239""",308.99,514.99
"=""KT 3962""",381.99,636.99
"=""KT 4092""",362.99,604.99
"=""KT 1714A""",390.99,651.99
"=""CN 20026PFC""",101.99,
"=""DS703001""",59.99,
"=""14-1112NC""",315.99,394.99
"=""DS505020""",80.99,
"=""14-1444NC""",295.99,399.99
"=""14-7004NC""",256.99,321.99
"=""CO 4510C""",139.99,
"=""DS104064""",183.99,
"=""14-3527NEW""",235.99,
"=""IS676407""",71.99,139.99
"=""EV 9409187C""",245.99,
"=""FA 50395C""",115.99,
"=""DS103079""",182.99,
"=""EV 940029PFC""",81.99,91.01
"=""OR890""",76.99,
"=""OR19""",111.99,
"=""OR206""",111.99,124.31
"=""OR227""",166.99,185.36
"=""OR78""",120.99,134.30
"=""OR314""",112.99,125.42
"=""OR434""",125.99,139.85
"=""OR750""",97.99,
"=""OR292""",110.99,
"=""OR537""",101.99,113.21
"=""OR624""",186.99,
"=""OR716""",173.99,
"=""OR161""",125.99,139.85
"=""OR709""",145.99,162.05
"=""OR897""",90.99,
"=""OR945""",112.99,125.42
"=""OR961""",146.99,163.16
"=""OR741""",118.99,132.08
"=""OR1015""",122.99,
"=""OR622""",122.99,
"=""OR618""",117.99,
"=""OR856""",146.99,
"=""OR951""",132.99,147.62
"=""OR453""",129.99,144.29
"=""OR738""",122.99,
"=""OR50""",133.99,148.73
"=""OR681""",137.99,
"=""OR1094""",114.99,127.64
"=""OR954""",152.99,
"=""OR438""",136.99,152.06
"=""OR886""",99.99,110.99
"=""OR928""",108.99,120.98
"=""OR788""",187.99,
"=""OR705""",133.99,
"=""OR162""",135.99,150.95
"=""OR921""",108.99,120.98
"=""OR1164""",138.99,
"=""OR1140""",114.99,127.64
"=""OR1155""",70.99,
"=""OR1062""",123.99,
"=""OR1178""",125.99,
"=""OR1183""",103.99,115.43
"=""OR1109""",106.99,118.76
"=""OR1193""",128.99,143.18
"=""OR1152""",94.99,105.44
"=""OR1158""",65.99,73.25
"=""OR1273""",108.99,120.98
"=""OR1244""",107.99,
"=""OR1295""",133.99,148.73
"=""OR1190""",136.99,152.06
"=""OR1290""",69.99,
"=""OR1302""",124.99,
"=""OR1206""",152.99,
"=""OR1326""",68.99,
"=""OR1317""",70.99,
"=""OR1318""",106.99,118.76
"=""OR1303""",108.99,
"=""OR1323""",123.99,
"=""OR1278""",113.99,126.53
"=""OR1344""",79.99,88.79
"=""OR1304""",118.99,132.08
"=""OR1398""",66.99,
"=""OR1319""",95.99,
"=""OR1391""",77.99,
"=""OR1394""",135.99,
"=""OR1396""",117.99,
"=""OR1340""",128.99,143.18
"=""OR1342""",130.99,145.40
"=""OR1348""",87.99,
"=""OR1388""",77.99,
"=""OR1409""",96.99,
"=""OR1426""",121.99,
"=""OR1444""",87.99,97.67
"=""OR1452""",144.99,160.94
"=""OR1400""",77.99,
"=""OR1482""",128.99,
"=""OR1486""",117.99,
"=""OR1451""",162.99,
"=""OR1401""",106.99,
"=""OR1488""",107.99,
"=""OR1485""",118.99,132.08
"=""OR1453""",133.99,
"=""OR1455""",248.99,276.38
"=""OR1520""",221.99,
"=""OR1518""",117.99,130.97
"=""OR1511""",133.99,148.73
"=""OR1521""",161.99,
"=""OR1512""",140.99,
"=""OR1522""",182.99,
"=""OR1454""",165.99,
"=""OR1494""",97.99,
"=""OR1523""",219.99,244.19
"=""OR1531""",116.99,
"=""OR1515""",75.99,
"=""OR1533""",137.99,153.17
"=""OR1548""",63.99,
"=""OR1489""",207.99,230.87
"=""OR1551""",133.99,148.73
"=""OR1550""",120.99,134.30
"=""OR1519""",117.99,130.97
"=""OR1517""",150.99,167.60
"=""OR1553""",170.99,
"=""OR1557""",101.99,
"=""OR1572""",112.99,
"=""OR1599""",173.99,
"=""OR1575""",114.99,127.64
"=""OR1688""",135.99,150.95
"=""OR1552""",150.99,
"=""OR1610""",90.99,101.00
"=""OR1561""",111.99,124.31
"=""OR1682""",126.99,140.96
"=""OR1687""",119.99,133.19
"=""OR1574""",103.99,115.43
"=""OR1573""",104.99,
"=""OR1693""",189.99,
"=""OR1700""",181.99,
"=""OR1609""",141.99,157.61
"=""OR1707""",146.99,163.16
"=""OR1709""",138.99,
"=""OR1719""",123.99,137.63
"=""OR1696""",149.99,
"=""OR1722""",133.99,
"=""OR1702""",106.99,118.76
"=""OR1726""",130.90,145.30
"=""OR1732""",86.99,96.56
"=""OR1752""",90.99,101.00
"=""OR1737""",173.99,193.13
"=""OR1741""",105.99,117.65
"=""OR1750""",94.99,105.44
"=""OR1725""",171.99,
"=""OR1755""",123.99,
"=""OR1728""",166.99,185.36
"=""OR1774""",133.99,148.73
"=""OR1776""",106.99,
"=""OR1735""",122.99,
"=""OR1778""",127.99,142.07
"=""OR1786""",135.99,150.95
"=""OR1746""",107.99,
"=""OR1824""",130.99,145.40
"=""OR1721""",165.99,184.25
"=""OR1826""",100.99,
"=""OR1838""",94.99,105.44
"=""OR1841""",105.99,117.65
"=""OR1791""",166.99,
"=""OR1844""",122.99,
"=""OR1850""",122.99,136.52
"=""OR1815""",104.99,116.54
"=""OR1853""",95.99,106.55
"=""OR1890""",127.99,
"=""OR1830""",106.99,
"=""OR1831""",154.99,
"=""OR1862""",109.99,
"=""OR1889""",117.99,130.97
"=""OR1897""",119.99,133.19
"=""OR1854""",123.99,
"=""OR1909""",104.99,116.54
"=""OR1907""",69.99,77.69
"=""OR1859""",113.99,126.53
"=""OR1912""",104.99,
"=""OR1910""",112.99,125.42
"=""OR1892""",91.99,
"=""OR1998""",128.99,143.18
"=""OR1905""",145.99,
"=""OR2039""",83.99,93.23
"=""OR2034""",110.99,
"=""OR1994""",176.99,
"=""OR2044""",143.99,159.83
"=""OR1995""",216.99,
"=""OR2051""",104.99,116.54
"=""OR2057""",116.99,129.86
"=""OR2023""",147.99,
"=""OR2075""",117.99,130.97
"=""OR2055""",117.99,130.97
"=""OR2042""",138.99,154.28
"=""OR2054""",110.99,123.20
"=""RA 2087C""",96.99,107.66
"=""OR2101""",126.99,
"=""OR2063""",128.99,143.18
"=""OR2085""",58.99,
"=""OR2065""",135.99,150.95
"=""OR2157""",116.99,
"=""OR2148""",106.99,118.76
"=""OR2136""",154.99,
"=""OR2170""",203.99,226.43
"=""OR2140""",105.99,117.65
"=""OR2139""",129.99,
"=""OR2138""",157.99,175.37
"=""OR2173""",151.99,
"=""OR2147""",106.99,118.76
"=""OR2174""",180.99,200.90
"=""OR2141""",147.99,
"=""OR2182""",117.99,
"=""OR2150""",106.99,118.76
"=""OR2184""",124.99,138.74
"=""OR2153""",106.99,118.76
"=""OR2165""",170.99,
"=""OR2191""",90.99,
"=""OR2171""",219.99,
"=""OR2195""",119.99,133.19
"=""OR2172""",160.99,178.70
"=""OR2198""",114.99,127.64
"=""OR2215""",107.99,
"=""OR2222""",110.99,
"=""OR2241""",90.99,
"=""OR2257""",122.99,
"=""OR2209""",135.99,
"=""OR2258""",134.99,
"=""OR2259""",137.99,153.17
"=""OR2263""",138.99,
"=""OR2264""",84.99,
"=""OR2279""",136.99,152.06
"=""OR2268""",137.99,
"=""OR2269""",107.99,119.87
"=""OR2265""",87.99,
"=""OR2270""",102.99,
"=""OR2272""",112.99,125.42
"=""OR2256""",101.99,
"=""OR2278""",116.99,129.86
"=""OR2262""",123.99,
"=""OR2284""",120.99,134.30
"=""OR2285""",126.99,
"=""OR2290""",140.99,
"=""OR2296""",99.99,
"=""OR2292""",116.99,129.86
"=""OR2298""",101.99,
"=""OR2291""",154.99,172.04
"=""OR2280""",187.99,
"=""OR2301""",126.99,140.96
"=""OR2305""",87.99,97.67
"=""OR2308""",154.99,
"=""OR2310""",151.99,
"=""OR2294""",121.99,
"=""OR2300""",102.99,
"=""OR2321""",156.99,
"=""OR2323""",101.99,
"=""OR2329""",96.99,107.66
"=""OR2303""",99.99,
"=""OR2307""",112.99,
"=""OR2324""",108.99,120.98
"=""OR2325""",106.99,
"=""OR2309""",144.99,
"=""OR2311""",117.99,
"=""OR2336""",135.99,150.95
"=""OR2334""",119.99,133.19
"=""OR2335""",95.99,106.55
"=""OR2320""",162.99,
"=""OR2312""",137.99,153.17
"=""OR2337""",118.99,132.08
"=""OR2338""",90.99,101.00
"=""OR2339""",112.99,125.42
"=""OR2342""",106.99,118.76
"=""OR2343""",93.99,
"=""OR2328""",104.99,116.54
"=""OR2346""",104.99,116.54
"=""OR2331""",109.99,122.09
"=""OR2330""",113.99,126.53
"=""OR2347""",130.99,145.40
"=""OR2351""",115.99,128.75
"=""OR2352""",130.99,145.40
"=""OR2362""",102.99,
"=""OR2356""",110.99,123.20
"=""OR2365""",117.99,
"=""OR2348""",130.99,145.40
"=""OR2369""",152.99,
"=""OR2375""",102.99,114.32
"=""OR2376""",144.99,
"=""OR2370""",162.99,180.92
"=""OR2354""",100.99,112.10
"=""OR2381""",68.99,76.58
"=""OR2387""",96.99,107.66
"=""OR2389""",116.99,129.86
"=""OR2363""",129.99,
"=""OR2412""",101.99,
"=""OR2413""",75.99,
"=""OR2415""",112.99,125.42
"=""OR2414""",108.99,120.98
"=""OR2402""",102.99,114.32
"=""OR2417""",123.99,
"=""OR2419""",124.99,138.74
"=""OR2410""",90.99,
"=""OR2403""",110.99,
"=""OR2423""",152.99,
"=""OR2424""",112.99,
"=""OR2411""",122.99,
"=""OR2430""",113.99,
"=""OR2431""",103.99,115.43
"=""RA 2428C""",89.99,
"=""OR2436""",106.99,
"=""OR2438""",87.99,
"=""OR2443""",105.99,
"=""OR2427""",102.99,
"=""OR2442""",134.99,149.84
"=""OR2441""",107.99,119.87
"=""OR2450""",140.99,
"=""OR2451""",106.99,118.76
"=""OR2434""",112.99,125.42
"=""OR2455""",110.99,123.20
"=""OR2437""",111.99,
"=""OR2459""",111.99,124.31
"=""OR2465""",113.99,126.53
"=""OR2445""",130.99,145.40
"=""OR2448""",96.99,107.66
"=""OR2470""",116.99,
"=""OR2454""",101.99,
"=""OR2481""",117.99,
"=""OR2491""",117.99,130.97
"=""OR2458""",126.99,140.96
"=""OR2464""",111.99,124.31
"=""OR2513""",144.99,160.94
"=""OR2469""",106.99,118.76
"=""OR2518""",115.99,128.75
"=""OR2479""",125.99,
"=""OR2480""",122.99,
"=""OR2556""",124.99,138.74
"=""OR2562""",117.99,130.97
"=""OR2563""",140.99,156.50
"=""OR2565""",128.99,143.18
"=""OR2517""",134.99,149.84
"=""OR2572""",103.99,
"=""OR2571""",107.99,119.87
"=""OR2514""",144.99,
"=""OR2578""",106.99,118.76
"=""OR2588""",95.99,
"=""OR2576""",115.99,
"=""OR2580""",116.99,
"=""OR2590""",115.99,128.75
"=""OR2593""",141.99,
"=""OR2574""",97.99,108.77
"=""OR2599""",115.99,128.75
"=""OR2608""",96.99,107.66
"=""OR2581""",130.99,
"=""OR2585""",130.99,
"=""OR2617""",105.99,117.65
"=""OR2594""",117.99,130.97
"=""OR2596""",135.99,150.95
"=""OR2636""",96.99,107.66
"=""OR2648""",117.99,130.97
"=""OR2612""",106.99,118.76
"=""OR2672""",121.99,135.41
"=""OR2607""",114.99,127.64
"=""OR2609""",158.99,
"=""OR2673""",115.99,128.75
"=""OR2674""",106.99,118.76
"=""OR2610""",101.99,
"=""OR2306""",118.99,132.08
"=""OR2677""",108.99,120.98
"=""OR2675""",117.99,130.97
"=""OR2622""",108.99,120.98
"=""OR2682""",138.99,
"=""OR2688""",160.99,
"=""OR2689""",158.99,
"=""OR2692""",107.99,
"=""OR2696""",94.99,105.44
"=""OR2680""",139.99,155.39
"=""OR2703""",101.99,113.21
"=""OR2702""",118.99,132.08
"=""OR2707""",95.99,
"=""OR2710""",112.99,
"=""OR2711""",181.99,202.01
"=""OR2683""",115.99,128.75
"=""OR2713""",145.99,
"=""OR2691""",168.99,
"=""OR2721""",102.99,
"=""OR2723""",117.99,130.97
"=""OR2701""",105.99,117.65
"=""OR2727""",104.99,
"=""OR2733""",115.99,128.75
"=""OR2738""",160.99,178.70
"=""OR2739""",160.99,178.70
"=""OR2741""",191.99,
"=""OR2747""",107.99,119.87
"=""OR2761""",129.99,144.29
"=""OR2731""",125.99,139.85
"=""OR2765""",100.99,
"=""OR2770""",138.99,
"=""OR2740""",115.99,
"=""OR2776""",95.99,
"=""OR2767""",112.99,125.42
"=""OR2784""",106.99,
"=""OR2766""",113.99,126.53
"=""OR2768""",117.99,130.97
"=""OR2786""",114.99,
"=""OR2788""",104.99,116.54
"=""OR2773""",100.99,112.10
"=""OR2790""",102.99,
"=""OR2791""",165.99,184.25
"=""OR2793""",113.99,
"=""OR2764""",132.99,
"=""OR2796""",175.99,
"=""OR2819""",214.99,
"=""OR2777""",135.99,150.95
"=""OR2778""",106.99,118.76
"=""OR2780""",119.99,
"=""OR2806""",109.99,
"=""OR2805""",146.99,163.16
"=""OR2807""",123.99,
"=""OR2812""",106.99,
"=""OR2789""",112.99,125.42
"=""OR2813""",131.99,146.51
"=""OR2797""",101.99,
"=""OR2795""",117.99,130.97
"=""OR2802""",116.99,
"=""OR2839""",131.99,146.51
"=""OR2840""",140.90,156.40
"=""OR2816""",121.99,
"=""OR2818""",85.99,
"=""OR2817""",116.99,
"=""OR2842""",110.99,123.20
"=""OR2850""",115.99,128.75
"=""OR2852""",120.99,134.30
"=""OR2822""",114.99,
"=""OR2830""",116.99,
"=""OR2831""",122.99,136.52
"=""OR2827""",92.99,
"=""OR2855""",135.99,150.95
"=""OR2856""",122.99,136.52
"=""OR2837""",104.99,
"=""OR2868""",134.99,149.84
"=""OR2873""",106.99,118.76
"=""OR2879""",110.99,123.20
"=""OR2882""",120.99,
"=""OR2881""",118.99,132.08
"=""OR2854""",106.99,
"=""OR2896""",106.99,118.76
"=""OR2887""",225.99,
"=""OR2864""",106.99,
"=""OR2922""",96.99,107.66
"=""OR2928""",119.99,133.19
"=""OR2937""",102.99,
"=""OR2883""",128.99,143.18
"=""OR2918""",120.99,
"=""OR2886""",174.99,
"=""OR2898""",150.99,
"=""OR2917""",113.99,
"=""OR2954""",110.99,
"=""OR2925""",127.99,109.99
"=""OR2955""",101.99,113.21
"=""OR2957""",121.99,
"=""OR2929""",115.99,
"=""OR2935""",220.99,245.30
"=""OR2939""",113.99,126.53
"=""OR2976""",169.99,188.69
"=""OR2941""",117.99,130.97
"=""OR2977""",158.99,
"=""OR2951""",101.99,
"=""OR2952""",147.99,
"=""OR2988""",99.99,110.99
"=""OR2956""",126.99,
"=""OR2990""",106.99,
"=""OR2989""",122.99,136.52
"=""OR2994""",148.99,
"=""OR2962""",157.99,175.37
"=""OR2995""",94.99,
"=""OR13005""",100.99,112.10
"=""OR2971""",113.99,
"=""OR2978""",107.99,
"=""OR2981""",103.99,115.43
"=""OR13025""",113.99,
"=""OR13022""",441.99,
"=""OR13035""",125.99,
"=""OR13041""",117.99,130.97
"=""OR13063""",119.99,
"=""OR13007""",130.99,
"=""OR13068""",114.99,127.64
"=""OR13071""",120.99,
"=""RA 13047C""",97.99,108.77
"=""OR13079""",120.99,
"=""OR13082""",115.99,128.75
"=""OR13087""",106.99,118.76
"=""OR13097""",106.99,118.76
"=""OR13116""",117.99,
"=""OR13103""",148.99,165.38
"=""OR13074""",110.99,
"=""OR13117""",115.99,
"=""OR13119""",85.99,95.45
"=""OR13120""",129.99,144.29
"=""OR13084""",90.99,
"=""OR13123""",136.99,152.06
"=""OR13124""",73.99,
"=""OR13134""",129.99,
"=""OR13129""",120.99,
"=""OR13100""",99.99,110.99
"=""OR13136""",93.99,
"=""OR13161""",120.99,
"=""OR13178""",139.99,
"=""OR13188""",136.99,152.06
"=""OR13217""",97.99,
"=""OR13204""",125.99,
"=""OR13157""",109.99,
"=""OR13256""",130.99,
"=""OR13270""",109.99,
"=""OR13326""",115.99,128.75
"=""OR13365""",85.99,95.45
"=""DS100239""",283.99,354.99
"=""IS108080""",191.99,
"=""IS676408""",71.99,99.99
"=""IS676424""",33.99,
"=""18-0320""",33.99,
"=""17-0136""",29.99,33.29
"=""14-SD4066NC""",289.99,366.99
"=""DS676411""",91.99,101.99
"=""14-SD4079NC""",245.99,294.99
"=""DS315060""",20.99,23.30
"=""DS720114""",611.99,
"=""DS675061""",77.99,86.57
"=""14-SD4643NEW""",192.99,
"=""14-7008NC""",286.99,318.56
"=""RA 2929C""",115.99,
"=""DS676412""",40.99,45.50
"=""CO 4643C""",192.99,
"=""DS200192""",37.99,42.17
"=""BM 00152C""",67.99,
"=""CN 22118PFC""",148.99,
"=""CO 0040C""",402.99,
"=""BM 9253C""",68.99,
"=""DS200055""",30.99,34.40
"=""CO 29102C""",179.99,199.99
"=""CN 22133PFC""",111.99,
"=""DS669063""",98.99,
"=""CN 3587PFC""",80.99,
"=""EV 6622PFXC""",86.99,
"=""EV 16121PFXC""",84.99,
"=""CO 11221C""",260.99,
"=""EV 939737PFXC""",75.99,84.35
"=""EV 939568PFXC""",87.99,
"=""DS100297""",324.99,
"=""EV 939966PFC""",105.99,
"=""CN 3684PFXC""",98.99,
"=""CN 30032PFC""",100.99,112.10
"=""BM 9290C""",87.99,97.67
"=""EV 939744PFC""",72.99,
"=""CO 11272C""",304.99,
"=""EV 939599PFXC""",70.99,
"=""CO 29121C""",199.99,
"=""CO 10624GLC""",215.99,
"=""CN 3871PFC""",103.99,115.43
"=""EV 939505PFXC""",85.99,
"=""CN 3025PFC""",122.99,136.52
"=""EV 4798726PFXC""",84.99,
"=""EV 939768PFC""",73.99,
"=""14-0852NC""",275.90,306.25
"=""CO 45121V""",253.99,
"=""EV 62086PFXC""",79.99,88.79
"=""CO 29127C""",199.99,
"=""EV 939994PFC""",72.99,
"=""EV 0179PFC""",83.99,
"=""59-9844""",74.99,
"=""EV 939607PFXC""",45.99,
"=""CN 3112PFC""",79.99,
"=""CO 11009JC""",370.99,
"=""BM 9399C""",67.99,
"=""DS665007""",74.99,83.24
"=""IS688088""",81.99,
"=""EV 939808PFC""",76.99,
"=""DS667028""",81.99,91.01
"=""CO 11236C""",327.99,
"=""14-0508NC""",345.99,305.99
"=""EV 62105PFXC""",72.99,
"=""14-0226NC""",309.99,384.99
"=""DS675116""",96.99,
"=""EV 939671PFC""",49.99,
"=""EV 939875PFC""",73.99,
"=""CN 4226PFC""",82.99,
"=""EV 939614PFXC""",84.99,
"=""EV 939536PFXC""",76.99,85.46
"=""CN 3362PF""",91.99,102.11
"=""CN 22078PFC""",110.99,
"=""EV 4798755PFC""",75.99,
"=""CO 20755C""",209.99,
"=""CO 11247C""",310.99,
"=""CN 4293PFC""",84.99,94.34
"=""IS688048""",80.99,
"=""14-SD1214NC""",315.99,394.99
"=""EV 940048PFC""",80.99,
"=""BM 0290C""",54.99,61.04
"=""EV 62199AC""",97.99,
"=""CO 10458C""",215.99,
"=""EV 939882PFXC""",81.99,
"=""EV 939680PFXC""",74.99,
"=""EV 939542PFXC""",79.99,88.79
"=""14-3305NIP""",297.99,372.99
"=""EV 4178PFXC""",101.99,113.21
"=""EV 940070PFC""",45.99,
"=""14-0281NEW""",204.99,
"=""EV 940053PFC""",134.99,149.84
"=""BM 2713C""",84.99,
"=""EV 62689PFXC""",74.99,
"=""CO 4630DKV""",245.99,
"=""EV 939890PFC""",81.99,
"=""EV 939669PFC""",81.99,
"=""CO 11106C""",308.99,
"=""EV 940182PFC""",88.99,
"=""DS105126""",278.99,434.99
"=""14-4004NIP""",352.99,437.99
"=""EV 940090PFC""",114.99,
"=""59-8793""",83.99,
"=""DS100233""",242.99,
"=""EV 939932PFXC""",75.99,
"=""DS105146""",245.99,
"=""IS510113""",93.99,104.33
"=""EV 940094PFC""",86.99,96.56
"=""CO 29034C""",220.99,265.00
"=""BM 9205C""",74.99,
"=""EV 939722PFC""",47.99,53.27
"=""EV 9779PFC""",75.99,
"=""IS688079""",85.99,
"=""CN 4924PFC""",111.99,124.31
"=""EV 940105PFC""",99.99,
"=""BM 9248C""",71.99,
"=""IS688070""",73.99,
"=""14-1039NEW""",277.99,
"=""14-20145""",270.99,338.99
"=""RA 13679C""",203.99,
"=""BM 10065C""",69.99,
"=""EX 10143C""",29.99,
"=""DS105205""",290.99,
"=""EV 940088PFC""",139.99,
"=""BM 9175C""",75.99,
"=""DS676456""",89.99,99.99
"=""14-1181NC""",314.99,393.99
"=""EV 940121PFC""",73.99,
"=""14-SD1733NC""",244.99,271.94
"=""EX 10473C""",35.99,
"=""14-0388NEW""",257.99,
"=""CN 3267PFC""",79.99,
"=""CN 4759PFC""",73.99,
"=""14-0650NC""",313.99,392.99
"=""DS675193""",112.99,
"=""14-DK56403NC""",283.99,354.99
"=""IS700006""",17.99,19.97
"=""DS703002""",40.99,
"=""DS703003""",54.99,
"=""KIT 14-0837NEW + 17-0202""",279.99,
"=""14-1464NC""",404.99,506.99
"=""KIT 0001 (12V) + DS104086 + DS540062""",450.99,450.99
"=""CO 29264C""",300.99,
"=""DS108099""",399.99,799.99
"=""DS540045""",85.99,
"=""DS315079""",20.99,23.30
"=""DS315059""",23.99,
"=""DS676110""",99.99,
"=""EB063M""",70.99,
"=""EB122H""",97.99,
"=""EB220M""",45.99,
"=""EB299M""",67.99,
"=""EB325M""",96.99,107.66
"=""EB437S""",86.99,
"=""EB457M""",96.99,107.66
"=""EB496M""",138.99,154.28
"=""EB545M""",106.99,
"=""EC542M""",66.99,
"=""EC609M""",112.99,
"=""EC678M""",65.99,
"=""EC947M""",58.99,
"=""EC992M""",53.99,
"=""EG113M""",74.99,
"=""EG161M""",96.99,107.66
"=""EG199M""",65.99,109.99
"=""EG219M""",58.99,
"=""EG241M""",96.99,107.66
"=""EH116""",85.99,
"=""EH289""",81.99,
"=""EH278""",87.99,
"=""EH385""",45.99,
"=""EH368M""",75.99,84.35
"=""EH424M""",63.99,
"=""EH416M""",60.99,
"=""EH461S""",100.99,
"=""EH441S""",106.99,
"=""EH502M""",114.99,127.64
"=""EH595M""",75.99,
"=""EH536M""",58.99,
"=""EH534M""",87.99,
"=""EH662M""",91.99,
"=""EH743M""",75.99,
"=""EH855M""",85.99,
"=""EH707M""",65.99,
"=""EH862M""",96.99,
"=""EI049M""",81.99,
"=""EH833M""",99.99,124.99
"=""EH922M""",90.99,
"=""OP736H""",70.99,
"=""DS200087""",31.99,
"=""DS315063""",23.99,
"=""DS315062""",23.99,
"=""DS105101""",245.99,295.00
"=""FA 50465C""",109.99,
"=""DS675242""",56.99,
"=""DS700211""",1679.99,2099.99
"=""14-1474NC""",392.99,547.99
"=""DS200126""",43.99,18.99
"=""DS315077""",19.99,
"=""DS315061""",20.99,23.30
"=""DS104122""",145.99,
"=""DS676457""",119.99,
"=""CO 4896C""",145.99,
"=""DS302006""",20.99,23.30
"=""DS630051 + 43-MT3032-1""",999.99,1999.99
"=""IS108133""",251.99,
"=""14-2185NEW""",253.99,
"=""14-0386NC""",460.99,576.99
"=""DS102035""",191.99,
"=""DS104104""",158.99,
"=""DS102178""",310.99,
"=""DS104058""",145.99,
"=""14-SD7351NEW""",247.99,
"=""CO 6020C""",213.99,
"=""CO 4506C""",145.99,
"=""14-SD8147NEW""",232.99,
"=""14-SD8244NEW""",191.99,
"=""DS102095""",208.99,239.99
"=""14-SD8147NC""",307.99,384.99
"=""CO 29003C""",225.99,
"=""14-DK56210NEW""",253.99,
"=""DS105020""",404.99,
"=""CO 22032C""",232.99,
"=""14-SD4149NEW""",204.99,
"=""14-0494NEW""",229.99,
"=""DS104036""",145.99,
"=""DS105178""",308.99,
"=""CO 4600C""",196.99,
"=""DS104062""",213.99,
"=""CO 4608C""",196.99,
"=""DS105119""",314.99,
"=""DS101162""",209.99,
"=""CO 6631C""",210.99,
"=""CO 29056C""",314.99,
"=""CO 22037C""",251.99,
"=""14-DK56120NEW""",213.99,
"=""14-4681NEW""",307.99,
"=""CO 4095C""",188.99,188.99
"=""14-2184NEW""",237.99,
"=""14-0368NEW""",276.99,
"=""14-SD4326NEW""",178.99,
"=""DS676280""",67.99,75.47
"=""DS102093""",235.99,
"=""DS302007""",21.99,24.41
"=""EV 939679PFXC""",69.99,
"=""DS100241""",219.99,
"=""14-0778NC""",379.99,474.99
"=""IS676387""",136.99,
"=""14-0778NEW""",278.99,
"=""DS100194""",305.99,
"=""IS676428""",63.99,
"=""IS108091""",158.99,
"=""CO 11170MC-KTC""",314.99,
"=""BM 9313C""",63.99,
"=""14-0064NC""",253.99,317.99
"=""CO 4418C""",188.99,
"=""DS200136""",34.99,
"=""59-0081""",95.99,106.55
"=""59-0076""",77.99,
"=""59-0047""",76.99,85.46
"=""59-0101""",106.99,118.76
"=""59-0347""",72.99,
"=""59-0175""",81.99,
"=""59-0293""",78.99,
"=""59-0514""",78.99,
"=""59-0422""",71.99,79.91
"=""59-0035""",73.99,
"=""59-0409""",48.99,
"=""59-0500""",69.99,
"=""59-0310""",75.99,84.35
"=""59-0397""",84.99,94.34
"=""59-0212""",80.99,
"=""59-0226""",79.99,88.79
"=""59-0236""",72.99,
"=""59-0602""",142.99,
"=""59-0574""",73.99,
"=""59-0351""",73.99,
"=""59-0489""",83.99,93.23
"=""59-0460""",78.99,
"=""59-2299""",124.99,
"=""59-0249""",68.99,
"=""59-2347""",75.99,
"=""59-0576""",73.99,
"=""59-0176""",79.99,88.79
"=""59-0271""",72.99,81.02
"=""59-0585""",109.99,
"=""59-2372""",82.99,
"=""59-2374""",79.99,
"=""59-0369""",67.99,
"=""59-2378""",77.99,
"=""59-0227""",45.99,
"=""59-0063""",75.99,
"=""59-0247""",71.99,
"=""59-0433""",66.99,
"=""59-0368""",80.99,
"=""59-0567""",90.99,
"=""59-0100""",67.99,
"=""59-0395""",71.99,
"=""59-0250""",78.99,87.68
"=""59-0137""",85.99,
"=""59-0370""",79.99,
"=""59-0017""",71.99,
"=""59-2411""",92.99,
"=""59-2407""",78.99,
"=""59-2443""",70.99,
"=""59-2446""",136.99,
"=""59-2445""",82.99,
"=""59-2487""",75.99,
"=""59-0246""",73.99,
"=""59-0289""",66.99,74.36
"=""59-2491""",76.99,
"=""59-2529""",83.99,
"=""59-0301""",73.99,
"=""59-0044""",85.99,
"=""59-0012""",76.99,
"=""59-0077""",91.99,
"=""59-0568""",80.99,
"=""59-0251""",72.99,81.02
"=""59-0540""",75.99,
"=""59-0231""",68.99,
"=""59-0055""",101.99,
"=""59-0682""",82.99,
"=""59-0661""",81.99,
"=""59-0376""",78.99,
"=""59-2276""",144.99,
"=""59-0136""",65.99,73.25
"=""59-0626""",83.99,
"=""59-0242""",49.99,
"=""59-0089""",105.99,117.65
"=""59-0449""",82.99,
"=""59-0482""",78.99,87.68
"=""59-0281""",90.99,
"=""59-0390""",74.99,
"=""59-0312""",76.99,
"=""59-0266""",74.99,
"=""59-0263""",69.99,
"=""59-0280""",71.99,79.91
"=""59-0292""",73.99,
"=""59-0157""",75.99,
"=""59-0163""",75.99,
"=""59-0199""",72.99,
"=""59-0269""",80.99,
"=""59-0283""",75.99,
"=""59-0134""",82.99,
"=""59-0349""",74.99,
"=""59-0220""",98.99,109.88
"=""59-0669""",119.99,133.19
"=""59-0238""",79.99,
"=""59-0328""",75.99,84.35
"=""59-0050""",88.99,
"=""59-0065""",75.99,
"=""59-0297""",67.99,
"=""59-2406""",87.99,
"=""59-0080""",79.99,88.79
"=""59-0020""",69.99,
"=""59-0059""",68.99,
"=""59-0311""",71.99,79.91
"=""59-0544""",67.99,75.47
"=""59-0125""",74.99,
"=""59-0265""",72.99,81.02
"=""59-0307""",81.99,
"=""59-2422""",118.99,132.08
"=""59-2437""",80.99,
"=""59-2375""",80.99,
"=""59-2402""",79.99,
"=""59-2444""",80.99,
"=""59-2477""",70.99,
"=""59-2466""",133.99,
"=""59-2471""",74.99,
"=""59-0320""",88.99,
"=""59-2475""",88.99,
"=""59-0230""",83.99,93.23
"=""59-2476""",104.99,116.54
"=""59-2511""",63.99,
"=""59-2522""",75.99,
"=""59-0062""",95.99,
"=""59-2534""",64.99,
"=""59-2524""",74.99,83.24
"=""59-2270""",78.99,
"=""59-0093""",72.99,
"=""59-0240""",78.99,
"=""59-2496""",79.99,88.79
"=""59-0486""",73.99,
"=""59-2518""",74.99,
"=""59-0832""",91.99,102.11
"=""59-2572""",101.99,
"=""59-2525""",84.99,
"=""59-2531""",78.99,
"=""59-2523""",83.99,
"=""59-2535""",74.99,
"=""59-2536""",73.99,
"=""59-2601""",90.99,
"=""59-2538""",77.99,
"=""59-2567""",84.99,
"=""59-2553""",78.99,
"=""59-0587""",73.99,82.13
"=""59-2568""",79.99,88.79
"=""59-2560""",82.99,
"=""59-2562""",92.99,
"=""59-2587""",86.99,
"=""59-2584""",112.99,
"=""59-2573""",42.99,
"=""59-2528""",82.99,
"=""59-2644""",81.99,
"=""59-2624""",82.99,
"=""59-2611""",77.99,86.57
"=""59-2660""",80.99,
"=""59-3552""",81.99,
"=""59-2646""",126.99,
"=""59-4009""",84.99,94.34
"=""59-2661""",64.99,
"=""59-4006""",71.99,
"=""59-2640""",98.99,
"=""59-4007""",78.99,
"=""59-2652""",109.99,
"=""59-2645""",85.99,
"=""59-4084""",78.99,87.68
"=""59-2618""",79.99,
"=""59-8387""",91.99,
"=""59-4037""",111.99,
"=""59-4039""",76.99,85.46
"=""59-4086""",75.99,
"=""59-8622""",86.99,
"=""59-4076""",76.99,
"=""59-4079""",88.99,98.78
"=""59-8547""",85.99,
"=""59-2657""",76.99,85.46
"=""59-8699""",69.99,
"=""59-8512""",112.99,
"=""59-8739""",77.99,
"=""59-8596""",67.99,
"=""59-8791""",112.99,
"=""59-4058""",72.99,
"=""59-8916""",72.99,
"=""59-8855""",75.99,
"=""59-9869""",43.99,48.83
"=""59-8920""",72.99,
"=""59-8693""",88.99,
"=""59-2580""",88.99,
"=""59-4005""",69.99,
"=""59-4016""",77.99,86.57
"=""59-4052""",66.99,
"=""59-4065""",83.99,
"=""59-8339""",97.99,
"=""59-8510""",95.99,
"=""59-8383""",75.99,
"=""59-8662""",80.99,89.90
"=""59-8676""",169.99,
"=""59-8680""",92.99,
"=""59-8746""",80.99,
"=""59-8679""",82.99,
"=""59-8795""",65.99,
"=""59-4063""",60.99,
"=""59-8882""",92.99,
"=""59-8796""",84.99,94.34
"=""59-8741""",78.99,
"=""59-8797""",83.99,
"=""59-9781""",78.99,87.68
"=""59-9878""",67.99,75.47
"=""59-9879""",74.99,
"=""59-9979""",74.99,
"=""59-8692""",79.99,
"=""59-9881""",86.99,
"=""59-2478""",116.99,129.86
"=""59-8927""",72.99,
"=""017-B39-22""",109.99,
"=""EV 35050PFXC""",77.99,86.57
"=""IS108129""",237.99,
"=""EV 1068PFXC""",88.99,
"=""ABP N83 307080""",269.99,373.99
"=""18-0390""",33.99,
"=""DS520043""",87.99,
"=""14-0926NC""",248.90,276.28
"=""KIT DS104075+DS630010+IS100077+IS100030+DS920028""",299.99,
"=""IS135112""",46.99,44.99
"=""18-0246""",33.99,
"=""RA 13139C""",148.99,165.38
"=""14-1243NC""",254.99,318.99
"=""CO 21006C""",203.99,
"=""BM 9355C""",53.99,59.93
"=""DS676021""",58.99,94.99
"=""14-5404NC""",478.99,598.99
"=""14-SD8100NC""",313.99,392.99
"=""DS676451""",60.99,
"=""DS200221""",35.99,
"=""DS105144""",273.99,
"=""FA 50302C""",78.99,87.68
"=""14-0403NEW""",240.99,
"=""14-1069NC""",726.99,908.99
"=""BM 10041C""",71.99,
"=""KIT EV 939807PFXC+EX 10194C+RD 10898KTC""",79.99,
"=""KIT 59-0030+17-2930+18-0002""",95.99,
"=""14-0728NIP""",490.99,
"=""EV 1001C""",144.99,
"=""14-9503NEW""",195.99,
"=""EV 9409297PFC""",107.99,
"=""KIT DS630010 + DS105060 + IS100030""",230.99,
"=""BM 10029C""",78.99,87.68
"=""2208-004""",367.99,
"=""KT 4430""",335.99,559.99
"=""17-2734""",46.99,52.16
"=""CN 3733PFXC""",93.99,
"=""CN 3261PFC""",82.99,92.12
"=""IS108125""",219.99,
"=""DS101158""",1399.99,1749.99
"=""DS345051""",23.99,26.63
"=""14-0844NEW""",190.90,211.90
"=""IS108164""",154.99,
"=""DS676393""",89.99,
"=""BM 9401C""",102.99,
"=""G0001S""",117.99,
"=""15-2416N""",103.99,
"=""14-0509NC""",210.99,263.99
"=""13662""",125.99,
"=""CO 10916C""",282.99,
"=""DS102160""",282.99,
"=""IS675196""",64.99,
"=""IS108126""",219.99,
"=""DS102043""",210.99,
"=""14-0249NEW""",210.99,
"=""17-0002""",28.99,32.18
"=""17-0141""",54.99,61.04
"=""17-0109""",32.99,36.62
"=""17-0139""",34.99,
"=""17-0155""",39.99,44.39
"=""17-0029""",51.99,57.71
"=""17-0014""",29.99,33.29
"=""17-0103""",31.99,35.51
"=""17-0229""",28.99,32.18
"=""17-0113""",30.99,34.40
"=""17-0112""",42.99,
"=""17-0058""",33.99,37.73
"=""17-0182""",36.99,
"=""17-0120""",29.99,33.29
"=""17-0105""",28.99,32.18
"=""17-0157""",56.99,
"=""17-0177""",32.99,36.62
"=""17-0086""",35.99,
"=""17-0882""",38.99,43.28
"=""17-0922""",28.99,32.18
"=""17-0092""",47.99,53.27
"=""17-0106""",26.99,29.96
"=""17-0179""",45.99,51.05
"=""17-1082""",33.99,
"=""17-0265""",26.99,29.96
"=""17-0067""",27.99,31.07
"=""17-0373""",42.99,
"=""17-0866""",30.99,34.40
"=""17-0095""",27.99,31.07
"=""17-0015""",30.99,34.40
"=""17-0065""",46.99,
"=""17-0018""",34.99,38.84
"=""17-0482""",37.99,42.17
"=""17-0021""",47.99,
"=""17-0126""",31.99,35.51
"=""17-0127""",30.99,34.40
"=""17-0070""",27.99,31.07
"=""17-0062""",25.99,
"=""17-0016""",31.99,35.51
"=""17-0019""",32.99,36.62
"=""17-0477""",45.99,
"=""17-0104""",31.99,
"=""17-0189""",45.99,
"=""17-0899""",51.99,57.71
"=""17-0123""",45.99,
"=""17-0055""",43.99,
"=""17-0004""",38.99,
"=""17-0143""",27.99,31.07
"=""17-0075""",40.99,
"=""17-0064""",43.99,
"=""17-0072""",33.99,37.73
"=""17-0716""",42.99,47.72
"=""17-0061""",44.99,49.94
"=""17-1029""",44.99,
"=""17-0039""",30.99,34.40
"=""17-0307""",28.99,32.18
"=""17-0928""",28.99,32.18
"=""17-0006""",28.99,32.18
"=""17-0163""",31.99,35.51
"=""17-0140""",46.99,52.16
"=""17-0062KIT""",26.99,
"=""17-0153""",35.99,
"=""17-0046""",32.99,36.62
"=""17-0043""",32.99,
"=""17-0134""",26.99,29.96
"=""17-0035""",42.99,
"=""17-0193""",40.99,
"=""17-0208""",30.99,34.40
"=""17-0080""",31.99,35.51
"=""17-1111""",29.99,
"=""17-0074""",30.99,34.40
"=""17-0099""",35.99,
"=""17-0052""",32.99,36.62
"=""17-0063""",53.99,
"=""17-0918""",32.99,36.62
"=""17-0596""",33.99,
"=""17-0102""",29.99,33.29
"=""17-0931""",31.99,35.51
"=""17-0025""",46.99,
"=""17-0156""",51.99,57.71
"=""17-1224""",29.99,33.29
"=""17-0032""",43.99,48.83
"=""17-0041""",38.99,43.28
"=""17-1015""",32.99,36.62
"=""17-2061""",43.99,
"=""17-1017""",49.99,55.49
"=""17-1021""",56.99,
"=""17-1090""",35.99,39.95
"=""17-0013""",29.99,33.29
"=""17-0115""",30.99,34.40
"=""17-0009""",37.99,42.17
"=""17-0057""",30.99,34.40
"=""17-0138""",35.99,39.95
"=""17-0933""",27.99,31.07
"=""17-0202""",26.99,29.96
"=""17-0088""",30.99,34.40
"=""17-0005""",31.99,35.51
"=""17-0107""",36.99,
"=""17-1817""",31.99,35.51
"=""17-0110""",29.99,33.29
"=""17-0111""",31.99,35.51
"=""17-0135""",27.99,31.07
"=""17-2354""",30.99,34.40
"=""17-2279""",35.99,39.95
"=""17-0201""",34.99,
"=""17-0053""",40.99,
"=""17-0044""",30.99,34.40
"=""17-1086""",31.99,35.51
"=""17-2361""",39.99,
"=""17-1814""",36.99,
"=""17-2256""",49.99,
"=""17-1083""",35.99,39.95
"=""17-0404""",31.99,35.51
"=""17-2387""",33.99,37.73
"=""17-2158""",30.99,
"=""17-2133""",29.99,33.29
"=""17-2351""",32.99,36.62
"=""17-2245""",37.99,
"=""17-2397""",82.99,92.12
"=""17-0119""",35.99,
"=""17-1807""",36.99,
"=""17-2472""",32.99,36.62
"=""17-2452""",32.99,36.62
"=""17-2412""",38.99,43.28
"=""17-2478""",38.99,43.28
"=""17-2451""",36.99,41.06
"=""17-2490""",38.99,43.28
"=""17-2440""",49.99,
"=""17-2460""",32.99,
"=""17-1091""",23.99,26.63
"=""17-2484""",45.99,51.05
"=""17-2115""",32.99,
"=""17-2476""",39.99,
"=""17-2353""",44.99,
"=""17-2481""",38.99,43.28
"=""17-2492""",63.99,
"=""17-2524""",32.99,36.62
"=""17-2522""",38.99,43.28
"=""17-2501""",44.99,49.94
"=""17-2529""",31.99,35.51
"=""17-2532""",57.99,64.37
"=""17-2558""",34.99,38.84
"=""17-2553""",33.99,37.73
"=""17-2556""",28.99,32.18
"=""17-2534""",42.99,47.72
"=""17-2559""",39.99,44.39
"=""17-2565""",62.99,69.92
"=""17-2600""",35.99,
"=""17-2631""",35.99,39.95
"=""17-2632""",46.99,52.16
"=""17-2701""",41.99,
"=""17-1058""",32.99,36.62
"=""17-2238""",38.99,43.28
"=""17-0218""",30.99,34.40
"=""17-2352""",36.99,
"=""17-2311""",31.99,35.51
"=""17-2389""",35.99,39.95
"=""17-2480""",46.99,
"=""17-2497""",78.99,87.68
"=""17-2491""",39.99,44.39
"=""17-2388""",34.99,38.84
"=""17-2520""",37.99,42.17
"=""17-2530""",40.99,45.50
"=""17-2535""",29.99,33.29
"=""17-2562""",38.99,43.28
"=""17-2536""",30.99,34.40
"=""17-2561""",36.99,41.06
"=""17-2531""",33.99,37.73
"=""17-2577""",43.99,
"=""17-2597""",42.99,47.72
"=""17-2516""",46.99,
"=""17-2533""",30.99,34.40
"=""17-2609""",25.99,28.85
"=""17-2526""",33.99,37.73
"=""17-2608""",28.99,32.18
"=""17-2709""",37.99,42.17
"=""17-2661""",32.99,36.62
"=""17-2663""",34.99,38.84
"=""17-2693""",39.99,
"=""17-2596""",41.99,46.61
"=""17-2714""",36.99,41.06
"=""17-2699""",35.99,39.95
"=""17-2660""",15.99,
"=""17-2664""",37.99,
"=""17-2715""",33.99,37.73
"=""17-2635""",38.99,
"=""17-2735""",35.99,39.95
"=""17-2774""",30.99,34.40
"=""17-2750""",36.99,
"=""17-2747""",38.99,
"=""17-2746""",33.99,37.73
"=""17-2722""",31.99,35.51
"=""17-2785""",40.99,45.50
"=""17-2748""",36.99,41.06
"=""17-2777""",30.99,34.40
"=""17-2753""",28.99,32.18
"=""17-2761""",30.99,34.40
"=""17-2779""",74.99,
"=""17-2804""",30.99,34.40
"=""17-2717""",45.99,
"=""17-2793""",36.99,41.06
"=""17-2810""",29.99,33.29
"=""17-2797""",35.99,39.95
"=""17-2794""",30.99,34.40
"=""17-2813""",32.99,36.62
"=""17-2716""",43.99,48.83
"=""17-2807""",35.99,39.95
"=""17-2757""",39.99,
"=""17-2809""",29.99,33.29
"=""17-2803""",43.99,
"=""17-2776""",35.99,39.95
"=""17-2847""",33.99,37.73
"=""17-2790""",37.99,42.17
"=""17-2825""",40.99,
"=""17-2826""",37.99,
"=""17-2853""",43.99,48.83
"=""17-2859""",42.99,
"=""17-2861""",36.99,41.06
"=""17-2857""",29.99,33.29
"=""17-2802""",37.99,
"=""17-2867""",15.99,
"=""17-2806""",30.99,34.40
"=""17-2851""",48.99,
"=""17-2899""",26.99,29.96
"=""17-2894""",34.99,38.84
"=""17-2898""",28.99,32.18
"=""17-2900""",32.99,36.62
"=""17-2854""",42.99,47.72
"=""17-2907""",38.99,
"=""17-2908""",34.99,38.84
"=""17-2918""",35.99,39.95
"=""17-2926""",30.99,34.40
"=""17-2808""",33.99,37.73
"=""17-2815""",28.99,32.18
"=""17-2828""",39.99,
"=""17-2841""",32.99,36.62
"=""17-2852""",37.99,
"=""17-2856""",42.99,47.72
"=""17-2864""",32.99,36.62
"=""17-2869""",37.99,42.17
"=""17-2870""",38.99,43.28
"=""17-2787""",35.99,39.95
"=""17-2866""",32.99,36.62
"=""17-2858""",35.99,39.95
"=""17-2880""",47.99,
"=""17-2846""",44.99,
"=""17-2868""",36.99,41.06
"=""17-2844""",39.99,
"=""17-2823""",38.99,43.28
"=""17-2891""",46.99,
"=""17-2878""",45.99,
"=""17-2890""",40.99,45.50
"=""17-2896""",30.99,
"=""17-2892""",29.99,33.29
"=""17-2893""",31.99,35.51
"=""17-2902""",31.99,35.51
"=""17-2897""",32.99,
"=""17-2917""",37.99,
"=""17-2912""",38.99,
"=""17-2877""",33.99,37.73
"=""17-2865""",38.99,
"=""17-2915""",30.99,34.40
"=""17-2919""",32.99,36.62
"=""17-2963""",31.99,35.51
"=""17-2925""",35.99,39.95
"=""17-2932""",29.99,33.29
"=""17-2921""",38.99,
"=""17-2923""",38.99,43.28
"=""17-2968""",38.99,
"=""17-2924""",37.99,42.17
"=""17-2943""",43.99,48.83
"=""17-2929""",31.99,
"=""17-2934""",41.99,
"=""17-2939""",29.99,33.29
"=""17-2942""",49.99,55.49
"=""17-2970""",46.99,
"=""17-2965""",42.99,
"=""17-2983""",35.99,39.95
"=""17-2940""",38.99,43.28
"=""17-2991""",29.99,33.29
"=""17-2981""",37.99,42.17
"=""17-2937""",29.99,33.29
"=""17-2964""",42.99,
"=""17-2976""",34.99,38.84
"=""17-2975""",33.99,37.73
"=""17-2955""",37.99,
"=""17-2999""",29.99,33.29
"=""17-2980""",37.99,42.17
"=""17-2941""",35.99,39.95
"=""17-2974""",36.99,41.06
"=""17-2995""",43.99,48.83
"=""17-3009""",38.99,43.28
"=""17-2993""",41.99,
"=""17-2997""",31.99,35.51
"=""17-2998""",32.99,
"=""17-3045""",40.99,
"=""17-3003""",44.99,49.94
"=""17-3007""",37.99,
"=""17-3075""",27.99,31.07
"=""17-3042""",33.99,37.73
"=""17-3084""",28.99,32.18
"=""17-3019""",31.99,35.51
"=""17-3069""",43.99,48.83
"=""17-3408""",28.99,32.18
"=""17-3014""",32.99,36.62
"=""17-3303""",35.99,
"=""17-3035""",28.99,32.18
"=""17-3011""",36.99,
"=""17-3625""",48.99,
"=""17-5010""",30.99,
"=""17-8000""",46.99,52.16
"=""17-4005""",23.99,26.63
"=""17-2982""",33.99,37.73
"=""17-3058""",22.99,25.52
"=""17-3053""",33.99,
"=""17-3112""",55.99,
"=""17-3738""",39.99,
"=""17-3478""",46.99,52.16
"=""17-3611""",39.99,44.39
"=""17-3029""",41.99,
"=""17-4072""",35.99,39.95
"=""17-4074""",32.99,36.62
"=""17-4003""",35.99,39.95
"=""17-4340""",39.99,
"=""17-4075""",36.99,
"=""17-3711""",35.99,39.95
"=""17-4294""",29.99,33.29
"=""17-4006""",31.99,35.51
"=""17-3994""",33.99,
"=""17-3473""",43.99,48.83
"=""17-4346""",28.99,32.18
"=""17-4009""",39.99,44.39
"=""17-4667""",41.99,46.61
"=""17-4081""",39.99,44.39
"=""17-4982""",36.99,
"=""17-9837""",36.99,
"=""17-9839""",38.99,43.28
"=""DS120114""",27.99,
"=""IS135109""",25.99,
"=""CO 4711C""",183.99,
"=""DS667040""",31.99,
"=""14-0666NEW""",209.99,252.00
"=""CO 10856C""",219.99,
"=""14-0700NEW""",219.99,
"=""CO 20448GLC""",168.99,
"=""IS101149""",168.99,
"=""14-0285NEW""",156.99,
"=""14-0285NC""",230.99,349.99
"=""CO 4573JC""",156.99,
"=""DS104086""",149.99,
"=""RA 2882C""",120.99,
"=""IS100077""",24.99,27.74
"=""EV 940126PFC""",105.99,
"=""14-5791NC""",485.99,607.99
"=""DS675239""",48.99,
"=""14-1060NC""",225.99,282.99
"=""14-1207NC""",229.99,266.99
"=""HA 113978C""",38.99,48.99
"=""DS131049""",262.99,
"=""14-0506NEW""",312.99,
"=""14-3527NIP""",419.99,
"=""BM 10032C""",75.99,
"=""FT-2001""",18.99,
"=""DS401017""",28.99,
"=""DS105193""",792.99,
"=""DS700122""",534.99,668.99
"=""DS700123""",878.99,
"=""14-0651NC""",317.99,428.99
"=""BM 9246C""",68.99,
"=""IS545062""",90.99,
"=""DS200248""",31.99,
"=""14-9512NEW""",366.99,
"=""DS105103""",224.99,
"=""IS108121""",169.99,
"=""13031""",126.99,140.96
"=""13078""",115.99,
"=""13019""",137.99,
"=""13084""",90.99,
"=""13057""",130.99,145.40
"=""13047""",97.99,108.77
"=""13076""",115.99,
"=""13117""",118.99,
"=""13007""",149.99,
"=""13253""",91.99,102.11
"=""13103""",108.99,
"=""13255""",105.99,
"=""13005""",100.99,112.10
"=""13002""",114.99,127.64
"=""13091""",104.99,116.54
"=""13212""",118.99,132.08
"=""13106""",100.99,
"=""13025""",113.99,
"=""13215""",99.99,
"=""13146""",97.99,
"=""13191""",128.99,
"=""13219""",96.99,107.66
"=""13039""",115.99,
"=""13180""",119.99,133.19
"=""13254""",110.99,123.20
"=""13380""",215.99,239.75
"=""13261""",112.99,125.42
"=""13281""",118.99,132.08
"=""13231""",256.90,285.00
"=""13140""",148.99,
"=""13126""",111.99,
"=""13221""",101.99,113.21
"=""13339""",232.99,258.62
"=""13200""",122.99,
"=""13365""",85.99,95.45
"=""13064""",119.99,
"=""13152""",128.99,143.18
"=""13167""",99.99,110.99
"=""13443""",93.99,104.33
"=""13308""",117.99,
"=""13301""",179.99,
"=""13201""",97.99,108.77
"=""13009""",105.99,
"=""13038""",118.99,132.08
"=""13082""",115.99,128.75
"=""13260""",91.99,
"=""13509""",148.99,
"=""13539""",101.99,113.21
"=""13554""",139.99,
"=""LR0227""",166.99,185.36
"=""13620""",122.99,136.52
"=""LR0050""",133.99,148.73
"=""LR0206""",111.99,124.31
"=""LR0434""",125.99,139.85
"=""LR0314""",112.99,125.42
"=""LR0453""",129.99,144.29
"=""LR0078""",120.99,134.30
"=""LR0618""",117.99,
"=""LR0622""",122.99,
"=""LR0705""",137.99,153.17
"=""LR0738""",122.99,136.52
"=""LR0681""",125.99,139.85
"=""LR0886""",99.99,110.99
"=""LR0945E""",114.99,
"=""LR0951""",132.99,147.62
"=""LR0954""",152.99,
"=""LR1140""",114.99,127.64
"=""LR1062""",106.99,
"=""LR0856""",146.99,
"=""LR0890""",76.99,
"=""LR0897""",90.99,
"=""LR0921""",108.99,120.98
"=""LR0942""",81.99,91.01
"=""LR0945""",112.99,125.42
"=""LR1035""",125.99,139.85
"=""LR1109""",106.99,118.76
"=""LR1158""",65.99,73.25
"=""LR1164""",138.99,
"=""LR1193""",128.99,143.18
"=""LR1174""",110.99,123.20
"=""LR1152""",94.99,105.44
"=""LR1178""",125.99,
"=""LR1168""",77.99,
"=""LR1183""",103.99,115.43
"=""LR1190""",136.99,152.06
"=""LR1278""",113.99,126.53
"=""LR1273""",108.99,120.98
"=""LR1302""",124.99,
"=""LR1290E""",81.99,91.01
"=""LR1290""",69.99,
"=""LR1295""",133.99,148.73
"=""LR1304""",118.99,132.08
"=""LR1312""",140.99,156.50
"=""LR1303""",108.99,
"=""LR1326""",68.99,
"=""LR1316""",73.99,82.13
"=""LR1318""",106.99,118.76
"=""LR1307""",72.99,81.02
"=""LR1319""",95.99,
"=""LR1323""",123.99,
"=""LR1317""",70.99,
"=""LR1391""",77.99,
"=""LR1325""",113.99,126.53
"=""LR1324""",146.99,
"=""LR1340E""",72.99,
"=""LR1344""",79.99,88.79
"=""LR1340""",128.99,143.18
"=""LR1342""",130.99,145.40
"=""LR1348""",87.99,
"=""LR1381""",91.99,102.11
"=""LR1388""",77.99,
"=""LR1398""",66.99,
"=""LR1396""",117.99,
"=""LR1477""",130.99,145.40
"=""LR1400""",77.99,
"=""LR1393""",65.99,73.25
"=""LR1401""",106.99,
"=""LR1488""",107.99,
"=""LR1444""",87.99,97.67
"=""LR1486""",117.99,
"=""LR1451""",162.99,
"=""LR1453""",133.99,
"=""LR1452""",144.99,160.94
"=""LR1476""",88.99,98.78
"=""LR1475""",65.99,73.25
"=""LR1482""",128.99,
"=""LR1515""",75.99,
"=""LR1485""",118.99,132.08
"=""LR1489""",181.99,202.01
"=""LR1494""",97.99,
"=""LR1517""",150.99,167.60
"=""LR1518""",117.99,130.97
"=""LR1511""",133.99,148.73
"=""LR1523""",219.99,244.19
"=""LR1551""",133.99,148.73
"=""LR1522""",182.99,
"=""LR1557""",101.99,
"=""LR1609""",141.99,157.61
"=""LR1688""",135.99,150.95
"=""LR1707""",146.99,163.16
"=""LR1721""",165.99,184.25
"=""LR1746""",107.99,
"=""LR1738""",125.99,139.85
"=""LR1755""",123.99,
"=""LR1454""",165.99,
"=""LR1548""",63.99,
"=""LR1516""",134.99,149.84
"=""LR1552""",140.99,
"=""LR1531""",101.99,
"=""LR1553""",170.99,
"=""LR1555""",191.00,
"=""LR1550""",120.99,134.30
"=""LR1561""",111.99,124.31
"=""LR1575""",114.99,127.64
"=""LR1533""",137.99,153.17
"=""LR1573""",104.99,
"=""LR1572""",112.99,
"=""LR1687""",119.99,133.19
"=""LR1610""",90.99,101.00
"=""LR1574""",103.99,115.43
"=""LR1682""",126.99,140.96
"=""LR1626""",80.99,89.90
"=""LR1700""",181.99,
"=""LR1702""",106.99,118.76
"=""LR1719""",123.99,137.63
"=""LR1722""",133.99,148.73
"=""LR1728""",166.99,185.36
"=""LR1732""",86.99,96.56
"=""LR1696""",149.99,
"=""LR1741""",105.99,117.65
"=""LR1726""",130.90,145.30
"=""LR1737""",173.99,193.13
"=""LR1746E""",115.99,128.75
"=""LR1774""",133.99,148.73
"=""LR1750""",94.99,105.44
"=""LR1749""",118.99,132.08
"=""LR1752""",90.99,101.00
"=""LR1776""",106.99,
"=""LR1778""",127.99,142.07
"=""LR1825""",132.99,147.62
"=""LR1816""",115.99,128.75
"=""LR1844""",122.99,
"=""LR1815""",104.99,116.54
"=""LR1824""",130.99,145.40
"=""LR1830""",106.99,
"=""LR1826""",100.99,
"=""LR1838""",94.99,105.44
"=""LR1839""",95.99,106.55
"=""LR1841""",105.99,117.65
"=""LR1850""",122.99,136.52
"=""LR1889""",117.99,130.97
"=""LR1854""",123.99,
"=""LR1862""",109.99,
"=""LR1859""",113.99,126.53
"=""LR1880""",120.99,134.30
"=""LR1890""",126.99,140.96
"=""LR1897""",119.99,133.19
"=""LR2023""",147.99,
"=""LR1909""",104.99,116.54
"=""LR1905""",145.99,
"=""LR1910""",112.99,125.42
"=""LR2034""",110.99,
"=""LR2003""",135.99,150.95
"=""LR2003E""",137.99,153.17
"=""LR2030""",121.99,
"=""LR2039""",83.99,93.23
"=""LR2042""",138.99,154.28
"=""LR2051""",104.99,116.54
"=""LR2044""",143.99,159.83
"=""LR2063""",128.99,143.18
"=""LR2057""",116.99,129.86
"=""LR2075""",117.99,130.97
"=""LR2087""",96.99,107.66
"=""LR2073""",107.99,119.87
"=""LR2215""",107.99,
"=""LR2222""",110.99,
"=""LR2272""",112.99,125.42
"=""LR1995""",216.99,
"=""LR1998""",128.99,143.18
"=""LR2065""",135.99,150.95
"=""LR2136""",154.99,
"=""LR2054""",110.99,123.20
"=""LR2099""",138.99,154.28
"=""LR2090""",140.99,
"=""LR2089""",105.99,117.65
"=""LR2085""",61.99,
"=""LR2141""",147.99,
"=""LR2139""",129.99,
"=""LR2148""",106.99,118.76
"=""LR2140""",105.99,117.65
"=""LR2147""",106.99,118.76
"=""LR2173""",151.99,
"=""LR2157""",116.99,
"=""LR2172""",160.99,178.70
"=""LR2190""",145.99,
"=""LR2171""",178.99,
"=""LR2191""",90.99,
"=""LR2195""",119.99,133.19
"=""LR2241""",90.99,
"=""LR2174""",180.99,200.90
"=""LR2184""",124.99,138.74
"=""LR2198""",114.99,127.64
"=""LR2278""",116.99,129.86
"=""LR2258""",134.99,
"=""LR2265""",87.99,
"=""LR2152""",147.99,
"=""LR2264""",84.99,
"=""LR2262""",123.99,
"=""LR2257""",122.99,
"=""LR2256""",101.99,
"=""LR2263""",138.99,
"=""LR2259""",137.99,153.17
"=""LR2291""",154.99,172.04
"=""LR2279""",136.99,152.06
"=""LR2285""",126.99,
"=""LR2296""",99.99,
"=""LR2294""",121.99,
"=""LR2284""",106.99,118.76
"=""LR2270""",102.99,
"=""LR2292""",116.99,129.86
"=""LR2300""",102.99,
"=""LR2282""",197.99,219.77
"=""LR2305""",87.99,97.67
"=""LR2303""",99.99,
"=""LR2301""",126.99,140.96
"=""LR2307""",112.99,
"=""LR2308""",154.99,
"=""LR2306""",118.99,132.08
"=""LR2309""",144.99,
"=""LR2321""",156.99,
"=""LR2317""",158.99,176.48
"=""LR2290""",133.99,
"=""LR2311""",117.99,
"=""LR2325""",106.99,
"=""LR2330""",113.99,126.53
"=""LR2323""",101.99,
"=""LR2328""",104.99,116.54
"=""LR2329""",96.99,107.66
"=""LR2331""",109.99,122.09
"=""LR2334""",119.99,133.19
"=""LR2312""",137.99,153.17
"=""LR2324""",108.99,120.98
"=""LR2336""",135.99,150.95
"=""LR2343""",93.99,
"=""LR2337""",118.99,132.08
"=""LR2335""",95.99,106.55
"=""LR2340""",124.99,138.74
"=""LR2352""",130.99,145.40
"=""LR2342""",106.99,118.76
"=""LR2346""",104.99,116.54
"=""LR2354""",116.99,129.86
"=""LR2347""",130.99,145.40
"=""LR2356""",110.99,123.20
"=""LR2377""",159.99,177.59
"=""LR2434""",112.99,125.42
"=""LR2339""",112.99,125.42
"=""LR2369""",152.99,
"=""LR2375""",102.99,114.32
"=""LR2363""",129.99,
"=""LR2362""",93.99,
"=""LR2368""",157.90,175.27
"=""LR2351""",115.99,128.75
"=""LR2402""",102.99,114.32
"=""LR2381""",68.99,76.58
"=""LR2370""",162.99,180.92
"=""LR2389""",115.99,128.75
"=""LR2414""",108.99,120.98
"=""LR2376""",139.99,
"=""LR2413""",75.99,
"=""LR2417""",123.99,
"=""LR2423""",138.99,
"=""LR2415""",112.99,125.42
"=""LR2412""",101.99,
"=""LR2419""",124.99,138.74
"=""LR2430""",113.99,
"=""LR2426""",107.99,119.87
"=""LR2431""",103.99,115.43
"=""LR2424""",112.99,
"=""LR2428""",89.99,
"=""LR2438""",87.99,
"=""LR2437""",111.99,
"=""LR2441""",107.99,119.87
"=""LR2450""",140.99,
"=""LR2442""",134.99,149.84
"=""LR2448""",96.99,107.66
"=""LR2455""",107.99,119.87
"=""LR2453""",117.99,130.97
"=""LR2387""",96.99,107.66
"=""LR2451""",106.99,118.76
"=""LR2469""",106.99,118.76
"=""LR2465""",113.99,126.53
"=""LR2445""",130.99,145.40
"=""LR2464""",111.99,124.31
"=""LR2459""",111.99,124.31
"=""LR2482""",98.99,
"=""LR2458""",126.99,140.96
"=""LR2513""",144.99,160.94
"=""LR2480""",122.99,
"=""LR2479""",125.99,
"=""LR2481""",108.99,
"=""LR2491""",117.99,130.97
"=""LR2517""",134.99,149.84
"=""LR2436""",106.99,
"=""LR2470""",116.99,
"=""LR2518""",115.99,128.75
"=""LR2556""",124.99,138.74
"=""LR2557""",124.99,
"=""LR2572""",103.99,
"=""LR2574""",97.99,108.77
"=""LR2575""",124.99,138.74
"=""LR2563""",140.99,156.50
"=""LR2581""",130.99,
"=""LR2580""",116.99,
"=""LR2565""",128.99,143.18
"=""LR2576""",115.99,
"=""LR2578""",106.99,118.76
"=""LR2585""",130.99,
"=""LR2599""",113.99,126.53
"=""LR2595""",71.99,
"=""LR2584""",125.99,139.85
"=""LR2590""",115.99,128.75
"=""LR2608""",96.99,107.66
"=""LR2610""",101.99,
"=""LR2673""",115.99,128.75
"=""LR2636""",96.99,107.66
"=""LR2622""",108.99,120.98
"=""LR2609""",158.99,
"=""LR2626""",119.99,133.19
"=""LR2620""",158.99,
"=""LR2607""",114.99,127.64
"=""LR2648""",117.99,130.97
"=""LR2617""",105.99,117.65
"=""LR2672""",121.99,135.41
"=""LR2676""",73.99,82.13
"=""LR2674""",106.99,118.76
"=""LR2682""",138.99,
"=""LR2691""",168.99,
"=""LR2677""",108.99,120.98
"=""LR2689""",158.99,
"=""LR2652""",145.99,162.05
"=""LR2683""",115.99,128.75
"=""LR2692""",107.99,
"=""LR2701""",105.99,117.65
"=""LR2703""",101.99,113.21
"=""LR2696""",94.99,105.44
"=""LR2765""",100.99,
"=""LR2784""",106.99,
"=""LR2807""",123.99,
"=""LR2675""",117.99,130.97
"=""LR2702""",118.99,132.08
"=""LR2693""",105.99,117.65
"=""LR2704""",102.99,114.32
"=""LR2710""",112.99,
"=""LR2707""",95.99,
"=""LR2727""",104.99,
"=""LR2714""",115.99,
"=""LR2719""",167.99,186.47
"=""LR2713""",145.99,
"=""LR2731""",125.99,139.85
"=""LR2740""",115.99,
"=""LR2733""",115.99,128.75
"=""LR2728""",117.99,130.97
"=""LR2739""",173.99,
"=""LR2711""",181.99,202.01
"=""LR2738""",160.99,178.70
"=""LR2752""",123.99,137.63
"=""LR2758""",127.99,
"=""LR2750""",133.99,148.73
"=""LR2741""",173.99,
"=""LR2764""",130.99,
"=""LR2768""",117.99,130.97
"=""LR2767""",112.99,125.42
"=""LR2747""",107.99,119.87
"=""LR2777""",135.99,150.95
"=""LR2780""",113.99,
"=""LR2770""",138.99,
"=""LR2776""",95.99,
"=""LR2783""",110.99,123.20
"=""LR2778""",106.99,118.76
"=""LR2786""",114.99,
"=""LR2788""",104.99,116.54
"=""LR2782""",117.99,130.97
"=""LR2789""",112.99,125.42
"=""LR2795""",117.99,130.97
"=""LR2794""",97.99,108.77
"=""LR2798""",133.99,
"=""LR2796""",175.99,
"=""LR2805""",146.99,163.16
"=""LR2797""",101.99,
"=""LR2802""",116.99,
"=""LR2817""",116.99,
"=""LR2816""",121.99,
"=""LR2808""",120.99,
"=""LR2818""",136.99,
"=""LR2827""",92.99,
"=""LR2792""",131.99,
"=""LR2828""",140.99,156.50
"=""LR2831""",122.99,136.52
"=""LR2842""",110.99,123.20
"=""LR2822""",114.99,
"=""LR2837""",104.99,
"=""LR2839""",131.99,146.51
"=""LR2819""",136.99,
"=""LR2852""",120.99,134.30
"=""LR2855""",135.99,150.95
"=""LR2850""",115.99,128.75
"=""LR2840""",140.90,156.40
"=""LR2856""",122.99,136.52
"=""LR2864""",106.99,
"=""LR2879""",110.99,123.20
"=""LR2868""",134.99,149.84
"=""LR2866""",165.99,184.25
"=""LR2878""",130.99,
"=""LR2875""",149.99,166.49
"=""LR2882""",120.99,
"=""LR2881""",118.99,132.08
"=""LR2883""",128.99,143.18
"=""LR2887""",174.99,
"=""LR2890""",85.99,
"=""LR2873""",106.99,118.76
"=""LR2892""",90.99,
"=""LR2917""",113.99,
"=""LR2891""",105.99,
"=""LR2893""",122.99,136.52
"=""LR2920""",119.99,
"=""LR2894""",99.99,110.99
"=""LR2919""",118.99,
"=""LR2909""",119.99,
"=""LR2925""",127.99,109.99
"=""LR2954""",110.99,
"=""LR2976""",169.99,188.69
"=""LR2980""",109.99,122.09
"=""LR2986""",125.99,
"=""LR2810""",125.99,139.85
"=""LR2889""",59.99,
"=""LR2896""",106.99,118.76
"=""LR2918""",120.99,
"=""LR2926""",100.99,112.10
"=""LR2922""",96.99,107.66
"=""LR2921""",172.99,
"=""LR2929""",115.99,
"=""LR2923""",96.99,
"=""LR2952""",147.99,
"=""LR2938""",131.99,
"=""LR2937""",102.99,
"=""LR2951""",101.99,
"=""LR2964""",127.99,142.07
"=""LR2955""",101.99,113.21
"=""LR2959""",129.99,144.29
"=""LR2968""",95.99,106.55
"=""LR2957""",121.99,
"=""LR2956""",120.99,114.99
"=""LR2935""",220.99,245.30
"=""LR2962""",150.99,167.60
"=""LR2971""",113.99,
"=""LR2969""",102.99,114.32
"=""LR2972""",106.99,
"=""LR2978""",107.99,
"=""LR2979""",101.99,113.21
"=""LR2977""",189.99,210.89
"=""LR2988""",106.99,118.76
"=""LR2975""",118.99,
"=""LR2981""",103.99,115.43
"=""LR2989""",122.99,136.52
"=""LR2995""",94.99,
"=""LR2994""",148.99,
"=""2200-002""",626.99,695.96
"=""2200-003""",589.99,654.89
"=""2200-008""",583.99,648.23
"=""2200-006""",703.99,781.43
"=""2200-001""",620.99,689.30
"=""2200-010""",692.99,
"=""2200-014""",396.99,440.66
"=""2200-013""",655.99,
"=""2200-012""",487.99,541.67
"=""2200-018""",367.99,
"=""2200-005""",458.99,509.48
"=""2200-016""",776.99,862.46
"=""2200-015""",568.99,
"=""2200-019""",816.99,906.86
"=""2200-023""",599.99,
"=""2200-017""",303.99,337.43
"=""2200-022""",664.99,
"=""2200-020""",555.99,617.15
"=""LR2998""",100.99,112.10
"=""2200-021""",648.99,
"=""2200-004""",732.99,813.62
"=""2200-024""",441.99,
"=""2200-027""",913.99,1014.53
"=""2200-007""",719.99,799.19
"=""2200-026""",694.99,
"=""2200-025""",371.99,412.91
"=""2200-031""",349.99,
"=""2200-043""",328.99,
"=""2200-033""",671.99,
"=""2200-032""",490.99,
"=""2200-034""",492.99,547.22
"=""2200-037""",441.99,
"=""2200-036""",551.99,
"=""2200-035""",367.99,
"=""2200-039""",492.99,547.22
"=""2200-028""",804.99,893.54
"=""2200-029""",509.99,
"=""2200-041""",512.99,569.42
"=""2200-038""",496.99,
"=""2200-044""",687.99,
"=""2200-042""",300.99,
"=""2200-040""",471.99,523.91
"=""2200-062""",955.99,1061.15
"=""2200-066""",874.99,971.24
"=""2205-006""",577.99,
"=""2206-005""",658.99,731.48
"=""2207-002""",399.90,443.89
"=""2200-068""",908.99,1008.98
"=""2201-001""",614.99,
"=""2202-002""",519.99,577.19
"=""2202-003""",365.99,
"=""2202-005""",273.99,
"=""2202-006""",334.99,
"=""2202-004""",462.99,513.92
"=""2203-003""",735.99,
"=""2203-004""",483.99,
"=""2202-007""",427.99,
"=""2203-001""",560.99,
"=""2203-002""",589.99,
"=""2205-001""",634.99,
"=""2202-001""",441.99,
"=""2205-002""",410.99,456.20
"=""2203-008""",614.99,
"=""2205-004""",799.99,
"=""2205-005""",732.99,
"=""2205-009""",666.99,
"=""2205-007""",549.99,
"=""2205-008""",686.99,762.56
"=""2206-003""",459.99,
"=""2205-010""",552.99,613.82
"=""2208-009""",647.99,719.27
"=""2205-003""",671.99,
"=""2208-006""",395.99,439.55
"=""2208-005""",505.99,561.65
"=""2208-002""",560.99,
"=""2208-008""",627.99,
"=""2208-012""",352.99,
"=""2208-007""",530.99,
"=""2208-010""",497.99,
"=""2208-003""",500.99,556.10
"=""2208-021""",661.99,
"=""2208-014""",449.99,
"=""2208-022""",712.99,791.42
"=""2208-023""",454.99,
"=""2208-013""",791.99,
"=""2209-005""",261.99,290.81
"=""2210-003""",230.99,256.40
"=""2210-002""",251.99,
"=""2210-005""",287.99,
"=""2210-001""",317.99,
"=""2210-007""",298.99,
"=""2210-004""",313.99,
"=""2213-006""",562.99,
"=""2210-006""",302.99,
"=""2210-008""",277.99,
"=""2213-001""",569.99,632.69
"=""2213-003""",607.90,674.77
"=""2213-002""",438.99,
"=""2213-004""",332.99,
"=""2216-001""",391.99,435.11
"=""2216-002""",315.99,
"=""2216-003""",414.99,460.64
"=""TL250-2871""",109.99,
"=""14-SD4645NEW""",171.99,
"=""DS200083""",29.99,
"=""18-0009""",36.99,
"=""18-0088""",35.99,
"=""18-0003""",36.99,41.06
"=""18-0066""",29.99,
"=""18-0030""",32.99,
"=""18-0059""",28.99,
"=""18-0014""",30.99,
"=""18-0073""",29.99,
"=""18-0166""",29.99,
"=""18-0090""",29.99,
"=""18-0065""",36.99,41.06
"=""18-0141""",30.99,
"=""18-0165""",34.99,38.84
"=""18-0122""",28.99,
"=""18-0174""",53.99,
"=""18-0070""",29.99,
"=""18-0163""",27.99,
"=""18-0110""",27.99,
"=""18-0033""",29.99,
"=""18-0039""",30.99,
"=""18-0155""",37.99,42.17
"=""18-0067""",39.99,
"=""18-0019""",37.99,
"=""18-0123""",33.99,
"=""18-0032""",28.99,
"=""18-0136""",32.99,
"=""18-0049""",30.99,
"=""18-0015""",33.99,
"=""18-0050""",35.99,
"=""18-0185""",29.99,
"=""18-0069""",31.99,
"=""18-0126""",34.99,
"=""18-0114""",30.99,
"=""18-0113""",31.99,
"=""18-0089""",32.99,
"=""18-0115""",29.99,
"=""18-0111""",28.99,
"=""18-0013""",32.99,
"=""18-0086""",30.99,
"=""18-0124""",34.99,
"=""18-0091""",29.99,
"=""18-0061""",35.99,
"=""18-0083""",24.99,
"=""18-0081""",36.99,
"=""18-0077""",32.99,
"=""18-0036""",31.99,
"=""18-0142""",29.99,
"=""18-0173""",39.99,
"=""18-0048""",38.99,43.28
"=""18-0028""",28.99,
"=""18-0154""",29.99,
"=""18-0160""",30.99,
"=""18-0063""",29.99,
"=""18-0024""",42.99,
"=""18-0112""",24.99,
"=""18-0092""",35.99,
"=""18-0052""",31.99,
"=""18-0116""",29.99,
"=""18-0134""",28.99,
"=""18-0158""",26.99,
"=""18-0189""",36.99,
"=""18-0001""",36.99,
"=""18-0208""",35.99,
"=""18-0181""",29.99,
"=""18-0057""",28.99,
"=""18-0149""",31.99,
"=""18-0176""",27.99,
"=""18-0021""",36.99,
"=""18-0177""",34.99,
"=""18-0170""",32.99,
"=""18-0203""",32.99,
"=""18-0147""",30.99,
"=""18-0182""",30.99,
"=""18-0020""",33.99,
"=""18-0186""",31.99,
"=""18-0138""",31.99,
"=""18-0218""",31.99,
"=""18-0233""",32.99,
"=""18-0117""",31.99,
"=""18-0251""",30.99,
"=""18-0225""",29.99,
"=""18-0250""",32.99,36.62
"=""18-0238""",31.99,
"=""18-0236""",30.99,
"=""18-0223""",31.99,
"=""18-0242""",29.99,
"=""18-0274""",31.99,
"=""18-0265""",32.99,
"=""18-0273""",28.99,
"=""18-0327""",32.99,
"=""18-0353""",28.99,
"=""18-0085""",32.99,
"=""18-0127""",31.99,
"=""18-0068""",30.99,
"=""18-0169""",32.99,
"=""18-0035""",35.99,
"=""18-0361""",29.99,
"=""18-0356""",40.99,45.50
"=""18-0359""",34.99,
"=""18-0109""",28.99,
"=""18-0369""",34.99,
"=""18-0400""",30.99,
"=""18-0206""",33.99,
"=""18-0407""",30.99,
"=""18-0207""",33.99,
"=""18-0410""",29.99,
"=""18-0422""",33.99,37.73
"=""18-0466""",30.99,
"=""18-0157""",26.99,
"=""18-0007""",36.99,
"=""18-0064""",29.99,
"=""18-0104""",32.99,
"=""18-0047""",31.99,
"=""18-0184""",30.99,
"=""18-0193""",30.99,
"=""18-0199""",31.99,
"=""18-0217""",32.99,
"=""18-0200""",40.99,45.50
"=""18-0075""",30.99,
"=""18-0094""",29.99,
"=""18-0221""",29.99,
"=""18-0224""",28.99,
"=""18-0254""",32.99,
"=""18-0210""",31.99,
"=""18-0257""",30.99,
"=""18-0255""",30.99,
"=""18-0281""",28.99,
"=""18-0285""",37.99,
"=""18-0284""",34.99,
"=""18-0282""",30.99,
"=""18-0279""",32.99,
"=""18-0294""",33.99,
"=""18-0301""",36.99,
"=""18-0307""",32.99,
"=""18-0323""",30.99,
"=""18-0308""",28.99,
"=""18-0328""",30.99,
"=""18-0324""",31.99,35.51
"=""18-0040""",28.99,
"=""18-0329""",33.99,
"=""18-0133""",26.99,
"=""18-0038""",30.99,
"=""18-0342""",32.99,
"=""18-0071""",31.99,
"=""18-0074""",26.99,
"=""18-0332""",33.99,
"=""18-0153""",32.99,
"=""18-0102""",30.99,
"=""18-0338""",29.99,
"=""18-0190""",30.99,
"=""18-0076""",32.99,
"=""18-0051""",29.99,
"=""18-0022""",30.99,
"=""18-0026""",26.99,
"=""18-0180""",28.99,
"=""18-0044""",33.99,37.73
"=""18-0103""",32.99,
"=""18-0341""",33.99,
"=""18-0330""",34.99,38.84
"=""18-0140""",39.99,44.39
"=""18-0403""",30.99,
"=""18-0368""",31.99,
"=""18-0363""",30.99,
"=""18-0211""",30.99,
"=""18-0447""",34.99,
"=""18-0431""",33.99,
"=""18-0415""",29.99,
"=""18-0448""",32.99,
"=""18-0424""",28.99,
"=""18-0436""",32.99,
"=""18-0519""",33.99,
"=""18-0486""",29.99,
"=""18-0446""",34.99,
"=""18-0256""",32.99,
"=""18-0458""",33.99,
"=""18-0479""",30.99,
"=""18-0298""",34.99,
"=""18-0900""",32.99,
"=""18-1108""",32.99,
"=""18-0691""",36.99,
"=""18-0480""",36.99,41.06
"=""18-0243""",33.99,
"=""18-2105""",35.99,
"=""18-2130""",43.99,48.83
"=""18-0696""",37.99,
"=""18-0794""",34.99,
"=""18-2106""",32.99,
"=""18-2142""",36.99,
"=""18-2141""",38.99,
"=""18-2161""",28.99,
"=""18-1135""",34.99,
"=""18-1249""",32.99,
"=""18-1168""",29.99,
"=""18-0276""",30.99,
"=""18-2145""",37.99,
"=""18-2201""",32.99,
"=""18-2172""",33.99,
"=""18-2210""",34.99,
"=""18-2207""",46.99,
"=""18-2227""",33.99,
"=""18-2169""",31.99,
"=""18-0495""",31.99,
"=""18-0358""",30.99,
"=""18-2194""",31.99,35.51
"=""18-2198""",29.99,
"=""18-2249""",30.99,
"=""18-0517""",32.99,
"=""18-0373""",31.99,
"=""18-2250""",36.99,41.06
"=""18-2217""",31.99,
"=""18-0405""",31.99,
"=""18-0489""",40.99,
"=""18-0516""",32.99,
"=""18-2273""",31.99,
"=""18-2259""",38.99,
"=""18-0694""",31.99,
"=""18-2272""",42.99,47.72
"=""18-50010""",22.99,
"=""18-3457""",33.99,
"=""18-9715""",29.99,
"=""18-9000""",33.99,
"=""18-2230""",30.99,
"=""18-2266""",32.99,
"=""18-2146""",33.99,
"=""18-2163""",28.99,
"=""18-2203""",36.99,41.06
"=""18-2221""",33.99,
"=""18-2239""",31.99,
"=""18-0537""",33.99,
"=""18-2241""",36.99,
"=""18-2247""",35.99,
"=""18-2258""",26.99,
"=""18-0540""",33.99,
"=""18-2275""",31.99,
"=""18-0597""",36.99,
"=""18-2292""",30.99,
"=""18-2306""",34.99,
"=""18-2274""",29.99,
"=""18-2317""",36.99,
"=""18-2295""",34.99,
"=""18-2293""",29.99,
"=""18-2303""",36.99,
"=""18-2300""",37.99,
"=""18-5294""",34.99,
"=""18-2187""",31.99,
"=""18-5481""",31.99,
"=""18-5125""",32.99,
"=""18-3123""",31.99,
"=""18-50011""",23.99,
"=""18-2312""",41.99,
"=""18-9716""",26.99,
"=""18-5613""",24.99,
"=""18-2219""",42.99,
"=""18-2268""",31.99,
"=""18-3105""",61.99,
"=""18-2276""",23.99,
"=""18-2329""",32.99,
"=""18-2294""",31.99,
"=""18-2299""",30.99,
"=""14-2125-6GRV""",309.90,343.99
"=""FA 50348C""",105.99,117.65
"=""14-0538FD""",473.99,592.99
"=""14-3019NEW""",175.99,
"=""DS703067""",25.99,32.99
"=""IS108119""",251.99,
"=""KIT 10PC DS300002""",18.99,
"=""KIT 10PC DS300003""",26.99,
"=""KIT 10PC DS300001""",24.99,
"=""14-0342NC""",414.99,518.99
"=""DS200068""",42.99,
"=""14-0737NEW""",275.99,
"=""IS108117""",209.99,262.99
"=""BM3901""",214.99,
"=""DS200112""",37.99,42.17
"=""14-0845NEW""",190.99,
"=""14-1443NC""",294.99,368.99
"=""CN 3649PFC""",72.99,
"=""14-0595NEW""",171.90,190.81
"=""CO 4514C""",179.99,
"=""DUP0 CO 4301C""",191.99,
"=""14-DK57242NEW""",198.99,
"=""14-SD4328NEW""",205.99,
"=""14-SD4883NEW""",199.99,
"=""14-0386NEW""",241.99,
"=""CO 11107C""",240.99,
"=""14-SD7312NEW""",182.99,
"=""14-SD7170NEW""",192.99,
"=""14-1148NC""",258.99,323.99
"=""CO 29222C""",209.99,
"=""DS105240""",235.99,
"=""CO 10877C""",217.99,
"=""14-DK57242NC""",379.99,
"=""14-0959NEW""",325.99,
"=""14-SD4478NEW""",225.99,
"=""14-SD7360NC""",217.99,239.99
"=""14-SD4301NEW""",191.99,
"=""14-DK56210NC""",253.99,317.99
"=""CO 4328C""",205.99,
"=""DUP0 14-SD4769NEW""",244.99,
"=""14-SD4499NEW""",190.99,
"=""14-SD4604NEW""",310.99,
"=""14-22270NC""",623.99,
"=""14-SD7176NEW""",165.99,
"=""14-SD4302NEW""",193.99,
"=""DS104047""",217.99,
"=""14-SD4109NC""",330.99,413.99
"=""14-SD4478NC""",327.99,
"=""14-20155NC""",544.99,
"=""14-SD4509NC""",240.99,267.50
"=""CO 11301C""",212.99,
"=""CO 4637C""",211.99,
"=""14-SD4762NC""",264.99,294.14
"=""14-22270NEW""",251.99,
"=""14-SD4637NC""",336.99,421.99
"=""14-SD4698NC""",350.99,438.99
"=""14-SD4883NC""",258.99,323.99
"=""14-SD4467NC""",252.99,316.99
"=""14-SD8100NEW""",230.99,
"=""14-SD4617NC""",332.99,
"=""DS920028""",74.99,
"=""14-0424NC""",248.99,311.99
"=""OM3181""",48.99,
"=""OM9092""",56.99,
"=""OW6186""",74.99,
"=""CO 11169MC-KTC""",308.99,
"=""IS200270""",37.99,42.17
"=""DS101080""",243.99,
"=""14-SD5104NEW""",143.99,
"=""59-5002""",88.99,
"=""14-SD4175NC""",254.99,316.99
"=""14-0895NC""",472.99,591.99
"=""IS100015""",10.99,
"=""DS104013""",354.99,443.99
"=""14-0863NC""",279.99,349.99
"=""DS108057""",145.99,
"=""CN 41615PFC""",109.99,
"=""DS100220""",334.99,418.99
"=""CO 8088C""",231.99,
"=""CO 4475C""",180.99,
"=""CO 4485C""",155.99,
"=""CO 35110C""",184.99,
"=""CN 22089PFC""",213.99,
"=""CO 7819C""",177.99,
"=""CO 4672C""",172.99,
"=""CO 4547C""",272.99,
"=""CO 4700C""",207.99,
"=""CO 4739C""",216.99,
"=""CO 4489C""",223.99,
"=""CN 20032PFC""",225.99,250.85
"=""CO 9537C""",125.99,
"=""CO 7312C""",182.99,
"=""CO 4493C""",145.99,
"=""CO 7935C""",236.99,
"=""CO 4490C""",195.99,
"=""CO 4486C""",246.99,
"=""CO 11326C""",187.99,
"=""CO 10902C""",185.99,
"=""CO 4424C""",153.99,
"=""CO 4660C""",243.99,
"=""CO 7712C""",220.99,
"=""CO 4494C""",156.99,
"=""CO 4106C""",158.99,
"=""CO 4084C""",179.99,
"=""CO 4645C""",171.99,
"=""CO 11334C""",223.99,
"=""CO 4617C""",190.99,
"=""CO 4498C""",186.99,
"=""CO 29266C""",199.99,
"=""CO 04080C""",145.99,
"=""CO 5104C""",143.99,
"=""CO 4477C""",192.99,
"=""CO 4304C""",209.99,
"=""CO 11539C""",206.99,
"=""CO 11335C""",242.99,
"=""CO 8044C""",190.99,212.00
"=""CN 22152PFC""",417.99,
"=""CO 4815C""",168.99,
"=""CO 7822C""",167.99,
"=""14-0595NC""",323.99,404.99
"=""CO 101240C""",169.99,
"=""CO 4778C""",198.99,
"=""CO 4325C""",222.99,
"=""CO 4479C""",191.99,
"=""CO 4696C""",196.99,
"=""CO 9120C""",145.99,
"=""CO 4860C""",191.99,
"=""CO 4036C""",226.99,
"=""CO 29325C""",224.99,
"=""CO 4687C""",225.99,
"=""CO 4469C""",191.99,
"=""CO 4713C""",178.99,
"=""CO 4099C""",192.99,
"=""CO 4819C""",190.90,211.90
"=""CO 29242C""",232.99,
"=""CO 4850C""",225.99,
"=""CO 4019C""",197.99,
"=""CO 4663C""",189.99,
"=""CO 11409C""",175.90,195.25
"=""CO 4306C""",194.99,
"=""CO 4627C""",187.99,
"=""CO 4378C""",226.99,
"=""CO 7304C""",180.99,
"=""CO 4311C""",238.99,
"=""CO 35109C""",164.99,
"=""CO 4652C""",203.99,
"=""14-SD4769NEW""",244.99,
"=""CO 4302C""",193.99,
"=""CO 10620C""",173.99,
"=""CO 4281C""",195.99,
"=""CO 11374C""",185.99,
"=""CO 4116C""",235.99,
"=""CO 4823C""",177.99,
"=""CO 11336C""",236.99,
"=""CO 29241C""",232.99,
"=""CO 4499C""",190.99,
"=""CO 29240C""",232.99,
"=""CO 29238C""",190.90,211.90
"=""CO 4717C""",194.99,
"=""CO 4433C""",195.99,
"=""CO 4261C""",160.99,
"=""CO 4384C""",191.99,
"=""CO 4626C""",180.99,
"=""CO 4468C""",310.99,
"=""CO 4434C""",231.99,
"=""CO 4488C""",186.99,
"=""CO 4467C""",254.99,
"=""CO 4883C""",199.99,
"=""CO 4492C""",205.99,
"=""CO 22014C""",196.99,
"=""CO 4698C""",199.99,
"=""CO 4497C""",193.99,
"=""CO 4666C""",193.99,
"=""CN 22143PFC""",267.99,
"=""CO 4803C""",218.99,
"=""CO 4407C""",196.99,
"=""CO 4541C""",233.99,
"=""CO 10736C""",154.99,
"=""CO 4098C""",233.99,
"=""CO 21009C""",196.99,
"=""CO 11435C""",190.99,
"=""CO 4585C""",173.99,
"=""CO 11436C""",254.99,
"=""CO 10927C""",203.99,
"=""CO 11182C""",199.99,
"=""CO 22013C""",233.99,
"=""CO 22019C""",204.99,
"=""CO 10768C""",212.99,
"=""CO 10904C""",196.99,
"=""CO 4538C""",273.99,
"=""CO 11224C""",195.99,
"=""CO 10926C""",199.99,240.00
"=""CO 22030C""",169.99,
"=""CO 30006C""",213.99,
"=""CO 11404C""",238.99,
"=""CO 29154C""",226.99,
"=""CO 22008C""",230.99,
"=""CO 4108C""",214.99,
"=""CO 29071C""",248.99,
"=""CO 58114C""",245.99,
"=""CO 11200C""",145.99,
"=""CO 29259C""",247.99,
"=""CO 22157C""",270.99,
"=""CO 11287C""",277.99,
"=""CO 29303C""",219.99,
"=""CO 11360C""",286.99,
"=""CO 30009C""",236.99,
"=""CO 29045C""",170.99,205.00
"=""CO 11187C""",246.99,
"=""CO 29297C""",223.99,
"=""CO 10791C""",268.99,
"=""CO 11153C""",258.99,
"=""CO 22259C""",246.99,
"=""CO 11113C""",196.99,218.66
"=""CO 29254C""",282.99,
"=""CO 10576C""",237.99,
"=""CO 22227C""",253.99,
"=""CO 22274C""",245.99,273.05
"=""CO 29124C""",168.99,
"=""CO 29316C""",230.99,
"=""CO 4816C""",176.99,
"=""CO 11266C""",219.99,
"=""CO 29065C""",286.99,
"=""CO 11584C""",240.99,289.00
"=""CO 105111C""",262.99,
"=""CO 29313C""",366.99,
"=""CO 10868C""",241.99,
"=""CO 29070C""",235.99,
"=""CO 30012C""",253.99,
"=""CO 11237C""",267.99,
"=""CO 11590C""",195.99,
"=""CO 11323C""",170.99,
"=""CO 11210C""",199.99,
"=""CO 11023C""",209.99,252.00
"=""CO 29190C""",285.99,
"=""CO 29141C""",310.99,
"=""CO 9777C""",185.99,229.00
"=""CO 29260C""",248.99,
"=""CO 29072C""",178.99,
"=""CO 10925C""",175.99,240.00
"=""CO 11297C""",253.99,
"=""CO 11385C""",272.99,
"=""CO 29042C""",219.99,
"=""CO 11267C""",267.99,
"=""CO 29160C""",282.99,
"=""CO 11231C""",240.99,
"=""CO 11034C""",185.90,206.35
"=""CO 11049C""",243.99,
"=""CO 35114C""",229.99,
"=""CO 20765C""",185.99,
"=""CO 11218C""",195.99,
"=""CO 20759C""",195.99,
"=""CO 29134C""",175.99,211.00
"=""CO 29159C""",278.99,
"=""CO 29168C""",220.99,265.00
"=""CO 29193C""",199.99,240.00
"=""CO 29262C""",293.99,
"=""CO 29194C""",274.99,
"=""CO 11149C""",311.99,
"=""CO 11490C""",342.99,
"=""CO 29230C""",306.99,
"=""CO 29331C""",310.99,
"=""CO 11480C""",230.99,
"=""CO 11289C""",199.99,
"=""CO 0073C""",245.99,
"=""CO 29066C""",305.99,
"=""CO 29261C""",190.99,
"=""CO 0076C""",288.99,
"=""CO 9781C""",302.99,
"=""CO 11222C""",275.99,
"=""CO 29206C""",273.99,
"=""CO 29322C""",318.99,
"=""CO 0078C""",235.99,
"=""CO 29073C""",209.99,252.00
"=""CO 0042C""",309.99,
"=""CO 0074C""",309.90,343.99
"=""CO 11362C""",376.99,
"=""CO 29037C""",332.99,
"=""CO 11230C""",175.99,
"=""CO 29108C""",324.99,
"=""CO 29135C""",275.99,
"=""CO 11248C""",243.99,
"=""CO 29185C""",295.99,
"=""CO 30020C""",175.99,
"=""CO 29255C""",220.99,265.00
"=""CO 29218C""",325.99,
"=""CO 11493C""",340.99,
"=""CO 11294C""",209.99,
"=""CO 29103C""",158.99,
"=""CO 11381C""",179.99,199.99
"=""CO 29076C""",310.99,
"=""CO 11303C""",190.99,
"=""CO 30005C""",335.99,
"=""CO 11375C""",240.99,289.00
"=""CO 29315C""",321.99,
"=""CO 29199C""",338.99,
"=""CO 29250C""",245.99,295.00
"=""CO 11253C""",352.99,
"=""CO 11420C""",344.99,
"=""CN 3594PFC""",80.99,
"=""CN 4929PFC""",75.99,84.35
"=""CO 11279C""",304.99,
"=""CO 11503C""",265.99,
"=""CO 11509C""",375.99,
"=""CO 29232C""",229.99,
"=""CO 11036C""",319.99,
"=""CO 29115C""",361.99,
"=""CO 29327C""",359.99,
"=""CO 11157C""",374.99,
"=""CO 11407C""",361.99,
"=""CO 11510C""",359.99,
"=""CO 10508C""",298.99,
"=""CO 11428C""",269.99,
"=""CN 22155PFC""",117.99,
"=""CO 29324C""",170.99,189.99
"=""CO 20758C""",199.99,240.00
"=""CO 29169C""",220.99,265.00
"=""CN 3300PFC""",85.99,95.45
"=""CN 41000PFC""",94.99,105.44
"=""CN 22130PFC""",97.99,
"=""CN 40401PFC""",77.99,
"=""CN 4682PFC""",52.99,
"=""CN 3082PFC""",77.99,
"=""CN 4839PFC""",76.99,
"=""CN 4933PFC""",89.99,
"=""CN 3048PFC""",105.99,117.65
"=""CN 3378PFC""",93.99,104.33
"=""CN 30050PFC""",68.99,
"=""CN 30062PFC""",82.99,
"=""CN 22153PFC""",104.99,
"=""CN 4932PFC""",88.99,
"=""CN 22132PFC""",133.99,
"=""CN 4879PFC""",90.99,101.00
"=""CN 4826PFC""",96.99,
"=""CN 30058PFC""",92.99,103.22
"=""CN 30026PFC""",77.99,
"=""CN 3754PFC""",108.99,
"=""CN 3462PFC""",74.99,83.24
"=""CN 30027PFC""",82.99,
"=""CN 4063PFC""",78.99,
"=""CN 22157PFC""",116.99,
"=""CN 3593PFC""",80.99,89.90
"=""CN 4658PFC""",83.99,93.23
"=""CN 30102PFC""",84.99,94.34
"=""CN 4956PFC""",119.99,133.19
"=""CN 22005PFC""",148.99,
"=""CN 30033PFC""",85.99,
"=""CN 40560PFC""",90.99,101.00
"=""CN 3390PFC""",78.99,
"=""CN 30057PFC""",81.99,
"=""CN 4758PFC""",83.99,
"=""CN 20048PFC""",129.99,
"=""CN 4688PFC""",89.99,99.90
"=""CN 4569PFC""",108.99,120.98
"=""CN 4246PFC""",73.99,
"=""CN 4250PFC""",98.99,109.88
"=""CN 3098PFC""",132.99,147.62
"=""CN 22119PFC""",128.99,
"=""CN 30065PFC""",85.99,
"=""CN 30037PFC""",84.99,94.34
"=""CN 3699PFC""",74.99,
"=""CN 3664PFC""",86.90,96.46
"=""CN 4935PFC""",87.99,
"=""CN 30008PFC""",64.99,72.14
"=""CN 3965PFC""",76.99,
"=""CN 30094PFC""",88.99,
"=""CN 30042PFC""",86.99,
"=""CN 30025PFC""",70.99,
"=""CN 3493PFC""",83.99,
"=""CN 41610PFC""",98.99,
"=""CN 4997PFC""",94.99,
"=""CN 30088PFC""",89.99,97.99
"=""CN 4321PFC""",92.99,96.99
"=""CN 3682PFC""",93.99,
"=""CN 4441PFC""",79.99,
"=""CN 3258PFC""",88.99,
"=""CN 30019PFC""",96.99,107.66
"=""CN 3481PFC""",111.99,124.31
"=""CN 4857PFC""",134.99,149.84
"=""CN 3073PFC""",88.99,
"=""CN 22018PFC""",155.99,
"=""CN 30063PFC""",83.99,
"=""CN 20049PFC""",136.99,
"=""CN 4756PFC""",126.99,
"=""CN 4565PFC""",125.99,139.85
"=""CN 4738PFC""",89.99,
"=""CN 22014PFC""",143.99,
"=""CN 22001PFC""",155.99,
"=""CN 4914PFC""",82.99,
"=""CN 3657PFC""",91.99,
"=""CN 22128PFC""",149.99,166.49
"=""CN 30010PFC""",99.99,
"=""CN 20050PFC""",147.99,
"=""CN 4120PFC""",110.99,123.20
"=""CN 22122PFC""",178.99,
"=""CN 22024PFC""",110.99,
"=""CN 30031PFC""",96.99,
"=""CN 3087PFC""",126.99,
"=""CN 3778PFC""",143.99,159.83
"=""CN 3749PFC""",117.99,130.97
"=""CN 4961PFC""",88.99,
"=""CN 30072PFC""",98.99,109.88
"=""CN 3878PFC""",104.99,
"=""CN 3864PFC""",76.99,
"=""CN 4462PFC""",96.99,107.66
"=""CN 4724PFC""",90.99,
"=""CN 4233PFC""",93.99,
"=""CN 4487PFC""",95.99,106.55
"=""CN 22008PFC""",140.99,
"=""CN 30089PFC""",89.99,
"=""CN 20035PFC""",158.99,
"=""CN 40740PFC""",155.99,173.15
"=""CN 3872PFC""",113.99,126.53
"=""CN 4310PFC""",154.99,
"=""CN 4620PFC""",85.99,
"=""CN 4438PFC""",85.99,95.45
"=""CN 30015PFC""",85.99,
"=""CN 4526PFC""",77.99,
"=""CN 30079PFC""",94.99,105.44
"=""CN 30099PFC""",77.99,86.57
"=""CN 4435PFC""",112.99,
"=""CN 3987PFC""",78.99,
"=""CN 22123PFC""",145.99,
"=""CN 22162PFC""",116.99,
"=""CN 30038PFC""",93.99,
"=""CN 22044PFC""",118.99,
"=""CN 3331PFC""",106.99,118.76
"=""CN 4402PFC""",88.99,
"=""CN 3902PFC""",100.99,112.10
"=""CN 30016PFC""",101.99,113.21
"=""CN 22088PFC""",165.99,
"=""CN 30036PFC""",98.99,
"=""CN 3947PFC""",121.99,135.41
"=""CN 4423PFC""",87.99,
"=""CN 4740PFC""",104.99,116.54
"=""CN 4240PFC""",108.99,120.98
"=""CN 3081PFC""",121.99,135.41
"=""CN 30113PFC""",101.99,113.21
"=""CN 30054PFC""",97.99,99.99
"=""CN 3880PFC""",96.99,
"=""CN 22006PFC""",164.99,
"=""CN 4445PFC""",83.99,
"=""CN 22068PFC""",96.99,
"=""CN 3423PFC""",121.99,
"=""CN 30101PFC""",97.99,
"=""CN 30047PFC""",97.99,108.77
"=""CN 4436PFC""",95.99,
"=""CN 30014PFC""",99.99,
"=""CN 4536PFC""",95.99,
"=""CN 22151PFC""",155.99,
"=""CN 30020PFC""",101.99,113.21
"=""CN 22300PFC""",90.99,101.00
"=""CN 30084PFC""",93.99,
"=""CN 22047PFC""",89.99,
"=""CN 4299PFC""",93.99,
"=""CN 4891PFC""",82.99,92.12
"=""CN 4644PFC""",158.99,
"=""CN 22079PFC""",120.99,
"=""CN 30005PFC""",105.99,
"=""CN 22051PFC""",170.99,
"=""CN 30105PFC""",104.99,
"=""CN 30064PFC""",84.99,
"=""CN 30082PFC""",112.99,
"=""DS545012""",79.99,
"=""CN 30003PFC""",92.99,
"=""CN 30051PFC""",92.99,103.22
"=""CN 4516PFC""",99.99,
"=""CN 30108PFC""",89.99,99.89
"=""CN 22039PFC""",108.99,
"=""CN 30017PFC""",93.99,
"=""CN 4739PFC""",90.99,
"=""CN 40702PFC""",98.99,
"=""CN 22103PFC""",111.99,
"=""CN 40731PFC""",102.99,
"=""CN 4306PFC""",134.99,
"=""CN 30028PFC""",100.99,
"=""CN 4389PFC""",96.99,107.66
"=""CN 4313PFC""",89.99,
"=""CN 22066PFC""",149.99,
"=""CN 3618PFC""",87.99,
"=""CN 40703PFC""",116.99,129.86
"=""CN 4689PFC""",87.99,
"=""CN 4369PFC""",80.99,
"=""CN 4284PFC""",113.99,
"=""CN 20028PFC""",162.99,
"=""CN 3581PFC""",97.99,
"=""CN 20041PFC""",169.99,
"=""CN 22167PFC""",171.99,
"=""CN 30029PFC""",90.99,101.00
"=""CN 4893PFC""",104.99,116.54
"=""CN 4448PFC""",104.99,
"=""CN 22054PFC""",110.99,
"=""CN 22080PFC""",127.99,
"=""CN 30006PFC""",118.90,131.98
"=""CN 22097PFC""",175.99,
"=""CN 30125PFC""",98.99,102.99
"=""CN 41414PFC""",107.99,
"=""CN 4298PFC""",112.99,125.42
"=""CN 4421PFC""",125.99,136.99
"=""CN 4392PFC""",125.99,139.85
"=""CN 20054PFC""",213.99,
"=""CO 4646C""",169.99,
"=""CN 30022PFC""",78.99,
"=""CN 4238PFC""",121.99,
"=""CO 8067C""",193.99,
"=""CN 20055PFC""",298.99,
"=""CN 22303PFC""",155.99,
"=""CN 30066PFC""",92.99,103.22
"=""CN 30091PFC""",108.99,120.98
"=""CN 30049PFC""",81.99,
"=""CN 30073PFC""",87.99,97.67
"=""CN 30092PFC""",83.99,93.23
"=""CN 3994PFC""",84.99,
"=""CO 10873C""",260.99,
"=""CN 30096PFC""",74.99,
"=""CN 30097PFC""",111.99,
"=""CO 11021C""",238.99,
"=""CN 30116PFC""",90.99,
"=""CN 30131PFC""",75.99,
"=""CO 11440C""",220.99,265.00
"=""CO 11403C""",254.99,
"=""CO 11483C""",267.99,
"=""CO 11442C""",303.99,
"=""CO 11482C""",309.99,
"=""CO 29126C""",185.99,
"=""CO 11578C""",293.99,
"=""CO 29219C""",330.99,
"=""CO 29339C""",267.99,
"=""CO 11534C""",325.99,
"=""CO 4030C""",250.99,
"=""CO 29258C""",331.99,
"=""CO 29252C""",340.99,
"=""CO 45120C""",250.99,
"=""CO 29341C""",255.99,
"=""CO 29337C""",157.99,175.99
"=""DS510112""",99.99,110.99
"=""DS675025""",399.99,
"=""IS676419""",76.99,99.99
"=""DS675001""",85.99,
"=""CN 4326PFC""",80.99,
"=""DS104107""",308.99,
"=""14-2125-8GRV""",309.99,
"=""EX 9776C""",35.99,
"=""IS108196""",215.99,245.99
"=""DS100104""",637.99,797.99
"=""KIT DS105100 + DS200052 + 18-0309""",299.99,399.99
"=""14-1840NC""",212.99,266.99
"=""DS200066""",43.99,48.83
"=""EV 9409188C""",293.99,326.33
"=""EV 940101PFC""",147.99,
"=""IS135059""",178.99,
"=""24420""",391.99,435.11
"=""14-0804NEW""",297.99,
"=""KIT DS102077 + DS540047""",317.99,352.97
"=""E8607M""",63.99,
"=""DS100222""",272.99,341.99
"=""IS135060""",33.99,
"=""BM 00124C""",71.99,
"=""IS676432""",54.99,
"=""IS135062""",38.99,
"=""DS725122""",80.99,
"=""DS676394""",120.99,151.99
"=""EV 939987PFC""",81.99,91.01
"=""59-0516""",81.99,91.01
"=""RA 13221C""",101.99,113.21
"=""DS555001""",25.99,
"=""HT 2029C""",141.99,157.61
"=""DS150008""",35.99,
"=""FA 50185C""",114.99,127.64
"=""DS800125""",250.00,
"=""DS105127""",223.99,274.99
"=""FA 50349C""",279.99,
"=""14-0729NIP""",344.99,431.99
"=""DS105195""",158.99,
"=""CN 4761PFC""",90.99,
"=""G4761S""",90.99,
"=""AC4761""",90.99,
"=""DS100184""",90.99,
"=""IS135064""",44.99,
"=""CN 22116PFC""",84.99,
"=""IS404031""",30.99,
"=""DS345025""",9.99,
"=""DS345016""",9.99,
"=""DS134008""",28.99,
"=""DS102180""",199.99,240.00
"=""14-SD1697NC""",238.99,268.99
"=""DS108035""",178.99,
"=""IS100051""",19.99,
"=""CN 40945PFC""",86.99,118.99
"=""14-SD4039NC""",202.99,253.99
"=""CO 29209C""",220.99,265.00
"=""DS302005""",20.99,
"=""CN 4627PFC""",87.99,
"=""DS345020""",19.99,
"=""CO 29119C""",219.99,264.00
"=""14-0018NEW""",165.99,
"=""14-0102NEW""",213.99,
"=""14-0114NEW""",289.99,
"=""14-0164NEW""",204.99,
"=""14-0296NEW""",184.99,
"=""14-0078NEW""",269.99,
"=""14-0328NEW""",196.99,218.66
"=""14-0040NEW""",151.99,
"=""14-0171NEW""",207.99,
"=""14-0212NEW""",344.99,
"=""14-0291NEW""",211.99,
"=""14-0233NEW""",274.99,
"=""14-0370NEW""",223.99,
"=""14-0055NEW""",160.99,
"=""14-0002NEW""",242.99,
"=""14-0071NEW""",205.99,
"=""14-0026NEW""",232.99,
"=""14-0217NEW""",196.99,
"=""14-0050NEW""",173.99,
"=""14-0241NEW""",154.99,
"=""CO 21014C""",210.99,
"=""14-0247NEW""",223.99,
"=""14-0090NEW""",208.99,
"=""14-0015NEW""",212.99,
"=""14-0250NEW""",134.90,149.74
"=""14-0097NEW""",233.99,
"=""14-0186NEW""",226.99,
"=""14-0177NEW""",231.99,
"=""14-0199NEW""",175.99,
"=""14-0044NEW""",239.99,
"=""14-0261NEW""",292.99,
"=""14-0096NEW""",212.99,
"=""14-0141NEW""",215.99,
"=""14-0043NEW""",217.99,
"=""14-0137NEW""",219.99,
"=""14-0008NEW""",199.99,
"=""14-0024NEW""",228.99,
"=""14-0045NEW""",239.99,
"=""14-0204NEW""",179.99,
"=""14-0218NEW""",242.99,
"=""14-0087NEW""",214.99,
"=""14-0029NEW""",200.99,
"=""14-0089NEW""",226.99,
"=""14-0169NEW""",193.99,
"=""14-0293NEW""",351.99,
"=""14-0088NEW""",285.99,
"=""14-0251NEW""",168.99,
"=""14-0303NEW""",228.99,
"=""14-0161NEW""",210.99,
"=""14-0289NEW""",239.99,
"=""14-0239NEW""",297.99,
"=""14-0273NEW""",213.99,
"=""14-0248NEW""",199.99,
"=""14-0245NEW""",220.99,265.00
"=""14-0255NEW""",199.99,
"=""14-0298NEW""",224.99,
"=""14-0067NEW""",227.99,
"=""14-0319NEW""",199.99,240.00
"=""14-0324NEW""",195.99,
"=""14-0201NEW""",245.99,
"=""14-0327NEW""",297.99,
"=""14-0326NEW""",205.99,
"=""14-0023NEW""",198.99,
"=""14-0025NEW""",223.99,
"=""14-0268NEW""",220.99,
"=""14-0344NEW""",260.99,
"=""14-0064NEW""",234.99,
"=""14-0139NEW""",262.99,
"=""14-0019NEW""",168.99,
"=""14-0014NEW""",221.99,221.99
"=""14-0068NEW""",190.99,
"=""14-0072NEW""",168.99,
"=""14-0142NEW""",238.99,
"=""14-0157NEW""",214.99,
"=""14-0065NEW""",237.99,
"=""14-0166NEW""",233.99,
"=""14-0184NEW""",252.99,
"=""14-0129NEW""",182.99,
"=""14-0242NEW""",192.99,
"=""14-0337NEW""",325.99,
"=""14-0074NEW""",215.99,
"=""14-0049NEW""",216.99,
"=""14-0350NEW""",243.99,
"=""14-0189NEW""",224.99,
"=""14-0160NEW""",232.99,
"=""14-0354NEW""",254.99,
"=""14-0284NEW""",217.99,
"=""14-0034NEW""",192.99,
"=""14-0263NEW""",153.99,
"=""14-0149NEW""",280.99,
"=""14-0022NEW""",199.99,
"=""14-0287NEW""",250.99,
"=""14-0041NEW""",200.99,
"=""14-0162NEW""",259.99,
"=""14-0154NEW""",200.99,
"=""14-0135NEW""",219.99,
"=""14-0170NEW""",268.99,
"=""14-0216NEW""",241.99,
"=""14-0104NEW""",275.99,
"=""14-0163NEW""",185.90,206.35
"=""14-0180NEW""",203.99,
"=""14-0226NEW""",278.99,
"=""14-0103NEW""",276.99,
"=""14-0301NEW""",210.99,
"=""14-0194NEW""",291.99,
"=""14-0256NEW""",191.99,
"=""14-0286NEW""",240.99,
"=""14-0282NEW""",282.99,
"=""14-0307NEW""",236.99,
"=""14-0283NEW""",267.99,
"=""14-0193NEW""",199.99,
"=""14-0361NEW""",229.99,
"=""14-0280NEW""",257.99,
"=""14-0367NEW""",186.99,
"=""14-0325NEW""",366.99,
"=""14-0322NEW""",327.99,
"=""14-0378NEW""",165.99,
"=""14-0092NEW""",158.99,
"=""14-0331NEW""",214.99,
"=""14-0338NEW""",332.99,
"=""14-0392NEW""",231.99,
"=""14-0349NEW""",263.99,
"=""14-0407NEW""",278.99,
"=""14-0404NEW""",196.99,
"=""14-0364NEW""",229.99,
"=""14-0347NEW""",201.99,
"=""14-0365NEW""",193.99,
"=""14-0410NEW""",199.99,
"=""14-0438NEW""",252.99,
"=""14-0381NEW""",260.99,
"=""14-0377NEW""",257.99,
"=""14-0448NEW""",178.99,
"=""14-0450NEW""",253.99,
"=""14-0466NEW""",199.99,240.00
"=""14-0395NEW""",300.99,
"=""14-0416NEW""",346.99,
"=""14-0420NEW""",318.99,
"=""14-0575NEW""",416.99,
"=""14-0472NEW""",273.99,
"=""14-0425NEW""",267.99,
"=""14-0433NEW""",233.99,
"=""14-0583NEW""",229.99,
"=""14-0533NEW""",220.99,
"=""14-0437NEW""",229.99,
"=""14-0426NEW""",207.99,
"=""14-0444NEW""",195.99,
"=""14-0443NEW""",235.99,
"=""14-0538NEW""",185.99,
"=""14-0580NEW""",230.99,277.00
"=""14-0394NEW""",252.99,
"=""14-0592NEW""",336.99,
"=""14-0601NEW""",308.99,
"=""14-0611NEW""",175.99,240.00
"=""14-0596NEW""",145.99,
"=""14-0464NEW""",203.99,
"=""14-0467NEW""",209.99,
"=""14-0587NEW""",175.99,211.00
"=""14-0445NEW""",271.99,
"=""14-0656NEW""",314.99,
"=""14-0620NEW""",348.99,
"=""14-0632NEW""",264.99,
"=""14-0661NEW""",260.99,
"=""14-0581NEW""",219.99,264.00
"=""14-0705NEW""",239.99,
"=""14-0910NEW""",195.99,
"=""14-0427NEW""",207.99,
"=""14-0508NEW""",318.99,
"=""14-0638NEW""",197.99,
"=""14-0500NEW""",199.99,
"=""14-0531NEW""",218.99,
"=""14-0662NEW""",214.99,
"=""14-0663NEW""",237.99,
"=""14-0659NEW""",220.99,265.00
"=""14-0664NEW""",240.99,
"=""14-0482NEW""",195.99,240.00
"=""14-0683NEW""",249.99,
"=""14-0673NEW""",231.99,
"=""14-0682NEW""",242.99,
"=""14-0619NEW""",289.99,
"=""14-0723NEW""",281.99,
"=""14-0609NEW""",304.99,
"=""14-0710NEW""",286.99,
"=""14-0692NEW""",199.99,
"=""14-0643NEW""",349.99,
"=""14-0762NEW""",263.99,
"=""14-0650NEW""",229.99,
"=""14-0738NEW""",272.99,
"=""14-0770NEW""",293.99,
"=""14-0763NEW""",181.99,
"=""14-0782NEW""",165.99,
"=""14-0689NEW""",523.99,
"=""14-0820NEW""",289.99,
"=""14-0818NEW""",304.99,
"=""14-0690NEW""",352.99,
"=""14-0822NEW""",266.99,
"=""14-0769NEW""",199.99,
"=""14-0866NEW""",265.99,319.00
"=""14-0863NEW""",145.99,
"=""14-0728NEW""",209.99,
"=""14-0873NEW""",328.99,
"=""14-0864NEW""",283.99,
"=""14-0776NEW""",310.99,
"=""14-0799NEW""",305.99,
"=""14-0893NEW""",219.99,
"=""14-0784NEW""",207.99,
"=""14-0918NEW""",209.99,252.00
"=""14-0837NEW""",199.99,
"=""14-0810NEW""",274.99,
"=""14-0819NEW""",271.99,
"=""14-0838NEW""",264.99,
"=""14-0956NEW""",316.99,
"=""14-0875NEW""",250.99,
"=""14-0941NEW""",207.99,
"=""14-0952NEW""",301.99,
"=""14-0853NEW""",300.99,
"=""14-0903NEW""",256.99,
"=""14-0879NEW""",185.99,229.00
"=""14-1005NEW""",324.99,
"=""CO 4920AC""",197.99,
"=""14-0897NEW""",239.99,
"=""14-0921NEW""",264.99,
"=""14-0919NEW""",199.99,240.00
"=""14-1012NEW""",206.99,
"=""14-1052NEW""",245.99,295.00
"=""14-0930NEW""",170.99,205.00
"=""14-0922NEW""",239.99,
"=""14-1053NEW""",250.99,
"=""14-0926NEW""",310.99,
"=""14-0929NEW""",269.99,
"=""14-0923NEW""",304.99,
"=""14-1068NEW""",260.99,
"=""14-1073NEW""",282.99,
"=""14-1151NEW""",273.99,
"=""14-0978NEW""",304.99,
"=""14-1022NEW""",239.99,
"=""14-1178NEW""",332.99,
"=""14-1222NEW""",224.99,
"=""14-1025NEW""",251.99,
"=""14-1226NEW""",168.99,
"=""14-1027NEW""",286.99,
"=""14-1063NEW""",283.99,
"=""14-1070NEW""",175.99,
"=""14-1900NEW""",254.99,
"=""14-1343NEW""",359.99,
"=""14-20177NEW""",195.99,
"=""14-20051NEW""",205.99,
"=""14-1332NEW""",185.99,
"=""14-20452NEW""",225.99,
"=""14-1004NEW""",145.99,
"=""14-1236NEW""",245.99,
"=""14-1015NEW""",248.99,
"=""14-1114NEW""",199.99,
"=""14-20069NEW""",226.99,
"=""14-1227NEW""",238.99,
"=""14-20073NEW""",238.99,
"=""14-1242NEW""",220.99,265.00
"=""14-20080NEW""",227.99,
"=""14-20120NEW""",218.99,
"=""14-20113NEW""",226.99,
"=""14-20144NEW""",196.99,
"=""14-1272NEW""",338.99,
"=""14-1308NEW""",285.99,
"=""14-1611NEW""",220.99,
"=""14-20034NEW""",193.99,
"=""14-1767NEW""",257.99,
"=""14-20215NEW""",232.99,
"=""14-20178NEW""",191.99,
"=""14-20193NEW""",226.99,
"=""14-1951NEW""",366.99,
"=""14-20109NEW""",194.99,
"=""14-20316NEW""",154.99,
"=""14-20236NEW""",246.99,
"=""14-20076NEW""",229.99,
"=""14-20122NEW""",211.99,
"=""14-20335NEW""",189.99,
"=""14-20110NEW""",224.99,
"=""14-20453NEW""",212.99,
"=""14-20145NEW""",191.99,
"=""14-20179NEW""",175.99,195.35
"=""14-20541NEW""",207.99,
"=""14-20151NEW""",168.99,
"=""14-20455NEW""",209.99,
"=""14-20746NEW""",224.99,
"=""14-20210NEW""",203.99,
"=""14-20208NEW""",196.99,
"=""14-20731NEW""",202.99,
"=""14-20751NEW""",241.99,
"=""14-20412NEW""",229.99,
"=""14-21127NEW""",145.99,
"=""14-20343NEW""",226.99,
"=""14-21133NEW""",276.99,
"=""14-20744NEW""",227.99,
"=""14-21179NEW""",210.99,
"=""14-21136NEW""",273.99,
"=""14-20347NEW""",224.99,
"=""14-20446NEW""",195.99,235.00
"=""14-21176NEW""",264.99,
"=""14-21183NEW""",272.99,
"=""14-21193NEW""",219.99,
"=""14-20447NEW""",160.99,
"=""14-21583NEW""",209.99,252.00
"=""14-21225NEW""",239.99,
"=""14-20449NEW""",224.99,
"=""14-21222NEW""",244.99,
"=""14-21470NEW""",285.99,
"=""14-21468NEW""",257.99,
"=""14-21625NEW""",223.99,
"=""14-20456NEW""",212.99,
"=""14-20730NEW""",217.99,
"=""14-20741NEW""",209.99,252.00
"=""14-21579NEW""",226.99,
"=""14-21178NEW""",194.99,
"=""14-21744NEW""",299.99,
"=""14-20754NEW""",283.99,
"=""14-22187NEW""",232.99,
"=""14-21578NEW""",170.99,
"=""14-2316NEW""",236.99,
"=""14-21517NEW""",328.99,
"=""14-21471NEW""",260.99,
"=""14-22180NEW""",200.99,
"=""14-22258NEW""",199.99,
"=""14-22303NEW""",304.99,
"=""14-2460NEW""",183.99,
"=""14-2545NEW""",201.99,
"=""14-21731NEW""",228.99,
"=""14-22147NEW""",313.99,
"=""14-22146NEW""",227.99,
"=""14-22188NEW""",230.99,
"=""14-21589NEW""",285.99,
"=""14-2551NEW""",138.99,154.28
"=""14-2398NEW""",238.99,
"=""14-2546NEW""",223.99,
"=""14-2569NEW""",194.99,
"=""14-2634NEW""",361.99,
"=""14-2678NEW""",178.90,198.58
"=""14-2554NEW""",213.99,
"=""14-2553NEW""",271.99,
"=""14-2236NEW""",194.99,
"=""14-2648NEW""",193.99,
"=""14-22212NEW""",298.99,
"=""14-2700NEW""",272.99,
"=""14-22211NEW""",227.99,
"=""14-2728NEW""",204.99,
"=""14-2734NEW""",163.99,
"=""14-22286NEW""",220.99,265.00
"=""14-2702NEW""",238.99,
"=""14-2782NEW""",224.99,
"=""14-2547NEW""",235.99,
"=""14-2797NEW""",249.99,
"=""14-2815NEW""",201.99,
"=""14-2787NEW""",207.99,
"=""14-2552NEW""",286.99,
"=""14-2805NEW""",268.99,
"=""14-2817NEW""",180.99,
"=""14-2827NEW""",249.99,
"=""14-2724NEW""",248.99,
"=""14-2826NEW""",245.99,
"=""14-2701NEW""",197.99,
"=""14-2781NEW""",208.99,
"=""14-2895NEW""",202.99,
"=""14-29120NEW""",205.99,
"=""14-2894NEW""",200.99,
"=""14-2897NEW""",173.99,
"=""14-2735NEW""",164.99,
"=""14-2986NEW""",262.99,
"=""14-2950NEW""",246.99,
"=""14-3014NEW""",358.99,
"=""14-2969NEW""",188.99,
"=""14-2783NEW""",229.99,
"=""14-2888NEW""",183.99,
"=""14-2883NEW""",263.99,
"=""14-3021NEW""",236.99,
"=""14-3023NEW""",161.99,
"=""14-3025NEW""",160.99,
"=""14-3024NEW""",155.99,
"=""14-3020NEW""",249.99,
"=""14-3022NEW""",155.99,
"=""14-2889NEW""",256.99,
"=""14-2901NEW""",224.99,
"=""14-2898NEW""",182.99,
"=""14-3138NEW""",262.99,
"=""14-3033NEW""",155.99,
"=""14-2953NEW""",258.99,
"=""14-2955NEW""",263.99,
"=""14-3115NEW""",191.99,
"=""14-3010NEW""",204.99,
"=""14-2962NEW""",237.99,
"=""14-3106NEW""",226.99,
"=""14-3011NEW""",215.99,
"=""14-3301NEW""",245.99,
"=""14-3018NEW""",232.99,
"=""14-3205NEW""",322.99,
"=""14-3552NEW""",196.99,
"=""14-3030NEW""",167.99,
"=""14-3027NEW""",165.99,
"=""14-3581NEW""",168.99,
"=""14-3029NEW""",164.99,
"=""14-3548NEW""",168.99,
"=""14-3034NEW""",159.99,
"=""14-3567NEW""",160.99,
"=""14-3114NEW""",192.99,
"=""14-3569NEW""",123.90,137.53
"=""14-3580NEW""",169.99,
"=""14-4003NEW""",205.99,
"=""14-3167NEW""",264.99,
"=""14-3141NEW""",197.99,
"=""14-3704NEW""",240.99,
"=""14-3131NEW""",196.99,
"=""14-4005NEW""",184.90,205.24
"=""14-4018NEW""",286.99,
"=""14-4020NEW""",321.99,
"=""14-4472NEW""",244.99,
"=""14-4462NEW""",172.99,
"=""14-3026NEW""",155.99,
"=""14-3535NEW""",166.99,
"=""14-3555NEW""",205.99,
"=""14-3712NEW""",219.99,
"=""14-4011NEW""",382.99,
"=""14-3547NEW""",164.99,
"=""14-3568NEW""",163.99,
"=""14-4016NEW""",219.99,
"=""14-4014NEW""",204.99,
"=""14-3583NEW""",209.99,
"=""14-4131NEW""",206.99,
"=""14-4465NEW""",156.99,
"=""14-4464NEW""",175.99,
"=""14-3653NEW""",203.99,
"=""14-4028NEW""",205.99,
"=""14-4466NEW""",184.99,
"=""14-4000NEW""",318.99,
"=""14-3787NEW""",310.99,
"=""14-3659NEW""",252.99,
"=""14-4004NEW""",211.99,
"=""14-4467NEW""",253.99,
"=""14-4471NEW""",208.99,
"=""14-4009NEW""",269.99,
"=""14-4013NEW""",257.99,
"=""14-4474NEW""",293.99,
"=""14-4015NEW""",265.99,
"=""14-4008NEW""",168.99,
"=""14-4023NEW""",224.99,
"=""14-4030NEW""",212.99,
"=""14-4024NEW""",249.99,
"=""14-5068NEW""",316.99,
"=""14-5794NEW""",309.99,309.99
"=""14-4463NEW""",164.99,
"=""14-DK56011NEW""",239.99,
"=""14-5044NEW""",207.99,
"=""14-DK46540NEW""",689.99,
"=""14-8000NEW""",610.99,
"=""14-7004NEW""",178.99,
"=""14-DK56222NEW""",249.99,
"=""14-7002NEW""",190.99,
"=""14-9514NEW""",245.99,
"=""14-DK57240NEW""",275.99,
"=""14-SD1733NEW""",178.99,
"=""14-SD3451NEW""",239.99,
"=""14-SD3450NEW""",216.99,
"=""14-SD4308NEW""",203.99,
"=""14-DK57245NEW""",272.99,
"=""14-SD4420NEW""",186.99,
"=""14-SD4435NEW""",209.99,
"=""14-SD3626NEW""",237.99,
"=""14-SD4314NEW""",191.99,
"=""14-SD4516NEW""",185.99,
"=""14-SD4705NEW""",189.99,
"=""14-SD4848NEW""",191.99,
"=""14-SD4034NEW""",198.99,
"=""14-SD4664NEW""",185.99,
"=""14-SD4711NEW""",183.99,
"=""14-SD4370NEW""",194.99,
"=""14-SD4729NEW""",204.99,
"=""14-SD4430NEW""",190.90,211.90
"=""14-SD4390NEW""",181.99,
"=""14-SD4754NEW""",189.99,
"=""14-SD4778NEW""",198.99,
"=""14-SD4425NEW""",175.99,
"=""14-SD4433NEW""",195.99,
"=""14-SD4815NEW""",168.99,
"=""14-SD4493NEW""",145.99,
"=""14-SD4417NEW""",155.99,
"=""14-SD4853NEW""",182.99,
"=""14-SD4866NEW""",192.99,
"=""14-SD4652NEW""",203.99,
"=""14-SD7803NEW""",203.99,
"=""14-SD4766NEW""",191.99,
"=""14-SD7715NEW""",291.99,
"=""14-SD8044NEW""",190.99,212.00
"=""14-SD4852NEW""",188.99,
"=""14-SD4776NEW""",186.99,
"=""G22094S""",183.99,
"=""14-SD4862NEW""",194.99,
"=""14-SD4890NEW""",256.99,
"=""14-SD4819NEW""",190.90,211.90
"=""14-SD7227NEW""",329.99,
"=""G30003S""",92.99,
"=""G30025S""",70.99,
"=""G30009S""",85.99,
"=""G3000VP""",102.99,
"=""G30015S""",85.99,
"=""G30026S""",80.99,
"=""14-SD7701NEW""",200.99,
"=""G30043S""",92.99,
"=""G3016S""",101.99,113.21
"=""G3047VP""",111.99,
"=""G3093S""",79.99,
"=""G3039S""",78.99,
"=""G3006VP""",91.99,
"=""G3097S""",87.99,
"=""14-SD7702NEW""",223.99,
"=""G30001S""",93.99,104.33
"=""G3050S""",93.99,
"=""G3051VP""",90.99,
"=""G30020S""",101.99,113.21
"=""G3074VP""",77.99,
"=""G3077VP""",76.99,
"=""G3085S""",82.99,
"=""G3112S""",79.99,
"=""G3036VP""",106.99,
"=""G3116S""",102.99,114.32
"=""G3066VP""",81.99,91.01
"=""G3152S""",95.99,106.55
"=""G3308S""",115.99,128.75
"=""G3240S""",80.99,
"=""G3360S""",86.99,
"=""G3656S""",86.99,96.56
"=""G3109S""",80.99,
"=""G3119VP""",94.99,
"=""G3377S""",90.99,
"=""G3238S""",85.99,
"=""G3395S""",91.99,
"=""G3379S""",83.99,
"=""G3299S""",79.99,
"=""G3350S""",111.99,124.31
"=""G3281S""",89.99,
"=""G3523S""",88.99,
"=""G3580S""",79.99,
"=""G3391S""",84.99,94.34
"=""G3591S""",84.99,
"=""G3575S""",86.99,96.56
"=""G3595VP""",84.99,
"=""G3399S""",75.99,
"=""G3492VP""",94.99,
"=""G3643S""",102.99,114.32
"=""G3628S""",87.99,97.67
"=""G3695VP""",96.99,
"=""G3761VP""",92.99,
"=""G3784VP""",99.99,
"=""G3597VP""",70.99,
"=""G3866S""",87.99,
"=""G3658S""",85.99,95.45
"=""G3872VP""",113.99,
"=""G3870S""",126.99,140.96
"=""G3897S""",92.99,103.22
"=""G3786S""",79.99,88.79
"=""G40541S""",68.99,
"=""G3981S""",80.90,89.80
"=""G40353S""",137.99,
"=""G3863VP""",98.99,
"=""G40546S""",120.99,134.30
"=""G3967S""",85.99,
"=""G40552S""",110.99,
"=""G40610S""",110.99,
"=""G40703S""",106.99,118.76
"=""G4036VP""",123.99,
"=""G40560S""",90.99,101.00
"=""G40588S""",87.99,
"=""G40563S""",120.99,
"=""G40607S""",81.99,
"=""G40611S""",175.99,
"=""G40824S""",134.99,
"=""G40814S""",112.99,
"=""G40732S""",95.99,
"=""G40907S""",127.99,142.07
"=""G40796S""",97.99,108.77
"=""G41215S""",148.99,
"=""G4104S""",84.99,
"=""G40822S""",131.99,
"=""G40829S""",105.99,
"=""G40906VP""",118.99,
"=""G41215VP""",148.99,
"=""G41414S""",107.99,
"=""G40975S""",110.99,
"=""G41014S""",145.99,162.05
"=""G41217S""",129.99,144.29
"=""G4303VP""",44.99,
"=""G4309S""",122.99,136.52
"=""G4372VP""",436.99,
"=""G4383VP""",201.99,
"=""G41417S""",136.99,152.06
"=""G4381VP""",147.99,
"=""G41416S""",120.99,134.30
"=""G4414VP""",58.99,
"=""G4511VP""",149.99,
"=""G4447VP""",77.99,
"=""G4322VP""",155.99,
"=""G4292VP""",94.99,
"=""G4604VP""",97.99,
"=""G4352S""",188.99,
"=""G4839S""",76.99,
"=""G4933S""",89.99,
"=""G4512VP""",117.99,
"=""G4606VP""",70.99,
"=""G4616VP""",109.99,
"=""G4616S""",109.99,122.09
"=""G4643VP""",86.99,
"=""G4625VP""",77.99,
"=""G4651VP""",85.99,
"=""G4658VP""",83.99,
"=""G4605VP""",77.99,
"=""G4821S""",88.99,
"=""G4602VP""",98.99,
"=""G4635VP""",137.99,
"=""G4718S""",73.99,
"=""G4748VP""",85.99,
"=""G4923S""",77.99,
"=""G4898S""",72.99,81.02
"=""G4938S""",78.99,87.68
"=""G4985S""",92.99,
"=""G4648VP""",92.99,
"=""G4702S""",75.99,84.35
"=""G4957S""",86.99,
"=""G4711S""",90.99,101.00
"=""G4693VP""",162.99,
"=""G4707S""",91.99,
"=""G4900S""",72.99,
"=""G4932S""",88.99,
"=""G4969S""",74.99,83.24
"=""G4993VP""",75.99,
"=""IS135073""",45.99,
"=""KIT DS104075+ DS920028""",184.99,
"=""DS676136""",99.99,
"=""DS676131""",68.99,
"=""DS545089""",96.99,
"=""14-0338NC""",327.99,409.99
"=""CO 29069C""",235.99,
"=""CN 22105PFC""",96.99,
"=""59-0459""",74.99,
"=""DUP0 DS545030""",1759.99,
"=""2508-001""",86.99,
"=""2508-006""",122.99,136.52
"=""2508-005""",105.99,
"=""2508-002""",68.99,
"=""2508-003""",109.99,
"=""DS688096""",117.99,
"=""IS135077""",45.99,
"=""DS105110""",145.99,
"=""30-0125-WOOD""",146.99,
"=""DS630009""",150.99,
"=""30-0124""",93.99,
"=""DUP0 DS630019""",297.99,399.99
"=""DS120149""",139.99,155.99
"=""DS120148""",155.99,
"=""400-9035""",140.99,
"=""14-0141NC""",238.99,298.99
"=""FA 50045C""",133.99,148.73
"=""FA 50068C""",169.99,
"=""FA 50046C""",200.99,
"=""FA 50080C""",129.99,144.29
"=""FA 50143C""",122.99,136.52
"=""FA 50255C""",154.99,172.04
"=""FA 50176C""",94.99,105.44
"=""FA 50070C""",140.99,
"=""FA 50195C""",113.99,126.53
"=""FA 50375C""",96.99,107.66
"=""FA 50048C""",151.99,168.71
"=""FA 50441C""",143.99,159.83
"=""FA 50256C""",399.99,
"=""FA 50082C""",122.99,136.52
"=""FA 50145C""",144.99,160.94
"=""FA 50319C""",85.99,
"=""FA 50549C""",170.99,189.80
"=""FA 50286C""",236.99,263.06
"=""FA 50033C""",148.99,165.38
"=""FA 50001C""",94.99,105.44
"=""FA 50177C""",110.90,123.10
"=""FA 50276C""",126.99,140.96
"=""FA 50091C""",131.99,
"=""FA 50257C""",159.99,177.59
"=""FA 50196C""",122.99,136.52
"=""FA 50450C""",469.99,
"=""FA 50071C""",140.99,
"=""FA 70104C""",99.99,110.99
"=""FA 50325C""",91.99,102.11
"=""FA 50051C""",252.99,280.82
"=""FA 50006C""",99.99,110.99
"=""FA 50146C""",125.99,139.85
"=""FA 50034C""",84.99,94.34
"=""FA 50551C""",115.99,128.75
"=""FA 50182C""",165.99,184.25
"=""FA 50292C""",126.99,
"=""FA 50094C""",159.99,177.59
"=""FA 50120C""",86.99,96.56
"=""FA 50073C""",159.99,177.59
"=""FA 50221C""",109.99,
"=""FA 70124C""",67.99,
"=""FA 50451C""",176.99,196.46
"=""FA 50166C""",108.99,120.98
"=""FA 50326C""",138.99,154.28
"=""FA 50204C""",131.99,146.51
"=""FA 50259C""",90.99,101.00
"=""FA 50014C""",106.99,118.76
"=""FA 50108C""",100.99,112.10
"=""FA 50342C""",135.99,150.95
"=""FA 50065C""",146.99,163.16
"=""FA 50557C""",270.99,
"=""FA 50035C""",143.99,159.83
"=""FA 50098C""",99.99,110.99
"=""FA 50171C""",146.99,163.16
"=""FA 50222C""",98.99,109.88
"=""FA 50452C""",172.99,192.02
"=""FA 50074C""",162.99,180.92
"=""FA 70177C""",143.99,159.83
"=""FA 50455C""",103.99,115.43
"=""FA 50293C""",83.99,93.23
"=""FA 50186C""",126.99,140.96
"=""FA 50207C""",157.99,175.37
"=""FA 50019C""",176.99,
"=""FA 70038C""",73.99,
"=""FA 50109C""",82.99,92.12
"=""FA 50067C""",120.99,
"=""FA 50124C""",90.99,
"=""FA 50238C""",176.99,196.46
"=""FA 50347C""",114.99,127.64
"=""FA 50328C""",196.99,218.66
"=""FA 50039C""",117.99,
"=""FA 50260C""",166.99,185.36
"=""FA 50264C""",157.99,175.37
"=""FA 50464C""",176.99,196.46
"=""FA 50173C""",123.99,
"=""FA 50453C""",217.99,241.97
"=""FA 50215C""",90.99,101.00
"=""FA 50401C""",140.99,156.50
"=""FA 50278C""",166.99,185.36
"=""FA 50111C""",94.99,105.44
"=""FA 50298C""",85.99,
"=""FA 50224C""",107.99,119.87
"=""FA 70295C""",107.99,119.87
"=""FA 50079C""",152.99,169.82
"=""FA 50125C""",155.99,173.15
"=""FA 50188C""",116.99,129.86
"=""FA 50101C""",159.99,
"=""FA 70069C""",94.99,
"=""FA 50336C""",84.99,94.34
"=""FA 50028C""",152.99,169.82
"=""FA 70211C""",117.99,130.97
"=""FA 50240C""",104.99,116.54
"=""FA 50041C""",138.99,154.28
"=""FA 50266C""",181.99,202.01
"=""FA 50263C""",162.90,180.82
"=""FA 70029C""",91.99,102.11
"=""FA 50454C""",108.99,120.98
"=""FA 50216C""",120.99,134.30
"=""FA 50307C""",88.99,98.78
"=""FA 50280C""",131.99,146.51
"=""FA 50189C""",235.99,
"=""FA 50113C""",78.99,87.68
"=""FA 50130C""",118.99,132.08
"=""FA 70070C""",98.99,109.88
"=""FA 50029C""",113.99,126.53
"=""FA 50340C""",150.99,
"=""FA 50243C""",113.99,126.53
"=""FA 50267C""",181.99,
"=""FA 50225C""",96.99,
"=""FA 70423C""",93.99,
"=""FA 70213C""",80.99,89.99
"=""FA 50282C""",173.99,
"=""FA 50115C""",68.99,105.44
"=""FA 50131C""",135.99,150.95
"=""FA 50318C""",94.99,105.44
"=""FA 50226C""",102.99,114.32
"=""FA 70856C""",149.99,166.49
"=""FA 50044C""",116.99,129.86
"=""FA 50268C""",133.99,148.73
"=""FA 50482C""",114.99,127.64
"=""FA 70036C""",126.99,140.96
"=""FA 50360C""",133.99,148.73
"=""FA 70089C""",90.99,101.00
"=""FA 50252C""",76.99,85.46
"=""FA 50283C""",170.99,189.80
"=""FA 70215C""",147.99,164.27
"=""FA 50119C""",90.99,101.00
"=""FA 50142C""",135.99,150.95
"=""FA 50228C""",80.99,89.90
"=""FA 50535C""",147.99,164.27
"=""FA 50369C""",139.99,155.39
"=""FA 70098C""",76.99,85.46
"=""FA 50254C""",117.99,130.97
"=""FA 50284C""",111.99,
"=""FA 50403C""",113.99,126.53
"=""FA 50271C""",107.99,119.99
"=""FA 50543C""",106.99,118.76
"=""FA 50370C""",91.99,102.11
"=""FA 70103C""",92.99,103.22
"=""FA 50419C""",110.99,
"=""FA 50272C""",99.99,110.99
"=""FA 50438C""",134.99,
"=""BM3679""",257.99,
"=""OR2190""",145.99,
"=""KT 1744""",396.99,661.99
"=""14-SD4082NC""",330.99,413.99
"=""14-DK50000NC""",459.99,574.99
"=""14-SD8045NC""",484.99,
"=""DS674009""",71.99,
"=""DS102081""",117.99,
"=""14-0337NC""",272.99,424.99
"=""DS100228""",170.99,205.00
"=""14-1074NEW""",207.99,
"=""14-SD8925NC""",281.99,349.99
"=""14-1195NC""",278.90,309.58
"=""DS120099""",19.99,
"=""CN 4821PFC""",88.99,
"=""IS545064""",75.99,84.35
"=""14-2111-2GRV""",235.99,
"=""DS101030""",245.99,245.99
"=""14-5933NEW""",237.99,
"=""DS105130""",610.99,
"=""DS105015""",649.99,
"=""14-0343NIP""",477.99,
"=""DS665037""",78.99,
"=""59-4045""",79.99,
"=""KIT DS630010 + DS104075+ DS100030""",199.99,
"=""IS108142""",186.99,
"=""IS108130""",249.99,
"=""DS105148""",2399.99,7999.99
"=""DS105149""",1999.99,2499.99
"=""DS105111""",185.99,
"=""IS108179""",317.99,397.99
"=""KIT 14-0845NIP+18-0221+17-4004""",408.99,511.99
"=""17-3034""",31.99,
"=""DS345022""",9.99,
"=""CN 3034PFXC""",87.99,
"=""CN 3099PFC""",84.99,
"=""CN 3381PFC""",82.99,
"=""CN 3635PFC""",88.99,
"=""CN 3795PFXC""",86.99,
"=""CO 10965C""",222.99,
"=""CN 3695PFXC""",96.99,107.66
"=""CN 4980PFC""",77.99,
"=""EV 939519PFC""",85.99,
"=""CO 10979C""",252.99,
"=""EV 940115PFC""",112.99,
"=""CO 10863JC""",180.99,
"=""CO 10703C""",182.99,
"=""CN 4939PFXC""",80.99,
"=""EV 939907PFXC""",78.99,
"=""RD 11185C""",35.99,39.95
"=""EV 4798728PFXC""",82.99,92.12
"=""CN 3100PFC""",84.99,
"=""CO 10387C""",300.99,
"=""CN 4103PFC""",81.99,91.01
"=""CN 4648PFC""",92.99,103.22
"=""IS108151""",237.99,
"=""EV 939800PFC""",74.99,
"=""G3986""",82.99,
"=""CN 3949PFC""",112.99,125.42
"=""CN 4368PFC""",120.99,134.30
"=""CN 3036PFC""",76.99,85.46
"=""CO 20746C""",224.99,
"=""EV 939998PFC""",80.99,
"=""CO 101390C""",163.99,
"=""CN 3109PFC""",80.99,
"=""CN 3386PFXC""",82.99,
"=""CO 11040C""",252.99,
"=""CN 3639PFXC""",88.99,
"=""14-1048NEW""",224.99,
"=""DS510133""",76.99,
"=""DS105033""",204.99,
"=""CN 3761PFC""",92.99,
"=""DS675081""",117.99,130.97
"=""14-SD4731NEW""",138.99,
"=""IS688069""",71.99,
"=""EV 4798729PFC""",89.99,
"=""CO 10864JC""",231.99,
"=""CO 4326""",306.99,358.99
"=""KIT 14-0241NEW+17-0109""",187.99,
"=""CN 4949PFXC""",79.99,
"=""CO 10968C""",233.99,
"=""CO 10980C""",306.99,
"=""CO 10565C""",217.99,
"=""IS545066""",102.99,
"=""CO 10449C""",286.99,
"=""CN 3115PFC""",140.99,156.50
"=""CN 4128PFC""",89.99,
"=""CN 4668PFC""",79.99,88.79
"=""CN 3993PFC""",79.99,
"=""CN 3967PFC""",88.99,
"=""14-3555NC""",265.99,295.25
"=""EV 939844PFC""",74.99,
"=""14-3581NC""",327.99,409.99
"=""14-0881NC""",327.99,409.99
"=""CN 3057PFC""",80.99,
"=""CO 10954C""",272.99,
"=""CN 4424PFC""",95.99,
"=""EV 939999PFC""",72.99,
"=""CO 101450C""",167.99,
"=""EV 939537PFC""",78.99,
"=""CN 3116PFC""",102.99,114.32
"=""CN 3445PFXC""",87.99,
"=""14-0287NIP""",533.99,661.99
"=""CO 29195C""",278.99,
"=""EV 206129PFC""",87.99,97.67
"=""CN 3882PFC""",80.99,
"=""CN 3765PFC""",70.99,78.80
"=""CO 10865JC""",220.99,
"=""EV 62C60PFXC""",78.99,
"=""CN 4954PFC""",84.99,
"=""CO 10970C""",200.99,
"=""CO 10984C""",289.99,
"=""IS108146""",237.99,
"=""DS100263""",168.99,
"=""EV 939956PFC""",78.99,
"=""CO 29075C""",304.99,
"=""CN 22063PFC""",155.99,
"=""CN 3248PFC""",82.99,
"=""CO 10547C""",213.99,
"=""17-2527""",29.99,33.29
"=""CN 3239PFXC""",84.99,111.99
"=""CN 3968PFC""",74.99,
"=""CN 40608PFC""",112.99,
"=""CN 4732PFC""",107.99,119.87
"=""CN 3063PFC""",83.99,
"=""CN 4229PFC""",92.99,103.22
"=""DS667021""",74.99,
"=""CO 10956C""",274.99,
"=""DS102058""",199.99,
"=""CO 4822C""",173.99,
"=""CO 101540C""",188.99,
"=""CN 4431PFC""",82.99,
"=""EV 939618PFC""",79.99,
"=""CO 3210AC""",256.99,
"=""EV 2730AC""",116.99,129.86
"=""CO 11088C""",271.99,
"=""CN 3532PFC""",87.99,
"=""CO 22034C""",221.99,
"=""14-0278MPR""",223.99,279.99
"=""CN 3888PFXC""",91.99,102.11
"=""CN 3658PFXC""",85.99,95.45
"=""14-0782NC""",276.99,346.99
"=""CO 10604C""",251.99,
"=""CO 10973C""",190.99,
"=""CO 10991C""",211.99,
"=""DS200244""",28.99,32.18
"=""CN 3768PFC""",80.99,
"=""CO 10788C""",248.99,
"=""EV 939970PFC""",104.99,
"=""CN 3257PFXC""",82.99,
"=""CO 10549C""",200.99,
"=""17-0696""",33.99,37.73
"=""EV 939870PFXC""",77.99,
"=""CN 4291PFC""",85.99,95.45
"=""CN 4749PFC""",113.99,
"=""CO 10957C""",207.99,
"=""CO 101580C""",168.99,
"=""CN 3066PFC""",81.99,91.01
"=""CN 4066PFC""",91.99,
"=""KIT 14-0023NC + 17-2930""",247.99,309.99
"=""EV 939689PFC""",71.99,79.91
"=""CN 4486PFC""",129.99,144.29
"=""CO 35112C""",157.99,
"=""DS102212""",189.99,
"=""EV 2860AC""",79.99,88.79
"=""CN 3576PFC""",90.99,
"=""CN 3672PFXC""",92.99,
"=""CO 10871C""",199.99,240.00
"=""14-0172NC""",730.99,913.99
"=""CN 3942PFC""",84.99,
"=""CO 30001C""",210.99,
"=""CO 10607C""",262.99,
"=""RD 11136C""",34.99,
"=""CO 10975C""",264.99,
"=""CN 3774PFXC""",94.99,105.44
"=""CO 11090C""",256.99,
"=""CN 4967PFC""",85.99,95.45
"=""CN 22095PFC""",162.99,
"=""EV 939516PFC""",86.99,
"=""CO 10993C""",208.99,
"=""EV 939973PFC""",96.99,
"=""CN 22082PFC""",122.99,136.52
"=""CO 10552C""",269.99,
"=""CN 4297PFC""",93.99,
"=""EV 940061PFC""",73.99,82.13
"=""CN 3983PFC""",86.99,94.99
"=""EV 939889PFXC""",74.99,
"=""CN 4810PFC""",86.99,96.56
"=""CO 4976AC""",236.99,
"=""CN 3084PFXC""",80.99,
"=""CO 10343C""",307.99,
"=""CO 2050AC""",213.99,
"=""CN 40827PFC""",139.99,
"=""CN 4550PFC""",118.99,132.08
"=""14-0873NC""",275.99,344.99
"=""CO 35113C""",208.99,
"=""IS108162""",236.99,
"=""CO 10875C""",218.99,
"=""CO 10822C""",178.99,
"=""EV 3001PFC""",103.99,
"=""CO 10976C""",209.99,
"=""CN 3578PFC""",102.99,
"=""CO 28001C""",217.99,
"=""CN 3785PFXC""",83.99,93.23
"=""CN 3944PFC""",80.99,89.90
"=""CN 3680PFXC""",93.99,104.33
"=""CO 30002C""",196.99,
"=""IS108016""",238.99,
"=""CO 11135C""",284.99,
"=""CO 1102JC""",249.99,
"=""CN 4978PFC""",77.99,
"=""CO 11112C""",244.99,
"=""RD 4290C""",38.99,
"=""CO 29105C""",199.99,
"=""CO 10609JC""",297.99,
"=""CN 22120PFC""",191.99,
"=""DS105132""",145.99,
"=""CO 10554JC""",269.99,
"=""CN 4322PFC""",59.99,
"=""CN 3985PFC""",95.99,106.55
"=""CN 4894PFC""",75.99,84.35
"=""IS688051""",81.99,
"=""CN 4605PFC""",77.99,86.57
"=""CO 20741C""",209.99,252.00
"=""CO YC 180C""",167.99,
"=""CO 22012C""",200.99,
"=""DS105241""",168.99,
"=""14-0874NC""",211.99,280.99
"=""CO 11151C""",280.99,
"=""CN 3590PFC""",87.99,
"=""CN 3348PFC""",91.99,
"=""CN 3591PFC""",84.99,
"=""CO 11184MC-KTC""",250.99,
"=""CN 30035PFC""",80.99,
"=""CN 3379PFXC""",83.99,
"=""DS545123""",80.99,
"=""14-1078NC""",317.99,397.99
"=""CO 10920C""",214.99,
"=""IS800141""",35.99,
"=""CN 3628PFXC""",87.99,97.67
"=""CN 3017PFC""",93.99,104.33
"=""CO 10922C""",217.99,
"=""14-2198NC""",317.99,397.99
"=""CN 3630PFXC""",93.99,
"=""CN 3030PFC""",87.99,
"=""CO 10923C""",230.99,
"=""KIT CO 11223KTC + HA 111897C""",442.99,
"=""17-2518""",40.99,45.50
"=""590-5696""",415.99,
"=""IS135089""",45.99,
"=""18-0309""",28.99,
"=""14-0069NEW""",504.99,
"=""CO 30011C""",185.99,
"=""DS655012""",25.99,32.99
"=""2900-001""",227.99,253.07
"=""2900-002""",220.99,
"=""2900-003""",227.99,
"=""2900-006""",99.99,
"=""2900-007""",203.99,215.99
"=""2900-005""",227.99,
"=""2900-008""",227.99,
"=""2900-010""",220.99,
"=""2900-009""",227.99,253.07
"=""2900-014""",110.99,78.80
"=""2900-015""",220.99,
"=""2900-016""",227.99,253.07
"=""2900-013""",220.99,
"=""2900-018""",204.99,230.99
"=""2900-012""",207.99,233.99
"=""2900-020""",89.99,139.99
"=""2900-024""",220.99,
"=""2900-025""",227.99,253.07
"=""2900-022""",227.99,253.07
"=""2900-027""",116.99,129.99
"=""2900-026""",199.99,
"=""2900-023""",227.99,253.07
"=""DS210412""",36.99,41.06
"=""14-SD4720NC""",264.99,331.99
"=""14-0384NEW""",175.99,
"=""IS108149""",196.99,218.66
"=""G41013""",225.99,250.85
"=""IS108157""",183.99,
"=""IS108128""",267.99,
"=""14-2125-2GR1WIR""",245.99,
"=""14-1078NEW""",227.99,
"=""DS125076""",31.99,
"=""DS101028""",207.99,
"=""IS108138""",260.99,
"=""IS108156""",242.99,
"=""14-SD4347NEW""",158.99,
"=""IS545056""",82.99,
"=""14-SD4347NC""",306.99,383.99
"=""EV 939743PFC""",77.99,
"=""IS688044""",73.99,
"=""EV 939760PFC""",71.99,
"=""EV 939611PFC""",69.99,77.69
"=""EV 939894PFC""",94.99,
"=""EV 4798715PFXC""",110.99,
"=""59-9915""",77.99,86.57
"=""EV 939694PFXC""",95.99,
"=""14-0879NC""",386.99,494.99
"=""DS510178""",84.99,
"=""CO 5072C""",162.99,
"=""CN 4762PFC""",90.99,101.00
"=""14-1148NEW""",240.99,
"=""IS135091""",47.99,
"=""DS625B023CM""",229.99,
"=""IS108144""",204.99,
"=""CN 41606PFC""",135.99,
"=""14-1206NC""",285.99,305.99
"=""IS108127""",212.99,
"=""DS105185""",155.99,
"=""DS102211""",230.99,
"=""CN 20046PFC""",203.99,
"=""EV 940168C""",236.99,
"=""IS135092""",38.99,
"=""EV 940169PFC""",235.99,
"=""EV 940173C""",195.99,
"=""CO 11499C""",261.99,
"=""EV 940175C""",325.99,
"=""14-SD0010NEW""",259.99,
"=""14-SD8233NC""",297.99,372.99
"=""IS135096""",75.99,
"=""EV 940176ATC""",215.99,
"=""1530353C1""",367.45,459.99
"=""14-1219NEW""",311.99,
"=""25310H9050""",171.99,214.99
"=""HT 2006C""",60.99,
"=""IS676404""",74.99,
"=""KIT 0001 (12V) + DS104075 + DS540062""",499.99,750.00
"=""14-0856NEW""",281.99,
"=""HT 399426C""",60.99,
"=""HT 2107C""",98.99,
"=""HT 2099C""",54.99,
"=""HT 2022C""",62.99,
"=""HT 2016C""",48.99,
"=""HT 2082C""",94.99,105.44
"=""HT 2062C""",67.99,
"=""HT 2009C""",51.99,
"=""HT 8292C""",51.99,
"=""HT 2150C""",82.99,
"=""HT 2257C""",87.99,
"=""HT 9468C""",111.99,
"=""HT 2038C""",57.99,
"=""HT 2168C""",52.99,
"=""HT 2221C""",99.99,
"=""HT 398202C""",51.99,
"=""HT 2200C""",93.99,
"=""HT 399346C""",67.99,
"=""HT 2119C""",71.99,79.91
"=""HT 2068C""",59.99,
"=""HT 394178C""",52.99,
"=""HT 2155C""",90.99,
"=""HT 2100C""",48.99,
"=""HT 398214C""",43.99,48.83
"=""HT 2206C""",96.99,
"=""HT 2010C""",47.99,53.27
"=""HT 2109C""",113.99,126.53
"=""HT 2085C""",93.99,
"=""HT 2023C""",85.99,
"=""HT 2224C""",56.99,
"=""HT 399415C""",48.99,
"=""HT 2120C""",57.99,
"=""HT 2063C""",93.99,104.33
"=""HT 2017C""",101.99,113.21
"=""HT 2071C""",88.99,98.78
"=""HT 9469C""",107.99,
"=""HT 8312C""",45.99,
"=""HT 399428C""",128.99,
"=""HT 2159C""",78.99,
"=""HT 394185C""",38.99,
"=""HT 398226C""",53.99,
"=""HT 2113C""",56.99,
"=""HT 2024C""",56.99,
"=""HT 2123C""",49.99,
"=""HT 2086C""",92.99,
"=""HT 2174C""",58.99,65.48
"=""HT 2011C""",57.99,
"=""HT 399416C""",124.99,
"=""HT 2238C""",78.99,
"=""HT 2040C""",60.99,
"=""HT 2018C""",54.99,
"=""HT 8335C""",47.99,
"=""HT 2102C""",50.99,
"=""HT 2064C""",45.99,
"=""HT 2072C""",60.99,
"=""HT 9470C""",58.99,
"=""HT 399903C""",37.99,
"=""HT 398229C""",50.99,
"=""HT 2087C""",56.99,
"=""HT 2176C""",75.99,84.35
"=""HT 2114C""",86.99,
"=""HT 2210C""",74.99,
"=""HT 2041C""",102.99,
"=""HT 394195C""",49.99,
"=""HT 2125C""",60.99,
"=""HT 2019C""",60.99,
"=""HT 2012C""",53.99,
"=""HT 2025C""",53.99,
"=""HT 2161C""",60.99,67.70
"=""HT 8336C""",47.99,
"=""HT 398272C""",109.99,
"=""HT 2065C""",74.99,83.24
"=""HT 399417C""",52.99,
"=""HT 2104C""",53.99,
"=""HT 2074C""",55.99,
"=""HT 398348C""",55.99,
"=""HT 399953C""",67.99,
"=""HT 399420C""",43.99,
"=""HT 2092C""",51.99,
"=""HT 2028C""",107.99,
"=""HT 2130C""",80.99,
"=""HT 399919C""",105.99,117.65
"=""HT 2177C""",55.99,
"=""HT 398260C""",43.99,
"=""HT 2088C""",63.99,
"=""HT 2215C""",77.99,
"=""HT 394212C""",52.99,58.82
"=""HT 2026C""",83.99,93.23
"=""HT 2020C""",50.99,
"=""HT 2127C""",53.99,
"=""HT 2042C""",55.99,
"=""HT 2246C""",52.99,
"=""HT 399418C""",99.99,110.99
"=""HT 2115C""",53.99,
"=""HT 8338C""",48.99,
"=""HT 398275C""",128.99,143.18
"=""HT 2066C""",80.99,
"=""HT 2013C""",47.99,
"=""HT 398349C""",51.99,
"=""HT 2105C""",48.99,
"=""HT 2164C""",81.99,
"=""HT 399963C""",55.99,
"=""HT 2093C""",86.99,
"=""HT 2030C""",63.99,
"=""HT 399083C""",47.99,
"=""HT 2131C""",64.99,
"=""HT 399940C""",89.99,
"=""HT 398269C""",100.99,112.10
"=""HT 2021C""",122.99,
"=""HT 2250C""",93.99,
"=""HT 2128C""",50.99,
"=""HT 2091C""",64.99,
"=""HT 398010C""",44.99,
"=""HT 2052C""",109.99,
"=""HT 2216C""",45.99,
"=""HT 2045C""",44.99,
"=""HT 399262C""",99.99,
"=""HT 399419C""",43.99,
"=""HT 2116C""",53.99,
"=""HT 8341C""",45.99,
"=""HT 2015C""",50.99,
"=""HT 2044C""",56.99,
"=""HT 399174C""",43.99,
"=""HT 398351C""",44.99,
"=""HT 4210C""",42.99,
"=""HT 399964C""",60.99,
"=""HT 398282C""",50.99,
"=""HT 2179C""",54.99,
"=""HT 2106C""",65.99,
"=""HT 2027C""",134.99,
"=""HT 8343C""",48.99,
"=""HT 2031C""",92.99,103.22
"=""HT 2165C""",67.99,
"=""HT 2132C""",81.99,
"=""HT 399094C""",86.99,96.56
"=""HT 399263C""",66.99,
"=""HT 2047C""",94.99,105.44
"=""HT 399184C""",51.99,
"=""HT 5000C""",92.99,
"=""HT 399994C""",52.99,
"=""HT 398352C""",48.99,
"=""HT 398332C""",81.99,91.01
"=""HT 8361C""",55.99,
"=""HT 399423C""",55.99,
"=""HT 2096C""",73.99,
"=""HT 2034C""",94.99,
"=""HT 2133C""",93.99,
"=""HT 399154C""",53.99,59.93
"=""HT 399287C""",49.99,
"=""HT 399212C""",53.99,
"=""HT 8221C""",42.99,
"=""HT 2053C""",62.99,
"=""HT 4191C""",49.99,
"=""HT 398357C""",45.99,
"=""HT 2183C""",75.99,
"=""HT 2048C""",53.99,
"=""HT 398333C""",43.99,
"=""HT 9233C""",47.99,
"=""HT 2036C""",99.99,
"=""HT 2097C""",128.99,
"=""HT 399424C""",99.99,110.99
"=""HT 399156C""",51.99,
"=""HT 399327C""",47.99,
"=""HT 8240C""",78.99,87.68
"=""HT 4204C""",51.99,
"=""HT 399215C""",47.99,
"=""HT 399078C""",50.99,
"=""HT 398334C""",78.99,87.68
"=""HT 2049C""",69.99,
"=""HT 9465C""",93.99,104.33
"=""HT 2054C""",51.99,
"=""HT 2037C""",51.99,
"=""HT 2098C""",83.99,
"=""HT 399425C""",53.99,
"=""HT 399157C""",93.99,104.33
"=""HT 8255C""",44.99,
"=""HT 399239C""",41.99,
"=""HT 399329C""",56.99,63.26
"=""HT 2191C""",106.99,
"=""HT 2050C""",54.99,
"=""HT 2056C""",106.99,
"=""HT 9466C""",66.99,
"=""HT 399172C""",53.99,
"=""HT 399254C""",106.99,118.76
"=""HT 399345C""",64.99,
"=""HT 2051C""",48.99,
"=""HT 8264C""",92.99,
"=""HT 2194C""",67.99,
"=""HT 9467C""",115.99,
"=""HT 2058C""",105.99,
"=""HT 2061C""",112.99,125.42
"=""CN 20064PFC""",112.99,
"=""DS403021""",60.99,
"=""262844619667""",42.99,
"=""14-1004NC""",234.99,293.99
"=""14-1783NC""",1919.99,2399.99
"=""CN 70016C""",92.99,
"=""DS800091""",9.99,
"=""DS800092""",9.99,
"=""IS135102""",45.99,
"=""DS108058""",228.99,
"=""DS345011""",20.99,23.30
"=""14-SD6673NC""",188.99,236.99
"=""DS345013""",8.99,
"=""DS345012""",16.99,18.86
"=""14-QP1812NC""",279.99,349.99
"=""DS703065""",30.99,38.99
"=""DS120013""",19.99,24.99
"=""14-0935NEW""",199.99,
"=""IS135107""",35.99,
"=""CO 10807JC""",199.99,
"=""OR1924""",133.99,
"=""OW5103""",42.99,
"=""OW6037""",69.99,
"=""OW6662""",58.99,
"=""OW9048""",48.99,
"=""OW9275""",33.99,
"=""OW9385""",34.99,
"=""OW9473""",46.99,
"=""OW9489""",53.99,
"=""IS135108""",45.99,
"=""2500-009""",130.90,145.30
"=""2501-009""",131.99,
"=""AC3254""",78.99,87.68
"=""2501-007""",158.99,176.48
"=""2500-006""",110.99,
"=""30085""",104.99,
"=""2500-002""",96.99,
"=""2518-001""",95.99,
"=""2500-008""",103.99,
"=""2501-006""",109.99,122.09
"=""2500-014""",70.99,
"=""2500-010""",111.99,
"=""30015""",85.99,
"=""2501-005""",111.99,
"=""AC3000""",79.99,
"=""2501-008""",123.99,137.63
"=""AC3051""",90.99,101.00
"=""2516-001""",108.99,
"=""AC3100""",84.99,
"=""2505-001""",145.99,162.05
"=""AC3094""",91.99,
"=""2501-004""",136.99,152.06
"=""AC3042""",84.99,94.34
"=""AC3011""",120.99,
"=""30007""",74.99,83.24
"=""2500-007""",104.99,116.54
"=""AC3050""",93.99,
"=""30008""",64.99,72.14
"=""AC3085""",82.99,
"=""AC3086""",79.99,88.79
"=""30017""",90.99,
"=""AC3092""",93.99,
"=""2500-004""",74.99,
"=""2503-001""",109.99,
"=""2513-002""",129.99,144.29
"=""AC3057""",80.99,
"=""AC3111""",91.99,102.11
"=""AC3023""",89.99,
"=""2505-002""",95.99,
"=""2502-003""",104.99,
"=""2500-018""",81.99,
"=""2500-013""",112.99,
"=""AC3056""",81.99,91.01
"=""30035""",80.99,
"=""2502-002""",123.99,
"=""30033""",85.99,
"=""30003""",92.99,
"=""2503-002""",108.99,120.98
"=""AC3058""",74.99,83.24
"=""AC3099""",84.99,
"=""2511-001""",91.90,102.01
"=""2500-011""",127.99,
"=""30013""",86.99,96.56
"=""AC3034""",87.99,
"=""AC3026""",84.99,
"=""AC3112""",79.99,
"=""2501-001""",98.99,
"=""AC3084""",80.99,
"=""2500-005""",116.99,129.86
"=""2501-002""",107.99,
"=""30022""",84.99,94.34
"=""30025""",78.99,87.68
"=""2500-003""",110.99,
"=""AC3103""",78.99,
"=""AC3102""",91.99,
"=""2500-015""",115.99,
"=""2513-001""",97.99,108.77
"=""30029""",90.99,101.00
"=""AC3093""",81.99,
"=""2500-017""",95.99,
"=""AC3116""",102.99,114.32
"=""2505-003""",102.00,
"=""AC3030""",87.99,
"=""30020""",101.99,113.21
"=""AC3063""",83.99,
"=""30027""",82.99,
"=""AC3097""",87.99,
"=""AC3053""",88.99,
"=""AC3159""",96.99,
"=""AC3055""",63.99,
"=""AC3140""",75.99,84.35
"=""AC3237""",91.99,102.11
"=""AC3052""",83.99,93.23
"=""30049""",81.99,
"=""AC3206""",72.99,81.02
"=""AC3171""",70.99,
"=""AC3240""",80.99,
"=""AC3238""",85.99,
"=""2500-001""",103.99,
"=""AC3245""",86.99,96.56
"=""AC3249""",84.99,
"=""AC3246""",85.99,
"=""AC3239""",94.99,
"=""AC3258""",88.99,
"=""AC3257""",82.99,
"=""AC3259""",83.99,
"=""AC3248""",82.99,
"=""AC3255""",90.99,101.00
"=""AC3279""",77.99,
"=""AC3269""",90.99,
"=""AC3290""",93.99,
"=""AC3268""",88.99,
"=""AC3253""",68.99,
"=""AC3282""",90.99,101.00
"=""AC3284""",87.99,
"=""AC3287""",84.99,94.34
"=""AC3298""",85.99,95.45
"=""AC3295""",79.99,
"=""AC3294""",117.99,
"=""AC3308""",115.99,128.75
"=""AC3304""",89.99,99.89
"=""AC3289""",74.99,
"=""AC3299""",79.99,
"=""AC3314""",83.99,
"=""AC3320""",94.99,
"=""AC3331""",109.99,122.09
"=""AC3323""",85.99,
"=""CN 22302PFC""",182.99,
"=""14-3560NEW""",221.99,
"=""KIT DS100235+DS210412+18-0221""",299.99,
"=""AC3367""",86.99,96.56
"=""AC3383""",98.99,
"=""AC3362""",91.99,102.11
"=""AC3350""",100.99,
"=""AC3343""",88.99,
"=""AC3395""",94.99,
"=""AC3381""",82.99,
"=""AC3385""",94.99,
"=""AC3347""",79.99,88.79
"=""AC3384""",83.99,93.23
"=""AC3390""",84.99,
"=""AC3393""",89.99,
"=""AC3391""",84.99,94.34
"=""AC3396""",80.99,89.90
"=""AC3443""",84.99,94.34
"=""AC3438""",70.99,78.80
"=""AC3379""",83.99,
"=""AC3445""",87.99,
"=""AC3462""",74.99,83.24
"=""AC3491""",91.99,
"=""AC3493""",83.99,
"=""AC3474""",85.99,
"=""AC3457""",85.99,
"=""AC3467""",89.99,
"=""AC3557""",100.99,112.10
"=""AC3513""",85.99,
"=""AC3054""",89.99,
"=""AC3264""",85.99,
"=""AC3296""",74.99,
"=""AC3480""",98.99,
"=""AC3468""",90.99,101.00
"=""AC3506""",89.99,
"=""AC3525""",81.99,
"=""AC3567""",82.99,
"=""AC3552""",100.99,
"=""AC3569""",81.99,
"=""AC3578""",102.99,
"=""AC3576""",90.99,
"=""AC3579""",108.99,120.98
"=""AC3594""",80.99,
"=""AC3580""",79.99,
"=""AC3588""",85.99,
"=""AC3589""",93.99,
"=""AC3598""",103.99,
"=""AC3586""",83.99,
"=""AC3590""",87.99,
"=""AC3596""",75.99,
"=""AC3575""",83.99,
"=""AC3591""",84.99,
"=""AC3613""",92.99,
"=""AC3599""",80.99,
"=""AC3657""",91.99,
"=""AC3628""",87.99,97.67
"=""AC3639""",88.99,
"=""AC3656""",84.99,
"=""AC3618""",89.99,
"=""AC3644""",89.99,
"=""AC3649""",84.99,
"=""AC3672""",96.99,
"=""AC3682""",93.99,
"=""AC3664""",86.90,96.46
"=""AC3666""",87.99,97.67
"=""AC3675""",94.99,105.44
"=""AC3669""",80.99,
"=""AC3658""",85.99,95.45
"=""AC3686""",80.99,89.90
"=""AC3684""",98.99,
"=""AC3687""",80.99,
"=""AC3678""",95.99,
"=""AC3746""",94.99,105.44
"=""AC3737""",96.99,
"=""AC3690""",90.99,
"=""AC3760""",96.99,
"=""AC3739""",85.99,
"=""AC3750""",85.99,95.45
"=""AC3782""",90.99,
"=""AC3776""",91.99,
"=""AC3785""",83.99,93.23
"=""AC3768""",86.99,
"=""AC3774""",94.99,105.44
"=""AC3786""",79.99,88.79
"=""AC3855""",88.99,
"=""AC3789""",90.99,
"=""AC3864""",84.99,
"=""AC3866""",87.99,
"=""AC3802""",98.99,109.88
"=""AC3865""",87.99,97.67
"=""AC3794""",79.99,
"=""AC3876""",85.99,
"=""AC3869""",90.99,101.00
"=""AC3868""",86.99,96.56
"=""AC3885""",79.99,
"=""AC3889""",80.99,
"=""AC3882""",80.99,
"=""AC3884""",78.99,87.68
"=""AC3897""",92.99,
"=""AC3887""",90.99,
"=""AC3888""",91.99,102.11
"=""AC3977""",84.99,94.34
"=""AC3902""",100.99,112.10
"=""AC3965""",76.99,
"=""AC3993""",79.99,
"=""AC3944""",80.99,89.90
"=""AC3998""",110.99,123.20
"=""AC3997""",85.99,
"=""AC3982""",102.99,
"=""AC3995""",85.99,
"=""AC3893""",90.90,100.90
"=""AC4011""",101.99,
"=""AC4115""",95.99,
"=""AC3987""",78.99,
"=""AC4066""",91.99,
"=""AC4103""",80.99,89.90
"=""AC4063""",78.99,
"=""AC4117""",89.99,
"=""AC4127""",95.99,106.55
"=""AC4120""",110.99,123.20
"=""AC4128""",89.99,
"=""AC4230""",74.99,83.24
"=""AC4201""",114.99,127.64
"=""AC4246""",73.99,
"=""AC4252""",71.99,
"=""AC4165""",78.99,
"=""AC4316""",86.99,96.56
"=""AC4442""",90.99,101.00
"=""AC4709""",64.99,
"=""AC3519""",93.99,
"=""AC3986""",82.99,
"=""AC4106""",88.99,
"=""AC4069""",90.99,
"=""AC4182""",135.99,150.95
"=""AC4184""",73.99,82.13
"=""AC4232""",90.90,100.90
"=""AC4224""",109.99,122.09
"=""AC4229""",92.99,103.22
"=""AC4233""",93.99,
"=""AC4282""",89.99,
"=""AC4277""",108.99,120.98
"=""AC4241""",98.99,
"=""AC4283""",89.99,
"=""AC4237""",74.99,83.24
"=""AC4302""",92.99,103.22
"=""AC4284""",126.99,
"=""AC4322""",59.99,
"=""AC4345""",115.99,128.75
"=""AC4414""",52.99,
"=""AC4307""",89.99,99.89
"=""AC4320""",85.99,
"=""AC4365""",75.99,84.35
"=""AC4423""",87.99,
"=""AC4439""",99.99,
"=""AC4438""",85.99,95.45
"=""AC4440""",82.99,92.12
"=""AC4445""",83.99,
"=""AC4437""",85.99,95.45
"=""AC4390""",118.99,132.08
"=""AC4538""",51.99,
"=""AC4473""",93.99,104.33
"=""AC4454""",80.99,
"=""AC4447""",77.99,86.57
"=""AC4519""",81.99,
"=""AC4540""",68.99,76.58
"=""AC4560""",88.99,
"=""AC4605""",77.99,86.57
"=""AC4562""",69.99,77.69
"=""AC4586""",100.99,112.10
"=""AC4584""",124.99,
"=""AC4664""",80.99,
"=""AC4602""",111.99,
"=""AC4617""",120.99,134.30
"=""AC4711""",90.99,101.00
"=""AC4628""",115.90,128.65
"=""AC4612""",84.99,
"=""AC4648""",92.99,103.22
"=""AC4660""",66.99,
"=""AC4682""",52.99,
"=""AC4704""",85.99,
"=""AC4707""",91.99,
"=""AC4720""",85.99,
"=""AC4721""",82.99,
"=""AC4724""",90.99,
"=""AC4739""",90.99,
"=""AC4730""",58.99,
"=""AC4744""",80.99,89.90
"=""AC4718""",77.99,
"=""AC4806""",90.99,101.00
"=""AC4821""",88.99,
"=""AC4779""",86.99,
"=""AC4762""",90.99,101.00
"=""AC4848""",70.99,78.80
"=""AC4879""",90.99,101.00
"=""AC4811""",59.99,
"=""AC4839""",76.99,
"=""AC4883""",94.99,105.99
"=""AC4882""",90.99,101.00
"=""AC4837""",103.99,115.43
"=""AC4881""",90.99,
"=""AC4895""",78.99,87.68
"=""AC4931""",87.99,
"=""AC4897""",90.99,101.00
"=""AC4937""",107.99,119.87
"=""AC4900""",72.99,
"=""AC4898""",72.99,81.02
"=""AC4899""",78.99,
"=""AC4925""",74.99,
"=""AC4929""",75.99,84.35
"=""AC4938""",78.99,87.68
"=""AC4930""",80.99,89.90
"=""AC4932""",88.99,
"=""AC4950""",93.99,
"=""AC4946""",74.99,83.24
"=""AC4957""",86.99,
"=""AC4969""",74.99,83.24
"=""AC4967""",85.99,95.45
"=""AC4977""",70.99,78.80
"=""AC4978""",77.99,
"=""AC4801""",69.99,
"=""AC4914""",82.99,
"=""AC4933""",90.99,
"=""AC4952""",76.99,85.46
"=""AC4970""",103.99,
"=""AC4982""",87.99,
"=""AC4975""",89.99,
"=""AC4986""",87.99,
"=""AC4976""",71.99,
"=""AC4985""",92.99,
"=""AC4988""",85.99,95.45
"=""AC4994""",77.99,86.57
"=""AC4984""",76.99,
"=""AC4276""",95.99,
"=""DS630026""",283.90,315.13
"=""DS676266""",199.99,
"=""DS676372""",58.99,
"=""DS676053""",79.99,
"=""DS676452""",58.99,
"=""DS676138""",30.99,
"=""IS676056""",60.99,
"=""DS676169""",106.99,299.99
"=""DS676099""",89.99,99.99
"=""DS102208""",243.99,
"=""DS701027""",17.99,
"=""DS150061""",50.00,
"=""DS150019""",25.99,
"=""OR13085""",157.99,
"=""EV 939791PFC""",109.99,
"=""14-3021NC""",291.99,364.99
"=""EV 939975PFC""",95.99,
"=""CN 4918PFC""",89.99,99.89
"=""FA 50425C""",106.99,
"=""14-1398NC""",232.99,291.99
"=""CN 4783PFC""",139.99,
"=""14-5398NC""",299.99,381.99
"=""E24-162""",188.99,
"=""OR1333""",230.99,
"=""14-SD4027NC""",291.99,364.99
"=""14-2678NIP""",2074.99,2593.99
"=""E21-809""",117.99,
"=""EV 5517AC""",86.99,
"=""RD 11161C""",33.99,37.73
"=""E24-161""",188.99,
"=""14-0005NIP""",497.99,622.99
"=""CO 21589C""",328.99,
"=""KT 4934A""",549.99,916.99
"=""14-4024NC""",1104.99,1381.99
"=""RD 10168C""",48.99,
"=""E21-810""",117.99,
"=""E20-161""",66.99,
"=""14-0028NIP""",375.99,469.99
"=""RD 7119C""",31.99,
"=""DS640032""",52.99,
"=""DS640019""",14.99,20.99
"=""DS200260""",25.99,
"=""DS540018""",499.99,
"=""DS545029""",199.99,
"=""DUP0 400-56101""",3937.45,
"=""DUP0 CN 22157PFC""",120.99,
"=""DS510125""",199.99,
"=""DS545036""",299.99,
"=""DS520033""",131.99,146.51
"=""14-0176NC""",248.99,
"=""14-1502NC""",376.99,471.99
"=""DS669001""",151.99,
"=""DS200122""",40.99,45.50
"=""DS200052""",26.99,
"=""DS200101""",40.99,45.50
"=""DS700040""",17.99,
"=""IS108185""",185.99,
"=""DS104099""",165.99,
"=""IS676431""",68.99,
"=""DS675070""",71.99,79.91
"=""DS630010""",95.99,
"=""DS112012""",85.99,
"=""14-1089NC""",412.99,516.99
"=""BM 00174C""",66.99,
"=""IS108140""",224.99,
"=""DS665008""",75.99,
"=""KT 2500""",393.99,656.99
"=""DS110130""",73.99,
"=""DS105060""",125.99,
"=""DS700041""",24.99,
"=""DS105043""",289.99,
"=""14-0752NC""",303.99,379.99
"=""G41615S""",109.99,
"=""14-0866NC""",317.99,422.99
"=""DS105072""",278.99,499.99
"=""EV 9409214PFC""",271.99,
"=""14-0963NEW""",294.99,
"=""4990006160""",99.99,124.99
"=""DS675023""",74.99,
"=""DS105138""",335.99,499.99
"=""DS510072""",84.99,
"=""BM 4090C""",85.99,
"=""DS700124""",579.99,724.99
"=""DS700128""",942.99,
"=""CO 4776C""",186.99,
"=""DS700130""",839.99,
"=""DS700131""",682.49,853.99
"=""DS700133""",1005.99,
"=""DS700135""",899.99,1382.99
"=""DS700139""",1999.99,2499.99
"=""DS700142""",1574.99,1968.99
"=""IS108168""",240.99,
"=""DS700143""",539.99,599.99
"=""DS700180""",494.99,
"=""DS700183""",1452.99,
"=""DS700184""",981.99,1227.99
"=""DS676026""",55.99,
"=""DS112046""",87.99,
"=""DS700188""",942.99,
"=""14-2986NC""",367.99,
"=""DS102161""",214.99,
"=""DS102214""",175.99,240.00
"=""DS676181""",64.99,72.14
"=""14-SD4509NEW""",139.99,
"=""DS676064""",73.99,
"=""DS665010""",81.99,
"=""DS102140""",185.90,206.35
"=""DS102150""",229.99,
"=""DS105067""",274.99,
"=""IS100043""",15.99,
"=""DS570029""",25.99,32.99
"=""DS315046""",19.99,22.19
"=""DS133037""",19.99,24.99
"=""DS200130""",37.99,42.17
"=""DS104134""",249.99,
"=""DS669004""",67.99,
"=""DS700200""",917.99,
"=""DS670046""",84.99,
"=""14-2785NIP""",303.99,379.99
"=""DS676001""",98.99,112.99
"=""DS104113""",212.99,
"=""DS510101""",80.99,
"=""KIT 0001 (12V) + DS104075 + CN-PF1829""",679.99,
"=""IS135106""",47.99,
"=""14-0405NC""",334.99,418.99
"=""DS700213""",1384.99,
"=""DS700226""",1324.99,
"=""DS700310""",917.99,
"=""DS700397""",1452.99,
"=""14-1298NC""",388.99,481.99
"=""DS145010""",10.99,
"=""DS105049""",199.99,
"=""DS725236""",97.99,
"=""IS100018""",199.99,
"=""DS110099""",75.99,
"=""DS675156""",64.99,
"=""DS669010""",100.99,112.10
"=""DS110106""",81.99,
"=""DS667003""",70.99,
"=""DS315034""",19.99,22.19
"=""DS401036""",12.99,
"=""CN 4548PFC""",116.99,
"=""DS560026""",248.99,311.99
"=""IS403028""",3.99,
"=""14-2468NEW""",206.99,
"=""IS100020""",11.99,
"=""DS510092""",106.99,118.76
"=""DS102162""",185.99,
"=""DS110079""",79.99,88.79
"=""DS676075""",77.99,
"=""DS315021""",19.99,22.19
"=""DS676067""",65.99,
"=""DS110039""",78.99,
"=""DS134018""",57.99,
"=""DS120086""",41.99,
"=""DS676088""",71.99,
"=""DS401014""",36.99,
"=""IS688078""",70.99,78.80
"=""14-0611NC""",349.99,437.99
"=""IS520007""",82.99,
"=""IS401042""",30.99,34.40
"=""DS540031""",45.99,57.99
"=""DS112080""",90.99,101.00
"=""DS200029""",10.99,
"=""BM 9351C""",65.99,
"=""DS200159""",27.99,36.99
"=""DS315035""",10.99,
"=""DS110074""",76.99,
"=""14-20448NEW""",168.99,
"=""30-0120""",95.99,
"=""DS112146""",80.90,89.80
"=""DS725059""",19.99,
"=""BM 00155C""",66.99,
"=""DS720119""",84.99,
"=""DS400015""",25.99,28.85
"=""DS540047""",80.99,89.90
"=""DS200140""",44.99,
"=""DS670008""",75.99,84.35
"=""DS120027""",19.99,
"=""DS315047""",22.99,
"=""IS100023""",3.99,
"=""IS130023""",25.99,
"=""IS404049""",32.99,
"=""IS400002""",15.99,
"=""DS105081""",231.99,
"=""KIT DS669006 + DS200055""",74.99,
"=""DS667004""",75.99,
"=""DS510066""",209.99,
"=""IS100026""",22.99,
"=""DS665001""",75.99,
"=""DS315048""",19.99,22.19
"=""DS401007""",15.99,
"=""14-0285S""",230.99,
"=""DS140010""",9.99,
"=""DS667010""",76.90,85.36
"=""IS100060""",31.99,
"=""DS710014""",13.99,
"=""DS676082""",66.99,
"=""DS676417""",55.90,62.05
"=""DS711007""",3.99,
"=""DS674001""",83.99,
"=""DS400018""",31.99,
"=""DS715005""",15.99,12.99
"=""DS675068""",70.99,78.80
"=""DS315025""",19.99,22.19
"=""DS675087""",42.99,
"=""IS100117""",9.99,
"=""DS400005""",34.99,
"=""CO 7701C""",200.99,
"=""DS112075""",50.99,
"=""DS104140""",197.99,
"=""DS104132""",208.99,
"=""CO 11048JC""",250.99,
"=""DS102216""",270.99,
"=""14-0748NEW""",199.99,
"=""DS400006""",29.99,
"=""59-0186""",71.99,79.91
"=""DS102007""",187.99,
"=""DS703022""",15.99,
"=""DS676473""",102.99,
"=""DS104056""",202.99,
"=""DS315032""",19.99,22.19
"=""IS100030""",26.99,
"=""DS200234""",15.99,
"=""DS120110""",13.99,
"=""18-2271""",34.99,
"=""DS104136""",212.99,
"=""DS102061""",261.99,
"=""DS112121""",96.99,
"=""DS315022""",19.99,22.19
"=""DS102139""",250.90,278.50
"=""DS712002""",3.99,3.99
"=""DS120107""",26.99,33.99
"=""DS510108""",80.99,89.90
"=""DS676415""",75.99,84.35
"=""DS105005""",145.99,
"=""DS108017""",99.99,124.99
"=""DS200044""",43.99,
"=""DS200013""",46.99,52.16
"=""DS125039""",12.99,
"=""DS560058""",25.99,32.99
"=""CO 4301C""",191.99,
"=""DS100005""",7.99,
"=""DS545031""",76.99,
"=""DS667012""",38.99,
"=""DS108021""",199.99,
"=""14-0835NEW""",219.99,
"=""DS665030""",63.99,
"=""DS105087""",212.99,
"=""DS102196""",168.99,
"=""DS675077""",77.99,
"=""DS714003""",9.99,25.99
"=""DS103044""",235.99,
"=""DS200023""",33.99,
"=""DS725026""",22.99,
"=""DS669007""",82.99,
"=""BM 00002C""",55.90,62.05
"=""KIT DS104075+ DS630010 + IS100030 + IS100077""",199.99,
"=""14-SD4506NEW""",149.99,
"=""IS200257""",65.99,
"=""DS120023""",72.99,
"=""CN 41213PFC""",115.99,
"=""DS100188""",203.99,
"=""DS200216""",15.99,
"=""DS103056""",253.99,
"=""DS125011""",21.99,
"=""DS725096""",104.99,
"=""DS104033""",294.99,368.99
"=""DS645003""",89.99,139.99
"=""DS675003""",61.99,
"=""DS510041""",79.99,88.79
"=""DS669003""",101.99,113.21
"=""DS104145""",197.99,
"=""DS145030""",9.99,
"=""DS676063""",65.99,
"=""DS112099""",70.99,78.80
"=""DS133006""",27.99,
"=""DS104057""",245.99,
"=""IS104016""",156.99,
"=""DS104118""",175.99,
"=""DS400014""",35.99,
"=""14-2828NEW""",262.99,
"=""DS120014""",43.99,
"=""43-3188""",46.99,
"=""BM 0351""",57.99,
"=""DS671005""",72.99,81.02
"=""DS720035""",48.99,54.38
"=""DS675130""",105.99,117.65
"=""59-2533""",73.99,
"=""DS105008""",224.99,
"=""DS110113""",68.99,
"=""DS712011""",3.99,
"=""DS669016""",79.99,88.79
"=""BM 9272C""",68.99,
"=""DS112021""",73.99,
"=""IS108167""",284.99,
"=""DS667002""",76.99,
"=""DS120035""",25.99,
"=""DS101077""",257.99,
"=""DS133014""",184.99,
"=""DS102132""",190.99,
"=""DS665032""",35.99,
"=""DS676159""",83.99,
"=""DS675013""",72.99,81.02
"=""14-0655NEW""",249.99,
"=""DS650001""",28.99,36.99
"=""DS675039""",74.99,
"=""DS550032""",28.99,36.99
"=""DS725112""",5.99,
"=""DS510094""",78.99,
"=""DS545035""",166.99,
"=""DS665021""",70.99,
"=""DS665043""",81.99,
"=""DS125017""",15.99,
"=""14-0667NEW""",185.99,
"=""DS669008""",94.99,
"=""EV 939779PFC""",93.99,
"=""17-0169""",40.99,45.50
"=""DS108028""",283.99,
"=""IS676055""",57.99,
"=""DS674002""",78.99,87.68
"=""DS560015""",32.99,41.99
"=""DS110022""",58.99,
"=""DS725015""",32.99,36.62
"=""DS670025""",69.99,
"=""DS110193""",70.99,
"=""DS110024""",70.99,
"=""DS545005""",89.99,
"=""DS676129""",62.99,69.92
"=""BM 0350""",52.99,
"=""DS665015""",79.99,
"=""DS675089""",48.99,
"=""DS105022""",173.99,
"=""DS110209""",77.99,86.57
"=""DS120022""",63.99,
"=""DS665046""",76.99,
"=""DS675066""",79.99,88.79
"=""DS110119""",79.99,
"=""DS674005""",79.99,
"=""DS540020""",103.99,
"=""DS110147""",81.99,
"=""DS200011""",44.99,49.94
"=""CO 10616Z""",258.99,
"=""DS665017""",35.99,
"=""DS110025""",70.99,
"=""14-0449NC""",259.99,288.99
"=""DS510063""",88.99,
"=""DS104133""",181.99,
"=""14-1199NEW""",254.99,
"=""DS112092""",79.99,
"=""DS675177""",74.99,
"=""DS676002""",15.99,
"=""KIT DS675104 + DS401042""",77.99,
"=""DS675115""",68.99,
"=""DS670003""",78.99,
"=""DS669000""",45.99,
"=""DS670031""",35.99,
"=""DS668011""",72.99,
"=""DS510044""",79.99,
"=""IS108082""",359.99,
"=""IS100145""",47.99,
"=""DS125013""",22.99,
"=""KIT DS345061""",34.99,
"=""14-SD6036NC""",421.99,527.99
"=""18-0438""",34.99,
"=""CO 20151C""",228.99,
"=""DS101001""",168.99,
"=""EV 940172C""",222.99,
"=""DS725245""",9.99,
"=""BM 3788C""",64.99,
"=""DS103019""",310.99,
"=""17-5000""",30.99,34.40
"=""IS676429""",33.99,
"=""IS108124""",153.99,
"=""EX 7010C""",55.99,
"=""CO 11238C""",220.99,
"=""DS675135""",449.99,
"=""IS676430""",50.99,56.60
"=""14-1067NEW""",255.99,
"=""IS100052""",20.99,
"=""14-1333NEW""",195.99,
"=""DS210153""",15.75,
"=""45 002900FC""",109.99,
"=""EX 10391C""",37.99,
"=""IS135074""",33.99,
"=""IS108115""",195.99,235.00
"=""DS102185""",234.99,
"=""DS676485""",51.44,64.99
"=""IS135094""",31.99,
"=""KIT 59-0026+17-2930+18-0002""",95.99,
"=""17-3373""",41.99,
"=""CN 4252PFC""",71.99,
"=""DS200191""",33.99,37.73
"=""14-SD6361NC""",279.99,349.99
"=""DS200001""",47.99,53.27
"=""DS103048""",164.99,
"=""DS676147""",57.99,
"=""DS131013""",18.99,
"=""14-1593NC""",413.99,517.99
"=""2403-004""",312.99,347.42
"=""2400-013""",366.99,
"=""2413-009""",631.99,
"=""2410-001""",190.99,
"=""2413-007""",396.99,440.66
"=""2408-001""",569.99,
"=""2413-001""",739.99,
"=""2408-008""",288.99,320.78
"=""2405-006""",505.99,561.65
"=""2405-003""",884.99,982.34
"=""2408-015""",764.99,849.14
"=""2400-019""",844.99,
"=""2408-009""",549.99,
"=""2405-005""",455.99,
"=""2403-003""",919.99,1021.19
"=""2403-001""",811.99,901.31
"=""2408-010""",296.99,329.66
"=""2401-001""",764.99,
"=""2403-002""",749.99,
"=""2408-007""",424.99,471.74
"=""2400-017""",589.99,654.89
"=""2411-001""",634.99,
"=""2400-014""",605.99,672.65
"=""2402-003""",599.99,665.99
"=""2400-016""",622.99,691.52
"=""2413-002""",667.99,741.47
"=""2400-001""",652.99,
"=""2415-001""",812.99,
"=""2408-005""",339.99,377.39
"=""2400-011""",423.99,
"=""2400-007""",936.99,1040.06
"=""2400-015""",796.99,884.66
"=""2400-002""",760.99,
"=""2414-005""",293.99,
"=""2408-004""",378.99,420.68
"=""2413-004""",487.99,
"=""2408-003""",799.99,887.99
"=""2400-004""",835.99,927.95
"=""2413-005""",585.99,
"=""2408-013""",355.99,395.15
"=""2413-003""",660.99,
"=""2419-001""",508.99,
"=""2401-004""",869.99,965.69
"=""2400-006""",312.99,347.42
"=""2400-008""",864.99,960.14
"=""2400-005""",897.99,996.77
"=""2408-002""",284.90,316.24
"=""2414-001""",359.99,399.59
"=""2414-003""",293.99,
"=""2401-003""",937.99,1041.17
"=""2405-002""",680.99,
"=""2414-002""",306.99,340.76
"=""2402-001""",457.99,508.37
"=""2413-006""",796.99,
"=""2405-004""",605.99,672.99
"=""2408-014""",179.99,249.99
"=""2411-002""",309.99,
"=""2408-006""",550.99,611.60
"=""2405-001""",677.99,752.57
"=""2400-018""",595.99,661.55
"=""2401-005""",836.99,929.06
"=""2401-002""",811.99,901.31
"=""2408-012""",722.99,802.52
"=""2412-001""",339.99,377.39
"=""14-SD4664NC""",215.99,246.99
"=""IS135099""",33.99,
"=""DS676199""",78.75,98.99
"=""DS703056""",139.99,
"=""14-0449NEW""",185.99,
"=""14-0092NC""",202.99,253.99
"=""14-0104NC""",209.99,262.99
"=""14-0025NC""",464.99,581.99
"=""14-0045NC""",231.99,289.99
"=""14-0144NC""",271.99,337.99
"=""14-0091NC""",343.99,429.99
"=""14-0332NEW""",306.99,
"=""14-0301NC""",341.99,422.99
"=""14-0142NC""",273.99,339.99
"=""14-0441NC""",294.99,364.99
"=""14-0251NC""",257.99,319.99
"=""14-0214NEW""",180.99,
"=""14-0573GM""",347.99,434.99
"=""14-0118NC""",268.99,332.99
"=""14-0103NC""",382.99,478.99
"=""14-0631NEW""",306.99,
"=""14-0072NC""",289.99,358.99
"=""14-0496NC""",311.99,389.99
"=""14-0122NEW""",195.99,
"=""14-0274NEW""",264.99,
"=""14-0570NEW""",209.99,276.00
"=""14-0631NC""",263.99,329.99
"=""14-0706NEW""",233.99,
"=""14-0155NC""",309.99,387.99
"=""14-0682NC""",262.99,326.99
"=""14-0619NC""",238.99,298.99
"=""14-0308NEW""",259.99,
"=""14-0384NC""",556.99,696.99
"=""14-0220NC""",298.99,373.99
"=""14-0680NC""",266.99,299.99
"=""14-0570NC""",309.99,298.99
"=""14-0687NC""",359.99,449.99
"=""14-0589NC""",278.99,434.99
"=""14-0683NC""",272.99,337.99
"=""14-0125NC""",224.99,281.99
"=""14-0114NC""",350.99,438.99
"=""14-0727NEW""",175.99,
"=""14-0040MPR""",353.99,438.99
"=""14-0503NEW""",266.99,
"=""14-0819NC""",205.99,257.99
"=""14-0409NC""",304.99,377.99
"=""14-0822NC""",317.99,397.99
"=""14-0300NEW""",158.99,
"=""14-0017NEW""",157.99,
"=""14-0057NC""",388.99,486.99
"=""14-0513NC""",717.99,897.99
"=""14-0168NC""",207.99,257.99
"=""14-0480NC""",246.99,306.99
"=""14-0098NEW""",164.99,
"=""14-0587GM""",365.99,351.99
"=""14-0298NC""",230.99,286.99
"=""14-0639NC""",454.99,568.99
"=""14-0891NC""",345.90,383.95
"=""14-0652NC""",280.99,347.99
"=""14-0097NC""",128.99,161.99
"=""14-0706NC""",250.99,287.99
"=""14-0348NIP""",487.99,603.99
"=""14-0410NC""",377.99,467.99
"=""14-0308NC""",207.99,257.99
"=""14-0263NC""",219.99,274.99
"=""14-0692NIP""",395.99,
"=""14-0635NEW""",374.99,
"=""14-0572MPR""",706.99,883.99
"=""14-0290NEW""",208.99,
"=""14-0919NC""",272.99,341.99
"=""14-0196NEW""",199.99,
"=""14-0870NC""",246.99,306.99
"=""14-0783NIP""",503.99,629.99
"=""14-0181NEW""",208.99,
"=""14-0893NIP""",564.99,706.99
"=""14-0442NIP""",516.99,639.99
"=""14-0878FD""",360.99,446.99
"=""14-0923NC""",289.99,362.99
"=""14-0361NC""",287.99,418.99
"=""14-0256NC""",286.99,358.99
"=""14-0911NC""",307.99,384.99
"=""14-0349NC""",207.99,257.99
"=""14-0882NEW""",330.99,
"=""14-0632NC""",264.99,331.99
"=""14-0026NC""",430.99,538.99
"=""14-0053NC""",510.99,638.99
"=""14-0343NEW""",178.99,
"=""14-0155NEW""",212.99,
"=""14-0931NEW""",190.99,205.00
"=""14-1003NC""",378.99,473.99
"=""14-0972NC""",455.99,609.99
"=""14-1010NEW""",156.99,
"=""14-1026NEW""",282.99,
"=""14-1066NEW""",375.99,
"=""14-1110NC""",259.99,324.99
"=""14-1010NC""",352.99,437.99
"=""14-1027NC""",495.99,619.99
"=""14-0865NEW""",186.99,
"=""14-1113NEW""",220.99,265.00
"=""14-1076NIP""",604.99,756.99
"=""14-1226NC""",326.99,409.99
"=""14-1263GM""",592.99,741.99
"=""14-1205NC""",358.99,458.99
"=""14-1370NC""",238.99,298.99
"=""14-1460NC""",343.99,429.99
"=""14-20080NC""",254.99,316.99
"=""14-20216NC""",205.99,257.99
"=""14-0443NC""",462.99,572.99
"=""14-0213NEW""",284.99,
"=""14-0231NIP""",535.99,669.99
"=""14-0809NEW""",301.99,
"=""14-0153NEW""",227.99,
"=""14-0144NEW""",204.99,
"=""14-0236NEW""",214.99,
"=""14-0186NC""",209.99,259.99
"=""14-0182NEW""",213.99,
"=""14-0212NC""",366.99,458.99
"=""14-0689NC""",381.99,472.99
"=""14-0248NC""",293.99,367.99
"=""14-0536NEW""",238.99,
"=""14-0503GM""",165.99,207.99
"=""14-0568NEW""",274.99,
"=""14-0984NC""",314.99,393.99
"=""14-0057NEW""",258.99,
"=""14-0943NC""",287.99,359.99
"=""14-0017NC""",252.99,316.99
"=""14-1007NC""",353.99,438.99
"=""14-1047NEW""",230.99,
"=""14-0943NEW""",287.99,
"=""14-0960NEW""",220.99,
"=""14-1053NC""",333.99,427.99
"=""14-1110NEW""",220.99,
"=""14-1233NEW""",243.99,
"=""14-1276NC""",372.99,466.99
"=""14-1118NC""",599.99,749.99
"=""14-1266GM""",409.99,529.99
"=""14-0187NIP""",405.99,507.99
"=""14-1340NC""",337.99,426.99
"=""14-1418NC""",274.99,362.99
"=""14-1458NC""",312.99,391.99
"=""14-1484NC""",220.99,276.99
"=""14-1526NC""",250.99,273.99
"=""14-20066NC""",189.99,237.99
"=""14-20067NC""",302.99,378.99
"=""14-20087NC""",315.99,394.99
"=""14-20189NEW""",268.99,
"=""14-20237NEW""",198.99,
"=""14-1452NIP""",466.99,578.99
"=""14-1450NC""",208.99,231.98
"=""14-20247NEW""",208.99,
"=""14-20120NC""",363.99,451.99
"=""14-20742NEW""",242.99,
"=""14-20185GM""",572.99,731.99
"=""14-20340NEW""",242.99,
"=""14-20244NEW""",232.99,
"=""14-2147NC""",564.99,706.99
"=""14-20232NEW""",278.99,
"=""14-21172NC""",207.99,257.99
"=""14-2198NEW""",275.99,
"=""14-21579GM""",450.99,563.99
"=""14-20941GM""",372.99,466.99
"=""14-22221GM""",145.99,182.99
"=""14-21676NEW""",220.99,
"=""14-22211GM""",220.90,245.20
"=""14-22146GM""",377.99,472.99
"=""14-22281GM""",401.99,502.99
"=""14-22250NC""",530.99,663.99
"=""14-22213GM""",220.99,273.99
"=""14-22219GM""",361.99,452.99
"=""14-22239NEW""",249.99,
"=""14-2316NC""",207.99,257.99
"=""14-22260NC""",538.99,673.99
"=""14-22221NEW""",276.99,
"=""14-2494NC""",207.99,257.99
"=""14-2622NC""",207.99,257.99
"=""14-2735NC""",272.99,338.99
"=""14-2550NC""",273.99,342.99
"=""14-2699NC""",283.99,354.99
"=""14-2901NC""",295.99,366.99
"=""14-2887NEW""",307.99,341.87
"=""14-2956NC""",436.99,541.99
"=""14-3020NC""",181.99,224.99
"=""14-3302NIP""",341.99,422.99
"=""14-3120NC""",299.99,371.99
"=""14-3105NC""",271.99,337.99
"=""14-5200NC""",485.99,623.99
"=""14-DK52021NEW""",309.99,
"=""14-DK55011NC""",264.99,327.99
"=""14-21467NEW""",262.99,
"=""14-22180GM""",420.99,526.99
"=""14-2231NC""",476.99,596.99
"=""14-2806NC""",271.99,339.99
"=""14-2799NC""",249.99,312.99
"=""14-2638NIP""",431.99,539.99
"=""14-2905NC""",354.99,443.99
"=""14-2965NC""",246.99,308.99
"=""14-2983NC""",350.99,438.99
"=""14-2801NEW""",260.99,
"=""14-2789NEW""",201.99,
"=""14-3014NC""",314.99,393.99
"=""14-2979NC""",337.99,418.99
"=""14-3026NC""",157.99,199.99
"=""14-3582NEW""",209.99,
"=""14-2893NEW""",187.99,
"=""14-3005NEW""",251.99,
"=""14-4014NC""",377.99,468.99
"=""14-4015NC""",322.99,403.99
"=""14-2996NC""",276.99,346.99
"=""14-5060NC""",358.99,448.99
"=""14-3102NC""",353.99,438.99
"=""14-4026NC""",428.99,536.99
"=""14-DK25011NC""",269.99,337.99
"=""14-4011NC""",449.99,562.99
"=""14-7000NC""",290.99,363.99
"=""14-DK52118NC""",233.99,292.99
"=""14-DK54234NC""",247.99,309.99
"=""14-4003NC""",210.99,263.99
"=""14-DK52008NC""",269.99,337.99
"=""14-DK55122NC""",260.99,326.99
"=""14-7003NC""",335.99,419.99
"=""14-4474FD""",348.99,431.99
"=""14-DK55121NC""",253.99,317.99
"=""14-DK56017NC""",253.99,317.99
"=""14-DK56056NC""",241.99,312.99
"=""14-DK56011NC""",250.90,278.50
"=""14-DK56065NC""",255.99,319.99
"=""14-DK56082NC""",268.99,298.58
"=""14-DK56121NC""",271.90,301.81
"=""14-DK56021NC""",255.99,319.99
"=""14-DK56122NC""",260.99,326.99
"=""14-DK56234NC""",281.99,313.00
"=""14-DK56426NC""",232.99,291.99
"=""14-DK67248NC""",377.99,472.99
"=""14-DK56015NC""",249.99,312.99
"=""14-SD1710NC""",247.99,309.99
"=""14-SD1027NC""",335.99,278.99
"=""14-SD3450NC""",367.99,459.99
"=""14-SD4051NC""",259.99,322.99
"=""14-SD2210NC""",337.99,422.99
"=""14-SD4041NEW""",196.99,
"=""14-SD4080NC""",210.99,263.99
"=""14-SD4088NC""",348.99,436.99
"=""14-SD4077NC""",175.90,195.25
"=""14-SD4119NC""",343.99,429.99
"=""14-SD4390NC""",246.99,285.99
"=""14-SD4418NEW""",188.99,
"=""14-SD4484NC""",240.99,301.99
"=""14-SD4482NC""",285.99,351.99
"=""14-SD4577NC""",278.99,348.99
"=""14-SD4492NC""",255.99,319.99
"=""14-SD4682NC""",270.99,300.80
"=""14-SD4705NC""",296.99,371.99
"=""14-SD4816NEW""",176.99,
"=""14-SD6321NC""",257.99,322.99
"=""14-SD7803NC""",264.99,331.99
"=""14-SD4080NEW""",145.99,
"=""14-SD4420NC""",261.90,290.71
"=""14-SD4117NC""",302.99,378.99
"=""14-SD4471NC""",304.99,381.99
"=""14-SD4511NC""",221.99,277.99
"=""14-SD4618NC""",290.99,363.99
"=""14-SD4663NC""",227.99,284.99
"=""14-SD4800NC""",312.99,391.99
"=""14-SD4646NC""",248.99,311.99
"=""14-SD4821NEW""",194.99,
"=""14-SD4872NC""",270.99,339.99
"=""14-SD4718NEW""",194.99,
"=""14-SD4779NC""",224.99,257.99
"=""14-SD7822NC""",268.99,336.99
"=""14-SD4700NC""",318.99,398.99
"=""14-SD4996NC""",675.99,844.99
"=""14-SD7930NC""",235.99,313.99
"=""14-SD8242NC""",445.99,495.05
"=""DS130059""",47.99,46.99
"=""DS676200""",78.75,98.99
"=""IS135104""",34.99,
"=""KIT 14-SD4731NEW + 17-5006""",199.99,299.99
"=""IS135105""",45.99,
"=""14-0309NEW + 17-3691""",399.99,
"=""KIT DS105060 + DS920028""",184.99,
"=""DS100248""",233.99,
"=""RD 8103C""",28.99,32.18
"=""RA 2346C""",104.99,116.54
"=""RA 2256C""",101.99,
"=""RA 13583C""",81.99,
"=""RA 1721C""",165.99,184.25
"=""RA 2051C""",104.99,116.54
"=""RA 1885C""",138.99,154.28
"=""RA 13126C""",111.99,
"=""RA 13157C""",121.00,
"=""RA 2410C""",90.99,
"=""RA 1522C""",182.99,
"=""G41209VP""",151.99,
"=""14-1398NEW""",232.99,
"=""BM 00123C""",75.99,
"=""EX 10424C""",29.99,
"=""13071""",120.99,
"=""KT 1105""",315.99,526.99
"=""CO 21744JC""",299.99,
"=""CO 29028C""",181.99,
"=""13097""",106.99,118.76
"=""OR13226""",150.99,
"=""CO 29113C""",230.99,277.00
"=""13248""",126.99,
"=""CO 20193LC""",226.99,
"=""14-22350GM""",398.99,493.99
"=""CO 29148C""",261.99,
"=""13314""",102.99,
"=""13035""",112.99,
"=""CO 20009C""",239.99,
"=""CO 1216C""",249.99,
"=""DS676306""",71.99,79.91
"=""OR2681""",121.99,
"=""KT 1377A""",429.99,716.99
"=""13326""",115.99,128.75
"=""KT 4359""",305.99,509.99
"=""CO 21134C""",213.99,
"=""CO 2011Q""",269.99,337.99
"=""14-SD4484NEW""",195.99,
"=""KT 4759A""",500.99,834.99
"=""EB287M""",96.99,
"=""RA 13076C""",115.99,
"=""EV 940149PFC""",100.99,
"=""CO 10460AC""",279.99,
"=""KT 2199""",369.99,616.99
"=""CN 22062PFC""",112.99,
"=""BM 3789C""",90.99,
"=""OR2603""",91.99,
"=""KT 5143A""",510.99,851.99
"=""BM 00243C""",119.99,
"=""EB356M""",96.99,
"=""OR13031""",126.99,140.96
"=""CO 21005C""",222.99,
"=""DS703005""",21.99,
"=""OR13078""",117.99,
"=""OR1174""",110.99,123.20
"=""OR13155""",117.99,
"=""KT 2196A""",471.99,786.99
"=""EB246M""",85.99,
"=""EB360M""",90.99,
"=""OR13076""",125.99,
"=""OR1516""",134.99,149.84
"=""EB243M""",91.99,
"=""14-1204NC""",593.99,742.99
"=""EB248M""",80.99,
"=""EB238M""",90.99,
"=""EB237S""",69.99,
"=""KT 5143""",430.99,718.99
"=""EB106S""",76.99,
"=""EB244M""",80.99,
"=""EB078S""",74.99,
"=""EB283M""",96.99,
"=""EB313M""",85.99,
"=""EB272S""",96.99,
"=""EB298S""",85.99,
"=""EB266S""",82.99,
"=""EB440M""",96.99,
"=""EB439M""",101.99,
"=""EB293M""",74.99,
"=""EB314""",42.99,
"=""EB336S""",111.99,
"=""EB352M""",86.99,
"=""EB295M""",86.99,
"=""OR396""",161.99,
"=""EB103S""",96.99,
"=""EB098S""",75.99,
"=""EB144S""",76.99,
"=""EB064MN""",34.99,
"=""EB281M""",81.99,
"=""EB236""",55.99,
"=""EB290M""",85.99,
"=""EB434M""",123.99,
"=""EB441M""",90.99,
"=""EB245M""",90.99,
"=""EB206S""",80.99,
"=""OR2099""",138.99,154.28
"=""EB363M""",90.99,
"=""EB362M""",106.99,
"=""EB436M""",96.99,
"=""EB296S""",90.99,
"=""EB235M""",74.99,
"=""EB435M""",90.99,
"=""EB340""",64.99,
"=""EC372M""",69.99,
"=""EC592M""",117.99,
"=""EC556M""",80.99,
"=""EB459M""",91.99,
"=""EB469M""",102.99,
"=""EC508M""",69.99,
"=""EC506M""",71.99,
"=""EB511M""",101.99,
"=""EB476M""",96.99,
"=""EB452M""",112.99,
"=""EC368M""",74.99,
"=""EC527M""",85.99,
"=""EC507M""",58.99,
"=""EC369M""",75.99,
"=""EC566M""",69.99,
"=""EC557M""",74.99,
"=""EC539M""",74.99,
"=""EC549M""",45.99,
"=""EC942M""",69.99,
"=""EC679M""",112.99,
"=""EC706M""",112.99,
"=""EC552M""",75.99,
"=""EC688M""",112.99,
"=""EC563M""",74.99,
"=""EC509M""",76.99,
"=""EC622S""",74.99,
"=""EC717M""",112.99,
"=""EC703M""",80.99,
"=""EC925M""",69.99,
"=""EC684M""",112.99,
"=""EC907""",66.99,
"=""EC792M""",106.99,
"=""EC941M""",75.99,
"=""EC929M""",64.99,
"=""EC817M""",90.99,
"=""EC550M""",74.99,
"=""EC581M""",90.99,
"=""EC913M""",69.99,
"=""EC950M""",74.99,
"=""EC705M""",106.99,
"=""EC747M""",101.99,
"=""EC995M""",63.99,
"=""EC702M""",101.99,
"=""EC974M""",74.99,
"=""EC972M""",69.99,
"=""EC943M""",85.99,
"=""EG055M""",74.99,
"=""EG087M""",101.99,
"=""EC919M""",71.99,
"=""EG050M""",85.99,
"=""EG063M""",97.99,
"=""EG089M""",74.99,
"=""EC954M""",80.99,
"=""EC920M""",80.99,
"=""EG077M""",85.99,
"=""EG086M""",101.99,
"=""EC951M""",85.99,
"=""EC953M""",74.99,
"=""EC952M""",85.99,
"=""EG062M""",96.99,
"=""EC956M""",69.99,
"=""EG030M""",85.99,
"=""EC973M""",69.99,
"=""EC963M""",74.99,
"=""EG054M""",80.99,
"=""EG093M""",101.99,
"=""EG097M""",85.99,
"=""EC932M""",69.99,
"=""EG065M""",91.99,
"=""EC940M""",69.99,
"=""EG064M""",85.99,
"=""EC967M""",74.99,
"=""EC923M""",80.99,
"=""EG094M""",76.99,
"=""EC500M""",74.99,
"=""EC707M""",140.99,
"=""EC908""",82.99,
"=""EC966M""",69.99,
"=""EC971M""",69.99,
"=""EC621S""",68.99,
"=""EC902""",38.99,
"=""EG116M""",101.99,
"=""EG200M""",106.99,
"=""EG146M""",80.99,
"=""EG114M""",96.99,
"=""EG152M""",90.99,
"=""EG099M""",101.99,
"=""EG103MN""",96.99,
"=""EH397M""",74.99,
"=""EG137M""",101.99,
"=""EG095M""",96.99,
"=""EG097MR""",85.99,
"=""EG129M""",80.99,
"=""EG111M""",90.99,
"=""EG160M""",96.99,
"=""EG165M""",101.99,
"=""EG190M""",90.99,
"=""EG184M""",101.99,
"=""EG172M""",91.99,
"=""EG162M""",96.99,
"=""EG142M""",96.99,
"=""EG182M""",98.99,
"=""EG138M""",85.99,
"=""EG196M""",96.99,
"=""EH412M""",106.99,
"=""E20-202""",52.99,
"=""EH482M""",101.99,
"=""EG218M""",106.99,
"=""EG223M""",81.99,
"=""EG127MN""",74.99,
"=""E20-140""",64.99,
"=""E20-166""",85.99,
"=""EH545M""",80.99,
"=""E20-170""",101.99,
"=""CO 11602C""",305.99,
"=""EG167M""",106.99,
"=""EH335""",37.99,
"=""EG189M""",90.99,
"=""EG237M""",106.99,
"=""EH566M""",101.99,
"=""EH475M""",80.99,
"=""E20-164""",101.99,
"=""E20-152""",53.99,
"=""EH660M""",96.99,
"=""EH642M""",106.99,
"=""E20-165""",150.99,
"=""E20-145""",85.99,
"=""EH569M""",90.99,
"=""E20-156""",85.99,
"=""E20-155""",85.99,
"=""E20-157""",69.99,
"=""EH676M""",117.99,
"=""E20-138""",80.99,
"=""E20-232""",71.99,
"=""EH788M""",101.99,
"=""EH821M""",112.99,
"=""E20-172""",81.99,
"=""EH705M""",101.99,
"=""E20-163""",101.99,
"=""E20-112""",44.99,
"=""E20-253""",71.99,
"=""E20-151""",53.99,
"=""E20-111""",44.99,
"=""E20-274""",65.99,
"=""E20-201""",52.99,
"=""E20-206""",64.99,
"=""E20-114""",104.99,104.99
"=""E20-150""",80.99,
"=""E20-276""",58.99,
"=""E20-208""",106.99,
"=""E20-275""",58.99,
"=""E20-126""",128.99,
"=""E20-283""",86.99,
"=""E20-133""",69.99,
"=""E20-250""",58.99,
"=""E20-237""",74.99,
"=""E20-265""",76.99,
"=""E20-134""",69.99,
"=""EH568M""",90.99,
"=""E20-216""",69.99,
"=""E20-125""",128.99,
"=""E20-221""",69.99,
"=""E20-252""",64.99,
"=""E20-207""",106.99,
"=""EH692M""",106.99,
"=""E20-255""",54.99,54.99
"=""E20-139""",64.99,
"=""E20-244""",80.99,
"=""E20-220""",128.99,
"=""E20-249""",58.99,
"=""EH671M""",101.99,
"=""E20-273""",65.99,
"=""E20-199""",74.99,
"=""E20-102""",67.99,
"=""E20-223""",131.99,
"=""EH721M""",74.99,
"=""E20-254""",85.99,
"=""E20-116""",69.99,
"=""E20-285""",80.99,
"=""E20-203""",46.99,
"=""E20-215""",69.99,
"=""E20-146""",85.99,
"=""E20-171""",81.99,
"=""E20-182""",110.99,
"=""E20-238""",74.99,
"=""E20-217""",74.99,
"=""E20-231""",71.99,
"=""E20-219""",128.99,
"=""E20-218""",74.99,
"=""E20-251""",64.99,
"=""E20-169""",101.99,
"=""E20-204""",46.99,
"=""E20-222""",69.99,
"=""E20-286""",80.99,
"=""E20-158""",69.99,
"=""E20-224""",131.99,
"=""EH229""",33.99,
"=""E20-128""",149.99,
"=""E20-127""",149.99,
"=""E20-179""",85.99,
"=""E20-130""",74.99,
"=""E20-137""",80.99,
"=""E20-181""",110.99,
"=""E20-354""",74.99,
"=""E20-407""",70.99,
"=""E20-299""",58.99,
"=""E20-395""",56.99,
"=""E20-284""",86.99,
"=""E20-319""",48.99,
"=""E20-394""",126.99,
"=""E20-417""",70.99,
"=""E20-337""",40.99,
"=""E20-493""",80.99,
"=""E20-342""",76.99,
"=""E20-304""",48.99,
"=""E20-518""",80.99,
"=""E20-358""",58.99,
"=""E20-403""",90.99,
"=""E20-524""",54.99,
"=""E20-514""",58.99,
"=""E20-520""",69.99,
"=""E20-516""",64.99,
"=""E20-561""",90.99,
"=""E20-369""",56.99,
"=""E20-365""",42.99,
"=""E20-647""",48.99,
"=""E20-621""",58.99,
"=""E20-740""",80.99,
"=""E20-464""",76.99,113.99
"=""E20-533""",50.99,
"=""E20-731""",70.99,
"=""E20-322""",42.99,
"=""E20-320""",60.99,
"=""E20-457""",65.99,
"=""E20-513""",58.99,
"=""E20-501""",69.99,
"=""E20-634""",70.99,
"=""E20-628""",53.99,
"=""E20-370""",56.99,
"=""E20-368""",53.99,
"=""E20-391""",192.99,
"=""E20-534""",53.99,
"=""E20-512""",117.99,
"=""E20-401""",80.99,
"=""E20-344""",74.99,
"=""E20-314""",64.99,
"=""E20-408""",58.99,
"=""E20-287""",85.99,
"=""E20-612""",53.99,
"=""E20-553""",53.99,
"=""E20-650""",90.99,
"=""E20-418""",72.99,
"=""E20-538""",80.99,
"=""E20-392""",192.99,
"=""E20-771""",64.99,
"=""E20-562""",90.99,
"=""E20-791""",76.99,
"=""E20-927""",74.99,
"=""E20-674""",101.99,
"=""E20-622""",58.99,
"=""E20-640""",53.99,
"=""E20-303""",48.99,
"=""E20-490""",74.99,
"=""E20-393""",126.99,
"=""E20-328""",74.99,
"=""E20-566""",80.99,
"=""E20-316""",74.99,
"=""E20-519""",69.99,
"=""E20-537""",80.99,
"=""E20-560""",74.99,
"=""E20-315""",90.99,
"=""E20-350""",116.99,
"=""E20-406""",76.99,
"=""E20-920""",95.99,
"=""E20-864""",58.99,
"=""E20-675""",53.99,
"=""E20-404""",90.99,
"=""E20-529""",74.99,
"=""E20-889""",69.99,
"=""E20-627""",53.99,
"=""E20-925""",74.99,
"=""E20-919""",95.99,
"=""E20-559""",74.99,
"=""E20-341""",76.99,
"=""E20-671""",37.99,
"=""E20-639""",53.99,
"=""E20-772""",64.99,
"=""E20-856""",82.99,
"=""E20-694""",85.99,
"=""E20-885""",65.99,
"=""E20-693""",85.99,
"=""E20-732""",104.99,104.99
"=""E20-766""",69.99,
"=""E20-782""",55.99,
"=""E20-792""",76.99,
"=""E20-511""",117.99,
"=""E20-768""",45.99,
"=""E20-793""",53.99,
"=""E20-256""",245.99,
"=""E20-362""",48.99,
"=""E21-080""",92.99,
"=""E20-865""",85.99,
"=""E20-942""",53.99,
"=""E20-625""",58.99,
"=""E20-327""",74.99,
"=""E20-648""",48.99,
"=""E20-781""",40.99,
"=""E21-020""",149.99,
"=""E20-764""",42.99,
"=""E20-765""",69.99,
"=""E20-670""",46.99,
"=""E20-974""",69.99,
"=""E20-953""",60.99,60.99
"=""E20-958""",69.99,
"=""E20-539""",74.99,
"=""E20-301""",85.99,
"=""E21-091""",48.99,
"=""E21-027""",96.99,
"=""E20-941""",53.99,
"=""E20-565""",85.99,
"=""E21-076""",122.99,
"=""KT 1428""",293.99,489.99
"=""E20-957""",69.99,
"=""E21-084""",69.99,
"=""E20-763""",42.99,
"=""E21-028""",96.99,
"=""E20-343""",74.99,
"=""E21-075""",122.99,
"=""E21-107""",51.99,
"=""E20-760""",60.99,
"=""E21-042""",74.99,
"=""E20-954""",60.99,
"=""E20-991""",90.99,
"=""E20-956""",64.99,
"=""E21-121""",58.99,
"=""E20-992""",90.99,
"=""E20-669""",46.99,
"=""E20-523""",54.99,
"=""E21-023""",85.99,
"=""E20-450""",64.99,
"=""E20-530""",74.99,
"=""E21-063""",67.99,67.99
"=""E20-981""",60.99,
"=""E21-108""",64.99,
"=""E21-007""",69.99,
"=""E21-143""",85.99,
"=""E20-866""",85.99,
"=""E20-540""",74.99,
"=""E20-624""",64.99,
"=""E20-931""",53.99,
"=""E21-598""",85.99,
"=""E22-039""",85.99,
"=""E22-785""",53.99,
"=""E21-274""",133.99,
"=""E21-251""",80.99,
"=""E21-273""",133.99,
"=""E21-544""",53.99,
"=""E22-844""",78.99,
"=""E21-338""",42.99,
"=""E21-674""",64.99,
"=""E21-595""",85.99,
"=""E21-602""",106.99,
"=""E21-355""",69.99,
"=""E21-603""",66.99,
"=""E21-356""",69.99,
"=""E21-183""",58.99,
"=""E21-465""",110.99,
"=""E21-606""",69.99,
"=""E21-390""",181.99,
"=""E21-604""",66.99,
"=""E21-715""",137.99,
"=""E21-710""",80.99,
"=""E21-726""",69.99,
"=""E21-638""",90.99,
"=""E21-321""",74.99,
"=""E21-377""",122.99,
"=""E21-245""",53.99,
"=""E21-887""",48.99,
"=""E21-601""",106.99,
"=""E21-724""",112.99,
"=""E21-672""",58.99,
"=""E21-725""",69.99,
"=""E21-815""",69.99,
"=""E21-673""",64.99,
"=""E21-389""",181.99,
"=""E21-833""",38.99,
"=""E21-378""",130.99,
"=""E22-066""",66.99,
"=""E21-179""",58.99,
"=""E21-820""",86.99,
"=""E21-736""",90.99,
"=""E22-619""",160.99,
"=""E20-347""",71.99,
"=""E21-882""",96.99,
"=""E21-639""",80.99,
"=""E22-303""",80.99,
"=""E21-640""",80.99,
"=""E21-716""",137.99,
"=""E21-892""",106.99,
"=""E21-641""",51.99,
"=""E21-423""",58.99,
"=""E21-424""",57.99,57.99
"=""E21-117""",64.99,
"=""E21-879""",109.99,
"=""E21-723""",112.99,
"=""E21-813""",69.99,
"=""E24-157""",114.99,114.99
"=""E22-064""",69.99,
"=""E22-970""",66.99,
"=""E21-637""",96.99,
"=""E22-620""",85.99,
"=""13100""",99.99,110.99
"=""E22-724""",76.99,76.99
"=""E22-339""",96.99,
"=""E22-322""",117.99,
"=""E22-040""",85.99,
"=""13396""",130.99,
"=""E22-805""",66.99,
"=""E22-802""",64.99,
"=""E22-786""",53.99,
"=""E22-063""",69.99,
"=""E22-497""",90.99,
"=""E22-113""",87.99,
"=""E24-101""",58.99,
"=""E21-420""",106.99,
"=""E21-337""",37.99,
"=""E24-454""",121.99,
"=""E21-896""",106.99,
"=""E24-024""",86.99,
"=""E22-801""",64.99,
"=""E24-240""",106.99,
"=""E24-026""",81.99,
"=""13184""",140.99,156.50
"=""30036""",105.99,117.65
"=""E22-832""",80.99,
"=""E24-245""",106.99,
"=""13132""",99.99,
"=""13226""",133.99,
"=""E22-812""",112.99,
"=""E21-719""",147.99,
"=""E22-721""",67.99,
"=""13155""",117.99,
"=""E21-646""",120.99,
"=""E24-023""",86.99,
"=""E22-482""",74.99,
"=""E22-476""",124.99,124.99
"=""13052""",119.99,133.19
"=""13065""",107.99,
"=""13398""",145.99,158.99
"=""13251""",153.99,170.93
"=""E24-102""",58.99,
"=""13037""",109.99,122.09
"=""13041""",135.99,150.95
"=""E22-831""",80.99,
"=""13333""",94.99,
"=""E24-239""",106.99,
"=""E22-651""",70.99,
"=""E24-221""",133.99,
"=""13313""",118.99,132.08
"=""13363""",107.99,119.87
"=""E22-720""",85.99,
"=""13068""",114.99,127.64
"=""13431""",112.99,
"=""13582""",118.99,
"=""E22-969""",66.99,
"=""13157""",137.99,
"=""E21-891""",106.99,
"=""E21-816""",69.99,
"=""13139""",130.99,145.40
"=""13001""",99.99,110.99
"=""13024""",121.99,135.41
"=""13264""",107.99,
"=""E22-340""",96.99,
"=""E21-952""",106.99,
"=""E20-458""",65.99,
"=""13099""",136.99,
"=""E24-453""",129.99,
"=""13116""",137.99,
"=""13512""",135.99,
"=""E21-975""",71.99,
"=""E21-913""",80.99,
"=""E21-914""",80.99,
"=""E21-976""",74.99,
"=""E21-877""",150.99,
"=""E22-178""",132.99,
"=""CO 10759C""",259.99,
"=""30026""",77.99,
"=""14-SD4277NEW""",286.99,
"=""2400-009""",610.99,
"=""14-0230NIP""",561.99,
"=""IS403032""",48.99,
"=""DS108076""",194.99,
"=""DS100244""",169.99,
"=""14-0901NEW""",183.99,
"=""14-2513NEW""",194.99,
"=""BM 9350C""",72.99,
"=""BM 9398C""",73.99,
"=""BM 9400C""",83.99,
"=""CN 3153PFC""",75.99,84.35
"=""CN 40610PFC""",112.99,
"=""CN 4184PFC""",73.99,82.13
"=""CO 10829C""",231.99,
"=""DS100235""",190.90,211.90
"=""CO 29243C""",311.99,
"=""EV 939953PFC""",111.99,
"=""IS688056""",90.99,
"=""DS105184""",206.99,
"=""DS404135""",32.99,
"=""14-SD1748NC""",277.99,347.99
"=""DS100242""",219.99,
"=""14-2785NEW""",227.99,
"=""IS100053""",12.99,
"=""DS800080""",165.99,
"=""KIT DS105100 + DS200052""",199.99,399.99
"=""KIT 0001 (12V) + DS105138 + DS540062""",799.99,1099.99
"=""DS102004""",227.99,
"=""14-3582NC""",304.99,381.99
"=""HT 2001C""",103.99,115.43
"=""CN 22072PFC""",188.99,
"=""HT 2002C""",56.99,
"=""HT 2004C""",62.99,
"=""DS345060""",19.99,
"=""IS100146""",87.99,
"=""CO 1697C""",230.99,277.00
"=""14-3165NC""",322.99,403.99
"=""14-DK56120NC""",239.99,299.99
"=""EX 9768C""",35.99,
"=""DS120025""",56.99,
"=""14-5031NC""",424.99,531.99
"=""DS102192""",317.99,397.99
"=""BM 9315C""",72.99,81.02
"=""EB338M""",90.99,
"=""EG235M""",106.99,
"=""EG075M""",69.99,77.69
"=""EC518M""",69.99,
"=""EG128MN""",101.99,
"=""EG040M""",64.99,
"=""EH730M""",90.99,
"=""EB454M""",90.99,
"=""EH244M""",69.99,
"=""EC905M""",85.99,
"=""EG197M""",106.99,118.76
"=""EC962M""",69.99,
"=""RD 11222C""",31.99,
"=""RD 11169C""",34.99,
"=""RD 11102C""",29.99,33.29
"=""RD 10190C""",35.99,39.95
"=""RD 11087C""",32.99,
"=""RD 11264C""",38.99,43.28
"=""RD 11304C""",30.99,34.40
"=""RD 11167C""",28.99,
"=""RD 11242C""",35.99,
"=""RD 11072C""",24.99,
"=""RD 11321C""",27.99,
"=""RD 11114C""",34.99,
"=""RD 10188C""",42.99,
"=""RD 11024C""",31.99,35.51
"=""RD 11279C""",31.99,
"=""RD 11073C""",42.99,
"=""RD 11172C""",29.99,
"=""RD 11295C""",40.99,45.50
"=""RD 10186C""",33.99,37.73
"=""RD 11004C""",53.99,
"=""RD 11005C""",51.99,57.71
"=""RD 1112C""",39.99,
"=""RD 11143C""",51.99,57.71
"=""RD 11156C""",41.99,
"=""RD 11186C""",39.99,
"=""RD 11105C""",35.99,
"=""RD 11025C""",38.99,43.28
"=""RD 11258C""",45.99,
"=""RD 10011C""",41.99,
"=""RD 11107C""",35.99,39.95
"=""RD 2205C""",30.99,34.40
"=""RD 11134C""",48.99,54.38
"=""RD 11027C""",49.99,55.49
"=""RD 11132C""",47.99,53.27
"=""RD 11045C""",39.99,44.39
"=""RD 11043C""",41.99,46.61
"=""RD 11145C""",58.99,
"=""RD 11152C""",31.99,
"=""RD 11150C""",35.99,39.95
"=""RD 11157C""",42.99,
"=""RD 11194C""",35.99,39.95
"=""RD 11151C""",54.99,
"=""RD 11188C""",37.99,42.17
"=""RD 11203C""",60.99,
"=""RD 11187C""",39.99,44.39
"=""RD 11206C""",32.99,
"=""RD 11201C""",43.99,
"=""RD 11197C""",44.99,
"=""RD 11221C""",44.99,
"=""RD 11216C""",36.99,41.06
"=""RD 11234C""",41.99,46.61
"=""RD 11214C""",42.99,47.72
"=""RD 11224C""",104.99,
"=""RD 11213C""",42.99,47.72
"=""RD 11217C""",42.99,
"=""RD 11276C""",59.99,66.59
"=""RD 11115C""",28.99,
"=""RD 10026C""",30.99,
"=""RD 11098C""",36.99,
"=""RD 9213C""",26.99,
"=""RD 11297C""",48.99,
"=""RD 10089C""",33.99,37.73
"=""RD 0846C""",36.99,41.06
"=""RD 10068C""",32.99,
"=""RD 0211C""",35.99,39.95
"=""RD 0008C""",35.99,39.95
"=""RD 4200C""",26.99,
"=""RD 10925C""",35.99,
"=""RD 4197C""",30.99,34.40
"=""RD 10110C""",30.99,34.40
"=""RD 10930C""",36.99,
"=""RD 10144C""",36.99,41.06
"=""RD 10035C""",31.99,35.51
"=""RD 7130C""",33.99,37.73
"=""RD 1235C""",26.99,29.96
"=""RD 10032C""",30.99,34.40
"=""RD 10929C""",31.99,35.51
"=""RD 0224C""",33.99,37.73
"=""RD 0212C""",31.99,35.51
"=""RD 10928C""",29.99,33.29
"=""RD 10029C""",28.99,32.18
"=""RD 3153C""",30.99,34.40
"=""RD 10111C""",30.99,
"=""RD 10991C""",45.99,
"=""RD 8137C""",34.99,38.84
"=""RD 7134C""",30.99,34.40
"=""RD 10031C""",30.99,34.40
"=""RD 10880C""",37.99,
"=""RD 7124C""",33.99,
"=""RD 2502C""",30.99,34.40
"=""RD 10891C""",39.99,
"=""RD 10053C""",38.99,43.28
"=""RD 4293C""",32.99,36.62
"=""RD 10917C""",35.99,
"=""RD 4173C""",31.99,35.51
"=""RD 8215C""",44.99,
"=""RD 10161C""",33.99,37.73
"=""RD 9978C""",38.99,
"=""RD 10048C""",38.99,
"=""RD 8193C""",39.99,44.39
"=""RD 1729C""",29.99,
"=""RD 11001C""",43.99,
"=""RD 9182C""",42.99,
"=""RD 8281C""",37.99,
"=""RD 10056C""",32.99,
"=""RD 9272C""",32.99,36.62
"=""RD 8336C""",38.99,
"=""RD 9273C""",31.99,35.51
"=""RD 1302C""",30.99,34.40
"=""RD 5154C""",30.99,34.40
"=""RD 1159C""",30.99,34.40
"=""RD 4318C""",32.99,36.62
"=""RD 10156C""",37.99,42.17
"=""RD 1162C""",33.99,37.73
"=""RD 10121C""",29.99,
"=""RD 1158C""",33.99,37.73
"=""RD 1165C""",35.99,39.95
"=""RD 1136C""",34.99,38.84
"=""RD 1103C""",32.99,36.62
"=""RD 10103C""",27.99,31.07
"=""RD 2501C""",29.99,33.29
"=""RD 10158C""",43.99,48.83
"=""RD 11003C""",39.99,
"=""RD 10131C""",35.99,39.95
"=""RD 1331C""",28.99,32.18
"=""RD 1131C""",32.99,36.62
"=""RD 10979C""",35.99,
"=""RD 10177C""",32.99,36.62
"=""RD 9178C""",42.99,
"=""RD 10171C""",36.99,
"=""RD 9103C""",30.99,
"=""RD 3178C""",34.99,
"=""RD 4107C""",33.99,37.73
"=""RD 8282C""",38.99,43.28
"=""RD 10948C""",34.99,
"=""RD 8605C""",33.99,37.73
"=""RD 8335C""",46.99,52.16
"=""RD 9993C""",29.99,33.29
"=""RD 1148C""",27.99,31.07
"=""RD 10170C""",34.99,
"=""RD 8311C""",36.99,41.06
"=""RD 3174C""",38.99,
"=""RD 10052C""",31.99,
"=""RD 9980C""",44.99,
"=""RD 4294C""",29.99,
"=""RD 9901C""",43.99,48.83
"=""RD 11052C""",29.99,33.29
"=""RD 8324C""",31.99,
"=""RD 4113C""",30.99,34.40
"=""RD 8204C""",29.99,33.29
"=""RD 10005C""",33.99,
"=""RD 10134C""",26.99,29.96
"=""RD 10884C""",30.99,
"=""RD 1224C""",29.99,33.29
"=""RD 1218C""",29.99,33.29
"=""RD 10066C""",27.99,31.07
"=""RD 1119C""",28.99,
"=""RD 1149C""",28.99,32.18
"=""RD 8163C""",28.99,
"=""RD 4078C""",35.99,39.95
"=""RD 10176C""",31.99,
"=""RD 10135C""",27.99,31.07
"=""RD 1200C""",28.99,32.18
"=""RD 10127C""",30.99,34.40
"=""RD 8042C""",38.99,43.28
"=""RD 1199C""",31.99,
"=""RD 9143C""",35.99,
"=""RD 1318C""",31.99,35.51
"=""RD 10059C""",33.99,
"=""RD 10902C""",31.99,35.51
"=""RD 10017C""",26.99,
"=""RD 4072C""",35.99,39.95
"=""RD 0818C""",35.99,
"=""RD 10101C""",31.99,35.51
"=""RD 10002C""",37.99,
"=""RD 10987C""",33.99,
"=""RD 10138C""",35.99,39.95
"=""RD 10137C""",28.99,32.18
"=""CO 20208GLC""",196.99,
"=""IS108141""",196.99,
"=""DS102218""",217.99,
"=""IS108139""",236.99,
"=""RD 11142C""",43.99,
"=""RD 11019C""",38.99,
"=""RD 11198C""",45.99,
"=""RD 11196C""",55.99,
"=""RD 11243C""",38.99,
"=""RD 11256C""",32.99,36.62
"=""RD 11091C""",42.99,
"=""RD 11265C""",43.99,48.83
"=""RD 11040C""",33.99,
"=""RD 10986C""",44.99,
"=""RD 11267C""",47.99,53.27
"=""RD 11154C""",38.99,43.28
"=""RD 11165C""",44.99,
"=""RD 11146C""",40.99,
"=""RD 10185C""",37.99,
"=""RD 11271C""",58.99,65.48
"=""RD 11199C""",53.99,59.93
"=""RD 11212C""",41.99,
"=""RD 11245C""",58.99,
"=""RD 11209C""",51.99,
"=""RD 11220C""",75.99,
"=""RD 10012C""",58.99,
"=""RD 11270C""",54.99,61.04
"=""RD 7396C""",40.99,
"=""RD 11069C""",33.99,47.99
"=""RD 11272C""",76.99,85.46
"=""RD 11218C""",47.99,
"=""14-0107NIP""",499.99,624.99
"=""14-0082NIP""",469.99,582.99
"=""14-0196NIP""",535.99,669.99
"=""14-0367NIP""",354.99,439.99
"=""14-0147NIP""",368.99,461.99
"=""14-0081NIP""",391.99,484.99
"=""14-0444NIP""",285.99,316.99
"=""14-0762NIP""",632.99,791.99
"=""14-0666NIP""",518.99,648.99
"=""14-0088NIP""",327.99,428.99
"=""14-0639NEW""",322.99,
"=""14-0700NIP""",625.99,782.99
"=""14-0721NIP""",626.99,783.99
"=""14-0714NIP""",537.99,687.99
"=""14-0776NIP""",303.90,337.33
"=""14-0014NIP""",336.99,416.99
"=""14-0705NIP""",528.99,661.99
"=""14-0035NIP""",392.99,487.99
"=""14-0722NIP""",520.99,644.99
"=""14-0133NEW""",188.99,
"=""14-0001NIP""",358.99,443.99
"=""14-0199NIP""",646.99,808.99
"=""14-0153NIP""",337.99,418.99
"=""14-0022NIP""",300.99,376.99
"=""14-0232NIP""",461.99,571.99
"=""14-0949NEW""",220.99,265.00
"=""14-0132NIP""",450.99,558.99
"=""14-0068NIP""",332.99,416.99
"=""14-0382NIP""",276.99,346.99
"=""14-0193NIP""",497.99,616.99
"=""14-0074NIP""",398.99,494.99
"=""14-0164NIP""",379.99,469.99
"=""14-0236NIP""",421.99,522.99
"=""14-0202NIP""",290.99,363.99
"=""14-0708NIP""",365.99,457.99
"=""14-0190NEW""",216.99,
"=""14-0636NIP""",455.99,569.99
"=""14-0052NIP""",279.99,607.99
"=""14-0952NIP""",441.99,546.99
"=""14-0245NIP""",575.99,713.99
"=""14-0135NIP""",421.99,522.99
"=""14-0194NIP""",490.99,613.99
"=""14-0216NIP""",332.99,412.99
"=""14-0715NEW""",351.99,
"=""14-0717NIP""",586.99,733.99
"=""14-0660NIP""",556.99,689.99
"=""14-0680NEW""",241.99,
"=""14-0187NEW""",283.99,
"=""14-0763NIP""",584.99,724.99
"=""14-0261NIP""",450.99,563.99
"=""14-0233NIP""",363.99,449.99
"=""14-0710NIP""",639.99,799.99
"=""14-1042NEW""",249.99,
"=""14-1012NIP""",283.99,352.99
"=""14-0417NIP""",322.99,403.99
"=""14-0953NIP""",452.99,566.99
"=""14-21177NIP""",376.99,466.99
"=""14-20206NEW""",250.99,
"=""14-1131NEW""",164.99,
"=""14-2319NIP""",353.99,438.99
"=""14-2628NIP""",343.99,429.99
"=""14-2568NIP""",410.99,508.99
"=""14-2513NIP""",350.99,438.99
"=""14-2468NIP""",337.99,422.99
"=""14-2629NIP""",279.99,349.99
"=""14-2648NIP""",311.99,389.99
"=""14-2581NEW""",185.99,
"=""14-2639NIP""",189.99,237.99
"=""14-2631NIP""",233.99,289.99
"=""14-2783NIP""",406.99,508.99
"=""14-2630NIP""",330.99,413.99
"=""14-2634NIP""",419.99,524.99
"=""14-2781NIP""",365.99,452.99
"=""14-2816NIP""",413.99,517.99
"=""14-2687NIP""",303.99,379.99
"=""14-2796NIP""",453.99,567.99
"=""14-2789NIP""",345.99,432.99
"=""14-2818NIP""",429.99,537.99
"=""14-2675NIP""",460.99,576.99
"=""14-2822NEW""",219.99,
"=""14-2820NIP""",344.90,382.84
"=""14-2895NIP""",286.99,358.99
"=""14-2980NIP""",205.99,257.99
"=""14-2986NIP""",437.99,541.99
"=""14-3016NIP""",487.99,609.99
"=""14-3011NIP""",353.99,438.99
"=""14-3117NIP""",485.99,607.99
"=""14-3135NIP""",299.99,393.99
"=""14-3018NIP""",304.99,377.99
"=""EV 940015PFC""",554.99,
"=""LR2774""",94.99,105.44
"=""BM 00189""",55.99,
"=""CN 4029PFC""",129.99,
"=""EV 939640PFC""",484.99,
"=""14-3565NC""",1999.99,2499.99
"=""CO 29226C""",309.99,
"=""14-1790NC""",2634.99,3293.99
"=""DS675033""",399.99,
"=""EV 939557PFC""",524.99,
"=""KT 4909B""",505.99,843.99
"=""17-3988""",35.99,39.95
"=""LR1108""",108.99,120.98
"=""5000-024""",105.99,
"=""OR2716""",166.99,
"=""OR2774""",94.99,105.44
"=""14-0127NIP""",452.99,566.99
"=""OR1790""",133.99,148.73
"=""OR901""",126.99,140.96
"=""14-1121FD""",2194.99,2743.99
"=""KT 5003B""",1863.99,3106.99
"=""14-2701NC""",1414.99,1768.99
"=""CN 20044PFC""",146.99,163.16
"=""OR1845""",118.99,132.08
"=""2500-012""",110.99,
"=""CO 20008C""",1174.99,
"=""OR1108""",108.99,120.98
"=""14-0753NEW""",356.99,
"=""5000-015""",63.99,71.03
"=""14-21133NC""",218.99,273.99
"=""A0009053403R""",499.99,624.99
"=""DS676152""",304.99,
"=""KT 5592""",1396.99,2328.99
"=""14-5794NC""",454.99,568.99
"=""5000-152""",290.99,
"=""14-22288GM""",255.90,284.05
"=""CO 20191C""",218.99,
"=""DS100241R""",499.99,
"=""14-0907NIP""",604.99,756.99
"=""EV 940074PFC""",104.99,
"=""KT 5561""",392.99,654.99
"=""DS135044""",394.99,
"=""14-0163NIP""",635.99,794.99
"=""BM630049""",349.99,
"=""CN 4902PFC""",139.99,
"=""EB192M""",114.99,
"=""CN 30176PFC""",106.99,118.76
"=""FA 50311C""",152.99,
"=""CO 29221C""",281.99,
"=""KT 1715""",1422.99,2371.99
"=""KT 4743B""",2425.99,4043.99
"=""14-0364MPR""",2084.99,2606.99
"=""BM 3923""",64.99,
"=""DS701231""",209.99,262.99
"=""14-3433NEW""",1429.99,
"=""KT 5249""",2739.99,4566.99
"=""14-3012NIP""",1849.99,2312.99
"=""14-2547NC""",222.99,
"=""DS120049""",25.99,
"=""OR472""",129.99,144.29
"=""OR46""",143.99,159.83
"=""LR1790""",133.99,148.73
"=""DS676470""",1259.99,
"=""OR312""",168.99,
"=""OR539""",143.99,
"=""OR1422""",137.99,
"=""14-5402NC""",1809.99,2262.99
"=""OR1212""",180.99,
"=""OR1051""",131.99,146.51
"=""EB104S""",80.99,
"=""EB067""",38.99,
"=""EB105S""",624.99,
"=""OR147""",221.99,
"=""14-0082NC""",1694.99,
"=""BM 0241""",89.99,
"=""14-SD4314NC""",283.99,354.99
"=""14-3029NIP""",1209.99,
"=""OR2407""",132.99,
"=""DS133003""",136.99,
"=""OR2043""",248.99,
"=""14-3104NC""",2334.99,2918.99
"=""DS700110""",3937.99,3937.99
"=""OR2206""",159.99,
"=""OR2492""",140.99,
"=""RA 1448C""",368.99,2449.99
"=""RD 11153C""",229.99,
"=""14-0350NC""",2774.99,
"=""CO 21171C""",340.90,378.40
"=""BM 0215""",56.99,
"=""CO 11359O""",271.99,
"=""OR979""",188.99,
"=""OR836""",166.99,
"=""CO 11173MC-KTC""",1259.99,
"=""CO 21671C""",182.99,
"=""14-20151""",224.99,281.99
"=""CO 29207C""",1229.99,
"=""OR21""",229.99,
"=""EB326M""",74.99,
"=""OR1210""",162.99,
"=""EB255S""",120.99,
"=""EB297S""",101.99,
"=""OR473""",156.99,
"=""EB355M""",106.99,
"=""KT 4424""",1742.99,2904.99
"=""EB383M""",90.99,
"=""EB199M""",101.99,
"=""EB350M""",134.99,
"=""EB024""",254.99,
"=""EB339""",47.99,
"=""EB337""",40.99,
"=""EB329M""",134.99,
"=""OR2476""",127.99,
"=""EB310M""",429.99,
"=""OR2623""",107.99,
"=""EB294M""",104.99,
"=""EB218M""",129.99,
"=""EB358M""",118.99,
"=""EB193M""",139.99,
"=""EB197M""",111.99,
"=""EB111""",40.99,
"=""EB361M""",125.99,
"=""EB203M""",107.99,
"=""EB061""",44.99,
"=""EB318""",45.99,
"=""EB467M""",128.99,
"=""EC584M""",113.99,
"=""EB002""",41.99,
"=""EC529M""",123.99,
"=""EB001""",40.99,
"=""EC513M""",129.99,
"=""EB359M""",134.99,
"=""EC519M""",93.99,
"=""EB042""",41.99,
"=""EB184M""",108.99,
"=""EB065""",39.99,
"=""EB534""",46.99,
"=""OR13227""",207.99,
"=""EB576""",48.99,
"=""EC709M""",148.99,
"=""EC587M""",136.99,
"=""EC575M""",121.99,
"=""EC536M""",107.99,
"=""EB153M""",135.99,
"=""EB249M""",109.99,
"=""EC594M""",859.99,
"=""EB254""",43.99,
"=""EC305""",42.99,
"=""EB182""",66.99,
"=""EC560M""",117.99,
"=""EB351M""",127.99,
"=""EC535M""",764.99,
"=""EB390""",45.99,
"=""EC307""",41.99,
"=""EB348M""",117.99,
"=""EB334M""",125.99,
"=""EC910""",45.99,
"=""EB493S""",120.99,
"=""EB455M""",125.99,
"=""EB282M""",96.99,
"=""EB015""",45.99,
"=""EC511M""",109.99,
"=""EC605M""",146.99,
"=""EC210""",40.99,
"=""EC606M""",167.99,
"=""EB471""",41.99,
"=""EC964""",63.99,
"=""EC290""",47.99,
"=""EC222""",43.99,
"=""EB449S""",129.99,
"=""EC572M""",120.99,
"=""EC968M""",89.99,
"=""EC501M""",84.99,
"=""EC240""",39.99,
"=""EC371M""",115.99,
"=""EB487""",40.99,
"=""EG012""",45.99,
"=""EC616M""",101.99,
"=""EC901""",37.99,
"=""EG000""",259.99,
"=""EC834M""",149.99,
"=""EC957M""",102.99,
"=""ED049M""",101.99,
"=""EG069H""",514.99,
"=""EG018""",37.99,
"=""EG049M""",68.99,
"=""EC623S""",108.99,
"=""EH200""",37.99,
"=""EC212""",41.99,
"=""EC574M""",107.99,
"=""EC530M""",95.99,
"=""EC553M""",136.99,
"=""EB157""",219.99,
"=""EG198M""",130.99,
"=""EB484""",284.99,
"=""BM 00225C""",193.99,
"=""E21-912""",254.99,254.99
"=""5000-058""",68.99,
"=""E21-910""",284.99,284.99
"=""EH240""",28.99,
"=""DS676105""",766.99,
"=""E21-911""",254.99,254.99
"=""E20-318""",699.99,699.99
"=""E22-095""",354.99,354.99
"=""E21-730""",539.99,539.99
"=""5000-085""",404.99,449.54
"=""EH023""",42.99,
"=""E21-729""",539.99,539.99
"=""DS676050""",787.99,
"=""14-1045NC""",1824.99,2281.99
"=""15-SD-0004N""",124.99,
"=""E22-153""",234.99,234.99
"=""DUP0 14-SD4738NEW""",192.99,
"=""14-0016NC""",2109.99,2637.99
"=""EH456""",30.99,
"=""BM 00028C""",89.99,
"=""BM112602""",1499.99,
"=""BM 0255""",424.99,
"=""14-0246NIP""",2784.99,3481.99
"=""CN 4673PFC""",125.99,139.85
"=""E22-986""",344.99,344.99
"=""E22-094""",56.99,36.99
"=""BM12420""",999.99,
"=""E22-072""",319.99,319.99
"=""14-1124NC""",2364.99,2956.99
"=""14-SD4291NC""",368.99,461.99
"=""EH418""",274.99,
"=""DS676512""",1102.99,
"=""E22-642""",314.99,314.99
"=""BM 00016C""",70.99,
"=""DS725045""",52.99,
"=""EV 5196ATC""",679.99,
"=""TL400-5002""",2509.99,
"=""14-0723NIP""",3074.99,3843.99
"=""14-3564NIP""",1574.99,1968.99
"=""EV 5190ATC""",639.99,
"=""EC748M""",160.99,178.70
"=""DS120089""",19.99,
"=""DS125025""",40.99,
"=""BM 0141""",52.99,
"=""E22-419""",254.99,254.99
"=""EH4070""",91.99,
"=""OR1165""",489.99,
"=""E20-129""",74.99,
"=""14-2735FD""",1249.99,1562.99
"=""E20-180""",85.99,
"=""E22-177""",132.99,
"=""OR730""",276.99,
"=""EG130M""",108.99,120.98
"=""EH551M""",118.99,
"=""EB120S""",589.99,
"=""EC569MC""",98.99,
"=""EC591M""",152.99,
"=""EH656M""",90.99,
"=""EH322H""",100.99,
"=""EH778""",249.99,
"=""EG186M""",96.99,
"=""EB354M""",76.99,
"=""EB151H""",110.99,123.20
"=""DUP0 KIT DS630047 + 43-MT3032-1""",1199.99,1999.99
"=""EH000""",71.99,
"=""EG334""",334.99,
"=""EH294M""",77.99,
"=""5000-087""",380.99,422.90
"=""TL600-1658""",594.99,
"=""EH349H""",141.99,
"=""EH442H""",52.99,
"=""EC564M""",119.99,
"=""EG207""",32.99,
"=""CO 29275C""",199.99,
"=""EH351H""",599.99,
"=""CO 29302C""",1599.99,
"=""DS700038""",59.99,
"=""EC559M""",119.99,
"=""EB258""",58.99,65.48
"=""DS200082""",33.99,
"=""EH318""",45.99,
"=""EH177""",75.99,
"=""EC615M""",106.99,
"=""EH271""",38.99,
"=""EC313""",39.99,44.39
"=""EG220M""",128.99,143.18
"=""DS703088""",80.99,89.99
"=""EH090""",47.99,53.27
"=""EC976M""",81.99,
"=""EB000""",61.99,68.81
"=""OW895""",179.99,
"=""EC540""",44.99,
"=""EG071H""",484.99,
"=""EH338H""",109.99,
"=""EH341H""",684.99,
"=""EH381""",234.99,
"=""EG141M""",133.99,
"=""EC270""",40.99,
"=""EH213""",35.99,
"=""IS108135""",216.99,
"=""DS101033""",275.99,
"=""IS108143""",256.99,
"=""DS102164""",175.99,
"=""CN 3086PFC""",79.99,88.79
"=""DS100235R""",75.00,
"=""14-0588NC""",259.99,324.99
"=""14-1308NC""",408.99,511.99
"=""DS105CV111""",47.99,
"=""A0009053606""",69.99,87.99
"=""CO 10808JC""",175.99,
"=""DS200249""",26.99,29.96
"=""DS108069""",271.99,
"=""DS150060""",35.99,
"=""EV 940127PFC""",85.99,
"=""G3385S""",94.99,
"=""RA 2102C""",156.99,174.26
"=""RA 2609C""",158.99,
"=""RA 2377C""",124.99,
"=""RA 1488C""",107.99,
"=""RA 2719C""",167.99,186.47
"=""RA 2423C""",138.99,
"=""RA 2520C""",87.99,
"=""RA 2452C""",115.99,
"=""RA 13332C""",128.99,
"=""RA 13191C""",131.99,
"=""RA 13106C""",100.99,112.10
"=""RA 2935C""",220.99,245.30
"=""RA 2789C""",112.99,125.42
"=""RA 13150C""",112.99,
"=""RA 13313C""",118.99,132.08
"=""RA 2994C""",148.99,
"=""RA 2881C""",118.99,132.08
"=""RA 2822C""",100.99,
"=""RA 2919C""",118.99,
"=""RA 2265C""",87.99,
"=""RA 13040C""",105.99,117.65
"=""RA 2852C""",120.99,134.30
"=""RA 2976C""",169.99,188.69
"=""RA 2761C""",129.99,144.29
"=""RA 2195C""",119.99,133.19
"=""E21-122""",58.99,
"=""E20-235""",122.99,
"=""E20-239""",109.99,85.99
"=""E20-240""",112.99,
"=""E20-312""",74.99,
"=""E20-357""",29.99,
"=""E20-386""",101.99,
"=""E20-390""",101.99,
"=""E21-144""",85.99,
"=""E21-376""",176.99,
"=""E21-597""",85.99,
"=""E21-645""",128.99,
"=""E21-894""",149.99,
"=""E21-935""",181.99,
"=""E22-354""",90.99,
"=""E22-353""",90.99,
"=""E24-265""",203.99,
"=""E24-912""",140.99,
"=""702550270""",62.99,
"=""BM 2736C""",48.99,
"=""E21-021""",190.99,
"=""E20-890""",69.99,
"=""E21-081""",170.99,
"=""E20-676""",53.99,
"=""E20-672""",37.99,
"=""E20-886""",65.99,
"=""E21-062""",64.99,
"=""E21-180""",58.99,
"=""E20-863""",58.99,
"=""E20-626""",58.99,
"=""E20-420""",74.99,
"=""E21-008""",69.99,
"=""E21-032""",170.99,
"=""E20-997""",70.99,
"=""E20-809""",53.99,
"=""E21-109""",64.99,
"=""E20-348""",71.99,
"=""E20-554""",53.99,
"=""E21-024""",85.99,
"=""E21-106""",64.99,
"=""E20-623""",64.99,
"=""E20-517""",80.99,
"=""E21-044""",103.99,
"=""E21-116""",64.99,
"=""E20-489""",74.99,
"=""13119""",97.99,108.77
"=""13127""",104.99,116.54
"=""E22-321""",117.99,
"=""E24-056""",170.99,
"=""13079""",117.99,
"=""E24-266""",203.99,
"=""30044""",85.99,95.45
"=""E22-304""",75.99,
"=""E24-243""",86.99,
"=""E24-246""",106.99,
"=""E22-843""",65.99,
"=""E24-025""",81.99,
"=""E24-222""",133.99,
"=""13425""",105.99,
"=""13461""",102.99,
"=""E21-895""",106.99,
"=""E21-954""",58.99,
"=""E21-714""",96.99,
"=""E21-814""",69.99,
"=""E21-671""",58.99,
"=""E21-970""",64.99,
"=""E21-708""",80.99,
"=""E21-837""",58.99,
"=""E21-713""",96.99,
"=""E21-951""",106.99,
"=""E22-481""",74.99,
"=""E21-596""",96.99,
"=""E21-735""",96.99,
"=""E22-148""",81.99,
"=""E21-583""",48.99,
"=""E21-709""",80.99,
"=""E21-893""",149.99,
"=""E22-147""",81.99,
"=""14-0845NIP""",306.99,
"=""14-1069NEW""",195.90,217.45
"=""DS702026""",23.99,26.63
"=""BM 0137C""",57.99,
"=""BM 4702C""",76.99,
"=""DS676180""",74.99,
"=""DS675236""",58.99,
"=""BM 9291C""",71.99,79.91
"=""BM 9325C""",86.99,
"=""DS676039""",31.59,39.99
"=""50-2413""",61.99,
"=""CN 3694PFXC""",89.99,
"=""EV 4798701ATC""",151.99,168.71
"=""E20-883""",60.99,
"=""E21-083""",69.99,
"=""E21-085""",90.99,
"=""E20-673""",101.99,
"=""E20-288""",80.99,
"=""E20-928""",74.99,
"=""E20-162""",66.99,
"=""E21-728""",122.99,
"=""E21-880""",109.99,
"=""E21-043""",103.99,
"=""E20-385""",101.99,
"=""E24-114""",106.99,
"=""E21-019""",149.99,
"=""E21-352""",85.99,
"=""E21-184""",58.99,
"=""E20-373""",53.99,
"=""E24-911""",140.99,
"=""E21-178""",117.99,
"=""E20-349""",116.99,
"=""E20-374""",53.99,
"=""E22-236""",91.99,
"=""E21-727""",122.99,
"=""E22-065""",66.99,
"=""E21-936""",181.99,
"=""E21-025""",112.99,
"=""E21-026""",112.99,
"=""E20-494""",80.99,
"=""E20-402""",75.99,
"=""E21-707""",80.99,
"=""E22-235""",91.99,
"=""E20-205""",64.99,
"=""E21-322""",74.99,
"=""E22-498""",85.99,
"=""E20-289""",101.99,
"=""E24-158""",95.99,
"=""E20-389""",101.99,
"=""E22-719""",117.99,
"=""E20-136""",76.99,76.99
"=""E21-351""",85.99,
"=""E20-105""",75.99,
"=""OR1381""",91.99,102.11
"=""13247""",106.99,
"=""13609""",108.99,120.98
"=""13583""",110.99,
"=""13493""",161.99,179.81
"=""13336""",213.99,237.50
"=""13348""",145.99,
"=""OR2350""",120.99,134.30
"=""OR556""",164.99,
"=""13682""",143.99,159.83
"=""OR1202""",161.99,
"=""13188""",136.99,152.06
"=""13412""",113.99,126.53
"=""13129""",120.99,
"=""OR1456""",222.99,247.52
"=""13476""",169.99,188.69
"=""OR1279""",125.99,
"=""EB291M""",85.99,95.45
"=""EG115MN""",101.99,113.21
"=""EB280M""",90.99,
"=""EB230M""",80.99,
"=""EB465M""",101.99,
"=""EC614M""",76.99,
"=""EC768M""",96.99,
"=""EC521M""",80.99,
"=""EC537M""",74.99,
"=""EB525M""",85.99,
"=""DS404149""",28.99,
"=""DS200106""",36.99,
"=""DS200051""",38.99,43.28
"=""DS301002""",18.99,21.08
"=""EV 939990PFC""",165.99,
"=""14-0253NC""",365.99,406.25
"=""DS630019""",297.99,
"=""CN 4442PFC""",90.99,101.00
"=""DS301001""",18.99,21.08
"=""14-0082NEW""",145.99,
"=""EV 939668PFC""",48.99,
"=""CO 29239C""",190.99,
"=""DS140573""",297.99,372.99
"=""IS676423""",83.99,
"=""14-1903NEW""",457.99,
"=""DS100245""",269.99,299.99
"=""RD 1168C""",33.99,37.73
"=""DS108008""",499.99,
"=""DS108009""",399.99,
"=""DS545030""",399.99,
"=""DS669037""",199.99,
"=""DS135132""",32.99,
"=""DS105009""",689.99,
"=""RD 8768C""",30.99,34.40
"=""5000-014""",73.99,
"=""5000-004""",182.99,
"=""5000-013""",73.99,
"=""5000-022""",112.99,
"=""5000-089""",126.99,
"=""5000-001""",213.99,
"=""5000-091""",112.99,125.42
"=""5000-153""",266.99,296.36
"=""5000-002""",213.99,
"=""5000-090""",126.99,140.96
"=""5000-055""",71.99,79.91
"=""5000-021""",126.99,
"=""5000-051""",242.99,269.72
"=""5000-154""",266.99,296.36
"=""5000-023""",112.99,
"=""5000-056""",72.99,81.02
"=""5000-052""",256.99,285.26
"=""5000-054""",231.99,
"=""5000-092""",112.99,
"=""5000-053""",231.99,257.51
"=""DS850004""",9.99,
"=""14-0844NIP""",388.99,
"=""DS112028""",80.99,89.90
"=""DS510029""",77.99,
"=""DS200022""",9.99,
"=""CO 29300C""",220.99,
"=""883100K122""",288.99,
"=""14-0910NC""",260.99,326.99
"=""IS108190""",199.99,
"=""14-0424NEW""",199.99,
"=""DS403047""",38.99,
"=""DS100243""",238.99,
"=""KIT 14-0918NC + 17-0214""",299.99,374.99
"=""1819798PE""",247.99,275.99
"=""KIT 14-SD4080NEW + 17-3034""",205.99,
"=""RD 11070C""",40.99,
"=""RD 11044C""",61.99,
"=""RD 11016C""",33.99,37.73
"=""RD 11148C""",50.99,56.60
"=""RD 11226C""",31.99,
"=""RD 1282C""",29.99,
"=""RD 11110C""",29.99,33.29
"=""RD 3167C""",31.99,35.51
"=""KIT DS630026+DS104075+IS100030+DS920028+IS100077+H""",418.99,
"=""RD 112534C""",31.99,35.51
"=""RD 1225C""",28.99,32.18
"=""RD 11079C""",38.99,
"=""RD 11093C""",32.99,36.62
"=""RD 11303C""",30.99,
"=""RD 11131C""",30.99,
"=""RD 11015C""",32.99,36.62
"=""RD 11149C""",46.99,
"=""RD 11240C""",37.99,
"=""RD 11090C""",30.99,34.40
"=""RD 11088C""",29.99,
"=""RD 1227C""",29.99,33.29
"=""RD 1300C""",30.99,34.40
"=""RD 1951C""",34.99,38.84
"=""RD 1324C""",36.99,
"=""RD 10037C""",26.99,29.96
"=""RD 9149C""",32.99,
"=""RD 9999C""",41.99,46.61
"=""RD 10139C""",43.99,48.83
"=""RD 3915C""",33.99,37.73
"=""RD 10055C""",30.99,34.40
"=""RD 10995C""",34.99,
"=""RD 8209C""",39.99,
"=""RD 11002C""",33.99,
"=""RD 10043C""",46.99,52.16
"=""RD 0049C""",33.99,37.73
"=""RD 11325C""",41.99,
"=""RD 11296C""",40.99,
"=""RD 7133C""",32.99,36.62
"=""RD 6166C""",29.99,
"=""RD 10038C""",30.99,34.40
"=""RD 10978C""",34.99,
"=""RD 9997C""",47.99,53.27
"=""RD 10975C""",37.99,42.17
"=""RD 10141C""",54.99,61.04
"=""RD 10997C""",34.99,38.84
"=""RD 0953C""",36.99,41.06
"=""RD 4007C""",32.99,36.62
"=""RD 4339C""",43.99,48.83
"=""RD 10116C""",30.99,34.40
"=""RD 4340C""",39.99,
"=""RD 10142C""",27.99,31.07
"=""RD 10145C""",43.99,48.83
"=""RD 10030C""",28.99,32.18
"=""RD 10126C""",33.99,37.73
"=""RD 3721C""",31.99,35.51
"=""RD 0225C""",28.99,32.18
"=""RD 0071C""",34.99,38.84
"=""RD 10893C""",35.99,39.95
"=""RD 4327C""",32.99,36.62
"=""RD 10115C""",30.99,34.40
"=""RD 10112C""",31.99,35.51
"=""RD 4201C""",32.99,36.62
"=""RD 10971C""",33.99,
"=""RD 4320C""",29.99,33.29
"=""RD 11189C""",35.99,
"=""RD 9110C""",34.99,
"=""RD 10931C""",31.99,35.51
"=""RD 10097C""",35.99,
"=""RD 10093C""",35.99,39.95
"=""RD 1249C""",30.99,
"=""RD 5111C""",29.99,
"=""RD 1304C""",29.99,33.29
"=""RD 10149C""",38.99,
"=""RD 10148C""",35.99,
"=""RD 10173C""",35.99,
"=""RD 8240C""",34.99,38.84
"=""RD 10150C""",34.99,
"=""RD 2185C""",33.99,
"=""RD 9111C""",44.99,
"=""RD 8310C""",36.99,
"=""RD 10895C""",37.99,
"=""RD 3173C""",41.99,
"=""RD 9177C""",38.99,
"=""RD 10172C""",32.99,
"=""RD 10918C""",32.99,36.62
"=""RD 7394C""",36.99,41.06
"=""RD 5682C""",30.99,34.40
"=""RD 10976C""",28.99,
"=""RD 7393C""",29.99,
"=""RD 4093C""",32.99,
"=""RD 9903C""",31.99,
"=""RD 8214C""",35.99,
"=""RD 9146C""",35.99,39.95
"=""RD 9998C""",34.99,
"=""RD 10119C""",29.99,33.29
"=""RD 7138C""",32.99,
"=""RD 8238C""",53.99,59.93
"=""RD 8048C""",38.99,43.28
"=""RD 10164C""",40.99,
"=""RD 4324C""",29.99,33.29
"=""RD 10919C""",31.99,35.51
"=""RD 10120C""",29.99,33.29
"=""RD 10163C""",38.99,
"=""RD 9902C""",38.99,
"=""RD 8769C""",37.99,42.17
"=""RD 1123C""",32.99,36.62
"=""RD 8770C""",29.99,33.29
"=""RD 2200C""",30.99,34.40
"=""RD 0968C""",39.99,44.39
"=""RD 1175C""",30.99,
"=""RD 1328C""",31.99,35.51
"=""RD 2500C""",32.99,
"=""RD 10936C""",39.99,44.39
"=""RD 1122C""",34.99,
"=""RD 4081C""",35.99,39.95
"=""RD 0991C""",35.99,
"=""RD 10133C""",29.99,33.29
"=""RD 10934C""",34.99,
"=""RD 10020C""",43.99,48.83
"=""RD 1323C""",34.99,38.84
"=""RD 10113C""",36.99,
"=""RD 10935C""",39.99,
"=""RD 10072C""",33.99,
"=""RD 1113C""",30.99,34.40
"=""RD 10882C""",38.99,43.28
"=""RD 4174C""",29.99,33.29
"=""RD 10159C""",29.99,
"=""RD 10130C""",31.99,35.51
"=""RD 10999C""",39.99,44.39
"=""RD 9187C""",39.99,44.39
"=""RD 10152C""",39.99,44.39
"=""RD 10885C""",38.99,43.28
"=""RD 7152C""",33.99,37.73
"=""RD 10108C""",52.99,58.82
"=""RD 0160C""",35.99,39.95
"=""RD 10071C""",33.99,
"=""RD 1311C""",29.99,33.29
"=""RD 8138C""",33.99,37.73
"=""RD 10106C""",27.99,31.07
"=""RD 10000C""",42.99,47.72
"=""RD 1346C""",40.99,45.50
"=""RD 4315C""",33.99,37.73
"=""RD 1307C""",36.99,41.06
"=""RD 10073C""",31.99,35.51
"=""RD 4127C""",32.99,36.62
"=""RD 10175C""",31.99,35.51
"=""RD 4083C""",33.99,
"=""RD 10105C""",26.99,29.96
"=""RD 4102C""",35.99,39.95
"=""RD 9904C""",35.99,39.95
"=""RD 9982C""",28.99,32.18
"=""RD 1170C""",30.99,
"=""RD 10990C""",46.99,
"=""RD 1169C""",32.99,36.62
"=""RD 10984C""",35.99,39.95
"=""RD 1219C""",32.99,36.62
"=""RD 8301C""",37.99,
"=""RD 1632C""",29.99,33.29
"=""RD 10118C""",28.99,32.18
"=""RD 4326C""",29.99,33.29
"=""RD 1133C""",28.99,32.18
"=""RD 10045C""",31.99,35.51
"=""RD 1153C""",34.99,38.84
"=""RD 6150C""",27.99,
"=""RD 1152C""",31.99,35.51
"=""RD 1129C""",30.99,34.40
"=""RD 10100C""",30.99,34.40
"=""RD 9970C""",32.99,
"=""RD 9972C""",32.99,36.62
"=""RD 9971C""",32.99,36.62
"=""RD 9169C""",36.99,41.06
"=""RD 9173C""",32.99,
"=""RD 10887C""",31.99,35.51
"=""RD 9976C""",29.99,
"=""RD 1178C""",28.99,32.18
"=""14-0035NEW""",246.90,274.06
"=""14-0034NIP""",294.99,368.99
"=""14-0047NIP""",327.99,406.99
"=""14-0040NIP""",293.99,363.99
"=""14-0039NIP""",351.99,439.99
"=""14-0433NIP""",259.90,288.49
"=""14-0029NIP""",393.99,487.99
"=""14-0292NIP""",406.99,508.99
"=""14-0420NIP""",457.99,572.99
"=""14-0330NIP""",502.99,628.99
"=""14-0295NEW""",231.99,
"=""14-0350NIP""",555.99,694.99
"=""14-0209NIP""",394.99,493.99
"=""14-0365NIP""",343.99,426.99
"=""14-0087NIP""",422.99,523.99
"=""14-0133NIP""",688.99,861.99
"=""14-0473NIP""",628.99,786.99
"=""14-0043NIP""",334.99,414.99
"=""14-0067NIP""",359.99,449.99
"=""14-0635NIP""",477.99,612.99
"=""14-0614NEW""",291.99,
"=""14-0727NIP""",548.99,686.99
"=""14-0329NIP""",362.99,453.99
"=""14-0143NIP""",358.99,443.99
"=""14-0404NIP""",353.99,438.99
"=""14-0096NIP""",323.99,404.99
"=""14-0759NIP""",594.99,737.99
"=""14-0283NIP""",446.99,574.99
"=""14-0758NIP""",488.99,611.99
"=""14-0100NEW""",196.99,
"=""14-0836NIP""",177.99,221.99
"=""14-0871NEW""",305.99,
"=""14-0015NIP""",360.99,447.99
"=""14-0253NEW""",168.99,
"=""14-0982NIP""",637.99,797.99
"=""14-1230NIP""",529.99,656.99
"=""14-21127NIP""",392.99,491.99
"=""14-21625NIP""",431.99,534.99
"=""14-2675NEW""",278.90,309.58
"=""14-2701NIP""",279.99,349.99
"=""14-2896NIP""",333.99,417.99
"=""14-29140NIP""",560.99,701.99
"=""14-2955NIP""",448.99,556.99
"=""14-2818NEW""",229.99,
"=""14-2896NEW""",193.99,
"=""14-2952NIP""",356.99,446.99
"=""14-3015NIP""",429.99,537.99
"=""14-2993NIP""",422.99,528.99
"=""14-2991NIP""",459.99,574.99
"=""CO 22040C""",175.99,
"=""14-3017NIP""",519.99,649.99
"=""14-3116NIP""",512.99,641.99
"=""14-3019NIP""",303.99,379.99
"=""14-3653NIP""",350.99,434.99
"=""14-SD4377NEW""",163.99,
"=""14-3532NIP""",750.99,938.99
"=""14-3131NIP""",337.99,422.99
"=""14-4007NIP""",324.99,406.99
"=""14-3433NIP""",330.99,413.99
"=""14-4010NIP""",452.99,561.99
"=""14-4025NIP""",344.99,431.99
"=""14-3707NIP""",322.99,403.99
"=""14-4000NIP""",443.99,549.99
"=""14-7001NEW""",222.99,
"=""14-2953NIP""",334.99,418.99
"=""14-3134NIP""",379.99,471.99
"=""14-3481NIP""",185.99,232.99
"=""14-4172NEW""",175.99,
"=""14-3560NIP""",370.99,463.99
"=""14-4028NIP""",376.99,467.99
"=""14-3010NIP""",314.99,393.99
"=""14-5933NIP""",541.99,671.99
"=""14-4040NEW""",404.99,
"=""14-3027NC""",255.99,319.99
"=""DS676189""",94.99,94.99
"=""DS676100""",67.99,
"=""17-0011""",38.99,43.28
"=""DS101190""",1399.99,1749.99
"=""KIT 0001 (12V) + DS104075 + DS720114""",624.99,693.74
"=""14-0748NIP""",399.99,
"=""14-0634NEW""",220.99,
"=""DS102210""",220.99,
"=""14-SD4485NC""",292.99,366.99
"=""DS720188""",141.99,157.61
"=""DS104142""",210.99,
"=""DS101020""",199.99,
"=""DS120041""",17.99,
"=""DS404033""",35.99,
"=""DS105129""",300.99,259.99
"=""DS108026""",175.99,
"=""DS200195""",39.99,
"=""14-0852NEW""",175.99,
"=""DS200153""",30.99,34.40
"=""IS108177""",168.99,
"=""14-5385NC""",486.99,602.99
"=""14-SD4659NEW""",149.99,
"=""14-1230NEW""",195.99,
"=""14-0586NEW""",255.99,
"=""14-0175NEW""",262.99,
"=""14-0222NEW""",316.99,
"=""IS676433""",449.99,562.99
"=""EV 939859PFXC""",68.99,
"=""BM 0152""",79.99,
"=""EV 939663AC""",499.99,
"=""EV 939809PFC""",77.99,
"=""EV 939867PFXC""",494.99,
"=""EV 939861PFXC""",102.99,
"=""BM 2739""",66.99,
"=""EV 4798731PFC""",449.99,
"=""DS667024""",309.99,
"=""KT 4910B""",502.99,838.99
"=""IS135081""",229.99,
"=""EV 939942PFC""",104.99,
"=""DS675245""",524.99,
"=""DS125030""",28.99,
"=""DS130063""",594.99,
"=""DS710018""",3.99,
"=""EV 3155AC""",399.99,
"=""EV 4798756PFC""",439.99,
"=""EV 939708PFC""",504.99,
"=""EV 4798745PFXC""",459.99,
"=""14-4467NC""",216.99,271.99
"=""DS725241""",114.99,
"=""AC3113""",83.99,
"=""14-QP1842NEW""",1369.99,
"=""DS104143""",2139.99,2674.99
"=""17-2593""",34.99,
"=""5000-003""",178.99,198.68
"=""DS120019""",134.99,
"=""14-SD6378NC""",1309.99,1637.99
"=""EV 939561PFXC""",509.99,
"=""KIT 0002+DS104065+DS100184""",2750.99,
"=""TL300-4116""",1389.99,1737.99
"=""BM 00141C""",80.99,
"=""59-4011""",74.99,
"=""CO 101310C""",133.99,
"=""EV 939634PFXC""",104.99,
"=""14-1452NC""",1889.99,2362.99
"=""KIT UN 0890KTC + 30-0120HC""",599.99,899.99
"=""14-2492NIP""",3039.99,3799.99
"=""CN 20024PFC""",165.99,
"=""KT 4953""",339.99,566.99
"=""CO 21018C""",1409.99,
"=""DS135160""",109.99,
"=""EV 939738PFC""",409.99,
"=""17-0173""",204.99,
"=""BM 2726""",60.99,
"=""DS110159""",524.99,
"=""EV 939927PFXC""",89.99,
"=""CO 20004C""",1334.99,
"=""14-SD4816NCQ""",211.99,264.99
"=""DS104032""",134.99,
"=""BM 00250C""",74.99,
"=""DS688022""",2631.99,
"=""OR1407""",105.99,
"=""EV 4798719PFC""",504.99,
"=""KT 4434B""",1758.99,2931.99
"=""14-2547NIP""",1404.99,1756.99
"=""5000-057""",68.99,76.58
"=""14-0124NIP""",425.99,532.99
"=""BM 0143""",379.99,
"=""G4235VP""",489.99,
"=""BM 9193""",67.99,
"=""14-0273NIP""",350.99,438.99
"=""OR920""",157.99,
"=""EB181S""",104.99,
"=""KT 2108""",1658.99,2764.99
"=""EV 939637AC""",116.99,
"=""14-0991NC""",2699.99,3374.99
"=""CO 11171MC-KTC""",1129.99,
"=""CN 22025PFC""",454.99,
"=""14-2546NIP""",1394.99,1743.99
"=""TL300-4100""",1574.99,1968.99
"=""14-2649NIP""",417.99,517.99
"=""EV 0189PFC""",394.99,
"=""AC3749""",117.99,130.97
"=""EB198M""",104.99,
"=""BM 9179C""",89.99,
"=""EB159M""",132.99,
"=""KT 4778""",1664.99,2774.99
"=""EB051""",254.99,
"=""KT 1377B""",1952.99,3254.99
"=""OR1458""",168.99,187.58
"=""OR1777""",116.99,
"=""DS139997""",379.99,
"=""CO 20192LC""",215.99,
"=""EV 939502PFC""",479.99,
"=""CN 22052PFC""",221.99,
"=""KT 5249A""",3174.99,5291.99
"=""DS676511""",794.99,
"=""OR2082""",202.99,
"=""14-4038NC""",1539.99,1924.99
"=""OR140""",126.99,
"=""14-21467NC""",1454.99,1818.99
"=""EB448""",43.99,
"=""EC914M""",52.99,117.99
"=""EC538M""",739.99,
"=""EC573M""",115.99,
"=""EC510M""",98.99,
"=""EC755M""",175.99,
"=""EB447""",44.99,
"=""EC782M""",112.99,
"=""EB330M""",113.99,
"=""EC558M""",94.99,
"=""EC514M""",120.99,
"=""EC512M""",123.99,
"=""EB044""",39.99,
"=""EC935M""",97.99,
"=""EC937M""",99.99,
"=""EC588M""",136.99,
"=""EC268""",40.99,
"=""EC711M""",160.99,
"=""EC921M""",109.99,
"=""EC749M""",106.99,
"=""EB535""",46.99,
"=""EB285M""",122.99,
"=""EB386""",46.99,
"=""EC726M""",114.99,
"=""EC790M""",147.99,
"=""EC599M""",94.99,
"=""EC917M""",107.99,
"=""EB368M""",110.99,
"=""EG048M""",106.99,
"=""EC585M""",84.99,
"=""EC565M""",102.99,
"=""EC602M""",101.99,
"=""EB366""",45.99,
"=""EC691M""",152.99,
"=""EC927M""",91.99,
"=""EC930M""",89.99,
"=""EC543M""",95.99,
"=""EC551M""",98.99,
"=""EC545""",39.99,
"=""EC746M""",166.99,
"=""EB486""",41.99,
"=""EH538M""",131.99,
"=""EC945M""",119.99,
"=""EB443M""",146.99,
"=""EC750M""",168.99,
"=""EC994M""",98.99,
"=""EC555M""",137.99,
"=""EC554M""",114.99,
"=""EC745""",97.99,
"=""EH139""",74.99,
"=""EG158M""",139.99,
"=""EC598M""",106.99,
"=""EC938M""",95.99,
"=""EG047M""",106.99,
"=""EC978M""",93.99,
"=""BM 00205""",364.99,
"=""EC568M""",110.99,
"=""EB490""",38.99,
"=""EH286""",84.99,
"=""EC601M""",106.99,
"=""ED002M""",101.99,
"=""EC918M""",116.99,
"=""EC936M""",98.99,
"=""EB076S""",89.99,
"=""EB509M""",134.99,
"=""EG169M""",135.99,
"=""EG123M""",112.99,
"=""EC265""",40.99,
"=""EC979M""",89.99,
"=""EG156MN""",124.99,
"=""EG221""",28.99,
"=""EG101M""",124.99,
"=""EH077""",279.99,
"=""EG210M""",145.99,
"=""EH394M""",93.99,
"=""EH247""",47.99,
"=""EC996M""",95.99,
"=""EG168M""",132.99,
"=""EG100M""",122.99,
"=""EH312""",75.99,
"=""EG006""",62.99,
"=""EB446""",41.99,
"=""EC980M""",96.99,
"=""EC944M""",114.99,
"=""EH032""",58.99,
"=""EC533M""",97.99,
"=""EG195M""",133.99,
"=""EC610M""",149.99,
"=""EC752M""",909.99,
"=""EG144M""",101.99,
"=""EH272""",48.99,
"=""EG121MN""",121.99,
"=""EC912M""",87.99,
"=""EG096M""",110.99,
"=""EG104M""",128.99,
"=""EG122MN""",117.99,
"=""CO 20006C""",249.99,
"=""EB485""",40.99,
"=""EC604M""",153.99,
"=""BM 0149""",66.99,
"=""EC158""",42.99,
"=""EC309""",46.99,
"=""EH222""",289.99,
"=""EG117M""",124.99,
"=""OP3053M""",824.99,
"=""EH496M""",114.99,
"=""EH460S""",784.99,
"=""EH635M""",81.99,
"=""EG191M""",136.99,
"=""E21-193""",479.99,479.99
"=""EH234M""",73.99,
"=""EH470M""",105.99,
"=""E24-142""",71.99,
"=""EH589M""",165.99,
"=""E20-230""",229.99,229.99
"=""EH520M""",95.99,
"=""KIT 14-0053+590045+173013+180126+G3005+MT2562""",2047.99,
"=""EH419""",41.99,
"=""EH421M""",94.99,
"=""EH914""",44.99,
"=""EG171M""",134.99,
"=""EH389M""",135.99,
"=""EH119""",43.99,
"=""EH030""",68.99,
"=""EH469M""",106.99,
"=""EH672M""",124.99,
"=""EH732M""",134.99,
"=""EH392""",309.99,
"=""EH688M""",162.99,
"=""EH371""",39.99,
"=""EG143M""",131.99,
"=""13141""",150.99,
"=""EG180M""",129.99,
"=""EG154""",40.99,
"=""2414-004""",374.99,416.24
"=""E24-088""",539.99,539.99
"=""E21-158""",649.99,649.99
"=""EH677M""",142.99,
"=""E22-739""",464.99,464.99
"=""EH376""",69.99,
"=""14-0044NIP""",361.99,2006.99
"=""EH474M""",109.99,
"=""EH476M""",964.99,
"=""EH501""",46.99,
"=""E20-646""",224.99,224.99
"=""EH233""",71.99,
"=""E21-851""",344.99,344.99
"=""EH235""",45.99,
"=""EH393M""",135.99,
"=""E22-985""",344.99,344.99
"=""EH002""",55.99,
"=""E24-087""",539.99,539.99
"=""EG206""",65.99,
"=""EH408M""",127.99,
"=""EH663M""",74.99,
"=""E24-191""",319.99,319.99
"=""EH514M""",99.99,
"=""EH458""",46.99,
"=""EG124M""",73.99,
"=""E22-362""",389.99,389.99
"=""E21-156""",599.99,599.99
"=""E20-437""",399.99,399.99
"=""5000-083""",255.99,
"=""E22-996""",579.99,579.99
"=""13049""",117.99,130.97
"=""E22-167""",304.99,304.99
"=""DS676371""",472.99,
"=""EH404""",30.99,
"=""E22-864""",279.99,279.99
"=""14-SD9105NEW""",241.99,
"=""E21-252""",429.99,429.99
"=""14-0634NIP""",3074.99,3843.99
"=""5000-084""",255.99,
"=""14-0469NIP""",5234.99,6543.99
"=""E22-740""",464.99,464.99
"=""EG173M""",105.99,
"=""14-0138NIP""",1634.99,2043.99
"=""E22-008""",559.99,559.99
"=""DS676287""",215.70,269.99
"=""E21-104""",449.99,449.99
"=""E21-155""",599.99,599.99
"=""EH455""",42.99,
"=""EH667M""",76.99,
"=""14-0457NIP""",1929.99,2412.99
"=""DS105023""",2640.99,
"=""14-2784NIP""",1579.99,1974.99
"=""OR1779""",184.99,
"=""E22-995""",579.99,579.99
"=""E20-323""",389.99,389.99
"=""OR2456""",180.99,
"=""DS102096""",225.99,278.99
"=""DS675244""",425.99,
"=""E20-324""",389.99,389.99
"=""DS105105""",2034.99,2543.99
"=""400-5695""",2099.99,
"=""OR1242""",140.99,
"=""DS676117""",1181.99,
"=""EH527M""",75.99,
"=""EB301M""",87.99,
"=""E20-522""",389.99,389.99
"=""E22-646""",309.99,309.99
"=""14-2889NC""",1404.99,1756.99
"=""OR13067""",148.99,
"=""13108""",176.99,
"=""5000-018""",375.99,
"=""14-0990NC""",2539.99,3174.99
"=""14-0659NIP""",650.99,813.99
"=""OR2080""",328.99,
"=""5000-081""",279.99,310.79
"=""E24-090""",409.99,409.99
"=""OR1729""",243.99,
"=""E22-723""",384.99,384.99
"=""E21-783""",544.99,544.99
"=""DS135121""",549.99,799.99
"=""E22-823""",394.99,394.99
"=""E24-089""",409.99,409.99
"=""E21-809+E21-810""",208.99,
"=""14-0860NIP""",2694.99,3368.99
"=""OR2386""",132.99,147.62
"=""DS520010""",3157.99,
"=""E21-784""",544.99,544.99
"=""E22-007""",559.99,559.99
"=""TL400-4809""",1444.99,
"=""OR2510""",211.99,
"=""BM 0240""",89.99,
"=""E21-194""",479.99,479.99
"=""E20-767""",45.99,
"=""BM 0247""",63.99,
"=""OR2907""",166.99,
"=""OR196""",181.99,879.99
"=""E22-058""",364.99,364.99
"=""DS676062""",183.70,229.99
"=""E24-211""",349.99,349.99
"=""CN 4375PFC""",142.99,158.72
"=""OR2010""",157.99,
"=""OR677""",154.99,
"=""2413-008""",661.99,
"=""13089""",113.99,
"=""DS120052""",141.99,
"=""OR2845""",147.99,164.27
"=""OR977""",180.99,
"=""E24-144""",354.99,354.99
"=""E21-375""",170.99,
"=""OR924""",148.99,
"=""14-0918NC""",248.99,311.99
"=""59-0536""",325.99,
"=""CO 11227C""",156.99,
"=""DS105100""",168.99,
"=""14-0849NC""",319.99,396.99
"=""14-0401NEW""",238.99,
"=""RA 13005C""",100.99,112.10
"=""RA 13046C""",146.99,
"=""RA 2282C""",197.99,219.77
"=""RA 2172C""",160.99,178.70
"=""RA 2470C""",116.99,
"=""RA 2585C""",130.99,
"=""RA 2442C""",134.99,149.84
"=""RA 2677C""",108.99,120.98
"=""RA 13321C""",106.99,
"=""RA 13365C""",85.99,95.45
"=""RA 13270C""",109.99,
"=""RA 13197C""",126.99,
"=""RA 2988C""",106.99,118.76
"=""RA 2952C""",147.99,
"=""RA 2768C""",117.99,130.97
"=""RA 2864C""",106.99,
"=""RA 2832C""",122.99,136.52
"=""RA 2922C""",96.99,107.66
"=""RA 2891C""",105.99,
"=""RA 2738C""",160.99,178.70
"=""RA 741C""",118.99,132.08
"=""RA 2807C""",123.99,
"=""RA 13184C""",140.99,156.50
"=""RA 13007C""",130.99,
"=""RA 13078C""",117.99,
"=""OR13047""",97.99,108.77
"=""RA 2298C""",101.99,102.99
"=""RA 13129C""",120.99,
"=""RA 2173C""",155.99,173.15
"=""RA 2257C""",122.99,
"=""RA 2075C""",117.99,130.97
"=""RA 1396C""",117.99,
"=""RA 1888C""",127.99,
"=""RA 2588C""",95.99,
"=""RA 1530C""",184.99,205.34
"=""RA 1746C""",107.99,
"=""RA 2347C""",130.99,145.40
"=""RA 2491C""",117.99,130.97
"=""RA 2682C""",138.99,
"=""RA 2412C""",101.99,
"=""RA 2447C""",99.99,
"=""RA 13323C""",106.99,
"=""RA 13412C""",112.99,125.42
"=""RA 13200C""",125.99,125.99
"=""RA 2866C""",165.99,184.25
"=""RA 13293C""",113.99,
"=""RA 2741C""",173.99,
"=""RA 2839C""",131.99,146.51
"=""RA 2925C""",127.99,
"=""RA 945C""",112.99,125.42
"=""RA 2773C""",100.99,112.10
"=""RA 13188C""",136.99,152.06
"=""RA 2954C""",110.99,
"=""RA 2909C""",119.99,
"=""RA 2816C""",121.99,
"=""RA 2989C""",122.99,136.52
"=""RA 13087C""",106.99,118.76
"=""RA 13134C""",152.99,
"=""RA 2323C""",101.99,
"=""RA 2174C""",180.99,200.90
"=""RA 13049C""",117.99,130.97
"=""RA 2258C""",134.99,
"=""RA 13019C""",137.99,
"=""RA 1451C""",162.99,
"=""RA 1552C""",140.99,
"=""OR2087""",96.99,107.66
"=""RA 1889C""",117.99,130.97
"=""RA 2707C""",95.99,
"=""RA 2608C""",96.99,107.66
"=""RA 2351C""",115.99,128.75
"=""RA 13431C""",112.99,
"=""RA 1774C""",133.99,148.73
"=""RA 2513C""",144.99,160.94
"=""RA 2448C""",96.99,107.66
"=""RA 13326C""",115.99,128.75
"=""RA 2417C""",123.99,
"=""RA 13207C""",130.99,
"=""RA 13301C""",179.99,179.99
"=""RA 2873C""",106.99,118.76
"=""RA 2926C""",100.99,112.10
"=""RA 2759C""",157.99,
"=""RA 13093C""",121.99,135.41
"=""RA 2777C""",135.99,150.95
"=""RA 2990C""",106.99,
"=""RA 2850C""",115.99,128.75
"=""RA 2818C""",136.99,122.99
"=""RA 2975C""",118.99,
"=""RA 2917C""",113.99,
"=""RA 1318C""",106.99,118.76
"=""RA 13146C""",97.99,
"=""RA 2184C""",124.99,138.74
"=""RA 2329C""",96.99,107.66
"=""RA 2264C""",84.99,
"=""RA 13022C""",441.99,
"=""RA 13057C""",130.99,145.40
"=""RA 1573C""",104.99,
"=""RA 13461C""",85.99,
"=""RA 1778C""",127.99,142.07
"=""RA 1897C""",119.99,133.19
"=""RA 13241C""",130.99,
"=""RA 13068C""",114.99,127.64
"=""RA 1702C""",106.99,118.76
"=""RA 2334C""",119.99,133.19
"=""RA 2141C""",145.99,
"=""RA 13516C""",112.99,125.42
"=""RA 1831C""",154.99,
"=""RA 2389C""",110.99,123.20
"=""RA 2003C""",135.99,150.95
"=""RA 1519C""",117.99,130.97
"=""RA 2576C""",115.99,
"=""RA 2635C""",96.99,107.66
"=""OR2428""",92.99,
"=""RA 13194C""",122.99,136.52
"=""RA 2727C""",104.99,
"=""RA 13339C""",205.99,228.65
"=""RA 2458C""",126.99,140.96
"=""RA 2936C""",111.99,
"=""RA 2883C""",128.99,143.18
"=""RA 13119C""",85.99,95.45
"=""RA 2793C""",113.99,
"=""RA 2278C""",116.99,129.86
"=""RA 13314C""",102.99,
"=""RA 13041C""",117.99,130.97
"=""RA 2920C""",119.99,
"=""RA 13155C""",117.99,
"=""RA 2827C""",92.99,
"=""RA 2855C""",135.99,150.95
"=""RA 2241C""",90.99,
"=""RA 2995C""",94.99,
"=""RA 13070C""",115.99,128.75
"=""RA 2979C""",101.99,113.21
"=""RA 13582C""",96.99,
"=""RA 2170C""",203.99,226.43
"=""RA 2764C""",132.99,
"=""RA 1707C""",146.99,163.16
"=""RA 2335C""",95.99,106.55
"=""RA 13245C""",91.99,
"=""RA 1839C""",95.99,106.55
"=""RA 2042C""",140.99,156.50
"=""RA 2674C""",106.99,118.76
"=""RA 2403C""",110.99,
"=""RA 1520C""",186.99,
"=""RA 13348C""",147.99,
"=""RA 2728C""",117.99,130.97
"=""RA 2581C""",130.99,
"=""RA 2938C""",131.99,
"=""RA 2459C""",111.99,124.31
"=""RA 2441C""",107.99,119.87
"=""RA 2921C""",172.99,
"=""RA 2797C""",101.99,103.99
"=""RA 2890C""",85.99,
"=""RA 2856C""",122.99,136.52
"=""RA 2830C""",116.99,
"=""RA 709C""",145.99,162.05
"=""RA 13317C""",112.99,125.42
"=""RA 2980C""",109.99,122.09
"=""RA 2767C""",112.99,125.42
"=""RA 13253C""",91.99,102.11
"=""14-1087NC""",370.99,463.99
"=""KIT DS100184 + DS630010 + IS100030 + DS920028""",235.99,335.99
"=""DS102033""",297.99,372.99
"=""IS108160""",161.99,
"=""14-3023NC""",268.99,336.99
"=""14-1603NC""",273.99,342.99
"=""DS676190""",104.99,
"=""IS108134""",225.99,
"=""14-0965NC""",502.99,628.99
"=""EH687M""",180.99,
"=""DS105041""",292.99,430.99
"=""14-SD1656NC""",292.99,366.99
"=""E20-144""",50.99,
"=""E20-135""",112.99,
"=""E20-143""",50.99,
"=""E20-973""",69.99,
"=""E20-405""",76.99,
"=""E20-982""",60.99,
"=""E21-079""",93.99,93.99
"=""E20-932""",53.99,
"=""E21-031""",170.99,
"=""E20-599""",151.99,
"=""E20-611""",53.99,
"=""E21-022""",190.99,
"=""E20-926""",74.99,
"=""E21-014""",58.99,
"=""E21-086""",90.99,
"=""E20-649""",90.99,
"=""E20-998""",70.99,
"=""E20-794""",53.99,
"=""KT 4760B""",344.99,574.99
"=""EB059MN""",55.99,
"=""DS105135""",335.99,499.99
"=""DS345071""",28.99,32.18
"=""14-1703NC""",263.99,329.99
"=""14-SD8948NC""",285.99,357.99
"=""14-0383NIP""",404.99,501.99
"=""14-SD8117NEW""",176.99,
"=""14-SD6035NC""",327.99,409.99
"=""14-0970NC""",335.99,414.99
"=""Clutch 14-2125-8GT""",104.99,
"=""RD 11268C""",53.99,59.93
"=""CO 11546C""",209.90,232.99
"=""DS102158""",158.99,
"=""14-1082NC""",320.99,401.99
"=""006-A45-B-22""",49.90,55.39
"=""13004""",191.99,
"=""14-0076NEW""",169.99,
"=""17-1004""",35.99,
"=""14-1407NC""",372.99,466.99
"=""G33708S""",250.99,
"=""CN 30129PFC""",134.99,149.84
"=""400-9200""",224.99,
"=""CO 29122C""",210.99,
"=""14-0465NC""",502.99,628.99
"=""CO 29251C""",339.99,
"=""14-1519NC""",801.99,1002.99
"=""14-1700NC""",290.99,363.99
"=""CO 11549C""",253.99,
"=""14-0931NIP""",362.99,453.99
"=""Clutch 14-2125-6GR 2WIRE""",126.99,
"=""43-MT3013""",24.99,27.74
"=""DS101159""",1499.99,1874.99
"=""CO 11684C""",249.90,277.39
"=""14-SD4602NEW""",201.99,
"=""14-0299NEW""",366.99,
"=""CL-105049""",60.99,
"=""CL-105111""",45.99,
"=""CL-105060""",103.99,
"=""CL-105120""",61.99,
"=""CL-104099""",59.99,
"=""CL-11200C""",45.99,
"=""CL-4920AC""",38.99,
"=""CL-104065""",58.99,
"=""CL-10663AC""",45.99,
"=""CL-20769C""",61.99,
"=""CL-105145""",61.99,
"=""CL-104141""",58.99,
"=""CL-102213""",58.99,
"=""RA 13778C""",130.99,145.40
"=""14-SD4148NEW""",184.99,
"=""CO 11405C""",199.99,
"=""CN 3292PFC""",89.99,
"=""FA 50477C""",102.99,114.32
"=""14-1854NC""",305.99,357.99
"=""2205-012""",800.99,
"=""14-DK55015NC""",266.99,333.99
"=""DS650030""",135.99,159.99
"=""2208-027""",897.99,
"=""14-SD3150NC""",225.99,282.99
"=""14-SD8760NC""",253.99,317.99
"=""DS704064""",165.99,
"=""14-2560NC""",219.99,274.99
"=""14-0903NC""",360.99,321.99
"=""14-1212NC""",280.99,346.99
"=""14-DK56282NC""",278.99,309.68
"=""CO 11775C""",299.99,
"=""CO 11597C""",195.99,
"=""14-1034GM""",389.99,487.99
"=""14-1985NC""",349.99,388.49
"=""14-0767NC""",243.99,304.99
"=""PIC828""",126.99,
"=""PIC153""",249.99,
"=""PIC173""",152.99,
"=""PIC063""",142.99,
"=""PIC125""",224.99,
"=""PIC024""",153.99,170.93
"=""PIC032""",148.99,
"=""PIC126""",202.99,
"=""PIC023""",318.99,
"=""PIC164""",282.99,
"=""PIC001""",177.99,197.57
"=""PIC117""",278.99,
"=""PIC046""",163.99,
"=""PIC082""",171.99,
"=""PIC150""",188.99,209.78
"=""PIC028""",163.99,
"=""PIC116""",124.99,
"=""PIC015""",244.99,
"=""PIC158""",199.99,
"=""PIC036""",179.99,
"=""PIC085""",163.99,
"=""PIC090""",173.99,
"=""PIC129""",232.99,
"=""PIC165""",136.99,
"=""PIC051""",168.99,
"=""PIC099""",165.99,
"=""PIC062""",135.99,
"=""PIC047""",189.99,210.89
"=""PIC038""",224.99,
"=""PIC083""",159.99,177.59
"=""PIC042""",202.99,
"=""PIC075""",173.99,
"=""PR13475A""",133.99,
"=""PIC148""",145.99,
"=""PIC128""",163.99,
"=""PIC166""",176.99,
"=""PIC077""",332.99,369.62
"=""PIC053""",129.99,
"=""PIC102""",188.99,209.78
"=""PIC043""",182.99,203.12
"=""PIC104""",165.99,
"=""PIC048""",145.99,
"=""PIC010""",260.99,
"=""PIC026""",149.99,
"=""PIC031""",160.99,
"=""PIC167""",203.99,226.43
"=""PIC154""",243.99,270.83
"=""PIC049""",184.99,
"=""PIC060""",173.99,193.13
"=""PIC035""",208.99,
"=""PIC055""",134.99,
"=""PIC069""",230.99,256.40
"=""PIC121""",186.99,207.56
"=""PIC034""",118.99,
"=""PIC106""",171.99,
"=""PIC144""",425.99,472.85
"=""PIC018""",365.99,406.25
"=""PIC044""",355.99,
"=""PIC114""",263.99,
"=""PIC059""",216.99,
"=""PIC188""",212.99,
"=""PIC050""",185.99,206.45
"=""PIC013""",359.99,399.59
"=""PIC009""",260.99,
"=""PIC054""",126.99,
"=""PIC136""",89.99,163.99
"=""PIC033""",196.99,218.66
"=""PIC157""",176.99,196.46
"=""PIC149""",124.99,
"=""PIC087""",142.99,
"=""PIC151""",240.99,
"=""PIC002""",104.99,
"=""PIC143""",207.99,
"=""PIC107""",226.99,251.96
"=""PIC159""",196.99,
"=""PIC022""",377.99,419.57
"=""PIC006""",173.99,
"=""PIC155""",216.99,
"=""PIC037""",188.99,
"=""PIC089""",193.99,
"=""PIC115""",200.99,
"=""PIC101""",102.99,
"=""PIC025""",214.99,
"=""PIC178""",253.99,
"=""PIC161""",198.99,220.88
"=""PIC147""",185.99,206.45
"=""PIC142""",169.99,
"=""PIC088""",189.99,210.89
"=""PIC189""",203.99,
"=""PIC112""",193.99,215.33
"=""PIC119""",168.99,
"=""PIC076""",320.99,
"=""PIC029""",143.99,
"=""PIC007""",140.99,
"=""PIC138""",169.99,188.69
"=""PIC081""",218.99,243.08
"=""PIC072""",275.99,
"=""PIC141""",398.99,
"=""PIC171""",189.99,
"=""PIC014""",303.99,
"=""PIC017""",432.99,
"=""PIC078""",125.99,
"=""PIC064""",162.99,
"=""PIC041""",153.99,
"=""PIC179""",194.99,216.44
"=""PIC021""",135.99,
"=""PIC052""",151.99,
"=""PIC145""",268.99,298.58
"=""PIC197""",196.99,218.66
"=""PIC108""",330.99,
"=""PIC008""",119.99,
"=""PIC827""",181.99,202.01
"=""PIC170""",169.99,
"=""PIC110""",217.99,
"=""PIC196""",225.99,
"=""PIC140""",240.99,
"=""PIC180""",180.99,
"=""PIC079""",192.99,214.22
"=""PIC030""",189.99,
"=""PIC160""",225.99,250.85
"=""PIC130""",155.99,
"=""PIC094""",216.99,
"=""PIC163""",120.99,
"=""PIC127""",146.99,
"=""PIC093""",389.99,
"=""PIC172""",153.99,
"=""PIC118""",168.99,
"=""PIC003""",453.99,
"=""PIC181""",188.99,
"=""PIC195""",232.99,
"=""PIC124""",443.99,
"=""PIC068""",246.99,
"=""PIC020""",218.99,
"=""PIC120""",158.99,
"=""PIC027""",172.99,
"=""PIC146""",365.99,
"=""PIC139""",158.99,
"=""PIC057""",167.99,
"=""PIC084""",156.99,
"=""PIC019""",321.99,
"=""PIC011""",406.99,
"=""PIC162""",173.99,193.13
"=""PIC109""",360.99,400.70
"=""PIC071""",178.99,
"=""PIC113""",197.99,219.77
"=""PIC096""",186.99,207.56
"=""PIC169""",246.99,
"=""PIC012""",498.90,553.78
"=""PIC097""",289.99,
"=""PIC184""",198.99,
"=""PIC194""",316.99,
"=""PIC137""",173.99,
"=""PIC095""",210.99,234.20
"=""PIC133""",177.99,
"=""PIC123""",639.99,
"=""PIC156""",198.99,
"=""PIC005""",389.99,432.89
"=""PIC134""",392.99,
"=""PIC168""",213.99,
"=""PIC086""",144.99,
"=""PIC182""",253.99,281.93
"=""CA2309""",1150.99,
"=""14-0076NIP""",596.99,746.99
"=""SW 11005C""",135.99,
"=""HA 11173C""",50.99,
"=""08-BM3012100""",196.99,218.66
"=""08-KI3012105""",240.99,
"=""08-CH3012105""",498.90,553.78
"=""08-CH3012109""",198.99,220.88
"=""08-CH3012108""",177.99,197.57
"=""08-FO3012108""",160.99,
"=""08-BM3012106""",186.99,207.56
"=""08-HO3012102""",173.99,193.13
"=""08-HY3012106""",268.99,298.58
"=""08-CH3012104""",275.99,
"=""08-FO3012124""",189.99,
"=""08-FO3012115""",173.99,
"=""08-AU3012106""",167.99,
"=""08-CH3012103""",193.99,
"=""08-FO3012114""",186.99,207.56
"=""08-AU3012102""",188.99,209.78
"=""08-4401-1302""",365.99,
"=""08-FO3012104""",156.99,
"=""08-GM3012101""",134.99,
"=""08-AU3012101""",143.99,
"=""08-AU3012109""",173.99,193.13
"=""08-GM3012109""",176.99,
"=""08-BM3012103""",178.99,
"=""08-CH3012102""",320.99,
"=""08-AU3012115""",188.99,
"=""08-HY3012105""",173.99,
"=""08-GM3012102""",118.99,
"=""08-FO3012109""",165.99,
"=""08-BM3012104""",133.99,
"=""08-MB3012106""",168.99,
"=""08-GM3012110""",188.99,209.78
"=""08-AU3012108""",129.99,
"=""08-VO3012109""",213.99,
"=""08-FO3012119""",365.99,406.25
"=""08-MB3012100""",140.99,
"=""08-GM3012122""",231.99,
"=""08-FO3012105""",214.99,
"=""08-FO3012120""",303.99,
"=""08-GM3012116""",176.99,196.46
"=""08-FO3012100""",377.99,419.57
"=""08-VW3012114""",246.99,
"=""08-GM3012105""",146.99,
"=""08-HY3012103""",263.99,
"=""08-MB3012103""",171.99,
"=""08-FO3012112""",168.99,
"=""08-SB3012101""",192.99,214.22
"=""08-HO3012101""",124.99,
"=""08-VW3012115""",169.99,
"=""08-FO3012126""",194.99,216.44
"=""08-NI3012100""",181.99,202.01
"=""08-VW3012101""",148.99,
"=""08-VO3012103""",230.99,256.40
"=""08-AU3012100""",135.99,
"=""08-HY3012104""",224.99,
"=""08-HY3012108""",243.99,270.83
"=""08-RO3012100""",163.99,
"=""08-NI3012101""",218.99,243.08
"=""08-AU3012113""",199.99,
"=""08-VO3012104""",224.99,
"=""08-VW3012116""",203.99,
"=""08-VO3012108""",226.99,251.96
"=""08-VW3012109""",142.99,
"=""08-VW3012106""",163.99,
"=""08-KI3012101""",197.99,219.77
"=""08-FO3012111""",165.99,
"=""08-FO3012106""",142.99,
"=""08-KI3012106""",249.99,
"=""08-VW3012102""",149.99,
"=""08-VO3012100""",189.99,210.89
"=""08-HY3012102""",217.99,
"=""08-HY3012109""",203.99,226.43
"=""08-GM3012112""",303.99,
"=""08-KI3012104""",163.99,
"=""08-FO3012125""",153.99,
"=""08-HO3012100""",124.99,
"=""08-MA3012100""",207.99,
"=""08-HY3012110""",253.99,281.93
"=""08-GM3012119""",120.99,
"=""08-FO3012116""",158.99,
"=""08-BM3012109""",193.99,215.33
"=""08-KI3012102""",443.99,
"=""08-FO3012118""",169.99,
"=""08-VO3012107""",184.99,
"=""08-VW3012113""",145.99,
"=""08-VO3012106""",189.99,210.89
"=""08-SB3012100""",173.99,
"=""08-GM3012104""",126.99,
"=""08-BM3012108""",182.99,203.12
"=""08-VW3012104""",119.99,
"=""08-PO3012100""",289.99,
"=""08-GM3012106""",159.99,177.59
"=""08-MA3012101""",318.99,
"=""08-GM3012111""",196.99,
"=""08-MC3012100""",153.99,170.93
"=""08-IN3012100""",185.99,206.45
"=""08-GM3012117""",198.99,
"=""08-CH3012106""",196.99,218.66
"=""08-FO3012117""",169.99,188.69
"=""08-FO3012103""",144.99,
"=""08-VW3012105""",208.99,
"=""08-GM3012107""",102.99,
"=""08-BM3012107""",200.99,
"=""08-GM3012125""",163.99,
"=""08-FO3012102""",135.99,
"=""08-BM3012102""",189.99,
"=""08-CH3012107""",216.99,
"=""08-MC3012101""",162.99,
"=""08-GM3012120""",359.99,399.59
"=""08-HY3012107""",126.99,
"=""08-MB3012105""",151.99,
"=""08-MB3012104""",185.99,206.45
"=""08-AU3012112""",216.99,
"=""08-FO3012101""",321.99,
"=""08-FO3012113""",158.99,
"=""TL950-1030-3-12""",1874.99,
"=""14-9517NEW""",704.99,
"=""14-0446NEW""",587.99,
"=""""",100.00,200.99
"=""1YEXTWARRANTY""",99.00,
"=""14-5367NEW""",340.99,
"=""14-1610NC""",368.99,457.99
"=""14-SD9119NEW""",333.99,
"=""""",99.00,
"=""""",99.00,
"=""""",99.00,
"=""""",379.96,
"=""HCUPSELL""",99.90,159.99
"=""""",1535.97,1535.99
"=""EV 940138PFC""",97.99,108.77
"=""14-SD4604NC""",310.99,
"=""14-SD4822NC""",223.99,
"=""14-SD4711NC""",247.99,275.27
"=""14-SD4815NC""",206.99,
"=""59-0853""",77.99,
"=""14-1969GM""",361.99,
"=""80-0767NEW""",1109.99,
"=""80-1177NEW""",863.99,1771.99
"=""80-1108NEW""",1003.99,614.99
"=""10PKFK50-CLUTCH""",375.99,
"=""KT 4763""",427.99,713.99
"=""BM 00126C""",48.99,
"=""KT 4805A""",400.99,668.99
"=""KIT 14-SD4079NC+CN 22050PFC+43-MT3012""",500.99,
"=""KIT DS105100 + DS200052 + CN 22308PFC""",500.99,
"=""G4009010""",131.99,
"=""59-0818""",77.99,
"=""KT 1105A""",500.99,834.99
"=""30-0126""",119.99,129.99
"=""DS630052""",949.99,
"=""KIT ACCS + ISOVG68""",199.99,432.99
"=""KIT ACCS + PAG46""",199.99,299.99
"=""DS105181""",299.99,
"=""DS520044""",499.99,
"=""400-2043""",2629.99,
"=""DS510068""",794.99,
"=""CN 22308PFC""",105.99,
"=""DS540056""",208.99,231.98
"=""DS545107""",123.99,
"=""OM8473""",189.99,
"=""OM8534""",189.99,
"=""30-0124HC""",89.99,
"=""DS712055""",139.99,
"=""DS131042""",129.99,
"=""AP5-5550""",1095.99,
"=""DS545111""",127.99,
"=""2508-007""",136.99,152.06
"=""AC3886""",128.99,143.18
"=""OM8472""",274.99,
"=""OM6073""",269.99,
"=""OM6064""",224.99,
"=""OM6063""",289.99,
"=""DS701022""",4.99,
"=""DS133013""",264.99,
"=""""",0.00,
"=""""",0.00,
"=""CO 11498C""",409.99,
"=""CO 4149C""",204.99,
"=""CO 11481C""",309.99,
"=""CO 11239C""",249.99,
"=""CO 10734C""",253.99,
"=""CO 4611C""",287.99,
"=""CO 11572C""",366.99,
"=""CO 11577C""",375.99,
"=""CO 29228C""",147.99,
"=""CO 29132C""",207.99,
"=""CO 46121C""",273.99,
"=""CO 22224C""",283.99,
"=""CO 4420C""",186.99,
"=""CO 29237C""",185.99,
"=""CO 4056C""",239.99,
"=""CO 11514C""",155.99,
"=""CO 29278C""",265.99,319.00
"=""CO 4096C""",216.99,
"=""CO 11633C""",241.99,
"=""CO 29184C""",199.99,
"=""CO 8085C""",212.99,
"=""CO 4712C""",246.99,
"=""CO 47242JC""",306.99,
"=""CO 47246JC""",365.99,
"=""CO 11513C""",185.99,
"=""CO 29136C""",199.99,
"=""CO 28003C""",212.99,
"=""CO 11489C""",376.99,
"=""CO 47244JC""",273.99,
"=""CO 45122C""",281.99,
"=""CO 11605C""",220.99,
"=""CO 7176C""",165.99,
"=""CO 29317C""",413.99,
"=""CO 11357C""",175.99,211.00
"=""CO 11691C""",370.99,
"=""CO 11500C""",311.99,
"=""CO 11666C""",273.99,
"=""CO 11078C""",178.99,
"=""CO 1233JC""",224.99,
"=""CO 47260C""",230.99,
"=""CO 29162C""",207.99,
"=""CO 29164C""",216.99,
"=""CO 11690C""",234.99,
"=""CO 46235C""",241.99,
"=""CO 29197C""",185.90,206.35
"=""CO 8244C""",191.99,
"=""CO 4075C""",181.99,
"=""CO 4745C""",181.99,
"=""CO 11725C""",209.99,233.09
"=""CO 11217C""",285.99,
"=""CO 29196C""",189.99,
"=""CO 4508C""",187.99,
"=""CO 11416C""",249.99,
"=""CO 29277C""",220.99,265.00
"=""CO 11491C""",349.99,
"=""CO 11308C""",235.99,
"=""CO 4621C""",273.99,
"=""CO 10835C""",226.99,
"=""CO 11495C""",369.99,
"=""14-1493NC""",350.99,438.99
"=""14-0146NC""",427.99,529.99
"=""14-22369NC""",337.99,418.99
"=""14-0467NC""",295.99,369.99
"=""14-0812NC""",384.99,487.99
"=""14-0249NC""",230.99,288.99
"=""14-1742NC""",267.99,453.99
"=""14-1751NC""",334.99,418.99
"=""14-1454NC""",351.99,439.99
"=""14-4034NC""",355.99,444.99
"=""14-1573NC""",383.99,479.99
"=""14-1173NC""",334.99,418.99
"=""14-1395NC""",332.99,416.99
"=""14-1760NC""",490.99,607.99
"=""CO 11193C""",227.99,
"=""CO 29055C""",190.99,205.00
"=""CO 29161C""",332.99,
"=""CO 10076C""",219.99,
"=""CO 11241C""",343.99,
"=""CO 11634C""",297.99,
"=""CO 1822C""",254.99,
"=""CO 29117C""",349.99,
"=""CO 4864C""",190.99,
"=""CO 29330C""",270.99,
"=""CO 11099C""",212.99,
"=""CO 27000C""",211.99,
"=""CO 29175C""",403.99,
"=""CO 22160LC""",376.99,
"=""CO 29273C""",351.99,
"=""CO 11516C""",139.99,
"=""CO 11472C""",240.99,
"=""CO 4634C""",213.99,
"=""CO 10947C""",301.99,
"=""CO 2011C""",263.99,
"=""CO 29097C""",195.90,217.45
"=""CO 29272C""",195.99,
"=""CO 58113C""",214.99,
"=""CO 4156C""",179.99,
"=""CO 11501C""",220.99,
"=""CO 21008C""",199.99,
"=""CO 46234C""",219.99,
"=""CO 4615C""",272.99,
"=""CO 11223C""",220.99,265.00
"=""CO 8295C""",192.99,
"=""CO 11194C""",242.99,
"=""CO 29229C""",144.99,
"=""CO 4647C""",209.99,
"=""CO 11207C""",215.99,
"=""CO 11515C""",143.99,
"=""CO 11063AC""",190.99,
"=""CO 4821C""",194.99,
"=""DS403017""",15.99,19.99
"=""DS315069""",19.99,
"=""DS350003""",19.99,
"=""DS315099""",20.99,23.30
"=""DS350004""",19.99,
"=""DS315070""",19.99,
"=""DS350005""",20.99,
"=""DS345006""",9.99,
"=""DS315074""",19.99,22.19
"=""DS315073""",19.99,22.19
"=""DS350006""",20.99,
"=""DS350001""",19.99,22.19
"=""DS315075""",19.99,22.19
"=""DS350002""",19.99,
"=""DS315078""",19.99,
"=""14-5079NC""",250.99,313.99
"=""14-0282NC""",350.99,389.60
"=""KCA-39038561""",207.99,259.99
"=""14-0882NC""",264.99,331.99
"=""14-1666NC""",334.99,418.99
"=""14-0997NC""",387.99,479.99
"=""14-0478NC""",302.99,378.99
"=""14-1331NC""",412.99,516.99
"=""CO 11400C""",369.99,
"=""CO 46122C""",269.99,
"=""CO 4148C""",184.99,
"=""CO 8253C""",202.99,
"=""CO 8252C""",164.99,
"=""CO 4691C""",173.99,
"=""CO 11533C""",379.99,
"=""CO 9103DC""",140.99,
"=""CO 21004C""",193.99,
"=""CO 11122JC""",213.99,
"=""CO 29198C""",199.99,
"=""CO 4577C""",181.99,
"=""CO 11446C""",266.99,
"=""CO 29012C""",145.99,
"=""SSNE104111""",168.99,
"=""SSNE175981""",289.99,
"=""SSNE176021""",203.99,
"=""SSNE104076""",278.99,
"=""SSNE104001""",154.99,
"=""SSNE104038""",223.99,
"=""SSNE104068""",173.99,
"=""SSNE130972""",224.99,
"=""SSNE175957""",199.99,240.00
"=""SSNE177065""",284.99,
"=""SSNE104014""",226.99,
"=""SSNE175886""",261.99,
"=""SSNE175992""",183.99,
"=""SSNE176992""",221.99,
"=""SSNE104026""",166.99,
"=""SSNE130970""",180.99,
"=""SSNE104202""",170.99,
"=""SSNE130962""",196.99,
"=""SSNE177032""",174.99,
"=""SSNE177044""",247.99,
"=""SSNE130973""",185.99,
"=""SSNE130984""",212.99,
"=""SSNE174862""",251.99,
"=""SSNE175874""",273.99,
"=""SSNE104072""",164.99,
"=""SSNE104143""",207.99,
"=""SSNE104063""",168.99,
"=""SSNE175113""",244.99,
"=""SSNE177067""",158.99,
"=""SSNE104145""",171.99,
"=""SSNE104022""",205.99,
"=""SSNE104119""",210.99,
"=""SSNE104071""",198.99,
"=""SSNE175416""",246.99,
"=""SSNE177084""",194.99,
"=""SSNE104093""",185.90,206.35
"=""SSNE130969""",155.99,
"=""SSNE177055""",212.99,
"=""SSNE104034""",159.99,
"=""SSNE104215""",170.99,
"=""SSNE177006""",188.99,
"=""SSNE177769""",185.99,
"=""SSNE175896""",185.99,
"=""SSNE175906""",224.99,
"=""SSNE177061""",179.99,
"=""SSNE175983""",285.99,
"=""SSNE104124""",199.99,
"=""SSNE130979""",278.99,
"=""SSNE177021""",155.99,
"=""SSNE104011""",201.99,
"=""SSNE175845""",203.99,
"=""SSNE175418""",209.99,252.00
"=""SSNE177043""",204.99,
"=""SSNE177088""",278.99,
"=""SSNE177068""",208.99,
"=""SSNE174853""",168.99,
"=""SSNE175108""",195.99,
"=""SSNE104210""",235.99,
"=""SSNE175952""",217.99,
"=""SSNE104117""",233.99,
"=""SSNE175862""",190.90,211.90
"=""SSNE104007""",134.90,149.74
"=""SSNE104013""",151.99,
"=""SSNE175107""",195.99,
"=""SSNE104110""",306.99,
"=""SSNE104067""",168.99,
"=""SSNE104085""",214.99,
"=""SSNE104041""",168.99,
"=""SSNE104039""",205.99,
"=""SSNE176996""",205.99,
"=""SSNE104061""",145.99,
"=""SSNE104049""",208.99,
"=""SSNE176013""",239.99,
"=""SSNE175412""",242.99,
"=""SSNE104116""",311.99,
"=""SSNE104004""",182.99,
"=""SSNE104028""",165.99,
"=""SSNE104115""",201.99,
"=""SSNE130967""",170.99,
"=""14-1856NC""",330.99,418.99
"=""14-22382NEW""",310.99,
"=""14-1844NC""",407.99,509.99
"=""14-1127NIP""",580.99,
"=""14-21127GM""",420.99,542.99
"=""KIT 0001 (12V) + DS101030 + DS540062""",599.99,799.99
"=""TL950-3430-12SM""",1356.99,
"=""80-0103NEW""",611.99,621.99
"=""80-0088NEW""",648.99,
"=""80-0136NEW""",1925.99,1485.99
"=""80-0039NEW""",416.99,415.99
"=""80-0032NEW""",474.99,
"=""80-0248NEW""",470.99,393.99
"=""80-0358NEW""",529.99,420.99
"=""80-0168NEW""",1068.99,
"=""80-0054NEW""",530.99,468.99
"=""80-0191NEW""",802.99,596.99
"=""80-0370NEW""",664.99,828.99
"=""80-0195NEW""",441.99,440.99
"=""80-0197NEW""",504.99,438.99
"=""80-0082NEW""",702.99,
"=""80-0053NEW""",430.99,
"=""80-0127NEW""",448.99,448.99
"=""80-0059NEW""",378.99,379.99
"=""80-0175NEW""",521.99,447.99
"=""80-0016NEW""",600.99,
"=""80-0223NEW""",593.99,458.99
"=""80-0160NEW""",742.99,804.99
"=""80-0374NEW""",751.99,1481.99
"=""80-0196NEW""",573.99,627.99
"=""80-0395NEW""",481.99,482.99
"=""80-0083NEW""",1416.99,
"=""80-0224NEW""",537.99,464.99
"=""80-0013NEW""",1119.99,
"=""80-0116NEW""",509.99,
"=""80-0002NEW""",682.99,
"=""80-0052NEW""",499.99,554.99
"=""80-0179NEW""",827.99,738.99
"=""80-0398NEW""",2097.99,1723.99
"=""80-0206NEW""",875.99,1707.99
"=""80-0232NEW""",669.99,683.99
"=""80-0338NEW""",674.99,594.99
"=""80-0113NEW""",478.99,503.99
"=""80-0375NEW""",730.99,1180.99
"=""80-0021NEW""",503.99,
"=""80-0315NEW""",926.99,830.99
"=""80-0095NEW""",708.99,657.99
"=""80-0156NEW""",431.99,358.99
"=""80-0128NEW""",709.99,
"=""80-0361NEW""",854.99,880.99
"=""80-0355NEW""",448.99,448.99
"=""80-0057NEW""",439.99,395.99
"=""80-0097NEW""",502.99,
"=""80-0222NEW""",631.99,450.99
"=""80-0131NEW""",1196.99,1138.99
"=""80-0207NEW""",548.99,481.99
"=""80-0271NEW""",723.99,1024.99
"=""80-0506NEW""",933.99,933.99
"=""80-0372NEW""",769.99,950.99
"=""80-0117NEW""",1053.99,
"=""80-0026NEW""",588.99,653.78
"=""80-0360NEW""",693.99,615.99
"=""80-0407NEW""",393.99,325.99
"=""80-0011NEW""",455.99,417.99
"=""80-0125NEW""",824.99,681.99
"=""80-0371NEW""",814.99,709.99
"=""80-0137NEW""",541.99,
"=""80-0114NEW""",572.99,425.99
"=""80-0124NEW""",404.99,393.99
"=""80-0087NEW""",400.99,330.99
"=""80-0266NEW""",618.99,494.99
"=""80-0107NEW""",1194.99,
"=""80-0367NEW""",759.99,1075.99
"=""80-0105NEW""",881.99,
"=""80-0352NEW""",627.99,517.99
"=""80-0262NEW""",751.99,869.99
"=""80-0373NEW""",722.99,656.99
"=""80-0030NEW""",319.99,
"=""80-0164NEW""",1444.99,1196.99
"=""80-0414NEW""",788.99,754.99
"=""80-0236NEW""",378.99,317.99
"=""80-0064NEW""",1082.99,
"=""80-0523NEW""",3146.99,3146.99
"=""80-0347NEW""",592.99,501.99
"=""80-0173NEW""",687.99,685.99
"=""80-0394NEW""",730.99,444.99
"=""80-0161NEW""",1038.99,687.99
"=""80-0159NEW""",656.99,416.99
"=""80-0318NEW""",359.99,295.99
"=""80-0397NEW""",426.99,459.99
"=""80-0320NEW""",628.99,527.99
"=""80-0220NEW""",513.99,449.99
"=""80-0205NEW""",877.99,781.99
"=""80-0101NEW""",827.99,
"=""80-0144NEW""",763.99,775.99
"=""80-0383NEW""",470.99,409.99
"=""80-0211NEW""",403.99,334.99
"=""80-0254NEW""",790.99,742.99
"=""80-0270NEW""",806.99,753.99
"=""80-0217NEW""",539.99,544.99
"=""80-0092NEW""",765.99,547.99
"=""80-0214NEW""",904.99,823.99
"=""80-0300NEW""",560.99,551.99
"=""80-0344NEW""",743.99,760.99
"=""80-0392NEW""",693.99,1092.99
"=""80-0359NEW""",442.99,348.99
"=""80-0420NEW""",546.99,552.99
"=""80-0023NEW""",515.99,572.75
"=""80-0400NEW""",529.99,501.99
"=""80-0165NEW""",1016.99,
"=""80-0387NEW""",1038.99,687.99
"=""80-0141NEW""",638.99,541.99
"=""80-0345NEW""",803.99,532.99
"=""80-0247NEW""",614.99,
"=""80-0226NEW""",645.99,571.99
"=""80-0080NEW""",1376.99,
"=""80-0060NEW""",492.99,
"=""80-0388NEW""",997.99,1033.99
"=""80-0520NEW""",1326.99,1326.99
"=""80-0187NEW""",1298.99,
"=""80-0084NEW""",356.99,309.99
"=""80-0138NEW""",317.99,
"=""80-0379NEW""",599.99,608.99
"=""80-0399NEW""",592.99,509.99
"=""80-0200NEW""",621.99,531.99
"=""80-0334NEW""",523.99,427.99
"=""80-0343NEW""",740.99,736.99
"=""80-0452NEW""",613.99,541.99
"=""80-0185NEW""",620.99,659.99
"=""80-0142NEW""",485.99,
"=""80-0058NEW""",549.99,
"=""80-0335NEW""",474.99,474.99
"=""80-0230NEW""",616.99,570.99
"=""80-0108NEW""",586.99,532.99
"=""80-0353NEW""",631.99,642.99
"=""80-0048NEW""",618.99,
"=""80-0070NEW""",441.99,433.99
"=""80-0098NEW""",399.99,
"=""80-0413NEW""",472.99,398.99
"=""80-0157NEW""",832.99,1067.99
"=""80-0421NEW""",476.99,379.99
"=""80-0115NEW""",452.99,
"=""80-0081NEW""",441.99,
"=""80-0126NEW""",373.99,329.99
"=""80-0085NEW""",503.99,525.99
"=""80-0110NEW""",2263.99,699.99
"=""80-0201NEW""",734.99,646.99
"=""80-0264NEW""",499.99,407.99
"=""80-0199NEW""",790.99,
"=""80-0102NEW""",473.99,
"=""80-0465NEW""",1758.99,1511.99
"=""80-0501NEW""",1886.99,1640.99
"=""80-0068NEW""",363.99,
"=""80-0074NEW""",561.99,
"=""80-0091NEW""",382.99,
"=""80-0140NEW""",631.99,541.99
"=""80-0132NEW""",616.99,
"=""80-0263NEW""",1449.99,2847.99
"=""80-0245NEW""",874.99,902.99
"=""80-0037NEW""",399.99,
"=""80-0012NEW""",447.99,
"=""80-0231NEW""",411.99,407.99
"=""80-0071NEW""",357.99,
"=""80-0079NEW""",393.99,423.99
"=""80-0062NEW""",339.99,
"=""80-0348NEW""",758.99,706.99
"=""80-0184NEW""",610.99,1280.99
"=""80-0152NEW""",602.99,510.99
"=""80-0051NEW""",463.99,
"=""80-0433NEW""",401.99,346.99
"=""80-0135NEW""",281.99,269.99
"=""80-0192NEW""",451.99,
"=""80-0100NEW""",411.99,402.99
"=""80-0269NEW""",431.99,373.99
"=""80-0362NEW""",553.99,469.99
"=""80-0296NEW""",1010.99,1010.99
"=""80-0429NEW""",517.99,453.99
"=""80-0034NEW""",836.99,1105.99
"=""80-0216NEW""",954.99,866.99
"=""80-0086NEW""",416.99,413.99
"=""80-0139NEW""",445.99,
"=""80-0015NEW""",468.99,
"=""80-0233NEW""",802.99,910.99
"=""80-0181NEW""",605.99,742.99
"=""80-0198NEW""",2268.99,746.99
"=""80-0045NEW""",422.99,
"=""80-0330NEW""",2789.99,999.99
"=""80-0382NEW""",431.99,358.99
"=""80-0120NEW""",701.99,779.21
"=""80-0050NEW""",494.99,
"=""80-0176NEW""",1387.99,
"=""80-0072NEW""",787.99,
"=""80-0109NEW""",401.99,338.99
"=""80-0280NEW""",892.99,799.99
"=""80-0215NEW""",807.99,829.99
"=""80-0028NEW""",364.99,
"=""80-0154NEW""",744.99,
"=""80-0189NEW""",557.99,
"=""80-0151NEW""",887.99,800.99
"=""80-0099NEW""",355.99,
"=""80-0149NEW""",628.99,555.99
"=""80-0401NEW""",611.99,621.99
"=""80-0346NEW""",642.99,529.99
"=""80-0019NEW""",498.99,
"=""80-0096NEW""",704.99,
"=""80-0121NEW""",477.99,470.99
"=""80-0289NEW""",595.99,587.99
"=""80-0293NEW""",472.99,411.99
"=""80-0018NEW""",507.99,
"=""80-0078NEW""",343.99,
"=""80-0240NEW""",519.99,
"=""80-0273NEW""",588.99,
"=""80-0044NEW""",515.99,
"=""80-0337NEW""",396.99,503.99
"=""80-0035NEW""",678.99,
"=""80-0038NEW""",772.99,
"=""80-0235NEW""",847.99,757.99
"=""80-0511NEW""",3146.99,3146.99
"=""80-0076NEW""",288.99,
"=""80-0349NEW""",656.99,541.99
"=""80-0065NEW""",419.99,
"=""80-0158NEW""",589.99,524.99
"=""80-0118NEW""",783.99,
"=""80-0133NEW""",504.99,
"=""80-0147NEW""",618.99,657.99
"=""80-0243NEW""",809.99,1429.99
"=""80-0389NEW""",441.99,440.99
"=""80-0073NEW""",652.99,
"=""80-0043NEW""",601.99,
"=""80-0020NEW""",343.99,
"=""80-0143NEW""",829.99,854.99
"=""80-0150NEW""",670.99,550.99
"=""80-0031NEW""",689.99,
"=""80-0122NEW""",463.99,442.99
"=""80-0162NEW""",447.99,420.99
"=""80-0208NEW""",445.99,466.99
"=""80-0509NEW""",557.99,
"=""80-0294NEW""",478.99,416.99
"=""80-0298NEW""",566.99,498.99
"=""80-0036NEW""",1057.99,
"=""80-0170NEW""",508.99,
"=""80-0153NEW""",1276.99,
"=""80-0261NEW""",469.99,408.99
"=""80-0291NEW""",688.99,653.99
"=""80-0106NEW""",865.99,
"=""80-0514NEW""",910.99,821.99
"=""80-0313NEW""",673.99,507.99
"=""80-0061NEW""",485.99,358.99
"=""80-0225NEW""",628.99,555.99
"=""80-0522NEW""",944.99,1054.99
"=""80-0005NEW""",320.99,
"=""80-0009NEW""",704.99,
"=""80-0007NEW""",410.99,
"=""80-0001NEW""",519.99,577.19
"=""80-0006NEW""",399.99,
"=""80-0089NEW""",508.99,439.99
"=""80-0008NEW""",940.99,
"=""80-0003NEW""",674.99,
"=""80-0482NEW""",4491.99,397.99
"=""80-0483NEW""",2685.99,9000.99
"=""80-0492NEW""",9000.99,9000.99
"=""80-0502NEW""",1099.99,1099.99
"=""80-0504NEW""",9000.99,9000.99
"=""80-0505NEW""",9000.99,9000.99
"=""80-0481NEW""",3380.99,3196.99
"=""80-0265NEW""",819.99,819.99
"=""80-0507NEW""",2130.99,899.99
"=""80-0513NEW""",3518.99,9000.99
"=""80-0498NEW""",9000.99,9000.99
"=""80-0478NEW""",3518.99,421.99
"=""80-0477NEW""",884.99,9000.99
"=""80-0476NEW""",11485.99,1474.99
"=""80-0503NEW""",9000.99,9000.99
"=""E2530M""",89.99,
"=""CA2381""",1149.99,
"=""TL950-1010-1-12""",881.99,
"=""TL950-1010-1-24""",885.99,
"=""TL950-3350-24""",1090.99,
"=""TL950-1245-1-24""",1795.99,
"=""TL950-1520-1-12""",860.99,
"=""TL950-3301-12""",1570.99,
"=""TL950-1211-1-24""",577.99,
"=""TL950-1245-1-12""",1876.99,
"=""TL950-1071-3-24""",1152.99,
"=""TL950-1520-1-24""",801.99,
"=""TL950-1150-1-24""",971.99,
"=""TL950-1100-1-24""",1943.99,
"=""TL950-1160-3-12""",1874.99,
"=""TL950-1040-3-12""",2013.99,
"=""TL950-3510-12""",652.99,
"=""TL950-1240-1-12""",2600.99,
"=""TL950-1240-3-24""",2787.99,
"=""TL950-1220-1-12""",2657.99,
"=""TL950-1160-1-24""",1432.99,
"=""TL950-1240-1-24""",2549.99,
"=""TL950-1020-1-12""",1110.99,
"=""TL950-1160-1-12""",1428.99,
"=""TL950-3300-12""",2707.99,
"=""TL950-3510-24""",693.99,
"=""TL950-1520-3-12""",1175.99,
"=""TL950-1040-1-24""",1627.99,
"=""TL950-1041-1-24""",1041.99,
"=""TL950-3350-12""",1318.99,
"=""TL950-1020-1-24""",1098.99,
"=""TL950-1151-1-12""",1095.99,
"=""TL950-1300-3-12""",1135.99,
"=""TL950-1041-1-12""",985.99,
"=""TLE6100-0-12P""",4481.99,
"=""TL950-1040-1-12""",1599.99,
"=""TL950-1150-1-12""",996.99,
"=""TL950-1220-1-24""",2790.99,
"=""TL950-1210-1-24""",2707.99,
"=""TL950-1040-6-24""",862.99,
"=""TL950-3150-12""",1457.99,
"=""14-0801NC""",276.99,346.99
"=""BM3905""",155.99,
"=""CM3200627""",449.99,
"=""14-1296N""",2008.99,
"=""14-1085N""",887.99,
"=""HT 400034C""",113.99,
"=""EV 9409195C""",266.99,
"=""CO 4018C""",210.99,
"=""CN 3992PFC""",139.99,155.39
"=""14-0500NC""",341.99,
"=""14-1606NC""",736.99,
"=""CO 11729C""",339.99,
"=""CO 11673C""",251.99,
"=""CO 4471C""",178.99,
"=""CO 11635C""",245.99,
"=""CO 11604C""",348.99,
"=""CO 29319C""",255.99,
"=""CO 11628C""",212.99,
"=""CO 11521C""",366.99,
"=""CO 11694C""",337.99,
"=""CO 29268C""",261.99,
"=""CO 11716C""",277.99,
"=""CO 30015C""",229.99,
"=""CO 11560C""",209.99,
"=""CO 10685DC""",194.99,
"=""CO 11686C""",219.99,
"=""CO 11563C""",195.99,
"=""CO 11531C""",312.99,
"=""CO 11529C""",363.99,
"=""CO 29338C""",308.99,
"=""CO 11756C""",457.99,
"=""CO 29063C""",304.99,
"=""CO 30013C""",255.99,
"=""CO 29151C""",250.99,
"=""CO 11430C""",274.99,
"=""CO 2224C""",299.90,332.89
"=""CO 11746C""",335.99,
"=""CO 29233C""",260.99,
"=""CO 11685C""",444.99,
"=""CO 11598C""",340.99,
"=""CO 11785C""",266.99,
"=""CO 11351C""",330.99,
"=""CO 8117C""",176.99,
"=""CO 29104C""",333.99,
"=""CO 11637C""",367.99,
"=""CO 4305C""",194.99,
"=""CO 11675C""",373.99,
"=""CO 11373C""",362.99,
"=""CO 11488C""",250.99,
"=""CO 22263C""",313.99,
"=""CO 29074C""",199.99,240.00
"=""CO 11782C""",312.99,
"=""CO 4487C""",202.99,
"=""CO 11737C""",302.99,
"=""CO 11654C""",403.99,
"=""CO 11753C""",262.99,
"=""CO 11441C""",332.99,
"=""CO 11594C""",353.99,
"=""CO 29176C""",375.99,
"=""G0057S""",190.99,
"=""14-0539NC""",294.99,368.99
"=""14-2516NC""",282.99,347.99
"=""G40702S""",98.99,
"=""17-2874""",37.99,42.17
"=""EV 940156PFC""",103.99,
"=""DS105191""",195.99,
"=""POC086""",72.99,
"=""POC265""",145.99,162.05
"=""POC008""",66.99,
"=""POC184""",126.99,
"=""POC175""",81.99,
"=""POC218""",153.99,
"=""POC205""",82.99,
"=""POC015""",159.99,177.59
"=""POC254""",153.99,
"=""POC239""",360.99,
"=""POC169""",169.99,188.69
"=""POC087""",76.99,
"=""POC063""",115.99,
"=""POC194""",84.99,
"=""POC147""",120.99,134.30
"=""POC004""",85.99,
"=""POC121""",103.99,
"=""POC044""",62.99,
"=""POC162""",214.99,
"=""POC267""",135.99,
"=""POC206""",91.99,
"=""POC802""",62.99,
"=""POC230""",195.99,
"=""POC054""",90.90,100.90
"=""POC176""",118.99,132.08
"=""POC138""",130.99,
"=""POC035""",68.99,
"=""POC171""",77.99,
"=""POC235""",71.99,
"=""POC197""",128.99,
"=""POC038""",67.99,
"=""POC018""",106.99,
"=""POC036""",77.99,
"=""POC822""",76.99,
"=""POC209""",90.90,100.90
"=""POC224""",153.99,
"=""POC824""",112.99,
"=""POC221""",74.99,
"=""POC031""",57.99,
"=""POC149""",72.99,
"=""POC253""",141.99,
"=""POC014""",75.99,
"=""POC229""",71.99,
"=""POC120""",331.99,
"=""POC016""",95.99,106.55
"=""POC013""",126.99,140.96
"=""POC159""",65.99,
"=""POC080""",72.99,
"=""POC010""",60.99,
"=""POC025""",90.99,
"=""POC030""",61.99,
"=""POC070""",138.99,
"=""POC172""",62.99,
"=""POC214""",75.90,84.25
"=""POC259""",76.99,
"=""POC268""",116.99,
"=""POC060""",75.99,84.35
"=""POC148""",67.99,
"=""POC242""",324.99,
"=""POC051""",72.99,
"=""POC222""",140.99,
"=""POC006""",70.99,
"=""POC156""",122.99,
"=""POC071""",303.99,
"=""POC143""",70.99,
"=""POC059""",77.99,
"=""POC069""",198.99,220.88
"=""POC124""",96.99,
"=""POC046""",65.99,
"=""POC039""",68.99,
"=""POC092""",60.99,
"=""POC263""",180.99,200.90
"=""POC228""",66.99,
"=""POC007""",68.99,
"=""POC223""",109.99,122.09
"=""POC225""",140.99,
"=""POC150""",104.99,
"=""POC131""",70.99,78.80
"=""POC823""",70.99,
"=""POC161""",114.99,
"=""POC177""",95.99,
"=""POC217""",230.99,
"=""POC142""",96.99,
"=""POC261""",240.99,
"=""POC157""",115.99,128.75
"=""POC240""",531.99,
"=""POC021""",192.99,214.22
"=""POC067""",103.99,
"=""POC047""",103.99,115.43
"=""POC050""",71.99,
"=""POC255""",135.99,
"=""POC813""",116.99,129.86
"=""POC057""",91.99,
"=""POC133""",230.99,
"=""POC269""",130.99,
"=""POC144""",69.99,
"=""POC825""",130.90,145.30
"=""POC238""",66.99,
"=""POC012""",138.99,154.28
"=""POC258""",88.99,
"=""POC208""",79.99,
"=""POC260""",183.99,
"=""POC033""",109.99,
"=""POC168""",125.99,
"=""POC037""",62.99,
"=""POC130""",81.90,90.91
"=""POC180""",66.99,
"=""POC141""",546.99,
"=""POC181""",98.99,
"=""POC195""",93.99,104.33
"=""POC219""",126.99,
"=""POC123""",68.99,
"=""POC170""",69.99,
"=""POC062""",159.95,
"=""POC213""",107.99,
"=""POC128""",91.99,
"=""POC095""",62.99,
"=""POC155""",65.99,
"=""POC166""",181.99,
"=""POC806""",118.99,132.08
"=""POC009""",79.99,
"=""POC165""",69.99,
"=""POC082""",67.99,
"=""POC022""",58.99,
"=""POC178""",138.99,
"=""POC136""",126.99,140.96
"=""POC089""",159.99,
"=""POC003""",73.99,
"=""POC096""",62.99,
"=""POC056""",420.99,
"=""POC237""",90.99,
"=""POC154""",98.99,
"=""POC204""",69.99,
"=""POC164""",90.99,
"=""POC266""",116.99,
"=""POC011""",61.99,
"=""POC129""",85.99,130.99
"=""POC145""",66.99,
"=""POC005""",97.99,
"=""POC122""",62.99,
"=""POC116""",166.99,
"=""POC250""",145.99,
"=""POC201""",147.99,
"=""POC029""",60.99,
"=""POC183""",95.99,
"=""POC034""",140.99,156.50
"=""POC160""",91.99,102.11
"=""POC024""",65.99,
"=""POC081""",65.99,
"=""POC827""",123.99,
"=""POC101""",119.99,
"=""POC093""",64.99,
"=""POC132""",169.99,
"=""POC134""",107.99,119.87
"=""POC241""",503.99,
"=""POC215""",111.99,
"=""POC088""",140.99,156.50
"=""POC809""",175.99,
"=""POC233""",216.99,
"=""POC256""",64.99,
"=""POC203""",161.99,
"=""POC216""",560.99,
"=""POC048""",64.99,
"=""POC226""",120.99,
"=""POC200""",115.99,
"=""POC163""",135.99,
"=""POC803""",75.99,
"=""POC211""",50.99,
"=""POC257""",61.99,
"=""POC023""",75.99,
"=""POC232""",216.99,
"=""DS11129398""",279.90,
"=""CN 30117PF""",231.99,252.99
"=""14-5243NEW""",277.99,
"=""14-SD4494NC""",270.99,300.80
"=""14-SD4667NC""",272.99,341.99
"=""14-SD3167NC""",266.99,333.99
"=""80-0069NEW""",1256.99,992.99
"=""80-0004NEW""",774.99,
"=""80-0339NEW""",913.99,798.99
"=""80-0304NEW""",500.99,402.99
"=""80-0104NEW""",578.99,
"=""80-0190NEW""",611.99,
"=""80-0027NEW""",960.99,
"=""80-0326NEW""",788.99,522.99
"=""80-0066NEW""",554.99,531.99
"=""80-0386NEW""",627.99,
"=""80-0228NEW""",443.99,
"=""80-0234NEW""",817.99,920.99
"=""80-0391NEW""",966.99,777.99
"=""80-0123NEW""",437.99,
"=""80-0166NEW""",523.99,427.99
"=""80-0094NEW""",550.99,
"=""80-0408NEW""",452.99,388.99
"=""80-0250NEW""",416.99,370.99
"=""80-0325NEW""",582.99,488.99
"=""80-0188NEW""",546.99,552.99
"=""80-0404NEW""",707.99,1021.99
"=""80-0010NEW""",510.99,
"=""80-0014NEW""",343.99,
"=""80-0249NEW""",1054.99,948.99
"=""80-0327NEW""",1081.99,973.99
"=""80-0042NEW""",437.99,
"=""80-0093NEW""",1097.99,892.99
"=""80-0376NEW""",714.99,711.99
"=""80-0041NEW""",1080.99,
"=""80-0049NEW""",962.99,
"=""80-0385NEW""",744.99,663.99
"=""80-0499NEW""",2400.99,
"=""80-0204NEW""",1790.99,
"=""80-0274NEW""",624.99,601.99
"=""80-0134NEW""",398.99,353.99
"=""80-0497NEW""",2016.99,1717.99
"=""80-0177NEW""",786.99,554.99
"=""80-0172NEW""",1374.99,1235.99
"=""80-0521NEW""",926.99,1054.99
"=""80-0180NEW""",448.99,448.99
"=""80-0024NEW""",684.99,
"=""80-0267NEW""",1252.99,1084.99
"=""80-0022NEW""",567.99,
"=""80-0077NEW""",508.99,
"=""80-0075NEW""",1066.99,999.99
"=""80-0283NEW""",453.99,394.99
"=""80-0393NEW""",420.99,321.99
"=""CO 10386C""",168.99,
"=""CO 29274C""",255.99,
"=""CO 11651C""",286.99,
"=""CO 11212C""",195.99,240.00
"=""POC020""",166.99,
"=""POC017""",63.99,
"=""POC207""",156.99,
"=""POC234""",72.99,
"=""POC068""",63.99,
"=""POC078""",61.99,
"=""POC174""",77.99,
"=""POC028""",59.99,
"=""POC153""",86.99,
"=""POC126""",397.99,
"=""POC246""",252.99,
"=""POC220""",146.99,
"=""KIT 0001 (12V) + DS105138 + 30-0120HC""",899.99,1099.99
"=""DSFK50775""",2499.99,3437.99
"=""80-0056NEW""",1393.99,
"=""80-0213NEW""",508.99,437.99
"=""80-0025NEW""",657.99,
"=""80-0316NEW""",529.99,533.99
"=""80-0047NEW""",436.99,355.99
"=""25199""",1119.99,
"=""22307""",14229.99,
"=""22768""",1499.99,
"=""23977""",210.99,
"=""21780""",796.99,
"=""24821""",1094.99,
"=""23304""",4704.99,
"=""21107""",6704.99,
"=""24116""",2444.99,
"=""24137""",3254.99,
"=""24074""",300.99,
"=""23972""",490.99,
"=""25191""",1094.99,
"=""24610""",1719.99,
"=""23983""",1319.99,
"=""23322""",800.99,
"=""24407""",2554.99,
"=""22557""",1978.99,
"=""23954""",3169.99,
"=""22956""",3099.99,
"=""24213""",718.99,
"=""24368""",1370.99,
"=""22788""",759.99,
"=""23955""",453.99,
"=""20888""",5499.99,
"=""24415""",2239.99,
"=""22331""",6444.99,
"=""24143""",8689.99,
"=""24138""",2749.99,
"=""24403""",545.99,
"=""24822""",1094.99,
"=""24259""",4209.99,
"=""24127""",2529.99,
"=""23882""",6234.99,
"=""22550""",4574.99,
"=""23975""",2189.99,
"=""24188""",2249.99,
"=""24412""",3384.99,
"=""25194""",1119.99,
"=""24133""",3339.99,
"=""22714""",4499.99,
"=""24406""",2944.99,
"=""24075""",1379.99,
"=""24473""",493.99,
"=""24119""",1724.99,
"=""23970""",2189.99,
"=""24472""",590.99,
"=""24425""",2529.99,
"=""24117""",1719.99,
"=""22050""",12214.99,
"=""25069""",1449.99,
"=""25183""",1159.99,
"=""23393""",964.99,
"=""24112""",2464.99,
"=""25201""",1174.99,
"=""24811""",1134.99,
"=""25195""",1134.99,
"=""24140""",1999.99,
"=""23192""",8914.99,
"=""23282""",4459.99,
"=""24118""",1419.99,
"=""24159""",3464.99,
"=""25096""",12604.99,
"=""24611""",349.99,
"=""24132""",2979.99,
"=""23951""",2039.99,
"=""22706""",7649.99,
"=""23950""",2519.99,
"=""24152""",1369.99,
"=""22546""",6034.99,
"=""24410""",484.99,
"=""23962""",2944.99,
"=""24937""",399.90,443.89
"=""24405""",849.99,
"=""24017""",2189.99,
"=""21505""",4234.99,
"=""25071""",220.99,
"=""24149""",393.99,
"=""24422""",2444.99,
"=""24123""",2549.99,
"=""21192""",22534.99,
"=""23958""",671.99,
"=""23969""",2519.99,
"=""24613""",1784.99,
"=""23381""",6104.99,
"=""21345""",7624.99,
"=""23989""",1334.99,
"=""22954""",3084.99,
"=""23973""",2284.99,
"=""24129""",2749.99,
"=""24547""",686.99,
"=""24608""",1494.99,
"=""23149""",2529.99,
"=""24470""",490.99,
"=""24145""",3479.99,
"=""24222""",5329.99,
"=""21818""",7189.99,
"=""24128""",2754.99,
"=""23986""",365.99,
"=""24111""",2554.99,
"=""24549""",332.99,
"=""22402""",4459.99,
"=""24153""",1759.99,
"=""24122""",2164.99,
"=""24411""",3499.99,
"=""22611""",8749.99,
"=""23984""",374.99,
"=""25193""",1134.99,
"=""24144""",7969.99,
"=""23976""",2359.99,
"=""23957""",2359.99,
"=""24413""",732.99,
"=""24021""",569.99,632.69
"=""22763""",4414.99,
"=""24189""",10449.99,
"=""25068""",1359.99,
"=""22818""",10264.99,
"=""22156""",5959.99,
"=""24338""",15409.99,
"=""24150""",2409.99,
"=""24126""",2799.99,
"=""24612""",500.99,
"=""24417""",3559.99,
"=""23968""",2609.99,
"=""24142""",6889.99,
"=""25188""",1094.99,
"=""23974""",3509.99,
"=""23959""",3224.99,
"=""24548""",737.99,
"=""23947""",2469.99,
"=""23956""",606.99,
"=""23966""",462.99,513.92
"=""22952""",6024.99,
"=""23963""",2159.99,
"=""24110""",2099.99,
"=""23949""",3084.99,
"=""24134""",3084.99,
"=""23991""",1554.99,
"=""23150""",2944.99,
"=""23992""",1754.99,
"=""23961""",2689.99,
"=""24214""",2499.99,
"=""21977""",1978.99,
"=""24471""",349.99,
"=""23971""",2914.99,
"=""23965""",2809.99,
"=""24404""",2444.99,
"=""24421""",1934.99,
"=""24139""",659.99,
"=""24136""",1964.99,
"=""25196""",1174.99,
"=""24609""",390.99,
"=""24071""",1334.99,
"=""23952""",2974.99,
"=""25070""",342.99,380.72
"=""24125""",813.99,
"=""83849MF""",68.99,
"=""83964MF""",76.99,
"=""96368MT""",75.99,
"=""83906MF""",67.99,
"=""96372MT""",113.99,
"=""83972MF""",78.99,
"=""83989MF""",76.99,
"=""83916MF""",76.99,
"=""96385MT""",141.99,
"=""96371MT""",109.99,
"=""99729MT""",94.99,
"=""83883MF""",81.99,
"=""84063MF""",97.99,
"=""96398MT""",129.99,
"=""97731MT""",186.99,
"=""83886MF""",80.99,
"=""83908MF""",60.99,
"=""96405MT""",121.99,
"=""83882MF""",81.99,
"=""97706MT""",184.99,
"=""83623MF""",63.99,
"=""83898MF""",70.99,
"=""83767MF""",71.99,
"=""83685MF""",73.99,
"=""83978MF""",97.99,
"=""83888MF""",72.99,
"=""96354MT""",118.99,
"=""83889MF""",67.99,
"=""83808MF""",70.99,
"=""83930MF""",73.99,
"=""83912MF""",74.99,
"=""35413MT""",43.99,
"=""83569MF""",71.99,
"=""96353MT""",106.99,
"=""84058MF""",70.99,
"=""83881MF""",87.99,
"=""96403MT""",118.99,
"=""96392MT""",129.99,
"=""96411MT""",129.99,
"=""83893MF""",69.99,
"=""97725MT""",157.99,
"=""96347MT""",99.99,
"=""99747MT""",130.99,
"=""96395MT""",156.99,
"=""84121MF""",70.99,
"=""83976MF""",106.99,
"=""96381MT""",95.99,
"=""96350MT""",108.99,
"=""96351MT""",106.99,
"=""83947MF""",74.99,
"=""83911MF""",76.99,
"=""83925MF""",74.99,
"=""96361MT""",115.99,
"=""83571MF""",68.99,
"=""97596MT""",218.99,
"=""83901MF""",72.99,
"=""83962MF""",79.99,
"=""96422MT""",95.99,
"=""96367MT""",92.99,
"=""99734MT""",116.99,
"=""83918MF""",71.99,
"=""96388MT""",139.99,
"=""83887MF""",72.99,
"=""96420MT""",93.99,
"=""83892MF""",69.99,
"=""98287MT""",66.99,
"=""83900MF""",68.99,
"=""83994MF""",77.99,
"=""83878MF""",81.99,
"=""96375MT""",117.99,
"=""83879MF""",71.99,
"=""96359MT""",118.99,
"=""83980MF""",76.99,
"=""96356MT""",109.99,
"=""96358MT""",117.99,
"=""83894MF""",77.99,
"=""96373MT""",90.99,
"=""83555MF""",73.99,
"=""83910MF""",67.99,
"=""96387MT""",200.99,
"=""83902MF""",71.99,
"=""42800MT""",54.99,
"=""83948MF""",76.99,
"=""83621MF""",82.99,
"=""83941MF""",77.99,
"=""83686MF""",73.99,
"=""97427MT""",58.99,
"=""96349MT""",111.99,
"=""96393MT""",112.99,
"=""83735MF""",72.99,
"=""83896MF""",72.99,
"=""99741MT""",244.99,
"=""83919MF""",72.99,
"=""99767MT""",108.99,
"=""41651MT""",67.99,
"=""83885MF""",74.99,
"=""36731MT""",44.99,
"=""39557MT""",57.99,
"=""96424MT""",139.99,
"=""99770MT""",94.99,
"=""35579MT""",37.99,
"=""83974MF""",99.99,
"=""83924MF""",73.99,
"=""44378MT""",70.99,
"=""97517MT""",344.99,
"=""39284MT""",46.99,
"=""96357MT""",166.99,
"=""99781MT""",123.99,
"=""96412MT""",129.99,
"=""99763MT""",124.99,
"=""96408MT""",129.99,
"=""83942MF""",71.99,
"=""36022MT""",51.99,
"=""42719MT""",46.99,
"=""34600MT""",44.99,
"=""35555MT""",49.99,
"=""39667MT""",44.99,
"=""97751MT""",128.99,
"=""83931MF""",78.99,
"=""99803MT""",93.99,
"=""39081MT""",118.99,
"=""99689MT""",170.99,
"=""34755MT""",48.99,
"=""40637MT""",40.99,
"=""99754MT""",149.99,
"=""38418MT""",81.99,
"=""99759MT""",99.99,
"=""96377MT""",114.99,
"=""96355MT""",111.99,
"=""35487MT""",51.99,
"=""35922MT""",53.99,
"=""96404MT""",112.99,
"=""96394MT""",129.99,
"=""35925MT""",51.99,
"=""43173MT""",46.99,
"=""83890MF""",71.99,
"=""35401MT""",50.99,
"=""96402MT""",129.99,
"=""35937MT""",41.99,
"=""97770MT""",204.99,
"=""39571MT""",60.99,
"=""96379MT""",118.99,
"=""33389MT""",44.99,
"=""34177MT""",50.99,
"=""97590MT""",155.99,
"=""35561MT""",39.99,
"=""96397MT""",120.99,
"=""97727MT""",170.99,
"=""42468MT""",45.99,
"=""96400MT""",138.99,
"=""97813MT""",368.99,
"=""44232MT""",70.99,
"=""83993MF""",72.99,
"=""50919MT""",50.99,
"=""51242MT""",95.99,
"=""96415MT""",119.99,
"=""33832MT""",78.99,
"=""99864MT""",273.99,
"=""42311MT""",69.99,
"=""83727MF""",63.99,
"=""96362MT""",96.99,
"=""97924MT""",73.99,
"=""41653MT""",57.99,
"=""44536MT""",78.99,
"=""83620MF""",78.99,
"=""39647MT""",48.99,
"=""46796MT""",94.99,
"=""99746MT""",117.99,
"=""97968MT""",90.99,
"=""53290MT""",85.99,
"=""96396MT""",147.99,
"=""96389MT""",144.99,
"=""83940MF""",80.99,
"=""96369MT""",95.99,
"=""44242MT""",49.99,
"=""49084MT""",71.99,
"=""99753MT""",117.99,
"=""50327MT""",46.99,
"=""96410MT""",129.99,
"=""44596MT""",51.99,
"=""83891MF""",67.99,
"=""96386MT""",93.99,
"=""99863MT""",179.99,
"=""83884MF""",80.99,
"=""84018MF""",74.99,
"=""96352MT""",157.99,
"=""96384MT""",114.99,
"=""83920MF""",73.99,
"=""96365MT""",117.99,
"=""39784MT""",63.99,
"=""83917MF""",76.99,
"=""49800MT""",58.99,
"=""35778MT""",55.99,
"=""96348MT""",91.99,
"=""96425MT""",118.99,
"=""96380MT""",114.99,
"=""96370MT""",94.99,
"=""96417MT""",121.99,
"=""99750MT""",104.99,
"=""96419MT""",95.99,
"=""36144MT""",80.99,
"=""96391MT""",142.99,
"=""83801MF""",65.99,
"=""83564MF""",69.99,
"=""83984MF""",76.99,
"=""96376MT""",93.99,
"=""96409MT""",126.99,
"=""96383MT""",92.99,
"=""40642MT""",43.99,
"=""96390MT""",192.99,
"=""84080MF""",70.99,
"=""39804MT""",44.99,
"=""96360MT""",125.99,
"=""51386MT""",55.99,
"=""96374MT""",104.99,
"=""96399MT""",126.99,
"=""99739MT""",124.99,
"=""97740MT""",156.99,
"=""39082MT""",118.99,
"=""83914MF""",78.99,
"=""96378MT""",118.99,
"=""83926MF""",73.99,
"=""96426MT""",99.99,
"=""96364MT""",108.99,
"=""83977MF""",73.99,
"=""35492MT""",35.99,
"=""83934MF""",74.99,
"=""47246MT""",87.99,
"=""35585MT""",49.99,
"=""39799MT""",50.99,
"=""83913MF""",69.99,
"=""83545MF""",76.99,
"=""39642MT""",44.99,
"=""83718MF""",76.99,
"=""83536MF""",71.99,
"=""96407MT""",129.99,
"=""83839MF""",69.99,
"=""35514MT""",38.99,
"=""45955MT""",82.99,
"=""96406MT""",121.99,
"=""36015MT""",51.99,
"=""83904MF""",68.99,
"=""83946MF""",76.99,
"=""96382MT""",105.99,
"=""96363MT""",111.99,
"=""53566MT""",87.99,
"=""96366MT""",106.99,
"=""98478MT""",62.99,
"=""47406MT""",106.99,
"=""44534MT""",77.99,
"=""36408MT""",41.99,
"=""39573MT""",49.99,
"=""52107MT""",98.99,
"=""96427MT""",112.99,
"=""96413MT""",139.99,
"=""36147MT""",63.99,
"=""97635MT""",154.99,
"=""98479MT""",61.99,
"=""44077MT""",41.99,
"=""98772MT""",56.99,
"=""51086MT""",66.99,
"=""51945MT""",94.99,
"=""96416MT""",112.99,
"=""42097MT""",75.99,
"=""54161MT""",71.99,
"=""97812MT""",380.99,
"=""55230MT""",56.99,
"=""52842MT""",93.99,
"=""52004MT""",83.99,
"=""42324MT""",82.99,
"=""98482MT""",65.99,
"=""96401MT""",139.99,
"=""52108MT""",104.99,
"=""98898MT""",50.99,
"=""53368MT""",74.99,
"=""96423MT""",79.99,
"=""44235MT""",54.99,
"=""97409MT""",61.99,
"=""47822MT""",94.99,
"=""45375MT""",88.99,
"=""51750MT""",72.99,
"=""55229MT""",56.99,
"=""99261MT""",59.99,
"=""42889MT""",61.99,
"=""40448MT""",59.99,
"=""47227MT""",62.99,
"=""98843MT""",53.99,
"=""35000MT""",52.99,
"=""98521MT""",60.99,
"=""48868MT""",78.99,
"=""99106MT""",63.99,
"=""42525MT""",43.99,
"=""99163MT""",52.99,
"=""98945MT""",53.99,
"=""40069MT""",48.99,
"=""99250MT""",48.99,
"=""98009MT""",82.99,
"=""40447MT""",49.99,
"=""35511MT""",62.99,
"=""98216MT""",71.99,
"=""97431MT""",61.99,
"=""98490MT""",71.99,
"=""98788MT""",44.99,
"=""35805MT""",48.99,
"=""45376MT""",94.99,
"=""96428MT""",139.99,
"=""48621MT""",49.99,
"=""99243MT""",48.99,
"=""98719MT""",63.99,
"=""40268MT""",49.99,
"=""42315MT""",48.99,
"=""98815MT""",57.99,
"=""98404MT""",57.99,
"=""51306MT""",44.99,
"=""46344MT""",51.99,
"=""43479MT""",45.99,
"=""96421MT""",102.99,
"=""40267MT""",56.99,
"=""41793MT""",57.99,
"=""98461MT""",66.99,
"=""99230MT""",52.99,
"=""99533MT""",45.99,
"=""39838MT""",45.99,
"=""42734MT""",54.99,
"=""42436MT""",42.99,
"=""39556MT""",57.99,
"=""98120MT""",94.99,
"=""51866MT""",70.99,
"=""99183MT""",61.99,
"=""36003MT""",59.99,
"=""98883MT""",49.99,
"=""39948MT""",43.99,
"=""98900MT""",61.99,
"=""46608MT""",45.99,
"=""98016MT""",101.99,
"=""99242MT""",55.99,
"=""96414MT""",120.99,
"=""49235MT""",50.99,
"=""98464MT""",53.99,
"=""99254MT""",62.99,
"=""40375MT""",58.99,
"=""53761MT""",100.99,
"=""98939MT""",52.99,
"=""99866MT""",51.99,
"=""98871MT""",67.99,
"=""98366MT""",52.99,
"=""96418MT""",104.99,
"=""38386MT""",80.99,
"=""99233MT""",48.99,
"=""52864MT""",52.99,
"=""99083MT""",54.99,
"=""51639MT""",93.99,
"=""46116MT""",74.99,
"=""99081MT""",57.99,
"=""44592MT""",45.99,
"=""39779MT""",45.99,
"=""35477MT""",52.99,
"=""40445MT""",49.99,
"=""98271MT""",80.99,
"=""98870MT""",55.99,
"=""39746MT""",42.99,
"=""51198MT""",43.99,
"=""99619MT""",57.99,
"=""44062MT""",57.99,
"=""42530MT""",44.99,
"=""37961MT""",45.99,
"=""98625MT""",60.99,
"=""98182MT""",70.99,
"=""40535MT""",43.99,
"=""98979MT""",54.99,
"=""98240MT""",84.99,
"=""98129MT""",73.99,
"=""99276MT""",123.99,
"=""99228MT""",67.99,
"=""99769MT""",55.99,
"=""34148MT""",45.99,
"=""98353MT""",58.99,
"=""39748MT""",54.99,
"=""99237MT""",61.99,
"=""43950MT""",48.99,
"=""52870MT""",70.99,
"=""53663MT""",89.99,
"=""98819MT""",55.99,
"=""43788MT""",45.99,
"=""34350MT""",43.99,
"=""99075MT""",59.99,
"=""99292MT""",102.99,
"=""98767MT""",55.99,
"=""98065MT""",80.99,
"=""42321MT""",64.99,
"=""97677MT""",163.99,
"=""46541MT""",43.99,
"=""53756MT""",55.99,
"=""98267MT""",82.99,
"=""53432MT""",160.99,
"=""98532MT""",48.99,
"=""98032MT""",89.99,
"=""99231MT""",52.99,
"=""39519MT""",49.99,
"=""54795MT""",45.99,
"=""47407MT""",106.99,
"=""99260MT""",62.99,
"=""98585MT""",56.99,
"=""43804MT""",46.99,
"=""98433MT""",66.99,
"=""98393MT""",58.99,
"=""54794MT""",45.99,
"=""99310MT""",117.99,120.99
"=""53136MT""",78.99,
"=""53672MT""",77.99,
"=""34719MT""",40.99,
"=""53097MT""",99.99,
"=""53760MT""",102.99,
"=""38417MT""",81.99,
"=""99552MT""",54.99,
"=""53809MT""",44.99,
"=""47645MT""",45.99,
"=""98040MT""",77.99,
"=""98859MT""",59.99,
"=""98156MT""",80.99,
"=""99284MT""",117.99,
"=""99262MT""",52.99,
"=""98126MT""",81.99,
"=""98888MT""",55.99,
"=""99367MT""",56.99,
"=""39802MT""",46.99,
"=""99524MT""",55.99,
"=""98428MT""",60.99,
"=""97996MT""",61.99,
"=""99544MT""",46.99,
"=""41796MT""",41.99,
"=""36688MT""",49.99,
"=""45947MT""",43.99,
"=""39649MT""",47.99,
"=""49095MT""",39.99,
"=""98667MT""",52.99,
"=""99984MT""",48.99,
"=""99094MT""",55.99,
"=""50862MT""",48.99,
"=""99321MT""",53.99,
"=""99632MT""",50.99,
"=""49895MT""",61.99,
"=""53433MT""",160.99,
"=""98863MT""",60.99,
"=""53135MT""",78.99,
"=""98890MT""",52.99,
"=""98672MT""",48.99,
"=""98118MT""",70.99,
"=""36329MT""",44.99,
"=""98718MT""",63.99,
"=""46343MT""",51.99,
"=""42471MT""",82.99,
"=""98931MT""",59.99,
"=""99902MT""",45.99,
"=""38928MT""",49.99,
"=""48246MT""",41.99,
"=""47433MT""",58.99,
"=""36155MT""",50.99,
"=""98868MT""",53.99,
"=""40887MT""",49.99,
"=""98739MT""",53.99,
"=""99072MT""",84.99,
"=""49078MT""",57.99,
"=""34421MT""",46.99,
"=""98253MT""",66.99,
"=""99462MT""",154.99,172.04
"=""98690MT""",54.99,
"=""98256MT""",71.99,
"=""98043MT""",79.99,
"=""98407MT""",66.99,
"=""99396MT""",141.99,
"=""98130MT""",75.99,
"=""98820MT""",57.99,
"=""98952MT""",64.99,
"=""97597MT""",154.99,
"=""98941MT""",57.99,
"=""98308MT""",84.99,
"=""51158MT""",58.99,
"=""98204MT""",66.99,
"=""53846MT""",160.99,
"=""46695MT""",43.99,
"=""99631MT""",56.99,
"=""35130MT""",38.99,
"=""53673MT""",77.99,
"=""99170MT""",49.99,
"=""99517MT""",54.99,
"=""98441MT""",50.99,
"=""43978MT""",45.99,
"=""39797MT""",61.99,
"=""98785MT""",71.99,
"=""99699MT""",53.99,
"=""99264MT""",188.99,
"=""99920MT""",54.99,
"=""35560MT""",45.99,
"=""50859MT""",43.99,
"=""98039MT""",93.99,
"=""54119MT""",71.99,
"=""98007MT""",79.99,
"=""38091MT""",40.99,
"=""99644MT""",57.99,
"=""36146MT""",63.99,
"=""98607MT""",49.99,
"=""97838MT""",58.99,
"=""99807MT""",51.99,
"=""98179MT""",71.99,
"=""99397MT""",164.99,
"=""99543MT""",60.99,
"=""43345MT""",45.99,
"=""99539MT""",55.99,
"=""48142MT""",66.99,
"=""98940MT""",60.99,
"=""98297MT""",70.99,
"=""98715MT""",98.99,
"=""47478MT""",43.99,
"=""99603MT""",140.99,
"=""99760MT""",61.99,
"=""99480MT""",92.99,
"=""98737MT""",66.99,
"=""98089MT""",63.99,
"=""44214MT""",44.99,
"=""99545MT""",60.99,
"=""99426MT""",120.99,
"=""97721MT""",161.99,
"=""97773MT""",123.99,
"=""97836MT""",61.99,
"=""99074MT""",51.99,
"=""99613MT""",103.99,
"=""99777MT""",55.99,
"=""97720MT""",127.99,
"=""98186MT""",75.99,
"=""99026MT""",51.99,
"=""99762MT""",55.99,
"=""98160MT""",76.99,
"=""99600MT""",287.99,
"=""99737MT""",220.99,
"=""99978MT""",59.99,
"=""99559MT""",59.99,
"=""98405MT""",107.99,
"=""99761MT""",55.99,
"=""39652MT""",61.99,
"=""99247MT""",52.99,
"=""98081MT""",85.99,
"=""99732MT""",350.99,
"=""99888MT""",55.99,
"=""97923MT""",78.99,
"=""97779MT""",279.99,
"=""98902MT""",65.99,
"=""98547MT""",57.99,
"=""99409MT""",118.99,
"=""99519MT""",58.99,
"=""98453MT""",66.99,
"=""99748MT""",155.99,
"=""99223MT""",57.99,
"=""99398MT""",250.99,
"=""98066MT""",89.99,
"=""54840MT""",48.99,
"=""99627MT""",55.99,
"=""97866MT""",69.99,
"=""49083MT""",71.99,
"=""51617MT""",46.99,
"=""99561MT""",54.99,
"=""99249MT""",61.99,
"=""97580MT""",131.99,
"=""99774MT""",73.99,
"=""98541MT""",55.99,
"=""99766MT""",118.99,
"=""99657MT""",61.99,
"=""97843MT""",69.99,
"=""98147MT""",76.99,
"=""98623MT""",60.99,
"=""39691MT""",42.99,
"=""99824MT""",101.99,
"=""97516MT""",102.99,
"=""98816MT""",52.99,
"=""99516MT""",160.99,
"=""99226MT""",73.99,
"=""97668MT""",185.99,
"=""97577MT""",132.99,
"=""97423MT""",61.99,
"=""98725MT""",59.99,
"=""99515MT""",55.99,
"=""53866MT""",160.99,
"=""98251MT""",78.99,
"=""98653MT""",81.99,
"=""99639MT""",129.99,
"=""99918MT""",246.99,
"=""99726MT""",102.99,
"=""44196MT""",45.99,
"=""99285MT""",92.99,
"=""98540MT""",54.99,
"=""99252MT""",58.99,
"=""98206MT""",71.99,
"=""99080MT""",46.99,
"=""99225MT""",57.99,
"=""99788MT""",55.99,
"=""97713MT""",150.99,
"=""53229MT""",47.99,
"=""97404MT""",61.99,
"=""99438MT""",146.99,
"=""46809MT""",46.99,
"=""97766MT""",135.99,
"=""99931MT""",96.99,
"=""42813MT""",40.99,
"=""99481MT""",75.99,
"=""99611MT""",143.99,
"=""99839MT""",53.99,
"=""99596MT""",175.99,
"=""99564MT""",56.99,
"=""99238MT""",56.99,
"=""97429MT""",53.99,
"=""97679MT""",141.99,
"=""99297MT""",181.99,
"=""97735MT""",135.99,
"=""99725MT""",160.99,
"=""98918MT""",53.99,
"=""46694MT""",43.99,
"=""99291MT""",124.99,
"=""99263MT""",263.99,
"=""99861MT""",184.99,
"=""99963MT""",58.99,
"=""98230MT""",74.99,
"=""98374MT""",141.99,
"=""97730MT""",149.99,
"=""98960MT""",56.99,
"=""99822MT""",60.99,61.99
"=""99913MT""",122.99,
"=""99308MT""",138.99,
"=""98938MT""",52.99,
"=""99482MT""",77.99,
"=""98429MT""",55.99,
"=""99919MT""",54.99,
"=""97757MT""",176.99,
"=""98988MT""",53.99,
"=""49019MT""",44.99,
"=""99998MT""",52.99,
"=""97831MT""",78.99,
"=""97388MT""",66.99,
"=""53447MT""",70.99,
"=""99968MT""",51.99,
"=""99983MT""",102.99,
"=""97665MT""",286.99,
"=""99635MT""",114.99,
"=""97564MT""",152.99,
"=""98856MT""",53.99,
"=""99454MT""",148.99,
"=""97565MT""",161.99,
"=""97574MT""",157.99,
"=""99311MT""",95.99,
"=""97930MT""",81.99,
"=""99257MT""",58.99,
"=""97830MT""",70.99,
"=""36406MT""",46.99,
"=""99993MT""",62.99,
"=""99331MT""",110.99,
"=""99791MT""",119.99,
"=""98033MT""",78.99,
"=""99241MT""",66.99,
"=""97405MT""",55.99,
"=""97732MT""",157.99,
"=""99283MT""",162.99,
"=""99471MT""",59.99,
"=""99212MT""",55.99,
"=""99960MT""",142.99,
"=""99742MT""",181.99,
"=""99731MT""",109.99,
"=""98731MT""",57.99,
"=""99155MT""",47.99,
"=""97978MT""",54.99,
"=""49246MT""",37.99,
"=""99997MT""",51.99,
"=""99954MT""",114.99,
"=""99256MT""",77.99,
"=""99546MT""",74.99,
"=""99475MT""",144.99,
"=""99542MT""",58.99,
"=""97416MT""",55.99,
"=""99440MT""",102.99,
"=""99466MT""",160.99,
"=""98489MT""",93.99,
"=""99502MT""",66.99,
"=""99970MT""",59.99,
"=""99952MT""",85.99,
"=""97979MT""",60.99,
"=""34429MT""",38.99,
"=""42435MT""",42.99,
"=""99087MT""",53.99,
"=""45382MT""",45.99,
"=""99643MT""",123.99,
"=""99595MT""",80.99,
"=""99724MT""",121.99,
"=""99455MT""",108.99,
"=""97490MT""",148.99,
"=""97674MT""",307.99,
"=""43481MT""",46.99,
"=""98312MT""",126.99,
"=""99930MT""",93.99,
"=""98420MT""",48.99,
"=""98446MT""",47.99,
"=""46130MT""",41.99,
"=""99658MT""",270.99,
"=""99258MT""",62.99,
"=""99733MT""",97.99,
"=""97745MT""",116.99,
"=""47351MT""",41.99,
"=""98904MT""",71.99,
"=""99568MT""",60.99,
"=""97412MT""",64.99,
"=""98488MT""",94.99,
"=""99602MT""",121.99,
"=""98912MT""",74.99,
"=""99950MT""",64.99,
"=""37851MT""",48.99,
"=""97853MT""",59.99,
"=""97390MT""",63.99,
"=""97869MT""",58.99,
"=""99319MT""",63.99,
"=""97922MT""",69.99,
"=""99857MT""",96.99,
"=""97743MT""",107.99,
"=""99395MT""",113.99,
"=""97807MT""",469.99,
"=""39076MT""",40.99,
"=""99222MT""",60.99,
"=""97714MT""",158.99,
"=""99219MT""",106.99,
"=""97761MT""",157.99,
"=""97424MT""",61.99,
"=""99994MT""",59.99,
"=""53304MT""",209.99,
"=""99617MT""",80.99,
"=""97408MT""",67.99,
"=""99456MT""",93.99,
"=""98614MT""",52.99,
"=""99537MT""",55.99,
"=""99287MT""",116.99,
"=""98367MT""",59.99,
"=""99281MT""",385.99,
"=""99599MT""",90.99,
"=""99735MT""",160.99,
"=""36677MT""",57.99,
"=""98983MT""",52.99,
"=""99251MT""",55.99,
"=""98711MT""",95.99,
"=""98349MT""",50.99,
"=""99772MT""",75.99,
"=""99073MT""",47.99,
"=""99092MT""",57.99,
"=""50927MT""",40.99,
"=""98427MT""",51.99,
"=""98527MT""",51.99,
"=""38926MT""",48.99,
"=""99235MT""",56.99,
"=""97764MT""",176.99,
"=""99986MT""",61.99,
"=""98789MT""",48.99,
"=""98475MT""",52.99,
"=""99965MT""",144.99,
"=""97738MT""",157.99,
"=""35366MT""",43.99,
"=""97887MT""",56.99,
"=""99969MT""",56.99,
"=""99999MT""",61.99,
"=""99024MT""",47.99,
"=""98727MT""",59.99,
"=""98310MT""",70.99,
"=""97868MT""",63.99,
"=""98459MT""",47.99,
"=""98318MT""",80.99,
"=""97767MT""",177.99,
"=""99967MT""",52.99,
"=""49658MT""",43.99,
"=""99123MT""",42.99,
"=""97935MT""",67.99,
"=""97946MT""",76.99,
"=""97780MT""",206.99,
"=""35138MT""",38.99,
"=""97940MT""",62.99,
"=""97899MT""",64.99,
"=""99089MT""",46.99,
"=""49269MP""",39.99,
"=""98762MT""",51.99,
"=""40638MT""",44.99,
"=""98448MT""",51.99,
"=""97827MT""",56.99,
"=""98430MT""",49.99,
"=""99253MT""",48.99,
"=""43976MT""",46.99,
"=""97850MT""",65.99,
"=""98348MT""",49.99,
"=""97929MT""",85.99,
"=""39847MT""",61.99,
"=""97818MT""",60.99,
"=""51220MT""",38.99,
"=""99468MT""",60.99,
"=""98620MT""",54.99,
"=""99435MT""",43.99,
"=""97977MT""",63.99,
"=""99059MT""",47.99,
"=""98370MT""",52.99,
"=""98765MT""",53.99,
"=""99240MT""",51.99,
"=""99127MT""",45.99,
"=""99364MT""",57.99,
"=""99508MT""",50.99,
"=""36815MT""",45.99,
"=""98708MT""",53.99,
"=""98516MT""",40.99,
"=""37846MT""",41.99,
"=""41795MT""",41.99,
"=""99091MT""",47.99,
"=""51616MT""",45.99,
"=""47636MT""",46.99,
"=""98682MT""",50.99,
"=""99296MT""",56.99,
"=""47356MT""",43.99,
"=""99501MT""",50.99,
"=""54839MT""",41.99,
"=""49237MT""",46.99,
"=""99705MT""",46.99,
"=""98745MT""",55.99,
"=""51006MT""",37.99,
"=""97828MT""",83.99,
"=""99044MT""",56.99,
"=""99584MT""",47.99,
"=""99971MT""",54.99,
"=""46131MT""",42.99,
"=""51634MT""",43.99,
"=""97817MT""",67.99,
"=""97880MT""",54.99,
"=""99029MT""",49.99,
"=""99597MT""",47.99,
"=""98817MT""",45.99,
"=""99832MT""",65.99,
"=""97874MT""",69.99,
"=""39646MT""",45.99,
"=""99500MT""",41.99,
"=""99974MT""",52.99,
"=""99232MT""",55.99,
"=""43951MT""",45.99,
"=""99995MT""",43.99,
"=""99683MT""",49.99,
"=""99128MT""",45.99,
"=""98705MT""",57.99,
"=""97911MT""",72.99,
"=""99248MT""",56.99,
"=""39623MT""",39.99,
"=""99103MT""",42.99,
"=""99604MT""",59.99,
"=""97896MT""",60.99,
"=""99626MT""",55.99,
"=""43966MT""",55.99,
"=""98435MT""",47.99,
"=""99890MT""",56.99,
"=""41732MT""",43.99,
"=""98721MT""",49.99,
"=""99612MT""",57.99,
"=""53680MT""",43.99,
"=""44054MT""",78.99,
"=""42818MT""",46.99,
"=""46808MT""",45.99,
"=""41794MT""",49.99,
"=""39843MT""",49.99,
"=""97881MT""",67.99,
"=""99987MT""",51.99,
"=""43967MT""",55.99,
"=""99972MT""",56.99,
"=""99905MT""",47.99,
"=""97878MT""",62.99,
"=""99723MT""",44.99,
"=""40272MT""",43.99,
"=""40648MT""",56.99,
"=""39747MT""",43.99,
"=""47430MT""",51.99,
"=""98636MT""",48.99,
"=""39650MT""",50.99,
"=""34550MT""",41.99,
"=""44100MT""",69.99,
"=""38825MT""",50.99,
"=""44793MT""",41.99,
"=""98806MT""",52.99,
"=""99108MT""",53.99,
"=""42309MT""",59.99,
"=""98966MT""",44.99,
"=""35742MT""",46.99,
"=""47435MT""",46.99,
"=""40269MT""",45.99,
"=""39672MT""",38.99,
"=""98635MT""",47.99,
"=""39842MT""",45.99,
"=""98749MT""",46.99,
"=""39055MT""",47.99,
"=""98805MT""",53.99,
"=""BM 00031C""",64.99,
"=""AU 4M1820021B""",981.99,
"=""BM 00040C""",77.99,
"=""BM 00023C""",66.99,
"=""BM 00012C""",65.99,
"=""BM 00022C""",74.99,
"=""BM 00029C""",77.99,
"=""BM 00021C""",82.99,
"=""BM 00113C""",67.99,75.47
"=""BM 00039C""",88.99,
"=""BM 00129C""",72.99,
"=""BM 00003""",73.99,
"=""BM 00010C""",60.99,
"=""BM 00121C""",75.99,
"=""BM 00114C""",65.99,
"=""BM 00139C""",59.99,
"=""BM 00134C""",69.99,77.69
"=""BM 00153C""",60.99,
"=""BM 00135C""",56.99,
"=""BM 00140C""",61.99,
"=""BM 00159C""",74.99,
"=""BM 00177C""",68.99,76.58
"=""BM 00182C""",65.99,
"=""BM 00154C""",82.99,
"=""BM 00003C""",73.99,
"=""BM 00163C""",97.99,
"=""BM 00215C""",80.99,
"=""BM 00183C""",54.99,
"=""BM 00211C""",64.99,
"=""BM 00180C""",73.99,
"=""BM 00170C""",58.99,65.48
"=""BM 00217C""",77.99,
"=""BM 00025C""",86.99,96.56
"=""BM 00210C""",71.99,79.91
"=""BM 00232C""",62.99,
"=""BH 6358""",302.99,
"=""BM 00230C""",65.99,
"=""BM 00213C""",73.99,
"=""BM 00237C""",81.99,
"=""BM 00116C""",95.99,
"=""BM 00165C""",67.99,
"=""BM 00020C""",71.99,
"=""BM 00231C""",65.99,
"=""BM 00044C""",66.99,
"=""BM 00247C""",68.99,
"=""BM 0271C""",72.99,
"=""BM 00251C""",80.99,
"=""BM 00239C""",88.99,
"=""BM 00245C""",71.99,
"=""BM 00132C""",62.99,69.92
"=""BM 10019C""",83.99,
"=""BM 00118C""",74.99,
"=""BM 10007C""",84.99,
"=""BM 10021C""",86.99,
"=""BM 0285""",72.99,
"=""BM 10015C""",71.99,79.91
"=""BM 10022C""",83.99,93.23
"=""BM 10020""",199.99,
"=""BM 0149C""",62.99,
"=""BM 00164C""",66.99,
"=""BM 0136C""",65.99,
"=""BM 10023C""",85.99,
"=""BM 00176C""",74.99,83.24
"=""BM 10033C""",262.99,
"=""BM 10024C""",116.99,
"=""BM 00214C""",57.99,
"=""BM 10044C""",82.99,
"=""BM 10026C""",76.99,
"=""BM 10034C""",96.99,107.66
"=""BM 10028C""",71.99,
"=""BM 10039C""",73.99,
"=""BM 10030C""",73.99,
"=""BM 10048C""",234.99,
"=""BM 10027C""",64.99,
"=""BM 10054C""",93.99,104.33
"=""BM 00208C""",55.99,
"=""BM 10082C""",161.99,
"=""BM 10052C""",79.99,
"=""BM 10072C""",134.99,
"=""BM 10077C""",89.99,
"=""BM 00244C""",94.99,
"=""BM 10095C""",207.99,230.87
"=""BM 10098C""",81.99,91.01
"=""BM 10089C""",58.99,
"=""BM 10087C""",206.99,
"=""BM 10106C""",88.99,98.78
"=""BM 10079C""",82.99,
"=""BM 10150C""",230.99,
"=""BM 10141C""",161.99,
"=""BM 10118C""",91.99,
"=""BM 10147C""",80.99,
"=""BM 10207C""",113.99,
"=""BM 10152C""",106.99,
"=""BM 10189C""",79.99,88.79
"=""BM 10209C""",84.99,
"=""BM 10223C""",84.99,
"=""BM 2002""",71.99,
"=""BM 10143C""",71.99,
"=""BM 10116C""",74.99,
"=""BM 4030C""",73.99,
"=""BM 4060C""",59.99,66.59
"=""BM 4070C""",50.99,56.60
"=""BM 4122C""",79.99,
"=""BM 9273C""",83.99,
"=""BM 00015C""",68.99,
"=""BM 00184C""",75.99,84.35
"=""BM 10045C""",78.99,
"=""BM 00222C""",77.99,
"=""BM 00241C""",70.99,78.80
"=""BM 0123C""",56.99,
"=""BM 0141C""",48.99,
"=""BM 00258C""",70.99,78.80
"=""BM 10008C""",76.99,
"=""BM 0129C""",61.99,
"=""BM 10038C""",75.99,
"=""BM 10043C""",100.99,
"=""BM 10066C""",73.99,82.13
"=""BM 10046C""",74.99,
"=""BM 0152C""",73.99,
"=""BM 10076C""",69.99,
"=""BM 2727C""",56.99,
"=""BM 10081C""",219.99,244.19
"=""BM 10080C""",83.99,
"=""BM 10092C""",74.99,83.24
"=""BM 10086C""",51.99,
"=""BM 10129C""",229.99,255.29
"=""BM 10107C""",77.99,
"=""BM 3785C""",56.99,
"=""BM 10171""",90.99,
"=""BM 3947C""",68.99,
"=""BM 4038C""",73.99,
"=""BM 4034C""",60.99,
"=""BM 4072C""",68.99,
"=""BM 2724C""",66.99,
"=""BM 3313C""",118.99,
"=""BM 4085C""",67.99,
"=""BM 5166C""",81.99,
"=""BM 6003C""",84.99,
"=""BM 9223C""",79.99,88.79
"=""BM 9177C""",60.99,
"=""BM 9152C""",63.99,
"=""BM 4040C""",86.99,96.56
"=""BM 9247C""",74.99,
"=""BM 4096C""",86.99,
"=""BM 4077C""",83.99,
"=""BM 4488C""",91.99,
"=""BM 5137C""",201.99,
"=""BM 9276C""",72.99,
"=""BM 9271C""",115.99,
"=""BM 6009C""",149.99,
"=""BM 9282C""",72.99,
"=""BM 9287C""",90.99,
"=""BM 9297C""",71.99,
"=""BM 9267C""",80.99,89.90
"=""BM 9306C""",58.99,
"=""BM 9310C""",73.99,
"=""BM 9314C""",73.99,
"=""BM 9280C""",93.99,
"=""BM 9293C""",68.99,
"=""BM 9371C""",73.99,
"=""BM 9305C""",66.99,
"=""BM 9366C""",45.99,
"=""BM 9377C""",62.99,69.92
"=""BM 9375C""",63.99,
"=""BM 9376C""",65.99,
"=""BM 9324C""",66.99,74.36
"=""BM 9356C""",76.99,
"=""BM 9393C""",74.99,
"=""BM 9389C""",71.99,79.91
"=""BM 9373C""",64.99,
"=""BM 9374C""",73.99,
"=""BM 9392C""",70.99,
"=""BM 9381C""",77.99,
"=""BM 9397C""",79.99,
"=""RM 3777C""",64.99,72.14
"=""BM 9396C""",80.99,
"=""BM 00151C""",53.99,
"=""BM 00201""",64.99,
"=""BM 00119C""",65.99,
"=""BM 00120C""",71.99,
"=""BM 10047C""",75.90,84.25
"=""BM 0102C""",46.99,
"=""BM 10051C""",189.99,210.89
"=""BM 10068C""",86.99,
"=""BM 9367C""",62.99,
"=""BM 00178C""",82.99,
"=""BM 00156C""",118.99,132.08
"=""890-18104""",1450.99,
"=""990-3566""",1707.99,
"=""890-186543""",1321.99,
"=""890-186743""",1292.99,
"=""890-18654""",1564.99,
"=""890-186643""",1321.99,1499.99
"=""890-18684""",1407.99,
"=""890-642945""",1214.99,
"=""890-140941""",1471.99,
"=""991-8008""",478.99,
"=""890-18224""",1707.99,
"=""990-5050""",2035.99,
"=""890-4100""",407.99,
"=""990-5055""",2121.99,
"=""890-18624HD""",1092.99,
"=""OM9643""",399.99,
"=""DS200290""",47.99,
"=""OM9189""",339.99,
"=""OM8978""",219.99,
"=""OM2836""",219.99,
"=""17-0171""",47.99,
"=""EV 940089PFC""",318.99,
"=""OM2840""",194.99,
"=""OM3070""",244.99,
"=""EX 10077C""",46.99,
"=""EX 33410C""",22.99,
"=""EX 5481C""",24.99,
"=""EX 529462C""",28.99,
"=""EX 50811C""",38.99,
"=""EX 10484C""",94.99,105.44
"=""EX 5605C""",30.99,
"=""EX 10557C""",94.99,105.44
"=""EX 10362C""",18.99,
"=""EX 7417PC""",30.99,
"=""EX 10364C""",18.99,
"=""EX 10356C""",18.99,
"=""EX 5378C""",18.99,
"=""EX 10766C""",75.99,
"=""EX 5612C""",18.99,
"=""EX 10359C""",18.99,
"=""EX 7000C""",22.99,
"=""EX 6533F""",60.99,67.70
"=""EX 6533FC""",35.99,
"=""EX 10514C""",87.99,97.67
"=""EX 10523C""",102.99,114.32
"=""EX 7001C""",22.99,
"=""EX 5151C""",18.99,
"=""EX 10459C""",33.99,
"=""EX 31053C""",21.99,
"=""EX 10464C""",33.99,
"=""EX 9420C""",28.99,
"=""EX 0853C""",33.99,
"=""EX 10034C""",32.99,
"=""EX 7009""",59.99,
"=""EX 7009FC""",35.99,
"=""EX 4103C""",18.99,
"=""EX 10668""",64.99,
"=""EX 6021C""",32.99,
"=""EX 5655C""",18.99,
"=""EX 10430C""",32.99,
"=""EX 9736C""",48.99,
"=""EX 10042C""",34.99,
"=""EX 7011FC""",37.99,
"=""EX 3000C""",18.99,
"=""EX 4000C""",18.99,
"=""EX 9448C""",31.99,
"=""EX 10536C""",51.99,
"=""EX 5296C""",18.99,
"=""EX 1237C""",46.99,
"=""EX 2000C""",18.99,
"=""EX 1227C""",46.99,
"=""EX 9408C""",35.99,
"=""EX 10360C""",18.99,
"=""EX 10164C""",18.99,
"=""EX 10426C""",31.99,
"=""EX 10052C""",36.99,
"=""EX 10067C""",50.99,
"=""EX 6059C""",36.99,
"=""EX 9408""",52.99,
"=""EX 529510C""",36.99,
"=""EX 10248C""",30.99,
"=""EX 10513C""",87.99,97.67
"=""EX 7010FC""",36.99,41.06
"=""EX 10358C""",18.99,
"=""EX 1224C""",88.99,
"=""EX 10477C""",93.99,
"=""EX 4101C""",18.99,
"=""EX 10606C""",94.99,105.44
"=""EX 10739C""",61.99,68.80
"=""EX 10333C""",91.99,102.11
"=""EX 9441C""",30.99,
"=""EX 7012FC""",30.99,
"=""EX 33010C""",30.99,
"=""EX 10136C""",30.99,
"=""EX 10452C""",96.99,
"=""EX 10191C""",55.99,
"=""EX 10303C""",32.99,
"=""EX 10610C""",40.99,
"=""EX 10468C""",94.99,105.44
"=""HT 400088""",348.99,
"=""HT 400131""",110.99,
"=""HT 2089C""",69.99,
"=""HT 2190""",306.99,
"=""HT 2170""",311.99,
"=""HT 399294C""",98.99,
"=""HT 399227""",156.99,
"=""HT 2175""",168.99,
"=""HT 2217""",253.99,
"=""HT 398360""",96.99,
"=""HT 2235""",252.99,
"=""HT 2188""",123.99,
"=""HT 2046""",535.99,
"=""HT 399998""",252.99,
"=""HT 400015C""",91.99,
"=""HT 2126C""",106.99,
"=""HT 2203""",112.99,
"=""HT 2204""",119.99,
"=""HT 2151""",126.99,
"=""HT 400016C""",97.99,
"=""HT 398362""",329.99,
"=""HT 400140""",149.99,
"=""HT 2032""",246.99,
"=""HT 400141C""",98.99,
"=""HT 400143""",156.99,
"=""HT 400020C""",86.99,
"=""HT 2073""",150.99,
"=""HT 400040""",294.99,
"=""HT 2182""",331.99,
"=""HT 2007""",91.99,
"=""HT 400142C""",97.99,
"=""HT 400054""",237.99,
"=""HT 400030C""",90.99,
"=""HT 400035C""",115.99,
"=""HT 2078""",270.99,
"=""HT 400075C""",81.99,91.01
"=""HT 400021C""",106.99,118.76
"=""HT 2077""",299.99,
"=""HT 2033""",114.99,
"=""HT 2081""",117.99,
"=""HT 2083""",137.99,
"=""HT 399300""",171.99,
"=""HT 400026""",201.99,
"=""HT 400107C""",96.99,
"=""HT 400007C""",78.99,
"=""HT 2136C""",75.99,
"=""HT 400105C""",100.99,
"=""HT 2124C""",86.99,
"=""HT 2219""",338.99,
"=""HT 4191""",90.99,
"=""HT 400027C""",95.99,
"=""HT 400153C""",91.99,102.11
"=""HT 400038""",573.99,
"=""HT 2122C""",73.99,
"=""HT 400064C""",97.99,
"=""HT 400011C""",103.99,115.43
"=""HT 400071C""",93.99,
"=""HT 2070C""",79.99,
"=""HT 400066C""",97.99,
"=""HT 400104""",286.99,
"=""HT 2153""",104.99,
"=""HT 400018""",315.99,
"=""HT 2184""",406.99,
"=""HT 400045C""",93.99,
"=""HT 400084C""",101.99,
"=""HT 400050C""",81.99,91.01
"=""HT 2220""",272.99,
"=""HT 400063C""",91.99,
"=""HT 2067""",119.99,
"=""HT 400161""",293.99,
"=""HT 400042C""",109.99,
"=""HT 400068C""",94.99,
"=""HT 400031C""",158.99,
"=""HT 400067C""",97.99,108.77
"=""HT 400013C""",91.99,
"=""HT 400085C""",97.99,108.77
"=""HT 399430C""",88.99,
"=""HT 400094C""",100.99,112.10
"=""HT 400122C""",77.99,
"=""HT 400025C""",95.99,106.55
"=""HT 399204""",294.99,
"=""HT 2214C""",81.99,91.01
"=""HT 400089C""",91.99,
"=""HT 400133C""",90.99,
"=""HT 400080C""",98.99,
"=""HT 398212""",286.99,
"=""HT 399996""",250.99,
"=""HT 400128C""",91.99,
"=""HT 399403""",302.99,
"=""HT 399051""",349.99,
"=""HT 398207""",317.99,
"=""HT 400059C""",97.99,
"=""HT 399044""",357.99,
"=""HT 399021""",242.99,
"=""HT 399045""",298.99,
"=""HT 400092C""",86.99,
"=""HT 400052C""",103.99,
"=""HT 399153""",262.99,
"=""HT 400058C""",102.99,
"=""HT 398237""",353.99,
"=""HT 400091C""",91.99,
"=""HT 400108""",310.99,
"=""HT 400048C""",101.99,
"=""HT 399011""",278.99,
"=""HT 399042""",389.99,
"=""HT 400145C""",91.99,
"=""HT 399139""",329.99,
"=""HT 399062""",357.99,
"=""HT 400028C""",98.99,109.88
"=""HT 400014C""",86.99,
"=""HT 398009""",290.99,
"=""HT 399104""",230.99,
"=""HT 399001""",274.99,
"=""HT 398236""",369.99,
"=""HT 2226""",440.99,
"=""HT 398015""",210.99,
"=""HT 399054""",325.99,
"=""HT 399061""",321.99,
"=""HT 399060""",365.99,
"=""HT 398012""",222.99,
"=""HT 399081""",278.99,
"=""HT 399018""",242.99,
"=""HT 399031""",286.99,
"=""HT 399378""",213.99,
"=""HT 2186""",117.99,
"=""HT 400003C""",97.99,108.77
"=""HT 2084C""",78.99,
"=""HT 2197""",419.99,
"=""HT 2080""",237.99,
"=""HT 2229""",283.99,
"=""HT 2252C""",94.99,
"=""HT 400106C""",90.99,101.00
"=""HT 2134C""",69.99,
"=""HT 2258C""",100.99,112.10
"=""HT 2134""",166.99,
"=""HT 400008C""",78.99,
"=""HT 400119C""",106.99,
"=""HT 400023C""",111.99,
"=""HT 400163""",171.99,
"=""HT 399007""",286.99,
"=""HT 2227""",281.99,
"=""HT 399059""",152.99,
"=""HT 399101""",353.99,
"=""HT 399035""",203.99,
"=""HT 399086""",238.99,
"=""HT 399036""",309.99,
"=""HT 398224""",335.99,
"=""HT 399064""",325.99,
"=""HT 399043""",309.99,
"=""HT 399020""",212.99,
"=""HT 400024C""",97.99,
"=""HT 2254""",306.99,
"=""HT 399090C""",103.99,
"=""HT 398223""",361.99,
"=""HT 399055""",341.99,
"=""HT 399038""",95.99,
"=""HT 399414""",349.99,
"=""HT 398222""",278.99,
"=""HT 399206""",132.99,
"=""HT 399033""",282.99,
"=""HT 399082""",131.99,
"=""HT 399032""",234.99,
"=""HT 399103""",278.99,
"=""HT 399105""",234.99,
"=""HT 399067""",218.99,
"=""HT 398013""",114.99,
"=""HT 399379""",188.99,
"=""HT 399125""",209.99,
"=""HT 399124""",420.99,
"=""HT 9077""",86.99,
"=""HT 399115""",254.99,
"=""HT 398019""",262.99,
"=""HT 399401""",270.99,
"=""HT 399097""",138.99,
"=""HT 399375""",193.99,
"=""HT 399136""",175.99,
"=""HT 399017""",246.99,
"=""HT 399069""",179.99,
"=""HT 399381""",188.99,
"=""HT 399091""",329.99,
"=""HT 399307""",192.99,
"=""HT 399208""",254.99,
"=""HT 399006""",246.99,
"=""HT 399127""",183.99,
"=""HT 399130""",282.99,
"=""HT 399008""",404.99,
"=""HT 399025""",238.99,
"=""HT 399028""",214.99,
"=""HT 399210""",222.99,
"=""HT 399308""",295.99,
"=""HT 399014""",111.99,
"=""HT 399129""",120.99,
"=""HT 398017""",220.99,
"=""HT 399123""",118.99,
"=""HT 398011""",230.99,
"=""HT 399117""",125.99,
"=""HT 399383""",282.99,
"=""HT 399309""",246.99,
"=""HT 399312""",214.99,
"=""HT 399019""",238.99,
"=""HT 398014""",114.99,
"=""HT 399137""",114.99,
"=""HT 398010""",82.99,
"=""HT 399901""",152.99,
"=""HT 399005C""",80.99,89.90
"=""HT 398300""",246.99,
"=""HT 399318""",165.99,
"=""HT 399010""",104.99,
"=""HT 399319""",234.99,
"=""HT 399000""",132.99,
"=""HT 399361""",188.99,
"=""HT 400033C""",187.99,
"=""HT 399316""",164.99,
"=""HT 399354""",201.99,
"=""HT 399914""",147.99,
"=""HT 399116""",125.99,
"=""HT 398322""",198.99,
"=""HT 399314""",268.99,
"=""HT 399063""",317.99,
"=""HT 399094""",93.99,
"=""HT 399013""",210.99,
"=""HT 398231""",258.99,
"=""HT 399075""",187.99,
"=""HT 399362""",224.99,
"=""HT 398021""",226.99,
"=""HT 399313""",214.99,
"=""HT 399004""",92.99,
"=""HT 8247""",84.99,
"=""HT 399382""",186.99,
"=""HT 399311""",245.99,
"=""HT 399131""",129.99,
"=""HT 399352""",168.99,
"=""HT 399385""",207.99,
"=""HT 398244""",246.99,
"=""HT 399363""",224.99,
"=""HT 399364""",400.99,
"=""HT 399320""",295.99,
"=""HT 399084""",90.99,
"=""HT 398204""",191.99,
"=""HT 399325""",208.99,
"=""HT 398330""",223.99,
"=""HT 398249""",190.99,
"=""HT 399321""",163.99,
"=""HT 399211""",246.99,
"=""HT 399386""",345.99,
"=""HT 399323""",325.99,
"=""HT 399317""",165.99,
"=""HT 398203""",179.99,
"=""HT 399355""",263.99,
"=""HT 8245""",159.99,
"=""HT 398248""",443.99,
"=""HT 398006""",337.99,
"=""HT 398242""",226.99,
"=""HT 398289""",302.99,
"=""HT 399245""",282.99,
"=""HT 399315""",206.99,
"=""HT 398209""",125.99,
"=""HT 398323""",231.99,
"=""HT 398327""",270.99,
"=""HT 398331""",211.99,
"=""HT 399322""",202.99,
"=""HT 398324""",250.99,
"=""HT 398328""",270.99,
"=""HT 398235""",242.99,
"=""HT 398257""",335.99,
"=""HT 399353""",230.99,
"=""HT 399242""",83.99,
"=""HT 398347""",214.99,
"=""HT 398294""",317.99,
"=""HT 399122""",353.99,
"=""HT 398326""",310.99,
"=""HT 398002""",93.99,
"=""HT 400036C""",97.99,108.77
"=""HT 398290""",258.99,
"=""HT 398243""",152.99,
"=""HT 8545""",586.99,
"=""HT 398342""",251.99,
"=""HT 398265""",318.99,
"=""HT 398296""",305.99,
"=""HT 398286""",345.99,
"=""HT 394221""",653.99,
"=""HT 399222""",91.99,
"=""HT 398291""",278.99,
"=""HT 398285""",205.99,
"=""HT 398288""",341.99,
"=""HT 2193""",294.99,
"=""HT 2195""",100.99,
"=""HT 398239""",238.99,
"=""HT 398259""",499.99,
"=""HT 398273""",179.99,
"=""HT 398271""",116.99,
"=""HT 399141""",132.99,
"=""HT 398295""",234.99,
"=""HT 8292""",95.99,
"=""HT 398008""",180.99,
"=""HT 8001C""",103.99,115.43
"=""HT 398337""",133.99,
"=""HT 8339C""",74.99,83.24
"=""HT 398306""",234.99,
"=""HT 398311""",305.99,
"=""HT 8335""",88.99,
"=""HT 400037""",280.99,
"=""HT 8312""",96.99,
"=""HT 8336""",87.99,
"=""HT 398340""",84.99,
"=""HT 394208""",189.99,
"=""HT 394211""",188.99,
"=""HT 398356""",187.99,
"=""HT 398344""",237.99,
"=""HT 9233""",88.99,
"=""HT 400117""",201.99,
"=""HT 399142""",81.99,
"=""HT 399093""",124.99,
"=""HT 398214""",81.99,
"=""HT 399071""",218.99,
"=""HT 399056""",412.99,
"=""HT 399340""",167.99,
"=""HT 398241""",110.99,
"=""HT 398345""",300.99,
"=""HT 8315""",76.99,
"=""HT 2355""",105.99,
"=""HT 398258""",277.99,
"=""HT 2218""",774.99,
"=""HT 399910""",305.99,
"=""HT 398271C""",96.99,
"=""HT 398353""",238.99,
"=""HT 8270""",174.99,
"=""HT 8315C""",83.99,93.23
"=""HT 400125""",110.99,
"=""HT 399197""",432.99,
"=""HT 400022C""",55.99,
"=""HT 400109""",121.99,
"=""HT 398228""",238.99,
"=""HT 8310""",80.99,
"=""HT 4197""",171.99,
"=""HT 8361""",92.99,
"=""HT 399087""",206.99,
"=""HT 399223""",626.99,
"=""HT 398359C""",75.99,84.35
"=""HT 2166C""",73.99,
"=""HT 398219""",218.99,
"=""HT 398201""",222.99,
"=""HT 2354""",86.99,
"=""HT 399074""",238.99,
"=""HT 398211""",121.99,
"=""HT 399092""",246.99,
"=""HT 398226""",93.99,
"=""HT 398266""",267.99,
"=""HT 399041""",329.99,
"=""HT 398216""",140.99,
"=""HT 2108C""",81.99,91.01
"=""HT 398018""",309.99,
"=""HT 400041""",226.99,
"=""HT 398238""",88.99,
"=""HT 1415""",494.99,
"=""HT 400039C""",100.99,
"=""HT 398267""",175.99,
"=""HT 399135""",175.99,
"=""HT 9024""",179.99,
"=""HT 399027""",202.99,
"=""HT 400165""",345.99,
"=""HT 398022""",108.99,
"=""HT 399030""",250.99,
"=""HT 399088C""",83.99,93.23
"=""HT 400134""",628.99,
"=""HT 399047""",361.99,
"=""HT 399070""",242.99,
"=""HT 399412""",176.99,
"=""HT 399402""",177.99,
"=""HT 399099""",109.99,
"=""HT 8310C""",85.99,95.45
"=""HT 2356""",71.99,
"=""HT 399088""",76.99,
"=""HT 399073""",130.99,
"=""HT 399040""",333.99,
"=""HT 398272""",115.99,
"=""99594MT""",96.99,
"=""99736MT""",155.99,
"=""99860MT""",156.99,
"=""99616MT""",134.99,
"=""99605MT""",234.99,
"=""99620MT""",128.99,
"=""99690MT""",132.99,
"=""99678MT""",115.99,
"=""99682MT""",123.99,
"=""99745MT""",110.99,
"=""99810MT""",101.99,
"=""99914MT""",106.99,
"=""99855MT""",84.99,
"=""99693MT""",70.99,
"=""99784MT""",94.99,
"=""99927MT""",232.99,
"=""99928MT""",76.99,
"=""99977MT""",113.99,
"=""99990MT""",153.99,
"=""99625MT""",51.99,
"=""99933MT""",97.99,
"=""99668MT""",62.99,
"=""99473MT""",102.99,
"=""99472MT""",102.99,
"=""99929MT""",116.99,
"=""99756MT""",55.99,
"=""99618MT""",50.99,
"=""99934MT""",52.99,
"=""99840MT""",59.99,
"=""99765MT""",55.99,
"=""99996MT""",55.99,
"=""99925MT""",58.99,
"=""99935MT""",53.99,
"=""99973MT""",99.99,
"=""99939MT""",54.99,
"=""1YEXTWHD""",399.00,
"=""HT 399012""",143.99,
"=""""",0.00,
"=""14-4023NIP""",401.99,518.99
"=""14-1012NC""",283.99,
"=""17-0934""",34.99,
"=""14-0445NC""",370.99,
"=""17-2489""",38.99,43.28
"=""14-0071NIP""",425.99,532.99
"=""17-0030""",62.99,
"=""14-4464NC""",224.99,281.99
"=""17-0935""",39.99,
"=""14-20246NEW""",256.99,
"=""17-2269""",31.99,35.51
"=""14-0072NIP""",250.99,313.99
"=""17-0938""",28.99,
"=""14-20247NC""",511.99,639.99
"=""17-0973""",19.99,
"=""14-20448GM""",270.99,338.99
"=""BM 10234C""",368.99,
"=""BM 10126C""",224.99,
"=""BM 10251C""",71.99,
"=""14-0797NEW""",311.99,
"=""17-0160""",37.99,42.17
"=""EV 939621PFC""",71.99,79.91
"=""HT 2138C""",59.99,
"=""OM9319""",364.95,
"=""BM 00035C""",65.99,
"=""KIT EV 4882168PFXC + HA 9360SC""",115.95,
"=""14-2974NC""",2034.95,2543.99
"=""DS200188""",35.99,
"=""14-SD9056NEW""",205.99,
"=""14-0431NC""",360.95,451.99
"=""14-20218NEW""",1294.95,
"=""OM8959""",229.95,
"=""OM9444""",214.95,
"=""DS676071""",159.95,199.99
"=""RD 10892C""",38.90,43.18
"=""HT 2150C""",82.95,
"=""DS105255""",1999.95,
"=""OM2909""",184.95,
"=""DS110049""",152.99,
"=""14-1283NIP""",1979.95,
"=""CF 0010MP""",54.99,
"=""OM9239""",404.95,
"=""KIT DS669006+DS200005""",125.99,
"=""TL250-2850""",104.99,
"=""OM3102""",239.95,
"=""OM3083""",219.95,
"=""OM3106""",259.95,
"=""OM2790""",214.95,
"=""37- 10866""",214.95,
"=""DS110201""",75.99,
"=""KIT CN 22064PFC + RD 10017C""",241.95,
"=""CO 8231C""",172.95,
"=""KIT DS104075+DS630010+IS100030""",224.95,
"=""DS675198""",66.99,74.36
"=""OM3170""",284.95,
"=""14-2125NEW-1GRV""",1439.95,
"=""CO 21745C""",337.99,
"=""OM3020""",174.95,
"=""14-0902NC""",21059.95,26324.99
"=""OM3120""",289.95,
"=""14-1009NEW""",744.95,
"=""KIT DS669006+DS200052""",109.95,
"=""OM8150""",199.95,
"=""DS676070""",314.95,
"=""KIT 14-SD8948NC+17-3691""",357.95,447.99
"=""HT 399427C""",57.99,
"=""DS725195""",42.99,53.99
"=""KIT DS105060+DS630010+IS100030""",199.95,
"=""14-5031NC""",424.99,531.99
"=""IS100015""",10.95,
"=""14-SD7701NC""",1639.95,2049.99
"=""CF 0012C""",62.99,69.92
"=""OM9218""",189.95,
"=""OM8740""",299.95,
"=""OM8691""",249.95,
"=""DS125057""",25.95,
"=""OM2975""",219.95,
"=""14-1243NC""",254.99,318.99
"=""DS676480""",62.99,
"=""OM2995""",249.95,
"=""BM 10135C""",67.99,
"=""DS135156""",244.95,
"=""DS675032""",499.95,
"=""14-SD4514NC""",274.99,343.99
"=""EV 4864999PFXC""",70.99,
"=""DS676018""",529.95,662.99
"=""DS200024""",15.95,
"=""OM9501""",229.95,
"=""DS100241R""",499.95,
"=""IS676426""",44.95,
"=""EV 940181PFC""",100.99,
"=""OM2933""",199.95,
"=""EV 939872PFC""",70.99,
"=""OM3176""",309.95,
"=""EV 5129ATC""",569.95,
"=""IS676422""",65.99,
"=""KIT DS520033+DS200052""",241.95,
"=""CO 4885C""",236.95,
"=""DS200203""",28.99,32.18
"=""59-8515""",82.99,
"=""DS110122""",76.99,
"=""HT 2140C""",59.99,
"=""IS135087""",254.95,
"=""FA 50301C""",82.99,92.12
"=""BM 10037C""",69.99,
"=""OM8882""",214.95,
"=""OM3072""",369.95,
"=""IS676063""",90.99,101.00
"=""OM9211""",234.95,
"=""FA 50237C""",85.99,95.45
"=""OM3113""",289.95,
"=""14-5295NC""",2099.95,2624.99
"=""KIT IS108120 + DS200052 + DS400006""",189.95,
"=""KIT 0001 (12V) + DS104075 + DS720114""",624.99,693.74
"=""FA 50289C""",95.99,106.55
"=""DS725141""",149.95,
"=""DS135135""",229.95,
"=""OM8763""",159.95,
"=""DS100244""",169.99,
"=""DS675021""",36.99,
"=""OM3049""",199.95,
"=""IS200273""",94.95,
"=""RK620491""",624.95,
"=""HA 10631C""",69.99,
"=""KIT 10PC DS300001""",24.95,
"=""43-MT2572""",25.99,
"=""DS667015""",305.99,339.99
"=""5000-021""",126.95,
"=""DS704064""",165.95,
"=""OM3029""",234.95,
"=""IS135082""",55.99,
"=""OM3022""",254.95,
"=""14-0999NIP""",595.99,
"=""590-6143""",1999.95,
"=""CO 11009JC""",370.95,
"=""OM2946""",194.95,
"=""OM9506""",319.95,
"=""400-2070""",1579.95,
"=""OM8896""",174.95,
"=""14-0596NC""",336.95,421.99
"=""KIT CN 4438PFC + RA 13253C""",245.95,
"=""BM 2728C""",44.99,49.94
"=""HT 2189C""",78.99,
"=""DS200165""",94.95,
"=""IS135084""",314.95,
"=""ST5903""",279.95,
"=""KT 2068""",331.95,553.99
"=""DS120164""",55.99,
"=""OM3024""",249.95,
"=""DS200211""",264.95,
"=""KIT DS104075+DS630010+IS100030 + IS100077""",239.95,
"=""14-0615NC""",264.99,331.99
"=""OM2930""",179.95,
"=""FA 50127C""",94.99,
"=""EV 940032PFC""",86.99,96.56
"=""OM3211""",254.95,
"=""KIT DS103079 + RD-10088C + EX 5151C""",210.95,
"=""14-1902NC""",254.99,371.99
"=""14-7008NC""",286.99,318.56
"=""OM3019""",339.95,
"=""DS676414""",198.99,
"=""DS675104""",65.99,
"=""OM2947""",159.95,
"=""RD 9979C""",43.99,48.83
"=""IS200274""",41.99,46.61
"=""OM2873""",214.95,
"=""OM3085""",274.95,
"=""IS676420""",72.99,
"=""14-0112NC""",1744.95,2181.99
"=""EB496M""",138.99,154.28
"=""CK 1000""",267.99,
"=""OM2987""",184.95,
"=""OM2892""",299.95,
"=""TL150-4781""",259.95,
"=""DS667019""",81.99,
"=""ST5922""",184.95,
"=""IS200264""",38.99,
"=""DS210415""",29.99,33.29
"=""TLE6100-0-24P""",4999.95,
"=""OM2440""",144.95,
"=""E22-476""",124.95,
"=""ST5902""",279.95,
"=""OM2830""",194.95,
"=""DS669014""",1844.95,
"=""AC3247""",97.99,
"=""OM3066""",249.95,
"=""TL150-4015""",1264.95,
"=""DS668002""",71.99,
"=""KIT DS701036/ DS701028""",10.95,
"=""14-0175NC""",346.99,389.99
"=""KIT DS104036+DS630009+IS100030""",299.95,
"=""KT 1404""",297.95,496.99
"=""14-0343NIP""",477.95,597.99
"=""KCA-24461-2G151|24471-2G102|24322-2G111|244702G151""",1064.95,
"=""CN 3149PF""",639.99,
"=""CN 3708PF""",682.99,
"=""CN 3147PF""",639.99,
"=""CN 30172PFC""",78.99,
"=""CN 4463PF""",324.99,
"=""CN 30157PFC""",98.99,
"=""CN 30155PFC""",84.99,94.34
"=""CN 3309PF""",682.99,
"=""CN 3187PF""",724.99,
"=""CN 3518PF""",362.99,
"=""CN 30013PFC""",91.99,102.11
"=""CN 4631PF""",513.99,
"=""CN 3167PF""",724.99,
"=""CN 22150PFC""",106.99,
"=""CN 4992PF""",340.99,
"=""CN 41215PF""",361.99,
"=""CN 4183PF""",424.99,
"=""CN 3728PF""",660.99,
"=""CN 4667PF""",350.99,
"=""CN 3198PF""",682.99,
"=""CN 4135PF""",656.99,
"=""CN 3905PF""",470.99,
"=""CN 3339PF""",449.99,
"=""CN 3611PF""",513.99,
"=""CN 3333PF""",724.99,
"=""CN 4206PF""",513.99,
"=""CN 3184PF""",724.99,
"=""CN 3940PF""",470.99,
"=""CN 3702PF""",724.99,
"=""CN 3966PF""",470.99,
"=""CN 4633PF""",487.99,
"=""CN 3817PF""",475.99,
"=""CN 3321PF""",405.99,
"=""CN 3441PF""",470.99,
"=""CN 4105PF""",639.99,
"=""CN 3191PF""",682.99,
"=""CN 3971PF""",470.99,
"=""CN 3926PF""",428.99,
"=""CN 3741PF""",639.99,
"=""CN 3128PF""",639.99,
"=""CN 4396PF""",267.99,
"=""CN 3276PF""",513.99,
"=""CN 3174PF""",639.99,
"=""CN 20062PFC""",338.99,
"=""CN 4892PFC""",180.99,200.90
"=""CN 3890PF""",283.99,
"=""CN 4178PF""",489.99,
"=""CN 22146PF""",667.99,
"=""CN 3764PFC""",102.99,
"=""CN 30182PFC""",136.99,152.06
"=""CN 20053PF""",281.99,
"=""CN 30076PFC""",121.99,
"=""CN 3595PF""",257.99,
"=""CN 30164PFC""",96.99,
"=""CN 22161PFC""",119.99,
"=""CN 30193PFC""",150.99,
"=""CN 30012PFC""",136.99,
"=""CN 30039PF""",372.99,
"=""CN 3150PF""",639.99,
"=""CN 4794PFXC""",232.99,
"=""CN 30173PFC""",145.99,162.05
"=""CN 30142PFC""",151.99,168.71
"=""CN 3156PF""",639.99,
"=""CN 4856PF""",724.99,
"=""CN 3329PF""",682.99,
"=""CN 3125PF""",639.99,
"=""CN 3706PF""",682.99,
"=""CN 3617PF""",513.99,
"=""CN 4351PF""",230.99,
"=""CN 4218PF""",365.99,
"=""CN 3928PF""",470.99,
"=""CN 3818PF""",475.99,
"=""CN 3123PF""",639.99,
"=""CN 3919PF""",513.99,
"=""CN 3722PF""",724.99,
"=""CN 4557PF""",603.99,
"=""CN 3157PF""",639.99,
"=""CN 4129PF""",513.99,
"=""CN 30178PFC""",90.99,
"=""CN 4019PF""",190.99,
"=""CN 3727PF""",529.99,
"=""CN 3485PF""",639.99,
"=""CN 3315PF""",682.99,
"=""CN 4634PF""",449.99,
"=""CN 3460PF""",352.99,
"=""CN 3496PF""",639.99,
"=""CN 22140PF""",741.99,
"=""CN 4056PF""",470.99,
"=""CN 4221PF""",312.99,
"=""CN 3824PF""",470.99,
"=""CN 22030PFC""",136.99,
"=""CN 3434PF""",660.99,
"=""CN 3938PF""",470.99,
"=""CN 3972PF""",280.99,
"=""CN 3845PF""",216.99,
"=""CN 4420PF""",808.99,
"=""CN 4815PF""",639.99,
"=""CN 4245PF""",348.99,
"=""CN 4210PF""",428.99,
"=""CN 4691PF""",614.99,
"=""CN 4772PF""",840.99,
"=""CN 4685PF""",639.99,
"=""CN 4268PF""",310.99,
"=""CN 3165PF""",902.99,
"=""CN 3241PF""",555.99,
"=""CN 4274PF""",555.99,
"=""CN 3210PF""",639.99,
"=""CN 4566PF""",502.99,
"=""CN 4133PF""",808.99,
"=""CN 3820PF""",513.99,
"=""CN 4215PF""",487.99,
"=""CN 4148PF""",285.99,
"=""CN 3836PF""",483.99,
"=""CN 3840PF""",470.99,
"=""CN 4734PF""",266.99,
"=""CN 3903PF""",639.99,
"=""CN 3332PF""",394.99,
"=""CN 3356PF""",559.99,
"=""CN 3213PF""",658.99,
"=""CN 3735PF""",365.99,
"=""CN 4484PF""",470.99,
"=""CN 4647PF""",498.99,
"=""CN 3401PF""",639.99,
"=""CN 3195PF""",682.99,
"=""CN 3224PF""",169.99,
"=""CN 3273PF""",329.99,
"=""CN 4901PFC""",134.99,
"=""CN 4474PF""",428.99,
"=""CN 4132PF""",808.99,
"=""CN 4009PF""",386.99,
"=""CN 4187PF""",367.99,
"=""CN 3484PF""",639.99,
"=""CN 3736PF""",572.99,
"=""CN 3498PF""",572.99,
"=""CN 4896PFC""",149.99,
"=""CN 3183PF""",724.99,
"=""CN 3530PF""",682.99,
"=""CN 3909PF""",470.99,
"=""CN 3164PF""",559.99,
"=""CN 3197PF""",724.99,
"=""CN 3808PF""",513.99,
"=""CN 3124PF""",449.99,
"=""CN 4150PF""",187.99,
"=""CN 3716PF""",238.99,
"=""CN 4289PF""",513.99,
"=""CN 4319PF""",267.99,
"=""CN 3466PF""",386.99,
"=""CN 4408PF""",284.99,
"=""CN 4572PF""",243.99,
"=""CN 4638PF""",355.99,
"=""CN 4300PF""",278.99,
"=""CN 4359PF""",267.99,
"=""CN 4304PF""",251.99,
"=""CN 4585PF""",491.99,
"=""CN 4512PF""",225.99,
"=""CN 4372PF""",183.99,
"=""CN 4640PF""",307.99,
"=""CN 4867PF""",247.99,
"=""CN 4866PF""",461.99,
"=""CN 20030PF""",583.99,
"=""CN 4194PF""",259.99,
"=""CN 4656PF""",724.99,
"=""CN 4085PF""",218.99,
"=""CN 3373PF""",324.99,
"=""CN 3633PF""",215.99,
"=""CN 4273PF""",470.99,
"=""CN 4157PF""",293.99,
"=""CN 4259PF""",301.99,
"=""CN 3826PF""",224.99,
"=""CN 4125PF""",418.99,
"=""CN 3256PF""",503.99,
"=""CN 4026PF""",363.99,
"=""CN 4426PF""",201.99,
"=""CN 4363PF""",639.99,
"=""CN 3846PF""",266.99,
"=""CN 4179PF""",256.99,
"=""CN 22145PF""",555.99,
"=""CN 4479PF""",476.99,
"=""CN 3828PF""",449.99,
"=""CN 22011PFC""",129.99,
"=""CN 30107PF""",305.99,
"=""CN 22121PF""",802.99,
"=""CN 3717PF""",555.99,
"=""CN 4807PF""",208.99,
"=""CN 30086PFC""",142.99,158.72
"=""CN 3917PF""",513.99,
"=""CN 30202PFC""",83.99,
"=""CN 3477PF""",639.99,
"=""CN 4334PF""",208.99,
"=""CN 4831PF""",639.99,
"=""CN 4680PF""",618.99,
"=""CN 4360PF""",294.99,
"=""CN 4422PF""",513.99,
"=""CN 4417PF""",415.99,
"=""CN 4645PFC""",113.99,
"=""CN 4384PF""",639.99,
"=""CN 4655PFC""",141.99,
"=""CN 4669PF""",308.99,
"=""CN 3913PF""",470.99,
"=""CN 30170PFC""",160.99,178.70
"=""CN 3217PF""",898.99,
"=""CN 4088PF""",252.99,
"=""CN 4109PF""",639.99,
"=""CN 3834PF""",324.99,
"=""CN 4073PF""",682.99,
"=""CN 3538PF""",682.99,
"=""CN 22109PF""",1392.99,
"=""CN 3211PF""",639.99,
"=""CN 4679PF""",296.99,
"=""CN 3711PF""",513.99,
"=""CN 30185PFC""",136.99,152.06
"=""CN 30134PFC""",151.99,168.71
"=""CN 4505PF""",265.99,
"=""CN 3486PF""",449.99,
"=""CN 3416PF""",470.99,
"=""CN 3369PF""",384.99,
"=""CN 3437PF""",660.99,
"=""CN 3232PF""",221.99,
"=""CN 4324PF""",386.99,
"=""CN 4362PF""",344.99,
"=""CN 4398PF""",267.99,
"=""CN 3562PF""",470.99,
"=""CN 4777PF""",267.99,
"=""CN 4353PF""",345.99,
"=""CN 4477PF""",322.99,
"=""CN 4405PF""",233.99,
"=""CN 3827PF""",324.99,
"=""CN 4410PF""",491.99,
"=""CN 3435PF""",660.99,
"=""CN 4205PF""",428.99,
"=""CN 4549PFC""",138.99,154.28
"=""CN 4671PF""",199.99,
"=""CN 3555PF""",208.99,
"=""CN 3843PF""",390.99,
"=""CN 4356PF""",639.99,
"=""CN 3542PF""",639.99,
"=""CN 4136PF""",724.99,
"=""CN 3734PF""",513.99,
"=""CN 3414PF""",682.99,
"=""CN 3303PF""",689.99,
"=""CN 4077PF""",513.99,
"=""CN 3366PF""",428.99,
"=""CN 4130PF""",470.99,
"=""CN 4151PF""",487.99,
"=""CN 4191PF""",155.99,
"=""CN 3231PF""",244.99,
"=""CN 3941PF""",470.99,
"=""CN 4601PF""",448.99,
"=""CN 4751PF""",724.99,
"=""CN 4269PF""",268.99,
"=""CN 4568PF""",470.99,
"=""CN 4855PF""",437.99,
"=""CN 4736PF""",194.99,
"=""CN 4058PF""",487.99,
"=""CN 4374PF""",388.99,
"=""CN 4600PF""",172.99,
"=""CN 4327PF""",179.99,
"=""CN 3560PF""",513.99,
"=""CN 3640PF""",209.99,
"=""CN 3608PF""",182.99,
"=""CN 3370PF""",513.99,
"=""CN 3707PF""",682.99,
"=""CN 3725PF""",160.99,
"=""CN 4138PF""",682.99,
"=""CN 4774PFC""",116.99,
"=""CN 3602PF""",724.99,
"=""CN 4653PF""",173.99,
"=""CN 3407PF""",682.99,
"=""CN 4161PF""",449.99,
"=""CN 3529PF""",682.99,
"=""CN 3368PF""",513.99,
"=""CN 3452PF""",490.99,
"=""CN 3418PF""",597.99,
"=""CN 3732PF""",808.99,
"=""CN 3461PF""",150.99,
"=""CN 3561PF""",513.99,
"=""CN 3173PF""",724.99,
"=""CN 3508PF""",639.99,
"=""CN 3456PF""",682.99,
"=""CN 3609PF""",415.99,
"=""CN 3199PF""",724.99,
"=""CN 3041PF""",287.99,
"=""CN 3272PF""",311.99,
"=""CN 3520PF""",682.99,
"=""CN 3212PF""",639.99,
"=""CN 4654PF""",470.99,
"=""CN 4686PF""",196.99,
"=""CN 4599PF""",471.99,
"=""CN 4862PF""",210.99,
"=""CN 4590PFC""",115.99,
"=""CN 3566PF""",1104.99,
"=""CN 4035PF""",487.99,
"=""CN 4255PF""",639.99,
"=""CN 4076PF""",275.99,
"=""CN 4074PF""",348.99,
"=""CN 3136PF""",639.99,
"=""CN 4032PF""",513.99,
"=""CN 4024PFC""",177.99,
"=""CN 4343PF""",513.99,
"=""CN 3236PF""",779.99,
"=""CN 4781PF""",125.99,
"=""CN 4652PF""",614.99,
"=""CN 4038PF""",639.99,
"=""CN 4060PF""",555.99,
"=""CN 3723PF""",808.99,
"=""CN 3539PF""",682.99,
"=""CN 3436PF""",470.99,
"=""CN 3606PF""",487.99,
"=""CN 3970PF""",470.99,
"=""CN 4200PF""",458.99,
"=""CN 3939PF""",407.99,
"=""CN 3632PF""",723.99,
"=""CN 4209PF""",428.99,
"=""CN 3243PF""",277.99,
"=""CN 3837PF""",367.99,
"=""CN 3242PF""",261.99,
"=""CN 4017PF""",449.99,
"=""CN 4262PF""",502.99,
"=""CN 4335PF""",194.99,
"=""CN 4344PF""",298.99,
"=""CN 4594PF""",639.99,
"=""CN 4064PF""",324.99,
"=""CN 4219PF""",378.99,
"=""CN 4027PF""",449.99,
"=""CN 4193PF""",428.99,
"=""CN 4247PF""",470.99,
"=""CN 4700PF""",259.99,
"=""CN 3831PF""",409.99,
"=""CN 4330PF""",388.99,
"=""CN 3835PF""",361.99,
"=""CN 3844PF""",215.99,
"=""CN 4256PF""",220.99,
"=""CN 4332PF""",513.99,
"=""CN 4257PF""",303.99,
"=""CN 4407PF""",106.99,
"=""CN 4045PF""",178.99,
"=""CN 4409PF""",377.99,
"=""CN 4292PF""",277.99,
"=""CN 4510PF""",470.99,
"=""CN 20029PFC""",402.99,447.32
"=""CN 4791PFC""",108.99,
"=""CN 4451PF""",639.99,
"=""CN 22087PF""",1319.99,
"=""CN 3371PF""",648.99,
"=""CN 3442PF""",359.99,
"=""CN 3718PF""",808.99,
"=""CN 3861PF""",529.99,
"=""CN 4059PF""",513.99,
"=""CN 4314PF""",399.99,
"=""CN 4023PF""",278.99,
"=""CN 3752PF""",240.99,
"=""CN 3715PF""",682.99,
"=""CN 4167PF""",253.99,
"=""CN 4199PF""",428.99,
"=""CN 4795PF""",616.99,
"=""CN 4349PF""",403.99,
"=""CN 4561PF""",322.99,
"=""CN 4385PF""",326.99,
"=""CN 4650PF""",271.99,
"=""CN 4021PF""",525.99,
"=""CN 4609PF""",289.99,
"=""CN 3973PF""",326.99,
"=""CN 4593PF""",639.99,
"=""CN 3380PF""",555.99,
"=""CN 4750PF""",172.99,
"=""CN 4827PF""",1589.99,
"=""CN 4347PF""",280.99,
"=""CN 4587PF""",275.99,
"=""CN 4456PF""",426.99,
"=""CN 4670PF""",278.99,
"=""CN 22136PF""",185.99,
"=""CN 22085PF""",954.99,
"=""CN 4588PFXC""",123.99,
"=""CN 4860PF""",367.99,
"=""CN 4511PF""",217.99,
"=""CN 4701PF""",407.99,
"=""CN 4823PF""",808.99,
"=""CN 4567PF""",593.99,
"=""CN 4013PFC""",141.99,
"=""CN 3912PF""",470.99,
"=""CN 4020PF""",322.99,
"=""CN 4185PF""",448.99,
"=""CN 3713PF""",682.99,
"=""CN 3307PF""",682.99,
"=""CN 3515PF""",639.99,
"=""CN 3203PF""",639.99,
"=""CN 3196PF""",724.99,
"=""CN 3710PF""",639.99,
"=""CN 4212PF""",470.99,
"=""CN 3540PF""",682.99,
"=""CN 30210PFC""",119.99,
"=""CN 20068PFC""",116.99,
"=""CN 3365PF""",513.99,
"=""CN 4358PF""",639.99,
"=""CN 3851PF""",513.99,
"=""CN 4028PF""",470.99,
"=""CN 3372PF""",407.99,
"=""CN 4057PF""",487.99,
"=""CN 3751PF""",441.99,
"=""CN 4014PF""",237.99,
"=""CN 4348PF""",363.99,
"=""CN 4207PF""",513.99,
"=""CN 4141PF""",280.99,
"=""CN 4231PF""",310.99,
"=""CN 4087PF""",305.99,
"=""CN 4276PF""",95.99,
"=""CN 4285PF""",253.99,
"=""CN 4336PF""",219.99,
"=""CN 4203PF""",639.99,
"=""CN 3929PF""",470.99,
"=""CN 4261PF""",637.99,
"=""CN 4354PF""",289.99,
"=""CN 4116PF""",487.99,
"=""CN 22041PF""",1006.99,
"=""CN 4397PF""",233.99,
"=""CN 4556PF""",426.99,
"=""CN 4065PF""",218.99,
"=""CN 4406PF""",487.99,
"=""CN 4665PF""",255.99,
"=""CN 4175PF""",255.99,
"=""CN 4771PF""",840.99,
"=""CN 4841PF""",266.99,
"=""CN 4637PF""",386.99,
"=""CN 4394PF""",433.99,
"=""CN 4936PF""",219.99,
"=""CN 4248PF""",470.99,
"=""CN 3512PF""",808.99,
"=""CN 4819PF""",195.99,
"=""CN 4657PF""",555.99,
"=""CN 4575PF""",306.99,
"=""FA 50209C""",172.99,
"=""FA 50306C""",145.99,162.05
"=""FA 50096C""",96.99,
"=""FA 50494""",466.99,
"=""FA 50710C""",205.99,228.65
"=""FA 50428""",271.99,
"=""FA 70167C""",125.99,139.85
"=""FA 70028""",229.99,
"=""FA 50487""",179.99,
"=""FA 50432C""",425.99,
"=""FA 50478""",386.99,
"=""FA 70116C""",107.99,119.87
"=""FA 70169C""",132.99,147.62
"=""FA 50363""",358.99,
"=""FA 50315C""",169.99,188.69
"=""FA 50191""",517.99,
"=""FA 70252C""",113.99,
"=""FA 50281""",193.99,
"=""FA 50376""",303.99,
"=""FA 50560C""",126.99,140.96
"=""FA 50097""",253.99,
"=""FA 70314C""",180.99,200.90
"=""FA 50572C""",127.99,142.07
"=""FA 50906""",89.99,
"=""FA 50462C""",94.99,
"=""FA 50321C""",143.99,159.83
"=""FA 50386""",276.99,
"=""FA 50423C""",179.99,199.79
"=""FA 50460""",320.99,
"=""FA 50683C""",129.99,
"=""FA 70290C""",120.99,134.30
"=""FA 50443""",273.99,
"=""FA 50399""",210.99,
"=""FA 50431C""",178.99,198.68
"=""FA 50524C""",197.99,
"=""FA 70088C""",100.99,
"=""FA 50208C""",158.99,176.48
"=""FA 50429C""",162.99,
"=""FA 50333C""",155.99,173.15
"=""FA 50519C""",124.99,
"=""FA 50320C""",128.99,
"=""FA 50474""",290.99,
"=""FA 50559C""",165.99,
"=""FA 50158C""",110.99,
"=""FA 70083C""",125.99,
"=""FA 50308C""",120.99,
"=""FA 70287C""",125.99,139.85
"=""FA 50567""",335.99,
"=""FA 50424C""",132.99,
"=""FA 50575""",538.99,
"=""FA 50379C""",120.99,134.30
"=""FA 50542C""",300.99,334.10
"=""FA 50203C""",129.99,
"=""FA 50135C""",92.99,103.22
"=""FA 50343C""",196.99,
"=""FA 50483C""",252.99,
"=""FA 50467""",270.99,
"=""FA 50344C""",167.99,
"=""FA 70981C""",299.99,
"=""FA 50670C""",141.99,
"=""FA 50514C""",147.99,
"=""FA 50385""",192.99,
"=""FA 50435C""",294.99,
"=""FA 50327C""",175.99,195.35
"=""FA 50434""",233.99,
"=""FA 50345C""",193.99,215.33
"=""FA 72137C""",164.99,
"=""FA 50543""",180.99,
"=""FA 71925C""",120.99,
"=""FA 50392C""",220.99,
"=""FA 50817C""",119.99,
"=""FA 50518""",176.99,
"=""FA 50727C""",248.99,
"=""FA 50521C""",234.99,
"=""FA 70181C""",164.99,
"=""FA 50351C""",161.99,
"=""FA 70210C""",103.99,
"=""FA 50585C""",237.99,264.17
"=""FA 50200C""",226.99,
"=""FA 50671""",164.99,
"=""FA 50367C""",227.99,253.07
"=""FA 50362C""",170.99,189.80
"=""FA 50194C""",113.99,126.53
"=""FA 50598C""",223.99,248.63
"=""FA 70024""",195.99,
"=""FA 50661C""",195.99,
"=""FA 50657""",582.99,
"=""FA 50716C""",110.99,
"=""FA 50408""",267.99,
"=""FA 70092C""",108.99,120.98
"=""FA 50498C""",404.99,
"=""FA 50300C""",182.99,203.12
"=""FA 50613""",304.99,
"=""FA 50314C""",165.99,184.25
"=""FA 50558C""",227.99,253.07
"=""FA 50239C""",139.99,155.39
"=""FA 50716""",228.99,
"=""FA 50337C""",128.99,
"=""FA 70936C""",250.99,
"=""FA 50316C""",121.99,
"=""FA 50220C""",159.99,
"=""FA 50718""",353.99,
"=""FA 50609""",400.99,
"=""FA 70189C""",100.99,112.10
"=""FA 50296C""",139.99,155.39
"=""FA 50515""",309.99,
"=""FA 50174""",317.99,
"=""FA 50626""",621.99,
"=""FA 50295C""",150.99,
"=""FA 50457C""",279.99,310.79
"=""FA 50485C""",197.99,
"=""FA 50500C""",146.99,
"=""FA 50324C""",179.99,199.79
"=""FA 50545C""",593.99,
"=""FA 50593C""",164.99,
"=""FA 50596C""",161.99,179.81
"=""FA 50323C""",122.99,
"=""FA 50547C""",268.99,
"=""FA 50676C""",167.99,
"=""FA 70424C""",126.99,140.96
"=""FA 50506C""",150.99,167.60
"=""FA 50446C""",161.99,
"=""FA 50611""",478.99,
"=""FA 50612C""",210.99,
"=""FA 50163C""",131.99,
"=""FA 50152""",133.99,
"=""FA 50008C""",118.99,
"=""FA 50505""",187.99,
"=""FA 50473C""",141.99,
"=""FA 50190C""",150.99,167.60
"=""FA 50372C""",111.99,124.31
"=""FA 50747C""",249.99,
"=""FA 50576C""",443.99,
"=""FA 50396C""",224.99,
"=""FA 72130C""",134.99,
"=""FA 50442""",180.99,
"=""FA 70939C""",233.99,
"=""FA 50304C""",250.99,278.60
"=""FA 50445""",316.99,
"=""FA 50544C""",107.99,
"=""FA 50303C""",132.99,
"=""FA 50365C""",93.99,
"=""FA 50848""",140.99,
"=""FA 50440C""",197.99,219.77
"=""FA 50538C""",132.99,
"=""FA 50235C""",161.99,
"=""FA 50279C""",202.99,
"=""FA 50476""",347.99,386.27
"=""FA 50352C""",185.99,
"=""FA 50234C""",145.99,162.05
"=""FA 50595""",283.99,
"=""FA 50218""",238.99,
"=""FA 50492C""",207.99,
"=""FA 50420C""",123.99,137.63
"=""FA 50526C""",186.99,
"=""FA 50297C""",156.99,
"=""FA 50692""",459.99,
"=""FA 70184C""",97.99,
"=""FA 50565C""",245.99,273.05
"=""FA 50417C""",264.99,294.14
"=""FA 70493C""",115.99,
"=""FA 50258C""",202.99,225.32
"=""FA 50270C""",210.99,234.20
"=""FA 50489C""",94.99,105.44
"=""FA 50407C""",155.99,
"=""FA 70086C""",123.99,
"=""FA 50597C""",172.99,
"=""FA 50807C""",127.99,142.07
"=""FA 50422C""",140.99,156.50
"=""FA 50702C""",104.99,
"=""FA 50546C""",110.99,
"=""FA 50475C""",236.99,
"=""FA 50589C""",227.99,
"=""FA 50616C""",213.99,
"=""FA 50477""",146.99,
"=""FA 50555C""",252.99,280.82
"=""FA 50346C""",136.99,152.06
"=""FA 50699C""",154.99,
"=""FA 50490C""",139.99,155.39
"=""FA 70967C""",359.99,
"=""FA 50680C""",209.99,
"=""FA 50796C""",471.99,523.91
"=""FA 50788C""",145.99,
"=""FA 70245C""",132.99,
"=""FA 50466""",309.99,
"=""FA 50510C""",245.99,
"=""FA 50897C""",267.99,
"=""FA 50411C""",153.99,170.93
"=""FA 70506C""",160.99,
"=""FA 50335C""",193.99,
"=""FA 50409C""",215.99,
"=""FA 50305C""",161.99,179.81
"=""FA 50356""",198.99,
"=""FA 70854C""",186.99,
"=""FA 50404C""",182.99,
"=""FA 50679C""",138.99,
"=""FA 50927""",269.99,
"=""FA 50058C""",117.99,130.97
"=""FA 50594""",378.99,
"=""FA 50309C""",114.99,127.64
"=""FA 50357C""",169.99,
"=""FA 50708C""",167.99,
"=""FA 70304C""",151.99,
"=""FA 50373C""",217.99,
"=""FA 50052C""",173.99,
"=""FA 70112C""",128.99,143.18
"=""FA 50646C""",234.99,
"=""FA 70422C""",99.99,110.99
"=""FA 50774C""",294.99,327.44
"=""FA 50633C""",224.99,
"=""FA 50641""",825.99,
"=""FA 50732""",291.99,
"=""FA 50685""",280.99,
"=""FA 50528C""",104.99,
"=""FA 50436""",329.99,
"=""FA 50334C""",113.99,
"=""FA 50447C""",142.99,158.72
"=""FA 50630""",378.99,
"=""FA 50513""",282.99,
"=""FA 50480""",170.99,
"=""FA 50576""",1197.99,
"=""FA 50491C""",93.99,
"=""FA 50398""",314.99,
"=""FA 50632C""",370.99,411.80
"=""FA 50366C""",166.99,185.36
"=""FA 50469C""",187.99,
"=""FA 50421""",291.99,
"=""FA 70001C""",175.99,195.35
"=""FA 50077C""",117.99,130.97
"=""FA 50406C""",223.99,
"=""FA 50773C""",296.99,
"=""FA 50714""",491.99,
"=""FA 70110C""",87.99,97.67
"=""FA 50896C""",224.99,
"=""FA 50623C""",233.99,
"=""FA 50636C""",174.99,
"=""FA 50622C""",196.99,218.66
"=""FA 50749""",432.99,
"=""FA 70913""",350.99,
"=""FA 50847C""",102.99,
"=""FA 50384C""",194.99,
"=""FA 50507C""",204.99,
"=""FA 50456C""",98.99,
"=""FA 50223""",139.99,
"=""FA 50290C""",127.99,142.07
"=""FA 50635C""",325.99,361.85
"=""FA 50599C""",204.99,
"=""FA 50924C""",259.99,
"=""FA 70244C""",114.99,127.64
"=""FA 70107C""",104.99,116.54
"=""FA 50159""",124.99,
"=""FA 50584""",497.99,
"=""FA 50721C""",233.99,259.73
"=""FA 50642C""",751.99,
"=""FA 50471C""",108.99,
"=""FA 50540""",373.99,
"=""FA 50592C""",208.99,
"=""FA 50341""",349.99,
"=""FA 70107""",161.99,
"=""FA 50932""",582.99,
"=""FA 50322C""",100.99,
"=""FA 50704""",494.99,
"=""FA 70055""",139.99,
"=""FA 50614""",339.99,
"=""FA 50867C""",450.99,
"=""FA 50444C""",209.99,
"=""FA 50205C""",116.99,
"=""FA 70026""",186.99,
"=""FA 50541C""",187.99,208.67
"=""FA 50608C""",246.99,274.16
"=""FA 50606C""",261.99,
"=""FA 50193C""",176.99,
"=""FA 70159""",175.99,
"=""FA 70094C""",187.99,208.67
"=""FA 70463C""",147.99,
"=""FA 50566C""",197.99,
"=""FA 50701""",527.99,
"=""FA 70145""",222.99,
"=""FA 50672C""",118.99,
"=""FA 50368C""",191.99,213.11
"=""FA 50802""",595.99,
"=""FA 50618C""",200.99,
"=""FA 50381C""",181.99,202.01
"=""FA 50770C""",232.99,
"=""FA 50635""",574.99,
"=""FA 50332C""",108.99,120.98
"=""FA 70294C""",97.99,
"=""FA 70056""",214.99,
"=""FA 50242C""",98.99,
"=""FA 50106C""",135.99,150.95
"=""FA 50586C""",143.99,159.83
"=""FA 70202C""",145.99,162.05
"=""FA 70793C""",154.99,172.04
"=""FA 50536C""",217.99,
"=""FA 50197C""",165.99,184.25
"=""FA 50792C""",430.99,
"=""FA 50684C""",434.99,
"=""FA 50330C""",130.99,
"=""FA 50495C""",182.99,
"=""FA 50820""",541.99,
"=""FA 70859C""",176.99,
"=""FA 50511C""",234.99,
"=""FA 50405C""",126.99,
"=""FA 50772""",568.99,
"=""FA 50743""",323.99,
"=""FA 50866C""",136.99,
"=""FA 50287C""",233.99,259.73
"=""FA 50378""",325.99,
"=""FA 50717C""",188.99,
"=""FA 50155""",171.99,
"=""FA 50484""",183.99,
"=""FA 50854""",916.99,
"=""FA 50673""",204.99,
"=""FA 50387""",269.99,
"=""FA 70090C""",166.99,185.36
"=""FA 50776C""",342.99,
"=""FA 50649C""",143.99,159.83
"=""FA 70074""",125.99,
"=""RD 2207C""",29.99,
"=""FA 70017""",166.99,
"=""FA 70589C""",203.99,
"=""FA 50691""",308.99,
"=""FA 50775""",406.99,
"=""FA 70062""",165.99,
"=""FA 50488""",277.99,
"=""FA 50556""",587.99,
"=""FA 50380""",404.99,
"=""FA 70008C""",128.99,
"=""FA 50601C""",163.99,
"=""RD 1817C""",31.99,35.51
"=""RD 11120KTC""",26.99,
"=""RD 9184""",170.99,
"=""RD 11171KTC""",29.99,
"=""FA 70041C""",98.99,
"=""RD 10033C""",41.99,
"=""FA 70051""",209.99,
"=""RD 11159KTC""",25.99,
"=""RD 11233KTC""",32.99,
"=""RD 10088C""",44.99,49.94
"=""RD 11010C""",44.99,49.94
"=""FA 50578C""",90.99,
"=""RD 11302KTC""",31.99,35.51
"=""RD 11085KTC""",33.99,37.73
"=""RD 11030KTC""",27.99,31.07
"=""RD 11076KTC""",28.99,
"=""FA 70016C""",138.99,
"=""RD 11246C""",47.99,
"=""FA 50881C""",169.99,
"=""RD 10901C""",28.99,32.18
"=""RD 11116C""",27.99,
"=""FA 70072""",149.99,
"=""RD 10180C""",37.99,
"=""RD 10926C""",50.99,
"=""RD 11160KTC""",28.99,
"=""FA 50413C""",115.99,128.75
"=""RD 4295""",248.99,
"=""RD 7194C""",46.99,
"=""RD 6018C""",41.99,46.61
"=""RD 10973BC""",22.99,25.52
"=""RD 11250KTC""",27.99,31.07
"=""RD 9907C""",48.99,
"=""FA 70025""",159.99,
"=""RD 11158""",45.99,
"=""RD 11247KTC""",28.99,
"=""RD 11071C""",62.99,
"=""RD 10099""",215.99,
"=""FA 50711C""",194.99,216.44
"=""RD 11315KTC""",36.99,41.06
"=""RD 5454C""",29.99,
"=""FA 70045C""",105.99,
"=""FA 50383C""",144.99,
"=""FA 50719C""",97.99,
"=""FA 50161C""",144.99,
"=""FA 50662""",335.99,
"=""FA 50012C""",88.99,
"=""FA 50707""",230.99,
"=""FA 70087C""",121.99,
"=""FA 50508C""",377.99,
"=""FA 50625C""",141.99,157.61
"=""FA 50583C""",195.99,
"=""FA 50688C""",632.99,
"=""FA 50350C""",138.99,
"=""FA 50668C""",119.99,
"=""FA 50588C""",261.99,
"=""FA 50637C""",306.99,340.76
"=""FA 50364C""",109.99,122.09
"=""FA 50250""",294.99,
"=""FA 50468""",369.99,
"=""FA 70142C""",103.99,115.43
"=""FA 50573C""",121.99,
"=""FA 70171C""",91.99,102.11
"=""FA 70947C""",234.99,
"=""FA 70160C""",94.99,105.44
"=""FA 50523C""",168.99,
"=""FA 50569C""",174.99,
"=""FA 50574C""",143.99,159.83
"=""FA 50390C""",239.99,
"=""FA 70197C""",164.99,
"=""FA 50811C""",226.99,251.96
"=""RD 11120FC""",29.99,33.29
"=""RD 11101""",258.99,
"=""RD 1171""",92.99,
"=""RD 10136BC""",22.99,25.52
"=""RD 10042KTC""",24.99,27.74
"=""RD 11310KTC""",35.99,39.95
"=""RD 9908C""",36.99,41.06
"=""RD 1775C""",45.99,
"=""RD 10730C""",50.99,
"=""RD 1278C""",45.99,
"=""RD 6070C""",38.99,43.28
"=""RD 4183C""",32.99,36.62
"=""RD 0854C""",34.99,
"=""RD 8843C""",39.99,
"=""RD 7195C""",46.99,52.16
"=""RD 6019C""",42.99,47.72
"=""RD 6729C""",36.99,41.06
"=""RD 11262""",76.99,
"=""RD 7206C""",58.99,
"=""FA 50640C""",262.99,
"=""FA 50353C""",182.99,
"=""FA 50354C""",156.99,174.26
"=""FA 50294C""",121.99,
"=""FA 50486""",285.99,
"=""FA 50700""",530.99,
"=""FA 50654""",690.99,
"=""FA 71772C""",270.99,
"=""FA 50804C""",105.99,
"=""FA 50894C""",412.99,
"=""FA 70119C""",101.99,
"=""FA 50331C""",164.99,
"=""FA 50339C""",116.99,
"=""FA 50814C""",167.99,
"=""FA 50397C""",102.99,
"=""FA 50430""",269.99,
"=""FA 70219C""",91.99,
"=""FA 50554""",342.99,
"=""RD 11184KTC""",32.99,
"=""FA 50666C""",89.99,
"=""FA 50402""",356.99,396.26
"=""FA 50389""",298.99,
"=""FA 50213C""",191.99,213.11
"=""FA 50427C""",97.99,167.99
"=""FA 50165C""",103.99,
"=""FA 50857""",568.99,
"=""FA 50652""",333.99,
"=""FA 50674C""",152.99,169.82
"=""FA 50910""",155.99,
"=""FA 50154C""",145.99,162.05
"=""FA 70063C""",111.99,
"=""RD 10096C""",53.99,
"=""FA 50660""",251.99,
"=""RD 11346""",72.99,
"=""FA 50634C""",224.99,
"=""RD 10922BC""",24.99,
"=""RD 11170C""",29.99,33.29
"=""RD 10041C""",46.99,
"=""RD 11280C""",54.99,
"=""RD 10911KTC""",33.99,37.73
"=""RD 4287C""",43.99,
"=""RD 5042C""",36.99,
"=""RD 8821C""",37.99,
"=""RD 1595C""",35.99,
"=""RD 5250C""",37.99,42.17
"=""RD 1628C""",36.99,41.06
"=""RD 0096C""",32.99,36.62
"=""RD 4283C""",37.99,
"=""RD 4313C""",45.99,
"=""RD 7211SC""",40.99,
"=""RD 10070C""",40.99,
"=""RD 11068C""",54.99,61.04
"=""FA 70079""",157.99,
"=""RD 10147C""",39.99,
"=""FA 50329C""",88.99,98.78
"=""RD 11007C""",39.99,
"=""FA 70101C""",98.99,109.88
"=""RD 9983C""",61.99,
"=""RD 10074C""",37.99,
"=""RD 10146C""",38.99,43.28
"=""RD 1953KTC""",27.99,
"=""RD 11026C""",37.99,
"=""RD 10184C""",52.99,
"=""RD 11163KTC""",26.99,
"=""RD 11057C""",50.99,56.60
"=""RD 10129C""",32.99,
"=""RD 9994C""",35.99,
"=""RD 11065HC""",22.99,
"=""RD 10692C""",51.99,57.71
"=""RD 1952""",224.99,
"=""FA 70013""",203.99,
"=""FA 50870""",252.99,
"=""FA 70121C""",109.99,122.09
"=""FA 50864""",586.99,
"=""FA 50797C""",316.99,
"=""FA 50355C""",187.99,208.67
"=""FA 50824C""",316.99,
"=""FA 50522C""",160.99,178.70
"=""FA 50358C""",158.99,
"=""FA 50563""",198.99,
"=""RD 4131SC""",44.99,
"=""RD 7147C""",44.99,
"=""RD 5001KTU""",53.99,
"=""RD 11118HC""",24.99,27.74
"=""RD 11160BC""",23.99,
"=""RD 11117KTC""",30.99,34.40
"=""RD 7196C""",46.99,
"=""RD 10123C""",47.99,53.27
"=""RD 10909C""",27.99,31.07
"=""RD 10010C""",30.99,34.40
"=""RD 2151C""",43.99,48.83
"=""RD 7532C""",36.99,41.06
"=""RD 2203SC""",42.99,47.72
"=""RD 1312C""",32.99,
"=""RD 6254C""",37.99,
"=""RD 11232""",123.99,
"=""RD 7129C""",30.99,
"=""RD 11113KTC""",30.99,34.40
"=""RD 0236C""",30.99,34.40
"=""RD 7174""",129.99,
"=""RD 10943KTC""",31.99,35.51
"=""RD 10083C""",39.99,44.39
"=""RD 3661C""",34.99,
"=""RD 11124KTC""",30.99,
"=""FA 50517C""",205.99,228.65
"=""FA 50497""",213.99,
"=""RD 11162KTC""",30.99,
"=""FA 50520""",310.99,
"=""RD 10920KTC""",26.99,
"=""RD 4373""",248.99,
"=""RD 1121C""",34.99,38.84
"=""RD 11179KTC""",31.99,35.51
"=""FA 70014""",271.99,
"=""RD 1309C""",34.99,
"=""RD 1789SC""",39.99,
"=""RD 9981C""",42.99,
"=""RD 8751C""",30.99,34.40
"=""RD 8817C""",48.99,
"=""RD 2400C""",31.99,35.51
"=""RD 11168KTC""",26.99,29.96
"=""FA 50426C""",191.99,
"=""FA 50374C""",220.99,
"=""FA 50895C""",224.99,
"=""FA 50472""",258.99,
"=""FA 50587C""",225.99,250.85
"=""FA 50525C""",147.99,
"=""FA 50394C""",174.99,194.24
"=""FA 50512C""",165.99,
"=""FA 50391C""",161.99,179.81
"=""FA 50728C""",229.99,
"=""RD 11260KTC""",34.99,38.84
"=""RD 11336C""",36.99,
"=""RD 0954C""",40.99,
"=""RD 1167C""",39.99,
"=""RD 11283KTC""",26.99,
"=""RD 7155C""",45.99,
"=""RD 7198C""",43.99,48.83
"=""RD 2148SC""",33.99,37.73
"=""RD 7188C""",43.99,
"=""RD 7200C""",52.99,
"=""RD 7107C""",37.99,42.17
"=""RD 6071C""",39.99,44.39
"=""RD 1756C""",37.99,
"=""RD 2234C""",44.99,49.94
"=""RD 8139C""",32.99,36.62
"=""RD 2195C""",43.99,48.83
"=""RD 8820C""",37.99,
"=""RD 11089C""",61.99,
"=""RD 7210C""",48.99,
"=""RD 1950C""",55.99,
"=""RD 1587C""",35.99,39.95
"=""RD 1791C""",30.99,34.40
"=""RA 13213C""",161.99,179.81
"=""RA 2296C""",99.99,
"=""RA 2342C""",106.99,118.76
"=""RA 2596C""",135.99,150.95
"=""RA 13414C""",110.99,
"=""OR2693""",105.99,117.65
"=""RA 2714C""",115.99,
"=""RA 2565C""",128.99,143.18
"=""RA 2805C""",146.99,163.16
"=""RA 2694C""",148.99,
"=""RA 1061C""",122.99,
"=""RA 2971C""",113.99,
"=""RA 1826C""",100.99,
"=""RA 2894C""",99.99,110.99
"=""RA 2065C""",135.99,150.95
"=""RA 2402C""",102.99,114.32
"=""RA 2280C""",187.99,
"=""RA 2362C""",93.99,
"=""RA 2937C""",102.99,
"=""RA 340C""",217.99,
"=""RA 2957C""",121.99,
"=""RA 13215C""",99.99,
"=""RA 2603C""",91.99,
"=""RA 767C""",161.99,
"=""RA 2343C""",93.99,
"=""KT 4679A""",461.99,769.99
"=""RA 2157C""",116.99,
"=""RA 2324C""",108.99,120.98
"=""RA 13432C""",157.99,175.37
"=""18-1268""",30.99,
"=""HT 2149C""",80.99,89.90
"=""RA 2138C""",157.99,175.37
"=""RA 1728C""",166.99,185.36
"=""RA 1609C""",141.99,157.61
"=""RA 2806C""",109.99,
"=""RA 2575C""",124.99,138.74
"=""RA 2307C""",112.99,
"=""RA 2785C""",110.99,
"=""RA 2702C""",118.99,132.08
"=""RA 2722C""",143.99,159.83
"=""RA 1521C""",161.99,
"=""RA 2896C""",106.99,118.76
"=""OR2031""",90.99,101.00
"=""RA 1062C""",112.99,
"=""RA 206C""",111.99,124.31
"=""RA 2973C""",118.99,132.08
"=""RA 1830C""",106.99,
"=""RA 2290C""",140.99,
"=""OR2785""",162.99,
"=""RA 13229C""",145.99,
"=""RA 2939C""",113.99,126.53
"=""RA 2414C""",108.99,120.98
"=""RA 2648C""",117.99,130.97
"=""RA 13503C""",168.99,
"=""RA 2837C""",104.99,
"=""KT 4689A""",449.99,749.99
"=""RA 2961C""",165.99,184.25
"=""RA 2186C""",181.99,
"=""HT 399422C""",84.99,94.34
"=""RA 2350C""",120.99,134.30
"=""RA 2610C""",101.99,
"=""KT 5547A""",445.99,743.99
"=""HT 2253C""",102.99,
"=""14-2797NC""",921.99,1152.99
"=""RA 78C""",120.99,134.30
"=""KT 1298""",335.99,559.99
"=""RA 2368C""",157.90,175.27
"=""HT 2154C""",80.99,
"=""18-1290""",31.99,
"=""RA 2578C""",106.99,118.76
"=""RA 2788C""",104.99,116.54
"=""RA 381C""",221.99,
"=""RA 2740C""",115.99,
"=""RA 1533C""",137.99,153.17
"=""RA 2898C""",120.99,
"=""RA 2813C""",131.99,146.51
"=""RA 1482C""",128.99,
"=""RA 13440C""",128.99,
"=""RA 2443C""",105.99,
"=""RA 13388C""",131.99,146.51
"=""RA 2089C""",105.99,117.65
"=""RA 2331C""",109.99,122.09
"=""RA 2978C""",107.99,
"=""RA 2139C""",132.99,147.62
"=""OR2058""",124.99,138.74
"=""RA 2291C""",154.99,172.04
"=""RA 1737C""",173.99,193.13
"=""RA 1687C""",119.99,133.19
"=""RA 2703C""",101.99,113.21
"=""RA 2309C""",144.99,
"=""RA 13083C""",158.99,
"=""RA 2215C""",107.99,
"=""RA 13248C""",124.99,
"=""RA 13231C""",256.99,285.26
"=""RA 2191C""",90.99,
"=""RA 13127C""",104.99,116.54
"=""RA 13277C""",112.99,125.42
"=""KT 1935""",414.99,691.99
"=""RA 13670C""",100.99,
"=""KT 5028A""",477.99,796.99
"=""RA 2942C""",210.99,
"=""RA 1140C""",114.99,127.64
"=""RA 1862C""",109.99,
"=""RA 2672C""",121.99,135.41
"=""OR2853""",156.99,
"=""KT 5722""",402.99,671.99
"=""RA 13514C""",127.99,
"=""RA 2840C""",140.90,156.40
"=""RA 1553C""",170.99,
"=""RA 2916C""",110.99,
"=""RA 2617C""",105.99,117.65
"=""RA 13450C""",147.99,
"=""RA 1485C""",118.99,132.08
"=""""",99.99,
"=""RD 10051C""",38.99,43.28
"=""RD 10923C""",40.99,
"=""RD 10021C""",37.99,42.17
"=""RD 10983""",87.99,
"=""RD 5047C""",33.99,
"=""RD 11190""",90.99,
"=""RD 11137C""",31.99,
"=""RD 6422C""",37.99,
"=""RD 11261KTC""",29.99,33.29
"=""RD 9988C""",43.99,48.83
"=""RD 11344""",136.99,
"=""RD 4088C""",36.99,
"=""RD 8816C""",42.99,47.72
"=""RD 1819SC""",46.99,
"=""RD 1301C""",29.99,
"=""RD 5455C""",29.99,
"=""RD 11050C""",37.99,
"=""RD 1740C""",37.99,42.17
"=""RD 11284KTC""",31.99,35.51
"=""RD 6168C""",30.99,
"=""RD 0992C""",42.99,
"=""RD 6420C""",34.99,38.84
"=""RD 5086C""",38.99,43.28
"=""RD 11229KTC""",29.99,
"=""RD 1124C""",39.99,
"=""RD 5000KTU""",69.99,
"=""RD 4134""",137.99,
"=""RD 9086C""",38.99,
"=""FA 50827C""",141.99,
"=""FA 50722""",377.99,
"=""FA 50590C""",107.99,
"=""FA 50639C""",142.99,
"=""FA 50055C""",104.99,
"=""FA 50915""",348.99,
"=""FA 50878""",270.99,
"=""FA 50481C""",209.99,
"=""FA 70059""",200.99,
"=""FA 50607C""",98.99,
"=""RD 11133C""",34.99,
"=""RD 10019C""",34.99,38.84
"=""RD 10078C""",39.99,
"=""RD 10167C""",35.99,
"=""RD 10914KTC""",33.99,37.73
"=""RD 5300""",147.99,
"=""RD 5027C""",59.99,
"=""RD 10077C""",32.99,36.62
"=""FA 70035""",151.99,
"=""RD 10938HC""",23.99,26.63
"=""RD 10908C""",34.99,
"=""RD 1180""",89.99,
"=""RD 4130""",113.99,
"=""RD 11092KTC""",32.99,36.62
"=""RD 11176KTC""",31.99,
"=""RD 8814C""",39.99,
"=""RD 11339KTC""",36.99,41.06
"=""RD 1201C""",34.99,
"=""FA 70018""",171.99,
"=""FA 70075""",126.99,
"=""FA 50529C""",172.99,
"=""FA 70031C""",133.99,
"=""FA 50415C""",160.99,
"=""FA 50778""",458.99,
"=""FA 50552C""",143.99,
"=""FA 50299C""",109.99,
"=""FA 50608""",260.99,
"=""FA 50160C""",144.99,
"=""RD 1157""",127.99,
"=""RD 10065C""",40.99,
"=""RD 11128C""",39.99,44.39
"=""FA 70076C""",108.99,
"=""RD 1512C""",38.99,43.28
"=""FA 50703C""",89.99,
"=""RD 11074C""",50.99,
"=""RD 11108C""",47.99,
"=""RD 11036KTC""",22.99,
"=""RD 5046C""",36.99,
"=""RD 7201C""",42.99,47.72
"=""RD 1134C""",35.99,39.95
"=""RD 1697SC""",46.99,
"=""RD 1726C""",39.99,
"=""RD 1176""",91.99,
"=""RD 2150C""",38.99,
"=""RD 1624C""",36.99,41.06
"=""RD 11135C""",58.99,
"=""RD 1580C""",38.99,43.28
"=""RD 4305C""",48.99,54.38
"=""FA 50815C""",474.99,
"=""FA 50840C""",316.99,351.86
"=""RD 10136KTC""",23.99,
"=""RD 10888C""",38.99,
"=""RD 11034KTC""",23.99,
"=""FA 50615C""",187.99,
"=""RD 11056C""",46.99,
"=""RD 10946KTC""",31.99,
"=""FA 50887""",594.99,
"=""RD 10974C""",42.99,47.72
"=""FA 50162C""",123.99,
"=""FA 50312C""",196.99,218.66
"=""RD 10945C""",49.99,
"=""FA 70037C""",154.99,
"=""FA 50087C""",147.99,
"=""RD 11255KTC""",31.99,35.51
"=""RD 11075KTC""",35.99,
"=""FA 50628C""",338.99,376.28
"=""FA 70100C""",93.99,
"=""RD 11032KTC""",28.99,
"=""FA 70052C""",196.99,
"=""FA 70128C""",90.99,
"=""FA 50664""",991.99,
"=""FA 50564C""",173.99,
"=""FA 50790""",421.99,
"=""FA 70064C""",114.99,
"=""FA 50682""",258.99,
"=""FA 50784""",477.99,
"=""RD 10909KTC""",27.99,
"=""RD 11031KTC""",21.99,24.41
"=""RD 8819C""",38.99,43.28
"=""RD 6668C""",39.99,
"=""RD 1530C""",35.99,
"=""RD 7173C""",47.99,53.27
"=""RD 4195C""",53.99,59.93
"=""RD 1710C""",37.99,42.17
"=""RD 5071C""",38.99,
"=""RD 2159C""",45.99,
"=""RD 5203C""",37.99,42.17
"=""RD 1617C""",32.99,36.62
"=""RD 8175C""",38.99,
"=""RD 4106C""",41.99,46.61
"=""RD 1222C""",45.99,
"=""RD 1163C""",31.99,35.51
"=""RD 5037C""",38.99,
"=""RD 6676C""",39.99,44.39
"=""RD 6256C""",42.99,
"=""RD 1221C""",47.99,53.27
"=""RD 0201C""",40.99,45.50
"=""RD 7207SC""",46.99,
"=""FA 70049C""",151.99,
"=""FA 50175C""",86.99,96.56
"=""RD 7197SC""",45.99,51.05
"=""RD 1128C""",29.99,33.29
"=""RD 6413C""",32.99,36.62
"=""RD 2180SC""",34.99,
"=""RD 11054C""",39.99,
"=""RD 4192""",151.99,
"=""RD 4105""",136.99,
"=""RD 1233C""",33.99,
"=""RD 7203C""",42.99,
"=""RD 11269""",123.99,
"=""RD 1685C""",36.99,41.06
"=""RD 0687C""",37.99,
"=""RD 4439C""",30.99,34.40
"=""RD 11318C""",38.99,
"=""RD 4284C""",37.99,
"=""RD 1638C""",37.99,42.17
"=""RD 11275""",276.99,
"=""RD 10091C""",34.99,38.84
"=""RD 11320KTC""",33.99,
"=""RD 11223KTC""",29.99,33.29
"=""RD 1553C""",33.99,37.73
"=""RD 10940""",302.99,
"=""RD 1689C""",38.99,
"=""RD 8818C""",38.99,43.28
"=""RD 4202C""",33.99,
"=""RD 10155C""",48.99,
"=""RD 7202SC""",40.99,45.50
"=""RD 1622C""",42.99,
"=""RD 5104C""",32.99,36.62
"=""RD 4199C""",35.99,
"=""RD 0819""",113.99,
"=""RD 10157C""",38.99,43.28
"=""RD 10016C""",49.99,55.49
"=""RD 1577C""",45.99,
"=""RD 4286C""",37.99,
"=""RD 10140C""",61.99,
"=""RD 9115C""",43.99,
"=""RD 5259C""",34.99,38.84
"=""FA 50496C""",114.99,
"=""FA 70183""",166.99,
"=""FA 50810""",778.99,
"=""RD 11049C""",47.99,
"=""RD 10883C""",35.99,
"=""RD 10114C""",36.99,
"=""FA 50377C""",101.99,
"=""FA 50479""",576.99,
"=""FA 70166""",186.99,
"=""RD 10921KTC""",23.99,
"=""RD 11263KTC""",27.99,31.07
"=""RD 11095C""",48.99,
"=""RD 10977C""",48.99,
"=""RD 10941C""",39.99,
"=""RD 10946C""",30.99,34.40
"=""RD 10927C""",55.99,
"=""RD 11097KTC""",34.99,
"=""RD 11129KTC""",27.99,
"=""FA 70081""",194.99,
"=""RD 11061C""",47.99,
"=""RD 1805C""",37.99,
"=""RD 1683C""",40.99,
"=""RD 10092C""",30.99,34.40
"=""RD 11100""",32.99,
"=""RD 5049C""",47.99,53.27
"=""RD 1686C""",32.99,36.62
"=""RD 2152C""",42.99,47.72
"=""RD 1770C""",35.99,39.95
"=""RD 11338C""",58.99,65.48
"=""RD 11130""",40.99,
"=""RD 10109C""",42.99,
"=""RD 11225KTC""",29.99,
"=""RD 10903C""",68.99,
"=""RD 11219C""",59.99,
"=""RD 11096KTC""",32.99,36.62
"=""FA 70441C""",108.99,
"=""RD 11174KTC""",38.99,43.28
"=""RD 11228KTC""",26.99,
"=""FA 70095""",190.99,
"=""RD 0234C""",35.99,39.95
"=""RD 7253C""",45.99,
"=""RD 2194C""",49.99,55.49
"=""RD 7122C""",34.99,
"=""RD 10154C""",73.99,
"=""RD 10075C""",37.99,42.17
"=""RD 8815C""",39.99,44.39
"=""RD 10160C""",49.99,
"=""RD 10942C""",38.99,43.28
"=""RD 4291C""",42.99,
"=""RD 5100C""",37.99,42.17
"=""RD 11325""",45.99,
"=""RD 11259KTC""",30.99,
"=""RD 11046C""",43.99,
"=""RD 10122BC""",25.99,28.85
"=""RD 11099C""",44.99,
"=""RD 11274""",164.99,
"=""FA 70042C""",89.99,
"=""RD 11251KT""",540.99,
"=""RD 11323C""",63.99,
"=""RD 11175KTC""",34.99,
"=""RD 10938KTC""",29.99,33.29
"=""RD 8334""",228.99,
"=""RD 0088C""",32.99,
"=""RD 11121C""",28.99,
"=""RD 4095C""",35.99,
"=""RD 11177KTC""",28.99,32.18
"=""RD 5210C""",32.99,36.62
"=""RD 11144C""",56.99,
"=""RD 4274C""",41.99,
"=""RD 11033KTC""",24.99,
"=""RD 10982C""",40.99,
"=""RD 1797C""",31.99,35.51
"=""RD 11183C""",55.99,62.15
"=""RD 11182C""",36.99,
"=""RD 11118KTC""",26.99,
"=""RD 1727C""",30.99,34.40
"=""RD 1678C""",39.99,44.39
"=""RD 11282KTC""",31.99,35.51
"=""RD 11067KTC""",25.99,
"=""RD 11083KTC""",28.99,32.18
"=""RD 9318C""",25.99,28.85
"=""RD 10932BC""",23.99,
"=""RD 1253C""",52.99,
"=""RD 7395C""",49.99,55.49
"=""FA 70147""",252.99,
"=""RD 11329""",255.99,
"=""RD 0851C""",41.99,46.61
"=""RD 1568C""",35.99,39.95
"=""RD 8754C""",41.99,
"=""RD 1637C""",38.99,43.28
"=""RD 7157C""",43.99,
"=""RD 8755C""",41.99,
"=""RD 10153C""",40.99,
"=""RD 4306C""",38.99,
"=""FA 50619C""",222.99,
"=""RD 10939C""",25.99,28.85
"=""RD 2172C""",35.99,39.95
"=""RD 1738C""",33.99,
"=""RD 4271C""",36.99,
"=""RD 2147SC""",44.99,
"=""RD 4076C""",44.99,49.94
"=""RD 1611C""",37.99,
"=""RD 7208C""",39.99,
"=""RD 1329C""",34.99,38.84
"=""RD 7143C""",35.99,
"=""RD 4191C""",49.99,55.49
"=""RD 7164C""",32.99,36.62
"=""RD 5041C""",40.99,
"=""RD 2173C""",38.99,43.28
"=""RD 3953C""",31.99,35.51
"=""RD 9127C""",32.99,
"=""RD 6069C""",35.99,
"=""RD 11207""",64.99,
"=""RD 9107C""",37.99,
"=""RD 11254KTC""",26.99,29.96
"=""RD 11298""",162.99,
"=""RD 11051KTC""",32.99,
"=""RD 10060C""",36.99,
"=""RD 5048C""",36.99,
"=""RD 10151""",76.99,
"=""RD 11273""",206.99,
"=""FA 50689C""",622.99,
"=""RD 11345KTC""",40.99,45.50
"=""EV 939657PFC""",84.99,
"=""EV 940177C""",341.99,
"=""EV 940155PFC""",248.99,
"=""EV 939925PFA""",181.99,
"=""EV 940045PFC""",96.99,
"=""EV 9409226PFC""",107.99,
"=""EV 9409361PFC""",94.99,
"=""EV 939649PFC""",108.99,
"=""EV 6552PF""",286.99,
"=""EV 940125PF""",228.99,
"=""EV 9409197C""",245.99,
"=""EV 939788PFC""",96.99,
"=""EV 939797PFC""",104.99,
"=""EV 9409229PFC""",105.99,
"=""EV 9409256PF""",188.99,
"=""EV 939776PFC""",87.99,
"=""EV 940186PF""",185.99,
"=""EV 9409230PF""",204.99,
"=""EV 940120PFC""",42.99,
"=""EV 3752PFC""",103.99,
"=""EV 940170PF""",1412.99,
"=""EV 939950PFC""",124.99,
"=""EV 9409336PFC""",89.99,
"=""EV 940143PFC""",105.99,
"=""EV 940132PFC""",99.99,
"=""EV 939967PF""",238.99,
"=""EV 939971PFC""",100.99,
"=""EV 939710PFDC""",102.99,
"=""EV 939914PFC""",75.99,
"=""EV 940118PFC""",105.99,117.65
"=""EV 940185PFC""",100.99,
"=""EV 9409367PFC""",85.99,
"=""EV 9409196PFC""",112.99,125.42
"=""EV 9409300PFC""",125.99,139.85
"=""EV 940072PF""",182.99,
"=""EV 939790PFC""",68.99,
"=""EV 939793PFA""",140.99,
"=""EV 939947PF""",216.99,
"=""EV 939776PF""",156.99,
"=""EV 939706PFC""",114.99,
"=""EV 939693PFC""",107.99,
"=""EV 9409258PFC""",96.99,
"=""EV 939863PFXC""",90.99,
"=""EV 939992PFC""",65.99,
"=""EV 940047PFC""",109.99,
"=""EV 940114PFC""",112.99,
"=""EV 9409178PFC""",74.99,
"=""EV 940071PFC""",98.99,
"=""EV 940128PFC""",106.99,
"=""EV 939991PFC""",85.99,95.45
"=""EV 940116PFC""",102.99,
"=""EV 9409269PFC""",97.99,
"=""EV 940139PFC""",90.99,
"=""EV 9409354PF""",205.99,
"=""EV 9409262PFC""",82.99,
"=""EV 940167PFC""",124.99,
"=""EV 9409193PFC""",110.99,
"=""EV 9409176PF""",262.99,
"=""EV 9409378PFC""",83.99,
"=""EV 9409179PFC""",74.99,
"=""EV 9409248PFC""",124.99,138.74
"=""EV 9409284PFC""",108.99,
"=""EV 940136PFC""",109.99,122.09
"=""EV 940082PFC""",84.99,94.34
"=""EV 940030PFC""",80.99,
"=""EV 9409184PFC""",103.99,
"=""EV 9409353PFC""",76.99,
"=""EV 9409283PFC""",81.99,
"=""EV 9409235PFC""",88.99,
"=""EV 9409274PFC""",105.99,
"=""EV 9409259PFC""",77.99,
"=""EV 9409254PFC""",99.99,
"=""EV 940129PF""",936.99,
"=""EV 940092PFC""",82.99,
"=""EV 9409335PFC""",91.99,
"=""EV 9409340PFC""",84.99,
"=""EV 9409247PFC""",118.99,
"=""EV 940151PFC""",78.99,
"=""EV 9409273PFC""",81.99,
"=""EV 9409320PFC""",69.99,
"=""EV 940142PFC""",78.99,
"=""EV 940141PFC""",101.99,
"=""EV 9409321PFC""",100.99,112.10
"=""EV 9409232PFC""",112.99,
"=""EV 9409363PFC""",133.99,
"=""EV 9409362PFC""",98.99,
"=""EV 9409308PF""",197.99,
"=""EV 940187PFC""",103.99,
"=""EV 9409282PFC""",87.99,
"=""EV 9409185PFC""",81.99,91.01
"=""EV 9409285PFC""",83.99,
"=""EV 9409186PFC""",92.99,
"=""EV 9409288PF""",216.99,
"=""EV 9409376PFC""",81.99,
"=""EV 9409183PFC""",92.99,103.22
"=""EV 9409239PFC""",105.99,
"=""EV 9409301PFC""",110.99,
"=""EV 9409255PFC""",91.99,
"=""EV 9409228PFC""",115.99,128.75
"=""EV 940162PFC""",82.99,
"=""EV 9409278PFC""",95.99,
"=""EV 9409181PFC""",86.99,
"=""EV 9409182PFC""",83.99,
"=""EV 9409330PFC""",99.99,
"=""EV 9409358PFC""",92.99,103.22
"=""EV 940104PFC""",100.99,
"=""EV 9409344PF""",621.99,
"=""EV 9409343PFC""",106.99,
"=""EV 9409264PFC""",83.99,
"=""EV 9409315PFC""",109.99,
"=""EV 9409270PFC""",109.99,
"=""EV 9409374PFC""",89.99,99.89
"=""EV 9409366PFC""",109.99,
"=""EV 9409250PFC""",107.99,
"=""EV 9409276PFC""",85.99,95.45
"=""EV 9409275PFC""",131.99,
"=""EV 9409243PFC""",114.99,127.64
"=""EV 9409244PFC""",74.99,
"=""EV 9409289PFC""",96.99,
"=""EV 9409365PFC""",84.99,
"=""EV 9409286PFC""",93.99,
"=""EV 9409316PFC""",78.99,87.68
"=""EV 9409306PFC""",113.99,
"=""EV 9409266PFC""",96.99,107.66
"=""EV 940161PFC""",79.99,
"=""EV 9409326PFC""",79.99,
"=""EV 9409334PFC""",83.99,93.23
"=""EV 9409368PFC""",79.99,
"=""EV 9409341PFC""",79.99,
"=""EV 9409351PFC""",103.99,
"=""EV 9409307PFC""",80.99,
"=""EV 6153PF""",1001.99,
"=""EV 2628""",278.99,
"=""EV 9409268PF""",969.99,
"=""EV 9409231PFC""",109.99,
"=""EV 9409350PFC""",102.99,
"=""EV 9409277PFC""",89.99,99.89
"=""EV 9409305PFC""",83.99,
"=""EV 9409265PFC""",80.99,
"=""EV 9409499PF""",453.99,
"=""EV 9409359PFC""",162.99,
"=""EV 9409332PFC""",79.99,
"=""EV 9409329PFC""",111.99,
"=""EV 9409371PFC""",76.99,
"=""EV 9409314PFC""",109.99,
"=""EV 9409328PFC""",84.99,
"=""EV 9409364PFC""",136.99,152.06
"=""EV 9409360PFC""",92.99,
"=""EV 9409200C""",314.99,
"=""EV 6203PF""",363.99,
"=""EV 0002""",666.99,
"=""EV 6273PF""",985.99,
"=""EV 6225PF""",835.99,
"=""EV 6264PF""",1001.99,
"=""EV 6176PF""",952.99,
"=""EV 6339PF""",450.99,
"=""EV 0136PFC""",114.99,
"=""EV 6261PF""",819.99,
"=""EV 3600AC""",108.99,
"=""EV 10107AC""",93.99,
"=""EV 7991""",158.99,
"=""EV 4820PF""",195.99,
"=""EV 4200A""",220.99,
"=""EV 3250AC""",108.99,
"=""EV 3405AC""",93.99,
"=""EV 3000AC""",108.99,
"=""EV 3701AC""",102.99,
"=""EV 5900""",219.99,
"=""EV 939903PF""",418.99,
"=""EV 2725A""",230.99,
"=""EV 3700AC""",105.99,
"=""EV 4002AC""",107.99,
"=""EV 4020AT""",151.99,
"=""EV 2500PFC""",82.99,
"=""EV 6667PF""",197.99,
"=""EV 3810AC""",71.99,
"=""EV 6621PFXC""",108.99,
"=""EV 0123PFC""",82.99,
"=""EV 2732PFC""",88.99,
"=""EV 61J10AC""",93.99,
"=""EV 5510AC""",108.99,
"=""EV 939913PFXC""",100.99,
"=""EV 3513A""",130.99,
"=""EV 3639PFC""",103.99,
"=""EV 4445PF""",199.99,
"=""EV 3271PFXC""",101.99,
"=""EV 0151PF""",1516.99,
"=""EV 9409194C""",288.99,
"=""EV 9409224C""",187.99,
"=""EV 7994""",256.99,
"=""EV 4177ATC""",169.99,
"=""EV 0113AC""",102.99,
"=""EV 940171PF""",541.99,
"=""EV 61P10AC""",93.99,
"=""EV 3273PFC""",104.99,
"=""EV 0199A""",147.99,
"=""EV 4301PFC""",85.99,
"=""EV 939841PF""",193.99,
"=""EV 2734PFC""",85.99,
"=""EV 6678PFXC""",82.99,
"=""EV 9409208""",2818.99,
"=""EV 6677PFXC""",85.99,
"=""EV 4304PFC""",115.99,
"=""EV 59G05AC""",66.99,
"=""EV 61520PFC""",104.99,
"=""EV 4448PF""",180.99,
"=""EV 5497AC""",114.99,
"=""EV 2450PFC""",80.99,
"=""EV 0156PFC""",85.99,
"=""EV 939555PFC""",109.99,
"=""EV 5520PFC""",111.99,
"=""EV 0150PFC""",82.99,
"=""EV 0159PFXC""",73.99,
"=""EV 0155PFC""",114.99,
"=""EV 7997PFXC""",63.99,
"=""EV 6959PFC""",99.99,
"=""EV 940163PFC""",172.99,
"=""EV 939553PF""",227.99,
"=""EV 939638AC""",106.99,
"=""EV 3279PFXC""",98.99,
"=""EV 939633PFC""",104.99,
"=""EV 9409251PFC""",80.99,
"=""EV 940111PF""",538.99,
"=""EV 6699PF""",165.99,
"=""EV 9409342PFC""",105.99,
"=""EV 939567PFC""",85.99,
"=""EV 9409393PF""",546.99,
"=""EV 5325AT""",189.99,
"=""EV 9409192PFC""",79.99,
"=""EV 9409209""",1632.99,
"=""EV 940178C""",255.99,
"=""EV 9409369PF""",2478.99,
"=""EV 9409211""",903.99,
"=""EV 9409190C""",209.99,
"=""EV 71-8101""",444.99,
"=""EV 939551PFC""",99.99,
"=""EV 9409213""",1570.99,
"=""EV 9409207""",849.99,
"=""EV 9409215C""",267.99,305.99
"=""EV 940059PF""",827.99,
"=""EV 9409317PF""",707.99,
"=""EV 9409210""",903.99,
"=""EV 9409347PF""",1021.99,
"=""EV 9409206PFC""",72.99,
"=""EV 940164PFC""",229.99,
"=""EV 9409357PFC""",241.99,
"=""EV 9409212""",1590.99,
"=""EV 9409189C""",214.99,
"=""EV 9409177PF""",444.99,
"=""EV 9409261""",1001.99,
"=""EV 9409260PFC""",114.99,
"=""EV 940103PF""",1523.99,
"=""EV 940014PFC""",100.99,
"=""EV 9409173C""",284.99,
"=""EV 9409257PF""",707.99,
"=""EV 939629PFC""",96.99,
"=""EV 939639PFXC""",105.99,
"=""EV 5321ATC""",144.99,
"=""EX 529503C""",38.99,
"=""EX 10138C""",31.99,
"=""EX 10260C""",32.99,
"=""EX 5891C""",32.99,
"=""EX 10396C""",43.99,
"=""EX 10325C""",32.99,
"=""EX 10395C""",30.99,
"=""EX 529512C""",38.99,
"=""EX 10159C""",29.99,
"=""EX 10655C""",36.99,
"=""EX 10432C""",30.99,
"=""EX 10219C""",32.99,
"=""EX 10682C""",36.99,
"=""EX 10398C""",32.99,36.62
"=""EX 5899C""",18.99,
"=""EX 10149C""",30.99,
"=""EX 10108C""",32.99,
"=""EX 10117C""",31.99,
"=""EX 10342C""",32.99,
"=""EX 10538C""",49.99,
"=""EX 10308C""",30.99,
"=""EX 529474C""",35.99,39.95
"=""EX 10420C""",37.99,
"=""EX 10512C""",86.99,
"=""EX 10560C""",92.99,103.22
"=""EX 10518C""",61.99,
"=""EX 10706C""",36.99,
"=""EX 10363C""",18.99,
"=""EX 10511C""",76.99,85.46
"=""EX 10574C""",45.99,51.05
"=""EX 10222C""",32.99,
"=""EX 10609C""",39.99,
"=""EX 10334C""",96.99,107.66
"=""EX 529492C""",36.99,41.06
"=""EX 10517C""",61.99,
"=""EX 10372C""",35.99,39.95
"=""EX 10380C""",18.99,
"=""EX 10572C""",40.99,
"=""EX 9747C""",32.99,
"=""EX 10450C""",34.99,38.84
"=""EX 529497C""",35.99,
"=""EX 9769C""",33.99,
"=""EX 10542C""",96.99,107.66
"=""EX 10516C""",93.99,
"=""EX 10570C""",34.99,
"=""EX 9782C""",36.99,
"=""EX 9731C""",33.99,
"=""EX 10455C""",29.99,
"=""EX 10520C""",92.99,103.22
"=""EX 10628C""",38.99,43.28
"=""EX 10478C""",80.99,
"=""EX 529508C""",35.99,
"=""EX 10745C""",86.99,96.56
"=""EX 10744C""",63.99,
"=""EX 10559C""",88.99,
"=""EX 10636C""",97.99,108.77
"=""EX 529511C""",35.99,
"=""EX 10598C""",51.99,
"=""EX 10425C""",30.99,
"=""EX 10645C""",33.99,
"=""EX 9772C""",30.99,
"=""EX 9781C""",55.99,62.15
"=""EX 10556C""",35.99,
"=""EX 10691C""",37.99,
"=""EX 10633C""",110.99,123.20
"=""EX 10567C""",39.99,
"=""EX 10670C""",38.99,
"=""EX 10591C""",34.99,
"=""EX 10652C""",37.99,42.17
"=""EX 10476C""",94.99,105.44
"=""EX 529513C""",50.99,
"=""EX 10357C""",18.99,
"=""EX 33411C""",22.99,25.52
"=""EX 529453C""",33.99,
"=""EX 10305C""",39.99,
"=""EX 10168C""",30.99,
"=""EX 10381C""",38.99,
"=""EX 10540SC""",21.99,
"=""EX 529468C""",30.99,
"=""EX 10383C""",34.99,
"=""EX 10515C""",94.99,
"=""EX 10451C""",42.99,47.72
"=""EX 10151C""",36.99,
"=""EX 10096C""",28.99,
"=""EX 529454PC""",35.99,
"=""EX 9720C""",35.99,
"=""EX 10182C""",30.99,
"=""EX 10552""",107.99,
"=""EX 529501C""",32.99,
"=""EX 529471C""",32.99,
"=""EX 10339C""",32.99,36.62
"=""EX 10155C""",39.99,
"=""EX 10490C""",107.99,119.87
"=""EX 1229C""",46.99,
"=""EX 9719C""",29.99,
"=""EX 10539C""",34.99,
"=""EX 9753C""",36.99,
"=""EX 9775C""",39.99,
"=""EX 529472C""",33.99,
"=""EX 10298C""",34.99,
"=""EX 10139C""",35.99,
"=""EX 10421C""",36.99,
"=""EX 10344C""",29.99,
"=""EX 10419C""",91.99,102.11
"=""EX 10485C""",104.99,116.54
"=""EX 9760C""",30.99,
"=""EX 10230C""",30.99,
"=""EX 10280C""",34.99,
"=""EX 10679C""",37.99,
"=""EX 10756C""",34.99,
"=""EX 10577C""",91.99,102.11
"=""EX 10744""",244.99,
"=""EX 10510C""",94.99,105.44
"=""EX 10769C""",75.99,
"=""EX 10741C""",37.99,
"=""EX 10475C""",76.99,
"=""EX 529507C""",38.99,43.28
"=""EX 10489C""",75.99,
"=""EX 10492C""",31.99,35.51
"=""EX 10558C""",89.99,99.89
"=""EX 10732C""",31.99,
"=""EX 10463C""",34.99,
"=""EX 10586C""",37.99,
"=""EX 529504C""",104.99,
"=""EX 10337C""",87.99,97.67
"=""EX 10504C""",30.99,
"=""EX 10600C""",34.99,
"=""EX 10672C""",44.99,
"=""EX 10700C""",40.99,
"=""EX 10669C""",35.99,
"=""EX 10770C""",75.99,
"=""EX 10597C""",41.99,46.61
"=""EX 10405C""",31.99,
"=""EX 10627C""",33.99,
"=""EX 10835C""",75.99,
"=""EX 10772C""",75.99,
"=""EX 10656C""",43.99,
"=""EX 10438C""",29.99,
"=""EX 10678C""",35.99,
"=""EX 10651C""",41.99,
"=""EX 10593C""",46.99,
"=""EX 10699""",93.99,
"=""EX 10675C""",42.99,
"=""EX 10765C""",75.99,
"=""EX 10684C""",34.99,
"=""EX 10671C""",37.99,
"=""EX 10667C""",36.99,
"=""EX 10764C""",75.99,
"=""EX 10836C""",75.99,
"=""EX 10695C""",39.99,44.39
"=""EX 10626""",59.99,
"=""EX 10725C""",38.99,
"=""EX 10717C""",40.99,
"=""EX 10657C""",37.99,42.17
"=""EX 10658C""",36.99,41.06
"=""EX 10825C""",37.99,
"=""EX 10704C""",37.99,
"=""EX 10747C""",45.99,
"=""EX 10502C""",35.99,
"=""EX 10666C""",29.99,
"=""EX 9789C""",36.99,41.06
"=""EX 10728C""",41.99,46.61
"=""EX 10681C""",40.99,45.50
"=""EX 10708C""",36.99,
"=""EX 10522C""",78.99,
"=""EX 10731C""",39.99,
"=""EX 10757C""",37.99,
"=""EX 10654C""",36.99,41.06
"=""EX 10663C""",46.99,52.16
"=""EX 10721C""",40.99,45.50
"=""EX 10687C""",46.99,
"=""EX 10698C""",36.99,
"=""EX 10488C""",88.99,98.78
"=""EX 10726C""",35.99,39.95
"=""EX 529509C""",35.99,
"=""EX 10834C""",75.99,
"=""EX 10753C""",74.99,
"=""EX 10564C""",29.99,
"=""EX 10748C""",103.99,115.43
"=""EX 10703C""",37.99,
"=""EX 10751C""",32.99,
"=""EX 10754C""",75.99,
"=""EX 10710C""",42.99,
"=""EX 10677C""",39.99,
"=""EX 10718C""",33.99,37.73
"=""EX 10749C""",35.99,
"=""EX 10742C""",31.99,
"=""EX 10498C""",27.99,
"=""EX 10686C""",37.99,
"=""EX 10752C""",33.99,
"=""EX 9727C""",41.99,
"=""EX 6041C""",38.99,
"=""EX 9713C""",33.99,
"=""EX 10393""",211.99,
"=""EX 6046C""",33.99,
"=""EX 9433MSC""",29.99,
"=""EX 529455C""",33.99,
"=""EX 1238C""",90.99,
"=""EX 9419C""",33.99,
"=""EX 329433C""",36.99,
"=""EX 7012C""",33.99,
"=""EX 10244C""",35.99,39.95
"=""EX 10048C""",36.99,
"=""EX 5428C""",24.99,
"=""EX 10040C""",39.99,44.39
"=""EX 10555C""",39.99,
"=""EX 10267C""",34.99,
"=""EX 10106C""",46.99,
"=""EX 10173C""",46.99,52.16
"=""EX 10277C""",54.99,
"=""EX 10317C""",32.99,
"=""EX 10366C""",36.99,41.06
"=""EX 9425C""",38.99,
"=""EX 10259C""",38.99,
"=""EX 10286C""",45.99,
"=""EX 10204C""",37.99,
"=""EX 9761C""",59.99,
"=""EX 10583C""",30.99,
"=""EX 10712C""",39.99,44.39
"=""EX 10746C""",37.99,42.17
"=""EX 10707C""",41.99,
"=""EX 10735C""",43.99,
"=""EX 10322C""",57.99,
"=""EX 5436C""",44.99,
"=""EX 10537C""",47.99,53.27
"=""EX 5592C""",39.99,
"=""EX 10003C""",46.99,52.16
"=""EX 9729C""",23.99,
"=""EX 9726C""",35.99,
"=""EX 10101C""",38.99,43.28
"=""EX 10088C""",35.99,
"=""EX 529517C""",37.99,
"=""EX 10287C""",55.99,
"=""EX 2301C""",32.99,
"=""EX 10080C""",36.99,
"=""EX 10197C""",38.99,
"=""EX 5596C""",24.99,
"=""EX 7423PC""",45.99,
"=""EX 10137C""",45.99,
"=""EX 5653C""",18.99,
"=""EX 10269C""",30.99,
"=""EX 7414PC""",29.99,
"=""EX 9739C""",49.99,55.49
"=""EX 10118C""",32.99,
"=""EX 10145C""",31.99,
"=""EX 10113C""",31.99,
"=""EX 10213C""",30.99,
"=""EX 10165C""",18.99,
"=""EX 31134C""",18.99,
"=""EX 10211C""",36.99,
"=""EX 10603""",165.99,
"=""EX 9461C""",35.99,
"=""EX 10647""",129.99,
"=""EX 9415C""",37.99,
"=""EX 1232C""",54.99,
"=""EX 10730C""",40.99,45.50
"=""EX 5681C""",31.99,
"=""EX 10051C""",36.99,
"=""HT 2162C""",83.99,
"=""14-2817NIP""",605.99,757.99
"=""KT 4724""",456.99,761.99
"=""RA 83C""",145.99,
"=""RA 2434C""",112.99,125.42
"=""HT 2256C""",96.99,
"=""RA 2795C""",117.99,130.97
"=""RA 2984C""",159.99,
"=""RA 2780C""",113.99,
"=""RA 2147C""",106.99,118.76
"=""RA 2962C""",150.99,167.60
"=""59-0248""",77.99,86.57
"=""RA 2375C""",102.99,114.32
"=""OR2197""",177.99,197.57
"=""RA 2354C""",100.99,112.10
"=""KT 1298A""",427.99,713.99
"=""HT 399959C""",88.99,98.78
"=""18-2104""",32.99,
"=""RA 2580C""",116.99,
"=""LR1571""",125.99,139.85
"=""RA 13333C""",94.99,
"=""RA 2090C""",140.99,
"=""OR165""",400.99,
"=""RA 13084C""",90.99,
"=""RA 2817C""",104.99,114.99
"=""17-2103""",32.99,36.62
"=""KT 6019""",373.99,623.99
"=""RA 13152C""",128.99,143.18
"=""RA 2710C""",112.99,
"=""RA 2336C""",135.99,150.95
"=""RA 13251C""",153.99,170.93
"=""RA 581C""",172.99,
"=""RA 2222C""",110.99,
"=""RA 13393C""",130.99,
"=""RA 2455C""",110.99,123.20
"=""KT 5434A""",457.99,763.99
"=""RA 13247C""",101.99,
"=""KT 5028B""",488.99,814.99
"=""RA 2950C""",101.99,
"=""RA 2198C""",114.99,127.64
"=""RA 1424C""",194.99,216.44
"=""KT 5722A""",507.99,846.99
"=""RA 2841C""",180.99,200.90
"=""RA 1752C""",90.99,101.00
"=""RA 2311C""",117.99,
"=""RA 2645C""",215.99,
"=""OR2862""",127.99,142.07
"=""RA 1722C""",133.99,
"=""RA 13454C""",122.99,
"=""RA 2292C""",116.99,129.86
"=""HT 2163C""",49.99,55.49
"=""RA 13529C""",112.99,125.42
"=""KT 2108A""",385.99,643.99
"=""KT 2068A""",447.99,746.99
"=""14-2821NC""",1109.99,1387.99
"=""KT 4727A""",462.99,771.99
"=""KT 4099""",355.99,593.99
"=""LR2541""",109.99,122.09
"=""RA 1555C""",191.00,
"=""HT 2263C""",113.99,
"=""RA 13303C""",112.99,125.42
"=""KT 1954""",343.99,573.99
"=""RA 1166C""",575.99,
"=""RA 1486C""",117.99,
"=""HT 399995C""",109.99,122.09
"=""RA 2376C""",139.99,
"=""RA 1909C""",104.99,116.54
"=""18-2110""",33.99,
"=""RA 2968C""",95.99,106.55
"=""LR1704""",101.99,
"=""RA 2680C""",139.99,155.39
"=""59-0253""",85.99,95.45
"=""RA 2985C""",133.99,
"=""LR1851""",126.99,140.96
"=""RA 13346C""",114.99,127.64
"=""KT 1314A""",507.99,846.99
"=""RA 13064C""",119.99,
"=""HT 2259C""",101.99,
"=""KT 4821""",381.99,636.99
"=""RA 897C""",90.99,
"=""17-2111""",30.99,34.40
"=""RA 2436C""",106.99,
"=""RA 2584C""",125.99,139.85
"=""RA 2712C""",156.99,174.26
"=""RA 2796C""",175.99,
"=""RA 2781C""",189.99,210.89
"=""RA 13097C""",106.99,118.76
"=""59-0315""",76.99,85.46
"=""17-2640""",33.99,37.73
"=""14-22369GM""",207.99,
"=""17-2760A""",37.99,42.17
"=""17-2718""",45.99,
"=""14-0348NEW""",217.99,
"=""18-2253""",35.99,
"=""14-2991NC""",550.00,687.99
"=""14-22288""",255.90,284.05
"=""18-0335""",33.99,
"=""14-1092NC""",353.99,
"=""14-3031NEW""",230.99,
"=""18-0172""",32.99,
"=""17-0223""",50.99,
"=""14-20754""",328.99,
"=""18-0296""",31.99,
"=""14-0123NEW""",145.99,
"=""18-0275""",31.99,
"=""30024""",82.99,
"=""14-0255NC""",500.00,625.99
"=""14-0237NEW""",220.99,265.00
"=""17-0087""",44.99,49.94
"=""2208-015""",402.99,
"=""17-0200""",44.99,49.94
"=""59-2390""",110.99,
"=""17-2873""",36.99,41.06
"=""17-1154""",39.99,
"=""17-2801""",34.99,38.84
"=""14-2952NC""",589.99,737.99
"=""17-2641""",31.99,35.51
"=""17-2850""",40.99,
"=""14-23390NEW""",479.99,
"=""17-2784""",42.99,
"=""17-3111""",63.99,
"=""14-0770NIP""",1099.99,1374.99
"=""14-0081NC""",350.99,438.99
"=""18-0239""",28.99,
"=""17-2523""",39.99,44.39
"=""17-2441""",34.99,
"=""14-0357NEW""",210.99,
"=""14-0209NC""",394.99,
"=""17-2494""",34.99,38.84
"=""17-2721""",34.99,
"=""14-20940GM""",338.99,423.99
"=""14-0130NIP""",326.99,
"=""17-0236""",34.99,38.84
"=""14-0259NIP""",299.99,374.99
"=""18-2262""",34.99,
"=""14-0387NEW""",745.99,
"=""14-3167NC""",703.99,879.99
"=""14-0244NC""",450.00,562.99
"=""17-2276""",33.99,
"=""18-0337""",33.99,
"=""14-0714NC""",400.00,500.99
"=""2209-001""",331.99,368.51
"=""5000-002""",213.99,
"=""17-2805""",36.99,
"=""59-2392""",85.99,
"=""17-2903""",36.99,
"=""14-0049NIP""",395.99,494.99
"=""17-2860""",40.99,45.50
"=""18-0240""",31.99,
"=""14-0214NIP""",333.99,
"=""17-2879""",47.99,53.27
"=""17-2547""",36.99,41.06
"=""17-2677""",30.99,34.40
"=""17-3115""",32.99,36.62
"=""14-2685NC""",595.99,744.99
"=""14-0088NC""",327.99,
"=""14-0132NEW""",208.99,
"=""14-2435NIP""",733.99,917.99
"=""14-3532NC""",579.99,724.99
"=""14-20940NEW""",182.99,
"=""17-2788""",39.99,
"=""17-2499""",28.99,32.18
"=""17-2289""",32.99,36.62
"=""17-2445""",37.99,42.17
"=""14-3015""",429.99,
"=""14-0405NEW""",199.99,
"=""18-2263""",31.99,
"=""14-1266NC""",350.00,437.99
"=""14-0244NIP""",903.99,1129.99
"=""59-2408""",84.99,94.34
"=""5000-016""",68.99,76.58
"=""17-2811""",33.99,
"=""14-0275NEW""",245.99,
"=""18-0339""",29.99,
"=""14-0722NC""",515.99,
"=""14-0828NIP""",1031.99,1289.99
"=""17-2549""",30.99,34.40
"=""2209-006""",374.99,416.24
"=""14-0193""",492.99,
"=""14-2958NIP""",344.99,427.99
"=""14-0097GM""",128.99,
"=""17-2881""",49.99,55.49
"=""17-2862""",38.99,43.28
"=""17-3115A""",36.99,
"=""17-2904""",36.99,41.06
"=""14-0052NC""",279.99,358.99
"=""18-0244""",34.99,
"=""17-2500""",98.99,
"=""17-2708""",38.99,43.28
"=""17-2789""",46.99,
"=""17-2312""",38.99,43.28
"=""17-2555""",32.99,36.62
"=""14-0410GM""",377.99,
"=""17-2446""",41.99,46.61
"=""18-2264""",30.99,
"=""14-0831NIP""",1217.99,1522.99
"=""17-2812""",34.99,38.84
"=""18-0247""",39.99,
"=""17-2863""",37.99,42.17
"=""17-2884""",29.99,33.29
"=""17-2504""",35.99,
"=""17-2910""",37.99,
"=""17-3116""",53.99,
"=""17-2325""",35.99,39.95
"=""17-2557""",30.99,34.40
"=""17-2448""",33.99,37.73
"=""17-2820""",35.99,
"=""17-2519""",37.99,
"=""17-2922""",28.99,32.18
"=""18-0248""",30.99,
"=""14-0111NEW""",525.99,
"=""17-2901""",31.99,
"=""17-2871""",38.99,43.28
"=""17-3552""",49.99,
"=""17-2449""",34.99,38.84
"=""13015""",106.99,
"=""17-2335""",31.99,35.51
"=""17-2930""",32.99,36.62
"=""14-0433NC""",259.90,288.49
"=""14-0980NC""",1105.99,1382.99
"=""17-0020""",39.99,
"=""14-SD8003NEW""",433.99,
"=""14-3564NEW""",471.99,
"=""17-2453""",26.99,
"=""13026""",102.99,114.32
"=""17-2159""",33.99,37.73
"=""14-0983NIP""",1171.99,1464.99
"=""17-0022""",46.99,
"=""14-SD9103NEW""",134.99,
"=""17-2460A""",38.99,43.28
"=""14-3711NC""",673.99,842.99
"=""14-0440NEW""",195.99,
"=""14-0990NEW""",344.99,
"=""17-2170""",35.99,39.95
"=""13080""",198.99,220.88
"=""14-SD9285NEW""",149.99,
"=""17-2477""",39.99,44.39
"=""17-0024""",53.99,
"=""14-0444NC""",257.99,316.99
"=""17-0932""",21.99,
"=""14-20179GM""",246.99,
"=""17-0017""",41.99,
"=""14-1012""",281.99,
"=""14-0068""",332.99,
"=""17-2176""",33.99,37.73
"=""17-2483""",43.99,
"=""17-0028""",36.99,
"=""KIT DS104075+CN 20000XC+DS630010""",299.99,399.99
"=""KIT DS104075+CN 70027C+30-0125+DS720028""",799.99,899.99
"=""KIT 02 DS105138+DS540062+30-0133""",899.99,1099.99
"=""KIT 01 DS105138+DS540062+30-0133""",999.99,1099.99
"=""DS105139""",249.99,299.99
"=""DS105137""",335.99,399.99
"=""14-10006NEW""",335.99,349.99
"=""KIT 0001 (12V) + 14-10006NEW + DS540062""",799.99,1099.99
"=""KIT 0001 (12V) + 14-10006NEW + 30-0120HC""",899.99,1099.99
"=""DS104075""",139.99,139.99
"=""DS145032""",161.99,179.99
"=""17-2927""",34.99,
"=""""",7.00,12.99
"=""SHIPPROT""",7.99,
"=""LFTWRTY""",99.00,249.99
"=""CN 22308PFC + 43-MT3012""",211.99,
"=""14-SD4095NC""",320.99,335.99
"=""14-3134NC""",399.99,
"=""14-1260NEW+G3976S""",339.99,
"=""14-0761NEW+G3995S+17-0202""",556.99,
"=""14-0761NEW+G3995S""",556.99,
"=""14-0864NEW+G4214S""",429.99,
"=""14-0587NEW+G4283S""",419.99,
"=""14-21127NEW+G4953S+17-0012""",319.99,
"=""14-21127NEW+G4953S""",319.99,
"=""14-0918NEW+G4953S""",549.99,
"=""14-0919NEW+G4128S""",497.99,
"=""14-1110NEW+G4299S""",513.99,
"=""14-4474NEW+G4689S""",449.99,
"=""14-4472NEW+G3975S""",379.99,699.99
"=""14-1299NEW+G4689S""",486.99,
"=""14-0910NEW+G4299S""",505.99,
"=""14-0326NEW+G3618S""",359.99,
"=""14-0220NEW+G3855S""",329.99,
"=""14-1113NEW+G3897S""",593.99,
"=""CM6TFCY""",1999.99,2499.99
"=""GA 4504-KTC""",28.99,
"=""AR8241""",1421.99,
"=""AR8240""",2214.99,
"=""AR8105""",785.99,
"=""AR8100""",892.99,
"=""AR7200""",1178.99,
"=""AR8108""",750.99,
"=""AR8260""",1500.99,
"=""AR8103""",1164.99,
"=""AR8860""",850.99,
"=""AR7502""",1392.99,
"=""AR8265""",1607.99,
"=""AR8280""",1707.99,
"=""AR8106""",992.99,
"=""AR8242""",1678.99,
"=""AR8245""",1135.99,
"=""AR8210""",1642.99,
"=""AR8225""",1564.99,
"=""AR9002""",678.99,
"=""AR9052""",278.99,
"=""AR8235""",1821.99,
"=""AR9020""",435.99,
"=""AR8275""",1711.99,
"=""AR9055""",264.99,
"=""AR9000""",371.99,
"=""AR8250""",1214.99,
"=""AR9003""",1214.99,
"=""AR9059""",250.99,
"=""AR9004""",657.99,
"=""AR8255""",1785.99,
"=""AR9061""",250.99,
"=""AR8278""",1464.99,
"=""AR8890""",785.99,
"=""AR9051""",257.99,
"=""AR9065""",321.99,
"=""AR9064""",250.99,
"=""AR9054""",292.99,
"=""AR9001""",564.99,
"=""AR9066""",321.99,
"=""AR9068""",150.99,
"=""AR9005""",1357.99,
"=""AR9070""",150.99,
"=""AR9053""",278.99,
"=""AR9300""",535.99,
"=""AR9303""",607.99,
"=""AR9072""",300.99,
"=""AR9057""",250.99,
"=""AR9304""",1121.99,
"=""AR9308""",892.99,
"=""AR9060""",221.99,
"=""AR9062""",214.99,
"=""AR9071""",140.99,
"=""AR9310""",835.99,
"=""AR9067""",321.99,
"=""AR9315""",928.99,
"=""AR9306""",664.99,
"=""AR9307""",500.99,
"=""AR9309""",607.99,
"=""AR9325""",378.99,
"=""AR9323""",1071.99,
"=""AR9329""",371.99,
"=""AR9319""",964.99,
"=""AR9331""",799.99,
"=""AR9351""",914.99,
"=""IR02013""",3928.99,
"=""AR9815""",421.99,
"=""IR02459""",1321.99,
"=""IR02462""",1321.99,
"=""IR02012""",1892.99,
"=""IR02464""",992.99,
"=""IR02468""",2350.99,
"=""IR16022""",500.99,
"=""AR9056""",250.99,
"=""AR9063""",250.99,
"=""AR9069""",214.99,
"=""AR9313""",992.99,
"=""AR9311""",671.99,
"=""AR9320""",1500.99,
"=""AR9314""",878.99,
"=""AR9302""",642.99,
"=""AR9312""",1007.99,
"=""AR9317""",964.99,
"=""AR9327""",607.99,
"=""AR9316""",750.99,
"=""AR9330""",564.99,
"=""AR9332""",850.99,
"=""AR9322""",1135.99,
"=""AR9328""",750.99,
"=""AR9339""",749.99,
"=""AR93281""",535.99,
"=""AR9335""",1421.99,
"=""AR9326""",892.99,
"=""AR9318""",1035.99,
"=""AR9350""",1307.99,
"=""AR9800""",864.99,
"=""AR9333""",514.99,
"=""AR9352""",550.99,
"=""AR9340""",692.99,
"=""IR02015""",1785.99,
"=""AR9353""",930.99,
"=""IR02460""",5500.99,
"=""IR02011""",2564.99,
"=""IR02466""",2214.99,
"=""IR16020""",664.99,
"=""IR02014""",1814.99,
"=""IR26083""",464.99,
"=""IR24046""",2564.99,
"=""IR16021""",564.99,
"=""IR16023""",535.99,
"=""IR26085""",421.99,
"=""IR16282""",821.99,
"=""IR24045""",3285.99,
"=""IR26270""",850.99,
"=""IR26087""",750.99,
"=""IR26076""",821.99,
"=""IR26082""",464.99,
"=""IR26093""",807.99,
"=""IR26081""",464.99,
"=""IR26092""",1135.99,
"=""IR26078""",664.99,
"=""IR26079""",850.99,
"=""IR26278""",578.99,
"=""IR26084""",421.99,
"=""IR26094""",750.99,
"=""IR26297""",1135.99,
"=""IR26213""",707.99,
"=""IR26123""",864.99,
"=""IR26086""",388.99,
"=""IR26269""",785.99,
"=""IR26274""",964.99,
"=""IR26091""",750.99,
"=""IR26277""",500.99,
"=""IR26299""",707.99,
"=""IR26095""",892.99,
"=""IR32017""",5707.99,
"=""IR26316""",1200.99,
"=""IR26215""",607.99,
"=""IR32016""",4992.99,
"=""IR32023""",4278.99,
"=""IR26276""",992.99,
"=""IR26279""",1378.99,
"=""IR26318""",1207.99,
"=""IR32029""",3564.99,
"=""IR32028""",5278.99,
"=""IR26296""",992.99,
"=""IR26310""",892.99,
"=""IR32019""",14421.99,
"=""IR26280""",992.99,
"=""IR26290""",642.99,
"=""IR32027""",5000.99,
"=""IR32049""",1992.99,
"=""IR32050""",3707.99,
"=""IR32026""",4421.99,
"=""IR32052""",1992.99,
"=""IR32061""",1135.99,
"=""IR32062""",1214.99,
"=""IR32034""",2850.99,
"=""IR32031""",3035.99,
"=""IR32048""",3071.99,
"=""IR36034""",642.99,
"=""IR36035""",478.99,
"=""IR32051""",3564.99,
"=""IR36036""",850.99,
"=""IR36039""",785.99,
"=""IR36047""",707.99,
"=""IR36049""",678.99,
"=""IR36050""",607.99,
"=""IR46176""",707.99,
"=""IR46111""",928.99,
"=""IR46110""",628.99,
"=""IR46239""",421.99,
"=""IR55961""",714.99,
"=""IR32018""",11421.99,
"=""IR32022""",8564.99,
"=""IR32021""",4135.99,
"=""IR32024""",6564.99,
"=""IR32037""",1678.99,
"=""IR36031""",495.90,550.45
"=""IR32036""",1992.99,
"=""IR32032""",2135.99,
"=""IR36010""",642.99,
"=""IR32066""",2500.99,
"=""IR32033""",2500.99,
"=""IR36026""",928.99,
"=""IR36032""",378.99,
"=""IR32035""",2278.99,
"=""IR36027""",992.99,
"=""IR36033""",578.99,
"=""IR36045""",614.99,
"=""IR36048""",664.99,
"=""IR36056""",1421.99,
"=""IR36046""",664.99,
"=""IR46240""",421.99,
"=""IR46103""",535.99,
"=""IR36139""",607.99,
"=""IR36043""",1035.99,
"=""IR46109""",785.99,
"=""IR55981""",664.99,
"=""IR56113""",564.99,
"=""IR36221""",750.99,
"=""IR36220""",464.99,
"=""IR46235""",428.99,
"=""IR46107""",621.99,
"=""IR46106""",635.99,
"=""IR5962""",1035.99,
"=""IR5966""",521.99,
"=""IR5971""",357.99,
"=""IR55998""",1321.99,
"=""IR55984""",1185.99,
"=""IR46313""",1214.99,
"=""IR5970""",357.99,
"=""IR46236""",821.99,
"=""IR5965""",850.99,
"=""IR5992""",1357.99,
"=""IR55960""",892.99,
"=""IR55959""",875.99,
"=""IR5967""",585.99,
"=""IR56117""",535.99,
"=""IR66059""",707.99,
"=""IR66012""",914.99,
"=""IR56114""",564.99,
"=""IR5979""",1178.99,
"=""IR56137""",564.99,
"=""IR5983""",1421.99,
"=""IR5984""",3000.99,
"=""IR66072""",478.99,
"=""IR66067""",1321.99,
"=""IR5994""",535.99,
"=""IR6000""",1321.99,
"=""IR5991""",642.99,
"=""IR66058""",750.99,
"=""IR66248""",471.99,
"=""IR66065""",850.99,
"=""IR66011""",892.99,
"=""IR81132""",2785.99,
"=""IR66061""",750.99,
"=""IR66062""",928.99,
"=""IR66075""",464.99,
"=""IR66152""",964.99,
"=""IR66063""",750.99,
"=""RC5904""",514.99,
"=""RC5900""",507.99,
"=""IR66066""",750.99,
"=""IR66249""",357.99,
"=""IR76271""",1464.99,
"=""IR66188""",785.99,
"=""IR76273""",892.99,
"=""IR66073""",514.99,
"=""RC5919""",421.99,
"=""IR81062""",1278.99,
"=""IR81131""",1928.99,
"=""RC5940""",500.99,
"=""IR81167""",1564.99,
"=""IR76272""",1850.99,
"=""RC5910""",478.99,
"=""RC5915""",535.99,
"=""IR81199""",1071.99,
"=""RC92079""",1350.99,
"=""RC5928""",585.99,
"=""RC5922""",714.99,
"=""RC92025""",678.99,
"=""RC92035""",721.99,
"=""RC92187""",764.99,
"=""RC92197""",850.99,
"=""RC92227""",914.99,
"=""RC92295""",464.99,
"=""RC92285""",1035.99,
"=""RC92347""",928.99,
"=""RC92357""",1264.99,
"=""RC92379""",850.99,
"=""TR2106""",1121.99,
"=""RC4809""",807.99,
"=""RC92015""",585.99,
"=""RC5916""",371.99,
"=""RC92045""",750.99,
"=""IR66128""",392.99,
"=""RC8900""",471.99,
"=""RC92089""",928.99,
"=""RC92005""",635.99,
"=""RC92135""",464.99,
"=""RC92097""",1042.99,
"=""RC5930""",585.99,
"=""RC92129""",2000.99,
"=""RC92145""",500.99,
"=""RC92177""",821.99,
"=""RC92069""",1464.99,
"=""RC92155""",514.99,
"=""RC92245""",535.99,
"=""RC92219""",1114.99,
"=""RC92259""",1185.99,
"=""TR0139""",728.99,
"=""RC92209""",992.99,
"=""RC92307""",1098.99,
"=""RC92235""",550.99,
"=""TR0006""",992.99,
"=""RC92265""",514.99,
"=""TR0323""",1071.99,
"=""TR0271""",1278.99,
"=""TR0456""",1057.99,
"=""TR2501""",992.99,
"=""TR1521""",521.99,
"=""TR2976""",357.99,
"=""TR0461""",850.99,
"=""TR7202""",785.99,
"=""RC92337""",1228.99,
"=""TR20001""",421.99,
"=""TR8500""",785.99,
"=""TR2124""",1135.99,
"=""TR8505""",1107.99,
"=""TR1226""",1321.99,
"=""TR1696""",328.99,
"=""TR2123""",1107.99,
"=""TR2507""",1192.99,
"=""TR8535""",1164.99,
"=""TR1544""",571.99,
"=""TR3254""",110.99,123.20
"=""TR8559""",1178.99,
"=""TR8560""",1371.99,
"=""TR7469""",850.99,
"=""TR3004""",278.99,
"=""TR2110""",950.99,
"=""TR8590""",1850.99,
"=""TR8610""",657.99,
"=""TR8506""",992.99,
"=""TR8602""",714.99,
"=""TR8562""",1642.99,
"=""TR8612""",992.99,
"=""TR8522""",928.99,
"=""TR8510""",992.99,
"=""TR8511""",1135.99,
"=""TR8613""",678.99,
"=""TR8619""",850.99,
"=""TR8566""",1642.99,
"=""TR8608""",1321.99,
"=""TR8550""",928.99,
"=""TR8600""",2642.99,
"=""TR8621""",978.99,
"=""TR8601""",2750.99,
"=""TR8623""",1214.99,
"=""TR8627""",864.99,
"=""TR8567""",1714.99,
"=""TR8575""",1299.99,
"=""TR8635""",1235.99,
"=""TR8639""",850.99,
"=""TR8606""",2392.99,
"=""TR8604""",821.99,
"=""TR8609""",964.99,
"=""TR8650""",1107.99,
"=""TR8654""",928.99,
"=""TR8634""",1392.99,
"=""TR8618""",878.99,
"=""TR8641""",1107.99,
"=""TR8633""",850.99,
"=""TR8659""",1278.99,
"=""TR8644""",1071.99,
"=""TR8671""",850.99,
"=""TR8669""",871.99,
"=""TR8676""",821.99,
"=""TR8683""",2707.99,
"=""TR8665""",950.99,
"=""TR8695""",892.99,
"=""TR8701""",1135.99,
"=""TR8705""",2285.99,
"=""TR8706""",2357.99,
"=""TR8718""",850.99,
"=""TR8715""",821.99,
"=""503-209""",185.99,
"=""59-7010AP""",207.99,
"=""451-1178""",214.99,
"=""501-260""",221.99,
"=""509-57153""",221.99,
"=""502-066""",221.99,
"=""502-051""",221.99,
"=""502-011""",235.99,
"=""503-280""",214.99,
"=""509-645""",221.99,
"=""503-1333""",250.99,
"=""502-155""",235.99,
"=""509-5773""",221.99,
"=""501-315""",235.99,
"=""502-056""",257.99,
"=""504-535""",250.99,
"=""501-287""",250.99,
"=""509-57843""",264.99,
"=""509-5713""",264.99,
"=""509-560-1""",235.99,
"=""59-2118AP""",264.99,
"=""59-7426AP""",214.99,
"=""59-2411AP""",264.99,
"=""509-6603""",264.99,
"=""509-3963""",264.99,
"=""59-6522AP""",264.99,
"=""501-257""",221.99,
"=""59-7427AP""",264.99,
"=""501-292""",235.99,
"=""502-036""",228.99,
"=""59-8142AP""",264.99,
"=""59-2117AP""",264.99,
"=""59-10327AP""",264.99,
"=""59-6336AP""",264.99,
"=""59-7932AP""",264.99,
"=""509-64053""",264.99,
"=""509-59922""",264.99,
"=""502-030""",250.99,
"=""59-8312AP""",264.99,
"=""506-792""",264.99,
"=""501-306""",271.99,
"=""503-204""",271.99,
"=""502-170""",278.99,
"=""503-1883""",278.99,
"=""503-12943""",278.99,
"=""503-2403""",278.99,
"=""503-227""",278.99,
"=""501-304""",278.99,
"=""501-263""",278.99,
"=""509-4303""",278.99,
"=""501-295""",278.99,
"=""59-1102AP""",278.99,
"=""59-6125AP""",278.99,
"=""509-42913""",278.99,
"=""59-2114AP""",278.99,
"=""509-6513""",278.99,
"=""509-59998""",278.99,
"=""509-6473""",278.99,
"=""509-5423""",278.99,
"=""501-267""",235.99,
"=""59-2510AP""",235.99,
"=""501-268""",221.99,
"=""502-022""",264.99,
"=""502-050""",264.99,
"=""509-3723""",250.99,
"=""501-344""",264.99,
"=""503-197""",221.99,
"=""501-259""",214.99,
"=""59-2112AP""",264.99,
"=""509-4223""",235.99,
"=""503-211""",285.99,
"=""509-39913""",264.99,
"=""501-285""",221.99,
"=""509-43463""",264.99,
"=""59-2004AP""",264.99,
"=""509-753""",192.99,
"=""504-525""",250.99,
"=""501-305""",250.99,
"=""509-4103S""",250.99,
"=""501-256""",221.99,
"=""59-2108AP""",264.99,
"=""501-291""",264.99,
"=""509-39863""",264.99,
"=""509-54063""",264.99,
"=""59-8516AP""",264.99,
"=""509-3953""",264.99,
"=""59-8408AP""",264.99,
"=""59-8120AP""",264.99,
"=""59-10424AP""",264.99,
"=""509-57823""",264.99,
"=""59-12325AP""",250.99,
"=""59-8406AP""",264.99,
"=""503-2783""",278.99,
"=""501-403""",264.99,
"=""509-43123""",264.99,
"=""503-231""",278.99,
"=""501-2631""",278.99,
"=""59-6412AP""",264.99,
"=""509-5533""",278.99,
"=""509-5863""",278.99,
"=""509-4152""",278.99,
"=""59-2110AP""",278.99,
"=""501-330""",278.99,
"=""509-6223""",278.99,
"=""509-6403""",264.99,
"=""509-43543""",264.99,
"=""509-4003""",278.99,
"=""59-10331AP""",264.99,
"=""509-55523""",278.99,
"=""59-6331AP""",264.99,
"=""503-1633""",278.99,
"=""59-6144AP""",278.99,
"=""509-599977""",299.99,
"=""463-67679""",278.99,
"=""509-3893""",278.99,
"=""503-1246""",278.99,
"=""503-239""",278.99,
"=""503-205""",278.99,
"=""501-253""",278.99,
"=""509-4043""",278.99,
"=""509-64673""",278.99,
"=""509-4163""",278.99,
"=""503-1230""",278.99,
"=""59-8126AP""",278.99,
"=""59-8138AP""",278.99,
"=""509-57143""",278.99,
"=""59-6416AP""",278.99,
"=""509-5763""",278.99,
"=""503-264""",392.99,
"=""509-618743""",278.99,
"=""509-4363""",139.99,
"=""509-57713""",278.99,
"=""509-64283""",278.99,
"=""509-59463""",278.99,
"=""59-8122""",278.99,
"=""509-64713""",278.99,
"=""509-54043""",184.99,
"=""59-8432AP""",278.99,
"=""59-8133AP""",278.99,
"=""59-12410AP""",278.99,
"=""59-8109AP""",278.99,
"=""509-6423""",278.99,
"=""59-8422AP""",278.99,
"=""506-894""",278.99,
"=""59-8338AP""",278.99,
"=""59-8520AP""",278.99,
"=""59-8409AP""",278.99,
"=""509-6833""",188.99,
"=""506-750""",278.99,
"=""503-2723""",285.99,
"=""59-8322AP""",278.99,
"=""59-8140AP""",278.99,
"=""59-8328AP""",278.99,
"=""59-10332AP""",278.99,
"=""509-599862""",278.99,
"=""509-4143""",285.99,
"=""59-8428AP""",278.99,
"=""509-61543""",285.99,
"=""509-5733""",278.99,
"=""59-10132AP""",278.99,
"=""503-1293""",292.99,
"=""509-4123""",285.99,
"=""501-272""",292.99,
"=""501-342""",292.99,
"=""503-1652""",282.99,
"=""509-39753""",292.99,
"=""509-5883""",292.99,
"=""506-895""",175.90,195.25
"=""509-5573""",285.99,
"=""509-5673""",285.99,
"=""509-397123""",292.99,
"=""509-3979""",320.99,
"=""509-61413""",149.99,
"=""501-294""",292.99,
"=""504-218""",292.99,
"=""509-63923""",292.99,
"=""509-599""",292.99,
"=""509-63963""",292.99,
"=""509-6503""",292.99,
"=""59-6121""",292.99,
"=""509-5663""",292.99,
"=""509-5556""",292.99,
"=""509-5443""",292.99,
"=""509-61843""",292.99,
"=""59-8330AP""",292.99,
"=""509-5992""",357.99,
"=""59-8524AP""",292.99,
"=""509-6493""",292.99,
"=""506-808""",292.99,
"=""506-871""",292.99,
"=""503-132""",300.99,
"=""503-238""",307.99,
"=""505-320""",292.99,
"=""509-6443""",307.99,
"=""503-344""",314.99,
"=""502-043""",321.99,
"=""503-354""",321.99,
"=""502-169""",292.99,
"=""509-6483""",292.99,
"=""503-241""",292.99,
"=""509-59813""",290.99,
"=""509-4353""",292.99,
"=""509-4013""",292.99,
"=""501-252""",292.99,
"=""509-5753""",292.99,
"=""509-4183""",292.99,
"=""509-65413""",292.99,
"=""59-7429AP""",292.99,
"=""59-8530AP""",292.99,
"=""59-12326AP""",292.99,
"=""509-5813""",292.99,
"=""509-5403""",292.99,
"=""505-322""",292.99,
"=""505-327""",292.99,
"=""509-6163""",307.99,
"=""505-325""",229.99,
"=""501-296""",307.99,
"=""509-5513""",307.99,
"=""506-829""",292.99,
"=""509-4368""",300.99,
"=""503-118R""",307.99,
"=""503-29013""",321.99,
"=""503-12213""",321.99,
"=""506-8763""",307.99,
"=""503-1263""",321.99,
"=""509-417""",300.99,
"=""509-4221""",314.99,
"=""502-070""",321.99,
"=""509-6433""",307.99,
"=""509-3983""",307.99,
"=""503-2543""",321.99,
"=""503-1393""",321.99,
"=""502-079""",321.99,
"=""509-6593""",307.99,
"=""503-277""",321.99,
"=""503-276""",321.99,
"=""59-10425AP""",307.99,
"=""503-2372""",321.99,
"=""506-861""",292.99,
"=""53-1220AP""",321.99,
"=""502-159""",321.99,
"=""501-402""",321.99,
"=""503-200""",321.99,
"=""501-478""",321.99,
"=""503-1463""",321.99,
"=""503-1453""",321.99,
"=""503-1353""",321.99,
"=""53-4218AP""",321.99,
"=""503-1656""",321.99,
"=""501-026""",321.99,
"=""501-024""",321.99,
"=""509-39943""",321.99,
"=""503-167""",321.99,
"=""501-320""",321.99,
"=""502-094""",321.99,
"=""509-39713""",321.99,
"=""509-39718""",321.99,
"=""501-300""",321.99,
"=""59-2510""",95.99,
"=""501-475""",321.99,
"=""59-2005""",321.99,
"=""509-571""",321.99,
"=""501-326""",321.99,
"=""501-404""",321.99,
"=""509-40143""",321.99,
"=""509-59843""",321.99,
"=""509-422""",215.99,
"=""509-61883""",321.99,
"=""509-59972""",321.99,
"=""59-8434HD""",321.99,
"=""509-5603""",321.99,
"=""509-39743""",321.99,
"=""509-59763""",321.99,
"=""509-62083""",321.99,
"=""509-59083""",321.99,
"=""506-812""",321.99,
"=""509-6113""",321.99,
"=""509-6973""",321.99,
"=""509-5549""",325.99,
"=""506-814""",321.99,
"=""506-860""",276.99,
"=""509-5996""",328.99,
"=""505-3201""",328.99,
"=""503-1165""",335.99,
"=""501-408""",328.99,
"=""503-2849""",335.99,
"=""503-12243""",335.99,
"=""502-158""",335.99,
"=""503-12423""",335.99,
"=""503-207""",335.99,
"=""503-1693""",335.99,
"=""503-232""",335.99,
"=""504-237""",335.99,
"=""509-60043""",321.99,
"=""509-5714""",321.99,
"=""509-6393""",321.99,
"=""509-8473""",321.99,
"=""509-6373""",321.99,
"=""506-7794""",247.99,
"=""506-734""",321.99,
"=""506-805""",321.99,
"=""506-810""",321.99,
"=""506-864""",321.99,
"=""506-7932""",321.99,
"=""506-868""",321.99,
"=""505-3221""",328.99,
"=""506-8745""",321.99,
"=""501-341""",328.99,
"=""56-1214AP""",321.99,
"=""503-123""",328.99,
"=""509-59962""",361.99,
"=""502-045""",335.99,
"=""502-044""",209.99,252.00
"=""500-0751""",335.99,
"=""503-152""",328.99,
"=""508-820""",328.99,
"=""501-336""",335.99,
"=""503-1223""",335.99,
"=""503-355""",335.99,
"=""503-216""",335.99,
"=""509-394""",335.99,
"=""509-4341""",335.99,
"=""503-1303""",335.99,
"=""503-215""",335.99,
"=""503-2263""",335.99,
"=""503-2072""",335.99,
"=""503-195""",335.99,
"=""509-4346""",335.99,
"=""504-216""",335.99,
"=""501-3353""",335.99,
"=""509-6123""",335.99,
"=""59-2112""",335.99,
"=""509-425""",335.99,
"=""509-5782""",335.99,
"=""14-SD4696NC""",267.99,
"=""503-279""",335.99,
"=""501-023""",335.99,
"=""503-260""",335.99,
"=""501-340""",335.99,
"=""59-6122""",335.99,
"=""509-372""",335.99,
"=""509-63843""",335.99,
"=""59-6522""",270.99,300.80
"=""509-5545""",335.99,
"=""509-397163""",335.99,
"=""509-6002""",335.99,
"=""509-5665""",335.99,
"=""509-5998""",335.99,
"=""509-672""",335.99,
"=""509-55053""",335.99,
"=""509-376""",335.99,
"=""509-657""",335.99,
"=""509-396""",335.99,
"=""59-2115""",335.99,
"=""509-60353""",335.99,
"=""59-6430AP""",278.99,
"=""59-8328""",335.99,
"=""509-39963""",335.99,
"=""59-8419""",302.99,
"=""506-813""",335.99,
"=""506-7742""",335.99,
"=""509-64983""",335.99,
"=""506-7952""",335.99,
"=""506-790""",335.99,
"=""59-8516""",335.99,
"=""59-7932""",342.99,
"=""509-3993""",350.99,
"=""506-885""",335.99,
"=""506-865""",335.99,
"=""506-796""",335.99,
"=""509-571-1""",350.99,
"=""506-8743""",335.99,
"=""503-1443""",342.99,
"=""509-576""",350.99,
"=""503-320""",350.99,
"=""502-041""",357.99,
"=""502-091""",357.99,
"=""502-092""",357.99,
"=""59-6124""",350.99,
"=""503-1296""",357.99,
"=""53-6146AP""",275.99,205.00
"=""503-1663""",357.99,
"=""59-6121AP""",250.99,
"=""59-8130""",335.99,
"=""509-640""",335.99,
"=""59-8318""",223.99,
"=""506-761""",335.99,
"=""506-7523""",335.99,
"=""59-10331""",335.99,
"=""506-791""",335.99,
"=""506-767""",335.99,
"=""506-779""",335.99,
"=""506-785""",335.99,
"=""509-641""",335.99,
"=""505-3271""",335.99,
"=""506-8682""",335.99,
"=""503-165""",350.99,
"=""506-816""",335.99,
"=""503-208""",350.99,
"=""59-63364""",350.99,
"=""59-6020""",350.99,
"=""509-436""",350.99,
"=""509-827""",350.99,
"=""59-10327""",350.99,
"=""506-795""",350.99,
"=""505-3251""",328.99,
"=""509-618""",350.99,
"=""503-192""",357.99,
"=""509-840""",350.99,
"=""509-573""",350.99,
"=""503-127""",357.99,
"=""503-1213""",357.99,
"=""503-16623""",357.99,
"=""501-302""",357.99,
"=""503-313""",357.99,
"=""503-340""",357.99,
"=""501-310""",357.99,
"=""504-530""",357.99,
"=""509-565""",357.99,
"=""503-1403""",357.99,
"=""509-5784""",357.99,
"=""509-660""",357.99,
"=""509-5990""",357.99,
"=""503-210""",357.99,
"=""509-62063""",357.99,
"=""509-667""",421.99,
"=""509-412""",357.99,
"=""509-59986""",357.99,
"=""59-7010""",321.99,
"=""509-5406""",357.99,
"=""509-59863""",357.99,
"=""506-8756""",357.99,
"=""509-6033""",357.99,
"=""506-862""",357.99,
"=""509-6843""",400.99,
"=""509-5991""",357.99,
"=""509-3986""",357.99,
"=""505-83255""",375.99,
"=""59-8322""",357.99,
"=""503-190""",364.99,
"=""509-5997""",357.99,
"=""506-787""",357.99,
"=""503-12163""",364.99,
"=""509-630""",357.99,
"=""506-876""",357.99,
"=""509-64243""",357.99,
"=""505-6325""",357.99,
"=""53-8152AP""",364.99,
"=""501-328""",364.99,
"=""59-8432HD""",357.99,
"=""509-5735""",357.99,
"=""503-1203""",364.99,
"=""53-8150AP""",364.99,
"=""502-015""",364.99,
"=""509-66243""",357.99,
"=""503-194""",364.99,
"=""509-39952""",364.99,
"=""509-3957""",364.99,
"=""502-048""",364.99,
"=""501-450""",364.99,
"=""509-752""",364.99,
"=""509-410""",364.99,
"=""504-460""",364.99,
"=""503-1383""",364.99,
"=""509-620""",364.99,
"=""509-430""",364.99,
"=""509-408""",364.99,
"=""503-237""",364.99,
"=""59-6122HD""",364.99,
"=""509-402""",364.99,
"=""509-566""",364.99,
"=""509-574""",364.99,
"=""509-550""",364.99,
"=""509-6174""",364.99,
"=""59-6330""",364.99,
"=""59-6331""",364.99,
"=""509-658""",364.99,
"=""506-7795""",364.99,
"=""506-771""",364.99,
"=""506-891""",364.99,
"=""506-793-1""",364.99,
"=""504-355""",364.99,
"=""505-2325""",364.99,
"=""56-1210AP""",364.99,
"=""503-1613""",371.99,
"=""502-086""",378.99,
"=""59-2112-24""",371.99,
"=""503-13843""",378.99,
"=""509-575""",378.99,
"=""509-3975""",364.99,
"=""59-1102""",364.99,
"=""509-576-1""",364.99,
"=""59-8131""",564.99,
"=""59-8406""",364.99,
"=""509-5995""",364.99,
"=""509-5405""",364.99,
"=""509-426""",364.99,
"=""509-6094""",364.99,
"=""504-350""",364.99,
"=""506-770""",364.99,
"=""506-760""",364.99,
"=""506-8042""",370.99,
"=""506-7796""",364.99,
"=""56-1212AP""",364.99,
"=""506-7798""",364.99,
"=""506-811""",364.99,
"=""506-809""",364.99,
"=""502-090""",378.99,
"=""509-580""",371.99,
"=""59-12326""",371.99,
"=""509-577""",371.99,
"=""503-1503""",371.99,
"=""502-088""",248.99,
"=""505-8325""",371.99,
"=""509-39923""",378.99,
"=""503-1163""",378.99,
"=""503-199""",378.99,
"=""503-235""",371.99,
"=""503-1253""",378.99,
"=""503-262""",378.99,
"=""503-2376""",378.99,
"=""509-4104""",378.99,
"=""509-5501""",378.99,
"=""509-61553""",378.99,
"=""509-6184""",378.99,
"=""502-098""",378.99,
"=""509-5591""",378.99,
"=""503-12263""",378.99,
"=""59-2115HD""",378.99,
"=""59-2118""",348.99,
"=""509-587""",378.99,
"=""59-6416HD""",378.99,
"=""59-6430HD""",296.99,
"=""509-395""",378.99,
"=""509-59932""",378.99,
"=""504-210""",378.99,
"=""59-6418HD""",249.99,
"=""509-4384""",378.99,
"=""59-7426HD""",378.99,
"=""59-2117""",378.99,
"=""59-2110""",378.99,
"=""509-5791""",378.99,
"=""509-63957""",378.99,
"=""509-4354""",378.99,
"=""59-8133""",378.99,
"=""509-3952""",378.99,
"=""59-8328HD""",378.99,
"=""509-627""",378.99,
"=""59-8428HD""",348.99,
"=""59-6412HD""",378.99,
"=""59-8338""",378.99,
"=""59-8520""",190.99,
"=""509-6141""",378.99,
"=""59-8530HD""",378.99,
"=""59-10332""",378.99,
"=""59-8109""",378.99,
"=""509-5942""",378.99,
"=""59-8516HD""",378.99,
"=""509-6038""",378.99,
"=""506-7916""",378.99,
"=""506-8086""",378.99,
"=""509-6414""",378.99,
"=""59-8114""",378.99,
"=""509-5731""",378.99,
"=""59-8148HD""",378.99,
"=""502-047""",392.99,
"=""503-11643""",392.99,
"=""502-0902""",392.99,
"=""503-330""",392.99,
"=""503-352""",392.99,
"=""506-774""",378.99,
"=""506-775""",378.99,
"=""506-8088""",378.99,
"=""501-490""",392.99,
"=""509-420""",392.99,
"=""509-560""",392.99,
"=""59-6144HD""",392.99,
"=""509-5993""",392.99,
"=""59-8322E""",392.99,
"=""509-5969""",392.99,
"=""509-548""",835.99,
"=""59-8521""",335.99,
"=""506-7646""",392.99,
"=""506-772""",392.99,
"=""59-8528HD""",378.99,
"=""59-10424HD""",378.99,
"=""59-12410HD""",378.99,
"=""506-765""",378.99,
"=""506-7799""",378.99,
"=""59-8518""",378.99,
"=""503-133""",392.99,
"=""503-14313""",392.99,
"=""503-1683""",392.99,
"=""RD-5-13662-0P""",385.99,
"=""506-785-1""",378.99,
"=""503-196""",392.99,
"=""59-2119""",357.99,
"=""501-335""",392.99,
"=""501-246""",392.99,
"=""503-242""",392.99,
"=""509-3970""",392.99,
"=""503-270""",392.99,
"=""509-6406""",392.99,
"=""509-5712""",392.99,
"=""509-418""",392.99,
"=""509-648""",392.99,
"=""509-644""",421.99,
"=""509-421""",392.99,
"=""509-419""",392.99,
"=""509-5734""",392.99,
"=""506-88223""",392.99,
"=""509-6152""",421.99,
"=""59-12136HD""",392.99,
"=""509-611""",392.99,
"=""56-1208AP""",392.99,
"=""506-7950""",400.99,
"=""59-8138HD""",392.99,
"=""506-732""",392.99,
"=""506-777""",392.99,
"=""509-5466""",392.99,
"=""59-8142HD""",392.99,
"=""506-8065""",400.99,
"=""506-866""",392.99,
"=""506-778""",392.99,
"=""503-112""",407.99,
"=""503-312""",407.99,
"=""505-63256""",392.99,
"=""509-546""",392.99,
"=""506-784""",392.99,
"=""502-166""",407.99,
"=""502-102""",407.99,
"=""509-4302""",407.99,
"=""503-12023""",407.99,
"=""503-129""",407.99,
"=""509-6395""",407.99,
"=""503-1204""",400.99,
"=""502-074""",407.99,
"=""509-585""",407.99,
"=""501-025""",407.99,
"=""509-586""",407.99,
"=""509-3974""",407.99,
"=""506-869""",392.99,
"=""503-2893""",407.99,
"=""509-702""",309.99,
"=""59-8422HD""",407.99,
"=""509-3958""",275.99,
"=""503-188""",407.99,
"=""506-888""",407.99,707.99
"=""509-557""",407.99,
"=""509-583""",407.99,
"=""509-6482""",370.99,
"=""506-8804""",407.99,
"=""59-6416-24HD""",407.99,
"=""59-8140HD""",407.99,
"=""509-6485""",407.99,
"=""502-039""",421.99,
"=""59-10130""",407.99,
"=""509-540""",407.99,
"=""509-5408""",407.99,
"=""509-4264""",407.99,
"=""506-807""",407.99,
"=""506-867""",407.99,
"=""503-2066""",421.99,
"=""502-150""",421.99,
"=""503-12063""",421.99,
"=""503-1665""",421.99,
"=""509-59935""",421.99,
"=""501-028""",421.99,
"=""509-5981""",421.99,
"=""503-1294""",421.99,
"=""503-1753""",421.99,
"=""509-39715""",421.99,
"=""509-825""",421.99,
"=""509-651""",421.99,
"=""509-3998""",421.99,
"=""509-6392""",421.99,
"=""509-5771""",407.99,
"=""59-8120HD""",407.99,
"=""509-5464""",407.99,
"=""506-764""",407.99,
"=""503-272""",414.99,
"=""502-053""",421.99,
"=""502-049""",421.99,
"=""503-315""",421.99,
"=""503-12583""",421.99,
"=""503-12143""",421.99,
"=""503-193""",421.99,
"=""503-16643""",307.99,
"=""53-8154AP""",421.99,
"=""503-206""",421.99,
"=""503-225""",421.99,
"=""504-520""",421.99,
"=""503-259""",421.99,
"=""509-5505""",421.99,
"=""509-6154""",421.99,
"=""509-5674""",421.99,
"=""509-588""",421.99,
"=""509-3978""",421.99,
"=""509-567""",421.99,
"=""509-5582""",421.99,
"=""59-8524HD""",407.99,
"=""509-830""",421.99,
"=""59-12324""",392.99,
"=""509-581""",392.99,
"=""509-5384""",421.99,
"=""509-6182""",421.99,
"=""509-659""",421.99,
"=""503-12253""",421.99,
"=""509-551""",421.99,
"=""509-61871""",421.99,
"=""59-10132HD""",421.99,
"=""509-642""",421.99,
"=""59-12325""",392.99,
"=""504-335""",421.99,
"=""509-678""",421.99,
"=""509-680""",421.99,
"=""509-3999""",421.99,
"=""59-8132HD""",421.99,
"=""506-882""",421.99,
"=""505-2325T""",421.99,
"=""509-542""",421.99,
"=""509-39982""",421.99,
"=""59-10425HD""",421.99,
"=""509-6428""",421.99,
"=""503-2852""",427.99,
"=""509-584""",421.99,
"=""59-8419-24""",421.99,
"=""506-798""",421.99,
"=""506-786""",421.99,
"=""509-419-1""",421.99,
"=""503-285""",435.99,
"=""505-1325""",421.99,
"=""503-1217""",435.99,
"=""59-10422HD""",421.99,
"=""503-1218""",435.99,
"=""503-1276""",435.99,
"=""503-1243""",425.99,
"=""509-397""",435.99,
"=""506-788""",421.99,
"=""506-8064""",427.99,
"=""509-7203""",427.99,
"=""506-8062""",278.99,309.68
"=""509-39716""",428.99,
"=""509-4201""",428.99,
"=""990-900""",442.99,
"=""506-874""",421.99,
"=""503-12343""",427.99,
"=""509-6396""",435.99,
"=""503-282""",450.99,
"=""509-6426""",435.99,
"=""506-884""",435.99,
"=""509-6624""",435.99,
"=""505-332""",442.99,
"=""500-084""",457.99,
"=""506-752""",435.99,
"=""502-032""",450.99,
"=""500-022""",464.99,
"=""503-116""",442.99,
"=""506-881""",450.99,
"=""509-5908""",464.99,
"=""508-8103""",464.99,
"=""508-8153""",464.99,
"=""506-880""",435.99,
"=""503-1193""",391.99,
"=""509-5945""",450.99,
"=""502-014""",464.99,
"=""509-407""",450.99,
"=""503-1221""",464.99,
"=""503-29043""",464.99,
"=""503-12073""",464.99,
"=""509-6035""",464.99,
"=""509-683""",478.99,
"=""506-7842""",464.99,
"=""506-8573""",464.99,
"=""502-089""",478.99,
"=""506-819""",464.99,
"=""503-2961""",478.99,
"=""505-329""",464.99,
"=""509-5980""",478.99,
"=""503-245""",442.99,
"=""509-43053""",450.99,
"=""503-143""",450.99,
"=""500-080""",454.99,
"=""505-6325T""",457.99,
"=""503-2943""",220.99,265.00
"=""504-540""",457.99,
"=""503-249""",464.99,
"=""503-342""",464.99,
"=""503-357""",464.99,
"=""503-311""",464.99,
"=""503-126""",464.99,
"=""503-144""",464.99,
"=""503-2583""",409.99,
"=""504-538""",464.99,
"=""509-4306""",464.99,
"=""503-178""",464.99,
"=""509-828""",464.99,
"=""509-649""",464.99,
"=""503-12193""",464.99,
"=""503-1703""",464.99,
"=""509-6471""",464.99,
"=""509-43073""",464.99,
"=""506-8729""",464.99,
"=""503-159""",478.99,
"=""509-639""",478.99,
"=""503-1201""",478.99,
"=""500-062""",471.99,
"=""503-1231""",478.99,
"=""509-59454""",471.99,
"=""503-1843""",471.99,
"=""504-534""",478.99,
"=""509-632""",478.99,
"=""509-621""",478.99,
"=""503-128""",478.99,
"=""509-6397""",478.99,
"=""503-130""",478.99,
"=""53-4218""",478.99,
"=""503-12453""",478.99,
"=""509-6462""",478.99,
"=""509-6034""",478.99,
"=""509-5345""",478.99,
"=""505-1325T""",485.99,
"=""503-250""",500.99,
"=""506-815""",478.99,
"=""509-6306""",500.99,
"=""509-847""",500.99,
"=""509-398""",492.99,
"=""509-684""",400.99,
"=""53-6146HD""",500.99,
"=""506-768""",478.99,
"=""509-5952""",478.99,
"=""509-582""",392.99,
"=""506-7852""",500.99,
"=""503-150""",500.99,
"=""506-889""",478.99,
"=""506-804""",478.99,
"=""506-806""",478.99,
"=""502-008""",507.99,
"=""502-168""",507.99,
"=""503-135""",485.99,
"=""509-39995""",492.99,
"=""53-1220""",500.99,
"=""505-335""",500.99,
"=""509-5751""",500.99,
"=""503-139""",507.99,
"=""503-12483""",500.99,
"=""503-275""",507.99,
"=""509-371""",507.99,
"=""509-603""",500.99,
"=""503-350""",507.99,
"=""506-886""",500.99,
"=""509-6192""",507.99,
"=""506-824""",507.99,
"=""503-136""",507.99,
"=""509-3971""",507.99,
"=""503-12683""",266.99,
"=""508-826""",507.99,
"=""509-399""",514.99,
"=""503-228""",507.99,
"=""503-12153""",514.99,
"=""503-2964""",507.99,
"=""503-292""",507.99,
"=""500-077""",521.99,
"=""503-287""",521.99,
"=""503-286""",521.99,
"=""502-084""",514.99,
"=""56-1208""",507.99,
"=""503-1164""",514.99,
"=""506-932""",521.99,
"=""509-643""",514.99,
"=""506-942""",521.99,
"=""506-944""",521.99,
"=""506-957""",521.99,
"=""506-960""",521.99,
"=""504-490""",535.99,
"=""500-07524""",535.99,
"=""502-081""",346.99,
"=""503-1431""",535.99,
"=""503-254""",535.99,
"=""503-12663""",535.99,
"=""503-212""",535.99,
"=""53-8152HD""",535.99,
"=""509-4364""",535.99,
"=""509-5986""",535.99,
"=""509-5541""",500.99,
"=""502-072""",507.99,
"=""503-240""",507.99,
"=""503-138""",507.99,
"=""503-16693""",507.99,
"=""509-6155""",507.99,
"=""503-1162""",517.99,
"=""509-6421""",507.99,
"=""503-1228""",521.99,
"=""503-1226""",521.99,
"=""509-3972""",521.99,
"=""53-8150HD""",521.99,
"=""506-936""",521.99,
"=""503-122""",521.99,
"=""506-934""",521.99,
"=""506-828""",521.99,
"=""506-952""",521.99,
"=""500-075""",535.99,
"=""500-0802""",535.99,
"=""506-959""",521.99,
"=""506-954""",521.99,
"=""509-5552""",521.99,
"=""59-8149""",535.99,
"=""509-3951""",535.99,
"=""500-0752""",535.99,
"=""509-6208""",535.99,
"=""500-086""",550.99,
"=""509-6384""",535.99,
"=""503-12162""",535.99,
"=""509-3995""",542.99,
"=""503-145""",535.99,
"=""503-1803""",550.99,
"=""509-6424""",535.99,
"=""509-6685""",535.99,
"=""509-5365""",550.99,
"=""506-8923""",535.99,
"=""509-5812""",535.99,
"=""506-962""",535.99,
"=""506-8822""",535.99,
"=""506-769""",535.99,
"=""502-042""",564.99,
"=""990-075K""",550.99,
"=""509-61884""",535.99,
"=""502-040""",564.99,
"=""503-168""",550.99,
"=""56-1214""",550.99,
"=""509-697""",535.99,
"=""503-1224""",564.99,
"=""503-137""",564.99,
"=""503-146""",550.99,
"=""503-2901""",564.99,
"=""502-046""",564.99,
"=""503-121""",564.99,
"=""503-1229""",564.99,
"=""503-161""",557.99,
"=""503-289""",564.99,
"=""502-076""",564.99,
"=""502-078""",564.99,
"=""503-1225""",564.99,
"=""503-12703""",564.99,
"=""502-0784""",564.99,
"=""503-140""",564.99,
"=""509-6386""",564.99,
"=""509-5724""",564.99,
"=""503-1209""",564.99,
"=""503-166""",564.99,
"=""509-6071""",564.99,
"=""503-1662""",564.99,
"=""503-125""",564.99,
"=""504-211""",564.99,
"=""503-1256""",564.99,
"=""503-1813""",564.99,
"=""56-1210""",564.99,
"=""503-1668""",564.99,
"=""509-3994""",564.99,
"=""509-5976""",564.99,
"=""509-5984""",564.99,
"=""503-1606""",564.99,
"=""506-879""",564.99,
"=""506-890""",564.99,
"=""506-8773""",564.99,
"=""503-1823""",568.99,
"=""509-6478""",568.99,
"=""503-1234""",570.99,
"=""503-182HD""",607.99,
"=""503-186HD""",607.99,
"=""508-824""",571.99,
"=""503-1664""",578.99,
"=""503-170""",379.99,
"=""503-278""",607.99,
"=""508-822""",621.99,
"=""509-5557""",621.99,
"=""509-39912""",635.99,
"=""503-356""",607.99,
"=""503-18643""",564.99,
"=""503-1833""",564.99,
"=""509-6188""",564.99,
"=""506-870""",564.99,
"=""503-345""",578.99,
"=""509-6408""",571.99,
"=""502-095""",592.99,
"=""500-015""",607.99,
"=""503-1853""",571.99,
"=""503-184""",607.99,
"=""503-1202""",607.99,
"=""503-1822HD""",607.99,
"=""509-6091""",592.99,
"=""503-1216""",607.99,
"=""503-119""",391.99,
"=""503-258""",607.99,
"=""503-1245""",592.99,
"=""503-1669""",607.99,
"=""509-3990""",607.99,
"=""503-256""",607.99,
"=""509-637""",607.99,
"=""509-5346""",607.99,
"=""DS540062""",88.99,88.99
"=""14-1230NEW+G4165S""",339.99,339.99
"=""509-6498""",621.99,
"=""503-1219""",642.99,
"=""509-6398""",635.99,
"=""509-6429""",642.99,
"=""500-012""",642.99,
"=""503-2904""",642.99,
"=""503-1206""",621.99,
"=""503-175""",621.99,
"=""506-887""",621.99,
"=""509-3725""",635.99,
"=""503-1214""",642.99,
"=""506-8678""",650.99,
"=""56-1212""",650.99,
"=""506-892""",621.99,
"=""503-12973""",642.99,
"=""503-1651""",642.99,
"=""506-982-1""",642.99,
"=""503-1865""",642.99,
"=""506-830""",664.99,
"=""502-162""",642.99,
"=""500-050""",678.99,
"=""503-1242""",650.99,
"=""509-39996""",650.99,
"=""509-39918""",642.99,
"=""503-246""",664.99,
"=""509-4301""",642.99,
"=""502-007""",692.99,
"=""509-629""",685.99,
"=""503-174""",650.99,
"=""503-160""",664.99,
"=""508-810""",650.99,
"=""500-013""",636.99,707.99
"=""509-3992""",650.99,
"=""509-4305""",664.99,
"=""503-1247""",678.99,
"=""503-147""",707.99,
"=""503-185""",678.99,
"=""503-217""",707.99,
"=""509-6826""",678.99,
"=""509-63944""",678.99,
"=""506-857""",650.99,
"=""506-8752""",692.99,
"=""506-822""",707.99,
"=""504-3584""",707.99,
"=""503-1207""",678.99,
"=""503-1208""",714.99,
"=""503-141""",685.99,
"=""503-1864""",707.99,
"=""503-484""",707.99,
"=""509-3989""",721.99,
"=""503-219""",707.99,
"=""500-058""",750.99,
"=""503-294""",707.99,
"=""509-688""",707.99,
"=""503-1227""",707.99,
"=""503-181HD""",284.99,
"=""506-859""",707.99,
"=""503-1258""",785.99,
"=""508-815""",714.99,
"=""506-742""",735.99,
"=""506-9253""",785.99,
"=""506-9103""",785.99,
"=""509-6394""",792.99,
"=""506-8775""",792.99,
"=""503-1269""",807.99,
"=""503-124""",785.99,
"=""503-1268""",785.99,
"=""503-1265""",821.99,
"=""503-12168""",850.99,
"=""503-1259""",850.99,
"=""508-828""",864.99,
"=""50-1007""",892.99,
"=""53-8154HD""",992.99,
"=""506-9053""",935.99,
"=""59-10333""",928.99,
"=""509-39796""",692.99,
"=""503-247""",707.99,
"=""503-169""",707.99,
"=""500-026""",750.99,
"=""503-1863""",785.99,
"=""509-3985""",750.99,
"=""503-284""",785.99,
"=""503-180""",792.99,
"=""503-244""",764.99,
"=""503-1248""",807.99,
"=""503-1241""",821.99,
"=""503-1257""",814.99,
"=""503-148""",850.99,
"=""506-748""",785.99,
"=""506-875""",785.99,
"=""509-544""",450.99,
"=""50-1006""",857.99,
"=""506-817""",850.99,
"=""503-182""",928.99,
"=""509-6399""",850.99,
"=""RD-5-14431-0P""",928.99,
"=""502-110""",892.99,
"=""506-9203""",892.99,
"=""506-9003""",892.99,
"=""501-400""",892.99,
"=""506-914""",992.99,
"=""503-181""",992.99,
"=""503-183""",978.99,
"=""503-186""",1035.99,
"=""503-494""",3121.99,
"=""50-3142K""",1964.99,
"=""50-3142""",1500.99,
"=""503-171""",2321.99,
"=""506-926""",1500.99,
"=""509-435""",350.99,
"=""509-3991""",478.99,
"=""509-4103""",285.99,
"=""59-6336""",335.99,
"=""59-8148AP""",264.99,
"=""506-900""",1178.99,
"=""509-982""",2278.99,
"=""506-925""",1214.99,
"=""506-8533""",564.99,
"=""506-8503""",514.99,
"=""RD-2-7777-0P""",1564.99,
"=""506-912""",1421.99,
"=""506-905""",1071.99,
"=""V41-1310-1540""",2140.99,
"=""506-910""",1342.99,
"=""506-998""",2521.99,
"=""506-853""",664.99,
"=""75R92002""",1607.99,
"=""506-850""",707.99,
"=""506-982""",3057.99,
"=""506-981""",2750.99,
"=""59-6125""",335.99,
"=""59-6418AP""",264.99,
"=""506-872""",421.99,
"=""509-5503""",264.99,
"=""509-599861""",278.99,
"=""509-59413""",278.99,
"=""59-8110""",335.99,
"=""59-8120""",335.99,
"=""59-6418""",335.99,
"=""506-8583""",364.99,
"=""506-920""",1135.99,
"=""503-120""",521.99,
"=""509-5803""",278.99,
"=""509-4113""",285.99,
"=""506-980""",2821.99,
"=""75R92004""",1757.99,
"=""506-838""",278.99,
"=""506-883""",1050.99,
"=""506-915""",1071.99,
"=""R-9925-0-24P""",4992.99,
"=""506-858""",550.99,
"=""RD-2-7777-1P""",1500.99,
"=""59-2004""",215.99,
"=""509-6206""",1464.99,
"=""509-5941""",378.99,
"=""506-793""",321.99,
"=""509-400""",335.99,
"=""509-411""",364.99,
"=""59-8148""",335.99,
"=""400-5575""",564.99,
"=""77R0620""",550.99,
"=""E-9725-0-24P""",3500.99,
"=""400-5638""",3785.99,
"=""TC91925""",1764.99,
"=""400-5576""",621.99,
"=""TC33218""",178.99,
"=""400-9004""",278.99,
"=""77R1632""",797.99,
"=""77R1512""",600.99,600.99
"=""400-1035""",3707.99,
"=""77R1502""",1357.99,
"=""400-5631""",2500.99,
"=""400-6262""",378.99,
"=""404-700402""",345.99,
"=""R-9725-3-24P""",2135.99,
"=""404-700403""",321.99,
"=""404-700602""",278.99,
"=""404-700803""",321.99,
"=""404-700804""",321.99,
"=""400-90046""",421.99,
"=""E-9725-0P""",3421.99,
"=""TC32318""",278.99,
"=""400-2079""",2421.99,
"=""400-2334""",1035.99,
"=""TC430282E""",321.99,
"=""400-55541""",450.99,
"=""400-2055HD""",357.99,
"=""400-3234""",542.99,
"=""400-5545""",564.99,
"=""400-5559""",785.99,
"=""400-1028""",3142.99,
"=""400-6255""",850.99,
"=""400-9003""",385.99,
"=""400-2075""",2092.99,
"=""400-4418""",492.99,
"=""77R1634""",1178.99,
"=""77R1524""",1092.99,
"=""400-2320""",378.99,
"=""400-5587""",1785.99,
"=""400-6709""",564.99,
"=""400-1019""",1028.99,
"=""400-6712""",427.99,
"=""400-5650""",707.99,
"=""400-5573""",642.99,
"=""400-5825""",278.99,
"=""400-7521""",421.99,
"=""400-5623""",2785.99,
"=""400-7516""",378.99,
"=""AC4759""",140.99,
"=""R-4500-8-24P""",2882.99,
"=""R-6160-0-24P""",1278.99,
"=""400-7505""",357.99,
"=""400-3376""",642.99,
"=""400-5551""",707.99,
"=""R-9720-12-24P""",1464.99,
"=""400-9006""",550.99,
"=""400-6266""",407.99,
"=""R-9725-3P""",2071.99,
"=""CA2284K""",2250.99,
"=""404-1066""",564.99,
"=""TC02312""",464.99,
"=""404-700601""",278.99,
"=""400-6242""",197.99,
"=""400-5564""",1521.99,
"=""404-700801""",345.99,
"=""77R0530""",928.99,
"=""404-700604""",278.99,
"=""404-522""",535.99,
"=""404-701001""",345.99,
"=""AC4283HD""",257.99,
"=""77R1514""",637.99,
"=""404-700802""",321.99,
"=""400-901453""",678.99,
"=""404-701003""",335.99,
"=""77R1604""",500.99,
"=""77R1504""",1357.99,
"=""404-700603""",278.99,
"=""400-5568""",2285.99,
"=""400-2084""",300.99,
"=""404-701002""",425.99,
"=""404-700404""",321.99,
"=""4-1214M""",214.99,
"=""404-700401""",321.99,
"=""400-3236""",500.99,
"=""400-3219""",564.99,
"=""400-6155""",850.99,
"=""R-9720-12P""",1464.99,
"=""400-5536""",1700.99,
"=""77R1602""",485.99,
"=""400-3237""",428.99,
"=""250-R53615""",171.99,
"=""400-6281""",778.99,
"=""400-9108""",214.99,
"=""400-9013""",564.99,
"=""400-2099""",392.99,
"=""404-701004""",335.99,
"=""400-9727""",557.99,
"=""TC430282L""",321.99,
"=""400-5540""",1992.99,
"=""400-5628""",3642.99,
"=""400-6142""",285.99,
"=""400-5604""",1178.99,
"=""TC33416""",178.99,
"=""400-7514""",392.99,
"=""AC6463""",150.99,
"=""400-5641""",564.99,
"=""400-2049""",564.99,
"=""TC133181HD""",178.99,
"=""AC4295""",135.99,
"=""400-7515""",378.99,
"=""400-5543""",1928.99,
"=""400-9104""",550.99,
"=""400-2098""",250.99,
"=""400-9102""",750.99,
"=""400-5609""",1214.99,
"=""400-7509""",328.99,
"=""400-2321""",570.99,
"=""400-5581""",721.99,
"=""RD-4-7190-0P""",892.99,
"=""400-5460""",535.99,
"=""400-2068""",364.99,
"=""400-9707""",555.99,
"=""400-5627""",3785.99,
"=""77R1282""",205.99,
"=""77R0534""",1035.99,
"=""400-5640""",1500.99,
"=""400-7520""",228.99,
"=""400-5580""",711.99,
"=""TC40602""",321.99,
"=""TC32919""",714.99,
"=""400-2071""",307.99,
"=""400-6707""",378.99,
"=""400-3231""",471.99,
"=""TC430282""",264.99,
"=""400-2100""",564.99,
"=""400-2052""",640.99,
"=""400-5443""",992.99,
"=""404-523""",464.99,
"=""400-5620""",1607.99,
"=""4-17182HD""",214.99,
"=""400-9020""",642.99,
"=""400-5561""",850.99,
"=""400-2062""",550.99,
"=""TC42671""",450.99,
"=""R-6160-0P""",1214.99,
"=""R-9730-0-24P""",2464.99,
"=""400-5607""",1928.99,
"=""400-5626""",2294.99,
"=""400-1025""",1399.99,
"=""TC60110""",178.99,
"=""400-9106""",564.99,
"=""400-2067""",570.99,
"=""400-2009""",750.99,
"=""400-6708""",378.99,
"=""400-9223""",1385.99,
"=""400-2322""",835.99,
"=""400-9005""",364.99,
"=""400-2078""",1642.99,
"=""400-2324""",321.99,
"=""77R9020""",421.99,
"=""400-5460K""",855.99,
"=""77R0990""",1278.99,
"=""400-2066""",607.99,
"=""77R9027""",150.99,
"=""400-2077""",2135.99,
"=""4-1419HD""",138.99,
"=""TC40810""",564.99,
"=""TC41821""",357.99,
"=""400-56151""",664.99,
"=""400-1101""",321.99,
"=""AC3937""",214.99,
"=""400-2325""",570.99,
"=""TC320232""",178.99,
"=""TC32523""",178.99,
"=""TC42627""",207.99,
"=""400-5567""",928.99,
"=""400-2335""",678.99,
"=""400-5570""",464.99,
"=""400-9709""",345.99,
"=""400-3400""",278.99,
"=""400-5659""",2278.99,
"=""400-7502""",450.99,
"=""AC4689""",121.99,
"=""4-125205""",178.99,
"=""400-2050""",427.99,
"=""400-2047""",707.99,
"=""R-4500-8P""",2764.99,
"=""400-2120""",471.99,
"=""400-5542""",1992.99,
"=""400-9917""",1078.99,
"=""77R0800""",728.99,
"=""400-56121""",678.99,
"=""400-9016""",850.99,
"=""TC32623""",178.99,
"=""400-1014""",492.99,
"=""TC320181""",278.99,
"=""400-3320""",564.99,
"=""400-2055""",335.99,
"=""400-3369K""",464.99,
"=""77R9015""",135.99,
"=""400-7500""",478.99,
"=""400-5550""",357.99,
"=""400-2143""",507.99,
"=""TC33320""",155.99,
"=""400-5596""",392.99,
"=""400-5601""",607.99,
"=""AC3936""",171.99,
"=""400-9021""",307.99,
"=""400-9011""",785.99,
"=""400-9023""",364.99,
"=""400-6230""",785.99,
"=""400-9017""",135.99,
"=""400-9025""",550.99,
"=""400-9040""",321.99,
"=""400-7508""",464.99,
"=""400-9010""",250.99,
"=""R-9730-0P""",2421.99,
"=""TC12710""",392.99,
"=""TC41808""",357.99,
"=""TC320234""",192.99,
"=""400-9038""",449.90,499.39
"=""400-7504""",500.99,
"=""TC32814""",181.99,
"=""400-2132""",328.99,
"=""TC42920""",168.99,
"=""400-2142""",607.99,
"=""4-54450""",185.99,
"=""400-9209""",3785.99,
"=""400-9018""",1035.99,
"=""AC3377""",150.99,
"=""4-14182""",114.99,
"=""4-1222""",121.99,
"=""TC42915""",214.99,
"=""TC40805""",364.99,
"=""400-2140""",750.99,
"=""400-7000""",457.99,
"=""400-1015""",371.99,
"=""AC4548""",178.99,
"=""77R1702""",535.99,
"=""AC4722""",221.99,
"=""TC43314""",109.99,122.09
"=""400-9012""",499.99,
"=""400-6240""",357.99,
"=""400-55482""",471.99,
"=""404-472""",350.99,
"=""77R1704""",421.99,
"=""TC127202""",164.99,
"=""400-6176""",535.99,
"=""TC125203""",135.99,
"=""400-1018""",450.99,
"=""4-12222""",148.90,165.28
"=""400-1010""",392.99,
"=""4-12242""",160.99,
"=""400-5450""",471.99,
"=""TC43419""",435.99,
"=""400-5420""",357.99,
"=""400-5603""",685.99,
"=""TC12514""",442.99,
"=""TC43319""",150.99,
"=""TC43320""",110.99,
"=""400-9009""",928.99,
"=""AC4716""",200.99,
"=""4-12202""",111.99,
"=""400-5602""",785.99,
"=""TC12609""",127.99,
"=""4-14202""",118.99,
"=""4-12142""",117.99,
"=""TC13321""",164.99,
"=""4-14222""",127.99,
"=""4-15172""",134.99,
"=""TC13419""",250.99,
"=""TC13422""",162.99,
"=""TC94004""",357.99,
"=""400-5616""",564.99,
"=""400-6207""",335.99,
"=""TC12721""",200.99,
"=""400-6210""",421.99,
"=""400-6252""",464.99,
"=""400-6264""",292.99,
"=""400-6269""",250.99,
"=""4-27110""",212.99,
"=""TC11719""",250.99,
"=""400-2082""",1278.99,
"=""400-1016""",421.99,
"=""400-61524K""",1214.99,
"=""400-90145""",964.99,
"=""TC42619""",307.99,
"=""400-6204""",292.99,
"=""4-11142""",135.99,
"=""4-12182""",120.99,
"=""4-12262""",121.99,
"=""4-14242""",135.99,
"=""4-16262""",135.99,
"=""4-19262""",185.99,
"=""TC12709""",140.99,
"=""400-2135""",564.99,
"=""4-16192""",165.99,
"=""400-5617""",535.99,
"=""TC13418""",214.99,
"=""TC134191""",235.99,
"=""400-6214""",500.99,
"=""400-6212""",521.99,
"=""400-6265""",321.99,
"=""400-6259""",221.99,
"=""400-6201""",178.99,
"=""400-6280""",707.99,
"=""400-6260""",564.99,
"=""400-6263""",221.99,
"=""400-2042""",464.99,
"=""400-6261""",500.99,
"=""400-6268""",928.99,
"=""TC12426""",392.99,
"=""TC12227""",150.99,
"=""400-2315""",492.99,
"=""TC127201""",214.99,
"=""400-7454""",707.99,
"=""400-9901""",368.99,
"=""400-1020""",450.99,
"=""400-9903""",378.99,
"=""404-318""",110.99,
"=""400-5590""",821.99,
"=""TC12320""",214.99,
"=""77R1275""",278.99,
"=""400-6267""",607.99,
"=""AC4369""",121.99,
"=""AC4239""",157.99,
"=""400-6222""",642.99,
"=""400-9208""",2750.99,
"=""400-9904""",321.99,
"=""AC82317""",178.99,
"=""404-820""",250.99,
"=""TC13618""",192.99,
"=""400-3312""",564.99,
"=""AC3788""",150.99,
"=""AC82267""",114.99,
"=""TC13119HD""",157.99,
"=""TC13518""",200.99,
"=""400-6178""",450.99,
"=""TC320231""",192.99,
"=""AC3064""",157.99,
"=""404-530""",785.99,
"=""TC320233""",185.99,
"=""AC3605""",178.99,
"=""AC3791""",121.99,
"=""TC320235""",199.99,
"=""TC32619""",197.99,
"=""TC32417""",1135.99,
"=""TC13220""",171.99,
"=""TC33215""",174.99,
"=""400-5579""",1707.99,
"=""400-2145""",335.99,
"=""400-2126""",328.99,
"=""TC32018""",150.99,
"=""AC40116""",214.99,
"=""400-3223""",750.99,
"=""TC32526""",150.99,
"=""400-3226""",600.99,
"=""400-3228""",400.99,
"=""400-3229""",492.99,
"=""TC12215""",235.99,
"=""TC531151""",164.99,
"=""400-3235""",1550.99,
"=""TC135181""",464.99,
"=""400-3210""",564.99,
"=""400-5419""",821.99,
"=""400-6250""",335.99,
"=""400-3227""",707.99,
"=""AC82379""",150.99,
"=""TC133192""",176.99,
"=""TC32426""",278.99,
"=""TC33319""",182.99,
"=""TC430161""",692.99,
"=""400-2045""",378.99,
"=""400-2127""",378.99,
"=""400-3338""",785.99,
"=""400-3410""",600.99,
"=""TC13814""",164.99,
"=""400-3220""",564.99,
"=""400-3387""",785.99,
"=""400-3225""",535.99,
"=""400-3222""",892.99,
"=""400-3232""",1135.99,
"=""400-9008""",550.99,
"=""400-4405""",321.99,
"=""400-6700""",507.99,
"=""400-7415""",1150.99,
"=""400-7420""",1071.99,
"=""AC4904""",150.99,
"=""TC12414""",107.99,
"=""AC4531""",178.99,
"=""TC32425""",178.99,
"=""AC4719""",164.99,
"=""400-2041""",535.99,
"=""400-3380""",214.99,
"=""TC133181""",135.99,
"=""400-3392""",1564.99,
"=""TC32521""",592.99,
"=""400-3398""",600.99,
"=""400-6218""",499.99,
"=""400-2038""",400.99,
"=""400-3361""",821.99,
"=""400-3362""",607.99,
"=""400-3365""",642.99,
"=""404-520""",642.99,
"=""400-2044""",392.99,
"=""400-3375""",535.99,
"=""400-2326""",564.99,
"=""404-524""",642.99,
"=""400-3385""",535.99,
"=""AC73893""",121.99,
"=""400-3368""",650.99,
"=""TC42669""",750.99,
"=""TC91004""",321.99,
"=""400-5656""",204.99,
"=""77R9025""",235.99,
"=""AC80368""",121.99,
"=""4-54430""",242.99,
"=""400-6219""",535.99,
"=""400-7165""",1164.99,
"=""400-6225""",421.99,
"=""400-3369""",464.99,
"=""400-3360""",499.99,
"=""400-3415""",421.99,
"=""400-6095""",614.99,
"=""400-6013""",711.99,
"=""400-6090""",500.99,
"=""400-6235""",464.99,
"=""400-6096""",500.99,
"=""TC13119""",121.99,
"=""TC12325""",278.99,
"=""400-3367""",392.99,
"=""400-2040""",1035.99,
"=""400-6152""",564.99,
"=""TC133191""",135.99,
"=""TC42627HD""",211.99,
"=""400-3395""",500.99,
"=""TC12317""",135.99,
"=""400-9026""",250.99,
"=""400-3366""",3214.99,
"=""400-9029""",992.99,
"=""400-9007""",750.99,
"=""400-6148""",478.99,
"=""400-6154""",464.99,
"=""400-6144""",568.99,
"=""400-9019""",328.99,
"=""400-9202""",257.99,
"=""400-9028""",292.99,
"=""400-9210""",4278.99,
"=""400-9206""",750.99,
"=""400-9218""",450.99,
"=""400-9205""",707.99,
"=""400-9221""",850.99,
"=""400-9032""",1521.99,
"=""400-9037""",564.99,
"=""400-9226""",1907.99,
"=""400-9039""",1750.99,
"=""400-9227""",1400.99,
"=""AC4436""",131.99,
"=""400-9220""",564.99,
"=""TC11929""",442.99,
"=""400-3335""",535.99,
"=""400-5535""",707.99,
"=""400-5525""",1200.99,
"=""400-5539""",1121.99,
"=""400-5553""",807.99,
"=""400-5554""",421.99,
"=""400-5572""",928.99,
"=""TC430281""",334.99,
"=""400-6143""",427.99,
"=""400-6146""",607.99,
"=""400-6147""",357.99,
"=""400-9024""",278.99,
"=""400-9030""",750.99,
"=""400-9031""",5714.99,
"=""400-9216""",421.99,
"=""400-9034""",1864.99,
"=""400-9200""",224.99,
"=""400-9201""",707.99,
"=""400-9222""",821.99,
"=""AC40188""",135.99,
"=""AC4537""",150.99,
"=""AC82318""",142.99,
"=""TC33617""",178.99,
"=""AC3265""",154.99,
"=""400-2027""",850.99,
"=""TC336171""",407.99,
"=""400-3230""",1135.99,
"=""TC41609""",407.99,
"=""400-1001""",307.99,
"=""400-3370""",321.99,
"=""400-3363""",392.99,
"=""400-5547""",707.99,
"=""400-1017""",419.99,
"=""400-1003""",307.99,
"=""400-4427""",407.99,
"=""400-1005""",392.99,
"=""400-2051""",500.99,
"=""400-5530""",1035.99,
"=""400-5531""",1214.99,
"=""400-5597""",607.99,
"=""400-3356""",357.99,
"=""400-5600""",500.99,
"=""400-5598""",421.99,
"=""400-5610""",2214.99,
"=""400-5537""",450.99,
"=""400-5538""",264.99,
"=""400-5440""",564.99,
"=""400-55602""",464.99,
"=""400-5569""",854.99,
"=""400-5619""",2135.99,
"=""400-5578""",750.99,
"=""400-5621""",1707.99,
"=""400-5622""",2642.99,
"=""400-5605""",635.99,
"=""400-5629""",564.99,
"=""400-5599""",621.99,
"=""400-5608""",485.99,
"=""400-5624""",642.99,
"=""400-5585""",821.99,
"=""400-5644""",678.99,
"=""400-5645""",1071.99,
"=""400-5652""",1214.99,
"=""400-5612""",2250.99,
"=""400-5614""",607.99,
"=""400-5651""",1107.99,
"=""400-5657""",1121.99,
"=""400-5655""",464.99,
"=""400-5613""",2564.99,
"=""400-5639""",1000.99,
"=""400-5563""",550.99,
"=""400-5615""",857.99,
"=""400-5642""",507.99,
"=""400-5625""",1350.99,
"=""400-5658""",871.99,
"=""400-5660""",1378.99,
"=""400-5991""",564.99,
"=""400-9224""",1735.99,
"=""400-5632""",435.99,
"=""400-90081""",392.99,
"=""400-9036""",1785.99,
"=""400-5654""",928.99,
"=""400-5637""",1928.99,
"=""400-5630""",321.99,
"=""400-5646""",785.99,
"=""TC12919""",278.99,
"=""TC12718""",278.99,
"=""400-5648""",2992.99,
"=""TC32816""",192.99,
"=""TC52613""",178.99,
"=""400-5647""",964.99,
"=""TC52713""",164.99,
"=""400-3372""",607.99,
"=""400-3215""",421.99,
"=""400-5532""",964.99,
"=""400-2087""",250.99,
"=""400-2085""",500.99,
"=""400-5552""",478.99,
"=""400-5562""",1021.99,
"=""400-5592""",921.99,
"=""400-5586""",707.99,
"=""400-5595""",607.99,
"=""400-5606""",750.99,
"=""400-5618""",421.99,
"=""400-5649""",264.99,
"=""400-6000""",1750.99,
"=""400-6004""",535.99,
"=""400-6010""",507.99,
"=""400-6021""",478.99,
"=""AC4258""",135.99,
"=""TC43124""",178.99,
"=""400-2092""",250.99,
"=""TC52614""",214.99,
"=""400-2086""",335.99,
"=""400-3218""",514.99,
"=""400-5534""",228.99,
"=""400-5557""",2214.99,
"=""400-5566""",1278.99,
"=""400-5565""",357.99,
"=""TC52515""",178.99,
"=""400-5533""",278.99,
"=""400-5593""",892.99,
"=""400-5544""",707.99,
"=""400-5555""",1135.99,
"=""400-5594""",292.99,
"=""400-6006""",392.99,
"=""400-6014""",421.99,
"=""400-6026""",642.99,
"=""400-6007""",378.99,
"=""400-6015""",1550.99,
"=""400-6027""",1835.99,
"=""400-6016""",435.99,
"=""400-6005""",1840.99,
"=""400-6018""",321.99,
"=""400-7002""",1228.99,
"=""400-6009""",148.99,
"=""400-6022""",1321.99,
"=""400-8905""",342.99,
"=""400-6020""",325.99,
"=""TC41833""",107.99,
"=""400-6179""",392.99,
"=""TC430242""",137.99,
"=""TC430241""",150.99,
"=""TC42810""",178.99,
"=""TC125201""",214.99,
"=""TC43120""",137.99,
"=""TC42814""",158.99,
"=""TC125202""",185.99,
"=""400-2020""",392.99,
"=""TC42815""",150.99,
"=""400-3430-12""",1642.99,
"=""400-7507""",570.99,
"=""400-2046""",535.99,
"=""400-2048""",507.99,449.99
"=""400-2016""",335.99,
"=""400-3364""",785.99,
"=""400-3349""",678.99,
"=""4-11212""",114.99,
"=""400-7510""",435.99,
"=""TC42720""",428.99,
"=""400-2024""",464.99,
"=""400-2030""",435.99,
"=""400-6025""",471.99,
"=""TC429082""",150.99,
"=""400-7512""",285.99,
"=""400-6300""",350.99,
"=""400-7517""",392.99,
"=""400-7518""",421.99,
"=""AC3016""",150.99,
"=""TC42520""",164.99,
"=""AC4791""",157.99,
"=""TC41203""",664.99,
"=""TC133182""",150.99,
"=""TC42821""",164.99,
"=""TC43016""",278.99,
"=""TC531162""",214.99,
"=""400-2019""",407.99,
"=""400-2035""",492.99,
"=""400-2037""",535.99,
"=""400-2025""",521.99,
"=""400-2034""",564.99,
"=""400-2036""",678.99,
"=""400-2069""",500.99,
"=""400-2063""",392.99,
"=""400-20402""",707.99,
"=""400-2060""",4914.99,
"=""400-2074""",1278.99,
"=""400-2061""",364.99,
"=""400-2076""",642.99,
"=""400-2065""",407.99,
"=""400-2064""",500.99,
"=""400-3326""",521.99,
"=""400-3352""",492.99,
"=""400-2081""",1107.99,
"=""400-2094""",328.99,
"=""400-5546""",591.99,
"=""400-2080""",750.99,
"=""400-3345""",421.99,
"=""400-2089""",1278.99,
"=""400-6703""",642.99,
"=""400-5827""",864.99,
"=""400-33711""",287.99,
"=""400-6012""",3357.99,
"=""AC3878""",184.99,
"=""RD-4-7746-0P""",1178.99,
"=""400-1009""",500.99,
"=""400-2000""",364.99,
"=""400-2072""",392.99,
"=""400-3355""",464.99,
"=""400-4400""",364.99,
"=""400-6153""",321.99,
"=""400-6706""",364.99,
"=""400-6713""",642.99,
"=""400-6705""",427.99,
"=""400-7437""",807.99,
"=""400-8502""",350.99,
"=""400-8505""",364.99,
"=""400-8500""",607.99,
"=""400-9100""",678.99,
"=""AC40545""",150.99,
"=""AC4768""",164.99,
"=""400-9214""",998.99,
"=""TC41207""",150.99,
"=""TC42209""",178.99,
"=""TC429081""",164.99,
"=""TC41806""",785.99,
"=""400-1150""",607.99,
"=""400-1055""",421.99,
"=""400-2013""",500.99,
"=""400-2010""",421.99,
"=""400-2097""",421.99,
"=""400-2006""",400.99,
"=""400-2008""",357.99,
"=""400-2125""",364.99,
"=""400-2054""",564.99,
"=""400-2014""",364.99,
"=""400-2017""",357.99,
"=""400-2018""",407.99,
"=""400-2029""",464.99,
"=""400-2091""",564.99,
"=""400-3325""",521.99,
"=""400-5500""",407.99,
"=""400-3330""",435.99,
"=""400-5690""",464.99,
"=""400-4412""",450.99,
"=""400-3315""",327.99,
"=""400-8000""",392.99,
"=""400-4422""",392.99,
"=""400-6702""",571.99,
"=""400-6200""",364.99,
"=""400-5560""",500.99,
"=""AC4173""",150.99,
"=""400-9014""",392.99,
"=""AC80238""",97.99,
"=""TC429091""",160.99,
"=""400-2004""",407.99,
"=""TC60123""",295.99,
"=""400-5541""",2214.99,
"=""400-7506""",471.99,
"=""400-9905""",278.99,
"=""400-9908""",164.99,
"=""400-4415""",500.99,
"=""400-6220""",357.99,
"=""400-9022""",357.99,
"=""404-469""",464.99,
"=""400-9015""",357.99,
"=""TC60100""",135.99,
"=""400-2002""",357.99,
"=""400-6008""",468.99,
"=""400-9002""",221.99,
"=""400-5558""",750.99,
"=""400-3310""",327.99,
"=""400-9916""",400.99,
"=""400-6145""",378.99,
"=""400-9902""",450.99,
"=""400-9922""",578.99,
"=""400-9906""",357.99,
"=""400-9907""",335.99,
"=""400-9910""",364.99,
"=""400-9920""",357.99,
"=""400-9912""",335.99,
"=""400-9926""",607.99,
"=""TC40542""",140.99,
"=""AC36334""",117.99,
"=""400-9918""",357.99,
"=""400-9915""",282.99,
"=""AC4299""",140.99,
"=""AC4784""",194.99,
"=""TC12618""",150.99,
"=""400-9924""",307.99,
"=""TC52916""",150.99,
"=""TC531152""",185.99,
"=""400-1080""",121.99,
"=""TC52919""",164.99,
"=""400-2021""",321.99,
"=""TC52319""",278.99,
"=""400-5410""",471.99,
"=""400-5411""",900.99,
"=""TC52816""",140.99,
"=""400-5427""",1035.99,
"=""400-5435""",421.99,
"=""400-5437""",564.99,
"=""400-5455""",421.99,
"=""404-301""",284.99,
"=""404-315""",371.99,
"=""404-316""",235.99,
"=""TC21213""",121.99,
"=""TC42909""",150.99,
"=""TC53705""",185.99,
"=""TC531161""",214.99,
"=""400-2093""",307.99,
"=""400-5414""",607.99,
"=""400-5416""",407.99,
"=""400-2096""",607.99,
"=""400-5415""",471.99,
"=""400-5425""",500.99,
"=""400-5417""",292.99,
"=""400-5436""",421.99,
"=""400-5421""",521.99,
"=""400-5442""",712.99,
"=""400-5445""",414.99,
"=""400-7436""",821.99,
"=""TC52323""",247.99,
"=""404-3219""",685.99,
"=""404-320""",345.99,
"=""AC4678""",135.99,
"=""404-466""",425.99,
"=""TC41204""",335.99,
"=""TC525131""",250.99,
"=""TC525132""",335.99,
"=""TC43108""",335.99,
"=""TC52417""",214.99,
"=""TC52512""",321.99,
"=""TC52619""",150.99,
"=""400-2088""",535.99,
"=""TC53113""",214.99,
"=""TC52811""",192.99,
"=""400-33701""",521.99,
"=""TC53219""",214.99,
"=""TC52821""",192.99,
"=""400-3386""",300.99,
"=""TC528232""",185.99,
"=""TC52920""",214.99,
"=""400-1062""",535.99,
"=""TC528231""",321.99,
"=""400-9217""",821.99,
"=""400-1060""",321.99,
"=""AC4375""",178.99,
"=""400-9212""",1692.99,
"=""TC60120""",190.99,
"=""AC82069""",164.99,
"=""400-6800""",500.99,
"=""400-3379""",514.99,
"=""400-5310""",500.99,
"=""404-305""",264.99,
"=""TC128232""",245.99,
"=""TC43022""",214.99,
"=""TC40465""",178.99,
"=""400-8010""",278.99,
"=""400-2028""",464.99,
"=""AC3975""",135.99,
"=""AC3691""",135.99,
"=""400-3371""",350.99,
"=""400-5470""",642.99,
"=""TC42635""",707.99,
"=""TC41015""",349.99,
"=""TC53022""",228.99,
"=""400-7513""",321.99,
"=""TC41606""",214.99,
"=""4-13162""",357.99,
"=""404-600""",1850.99,
"=""TC40901""",167.99,
"=""TC13917""",321.99,
"=""400-2015""",364.99,
"=""TC53011""",264.99,
"=""400-3378""",285.99,
"=""TC40586""",91.90,102.01
"=""TC41206""",500.99,
"=""400-5418""",507.99,
"=""400-5430""",464.99,
"=""TC40582""",171.99,
"=""TC42660""",500.99,
"=""AR0016""",1057.99,
"=""AR1018""",357.99,
"=""AR0020""",992.99,
"=""AR1022""",1214.99,
"=""AR1023""",1092.99,
"=""AR1104""",707.99,
"=""AR1129""",3750.99,
"=""AR1203""",892.99,
"=""AR1205""",2607.99,
"=""AR0022""",807.99,
"=""AR1124""",1135.99,
"=""AR1016""",1135.99,
"=""AR0025""",1850.99,
"=""AR0035""",1928.99,
"=""AR0021""",890.99,
"=""AR1015""",985.99,
"=""AR0010""",750.99,
"=""AR0037""",1357.99,
"=""AR1107""",800.99,
"=""AR1103""",785.99,
"=""AR1118""",1278.99,
"=""AR1100""",785.99,
"=""AR0008""",564.99,
"=""AR1209""",2071.99,
"=""AR0005""",327.99,
"=""AC82091""",164.99,
"=""AR1220""",850.99,
"=""AR0030""",992.99,
"=""AR1122""",407.99,
"=""AR1226""",692.90,769.12
"=""AR1017""",1178.99,
"=""AR1227""",707.99,
"=""AR0006""",750.99,
"=""AR1126""",1728.99,
"=""AR1121""",1228.99,
"=""AR0015""",421.99,
"=""AR0007""",764.99,
"=""AR1014""",664.99,
"=""AR1232""",871.99,
"=""AR1063""",392.99,
"=""AR1059""",850.99,
"=""AR1204""",335.99,
"=""AR1231""",585.99,
"=""AR1109""",971.99,
"=""AR1239""",1692.99,
"=""AR1207""",928.99,
"=""AR1236""",750.99,
"=""AR1208""",1857.99,
"=""AR1211""",1714.99,
"=""AR1106""",992.99,
"=""AR1112""",992.99,
"=""AR1247""",850.99,
"=""AR1224""",535.99,
"=""AR1123""",478.99,
"=""AR1223""",664.99,
"=""AR1222""",1321.99,
"=""AR12341""",1071.99,
"=""AR1251""",928.99,
"=""AR1117""",464.99,
"=""AR1225""",707.99,
"=""AR1125""",1307.99,
"=""AR1128""",3285.99,
"=""AR1280""",2071.99,
"=""AR1206""",3214.99,
"=""AR1116""",390.99,
"=""AR1228""",592.99,
"=""AR1244""",1735.99,
"=""AR1256""",1335.99,
"=""AR1556""",607.99,
"=""AR1214""",992.99,
"=""AR1233""",907.99,
"=""AR1238""",1178.99,
"=""AR1559""",642.99,
"=""AR1560""",785.99,
"=""AR1557""",1278.99,
"=""AR1564""",900.99,
"=""AR1561""",1378.99,
"=""AR1229""",707.99,
"=""AR1570""",695.99,
"=""AR1568""",785.99,
"=""AR1550""",500.99,
"=""AR1230""",750.99,
"=""AR1578""",1421.99,
"=""AR1569""",707.99,
"=""AR1221""",921.99,
"=""AR1246""",2035.99,
"=""AR1210""",9278.99,
"=""AR1234""",992.99,
"=""AR1552""",785.99,
"=""AR1581""",1675.00,
"=""AR1240""",928.99,
"=""AR1257""",2250.99,
"=""AR1242""",1750.99,
"=""AR1235""",800.99,
"=""AR1237""",900.99,
"=""AR1554""",707.99,
"=""AR1585""",1421.99,
"=""AR1589""",992.99,
"=""AR1588""",1321.99,
"=""AR1245""",1750.99,
"=""AR1250""",1785.99,
"=""AR1249""",1007.99,
"=""AR1587""",850.99,
"=""AR1253""",1578.99,
"=""AR2076""",3421.99,
"=""AR12471""",780.99,
"=""AR1248""",1850.99,
"=""AR2092""",635.99,
"=""AR1566""",850.99,
"=""AR1580""",928.99,
"=""AR2091""",750.99,
"=""AR1579""",1035.99,
"=""AR1574""",1500.99,
"=""AR1563""",1192.99,
"=""AR2097""",357.99,
"=""AR2093""",692.99,
"=""AR1573""",785.99,
"=""AR1572""",750.99,
"=""AR2099""",657.99,
"=""AR1582""",1178.99,
"=""AR2098""",707.99,
"=""AR1562""",785.99,
"=""AR2103""",478.99,
"=""AR2069""",564.99,
"=""AR1567""",1035.99,
"=""AR1583""",795.99,
"=""AR1565""",1035.99,
"=""AR1586""",814.99,
"=""AR1571""",1028.99,
"=""AR2119""",1178.99,
"=""AR2096""",285.99,
"=""AR2074""",9992.99,
"=""AR2126""",428.99,
"=""AR2128""",928.99,
"=""AR2090""",707.99,
"=""AR2071""",421.99,
"=""AR1577""",1607.99,
"=""AR2127""",450.99,
"=""AR2131""",1707.99,
"=""AR2129""",750.99,
"=""AR2100""",421.99,
"=""AR2095""",707.99,
"=""AR2070""",392.99,
"=""AR2116""",3928.99,
"=""AR2134""",978.99,
"=""AR2137""",992.99,
"=""AR1584""",642.99,
"=""AR2102""",500.99,
"=""AR2141""",2071.99,
"=""AR2106""",642.99,
"=""AR2120""",421.99,
"=""AR2144""",1278.99,
"=""AR2094""",892.99,
"=""AR2122""",707.99,
"=""AR2108""",335.99,
"=""AR2117""",592.99,
"=""AR2125""",1421.99,
"=""AR2139""",1035.99,
"=""AR2133""",1007.99,
"=""AR2155""",528.99,
"=""AR2157""",2785.99,
"=""AR2138""",2135.99,
"=""AR2136""",992.99,
"=""AR2810""",421.99,
"=""AR2142""",1707.99,
"=""AR2148""",607.99,
"=""AR2147""",1621.99,
"=""AR2146""",771.99,
"=""AR2832""",1707.99,
"=""AR2152""",1357.99,
"=""AR2839""",664.99,
"=""AR2841""",607.99,
"=""AR2849""",1135.99,
"=""AR2854""",500.99,
"=""AR2848""",564.99,
"=""AR2856""",1035.99,
"=""AR3068""",1214.99,
"=""AR1575""",1092.99,
"=""AR2089""",600.99,
"=""AR1254""",1135.99,
"=""AR2130""",1071.99,
"=""AR2121""",457.99,
"=""AR2115""",384.99,
"=""AR2124""",785.99,
"=""AR2109""",300.99,
"=""AR2132""",1278.99,
"=""AR2140""",992.99,
"=""AR2801""",421.99,
"=""AR2805""",500.99,
"=""AR2149""",371.99,
"=""AR2818""",464.99,
"=""AR2821""",464.99,
"=""AR2837""",928.99,
"=""AR2202""",871.99,
"=""AR2819""",421.99,
"=""AR2842""",492.99,
"=""AR2830""",535.99,
"=""AR2846""",692.99,
"=""AR2840""",678.99,
"=""AR2847""",607.99,
"=""AR2844""",992.99,
"=""AR2860""",1421.99,
"=""AR3202""",150.99,
"=""AR3075""",1214.99,
"=""AR2850""",928.99,
"=""AR3700""",150.99,
"=""AR3103""",464.99,
"=""AR3102""",408.99,
"=""AR2857""",1135.99,
"=""AR3069""",1564.99,
"=""AR3800""",307.99,
"=""AR3802""",171.99,
"=""AR3204""",135.99,
"=""AR3070""",1342.99,
"=""AR3090""",3135.99,
"=""AR3901""",150.99,
"=""AR3104""",547.99,
"=""AR3101""",614.99,
"=""AR4006""",512.99,
"=""AR3705""",150.99,
"=""AR3201""",150.99,
"=""AR3205""",250.99,
"=""AR3206""",135.99,
"=""AR4016""",892.99,
"=""AR4010""",500.99,
"=""AR4014""",614.99,
"=""AR4018""",707.99,
"=""AR3207""",135.99,
"=""AR3208""",135.99,
"=""AR3210""",157.99,
"=""AR4000""",464.99,
"=""AR3704""",135.99,
"=""AR3706""",150.99,
"=""AR4024""",592.99,
"=""AR4009""",885.99,
"=""AR3900""",135.99,
"=""AR4020""",664.99,
"=""AR4030""",750.99,
"=""AR4002""",492.99,
"=""AR4003""",785.99,
"=""AR4008""",650.99,
"=""AR4019""",821.99,
"=""AR4004""",210.99,
"=""AR4023""",564.99,
"=""AR4012""",500.99,
"=""AR4033""",928.99,
"=""AR4411""",2071.99,
"=""AR4028""",757.99,
"=""AR4413""",3071.99,
"=""AR4034""",892.99,
"=""AR4059""",1421.99,
"=""AR4048""",1707.99,
"=""AR4405""",1642.99,
"=""AR4044""",800.99,
"=""AR4416""",2321.99,
"=""AR4050""",1785.99,
"=""AR4026""",735.99,
"=""AR4407""",1892.99,
"=""AR4040""",941.99,
"=""AR4414""",2742.99,
"=""AR4415""",2135.99,
"=""AR4417""",3071.99,
"=""AR4708""",135.99,
"=""AR5511""",1392.99,
"=""AR5054""",440.99,
"=""AR5501""",642.99,
"=""AR5516""",485.99,
"=""AR5503""",500.99,
"=""AR5517""",450.99,
"=""AR5525""",642.99,
"=""AR5531""",3214.99,
"=""AR5530""",642.99,
"=""AR5540""",707.99,
"=""AR5543""",850.99,
"=""AR5547""",921.99,
"=""AR5557""",785.99,
"=""AR4022""",735.99,
"=""AR4409""",2942.99,
"=""AR4412""",3571.99,
"=""AR4700""",135.99,
"=""AR4418""",821.99,
"=""AR4703""",135.99,
"=""AR4701""",240.99,
"=""AR4706""",121.99,
"=""AR4702""",140.99,
"=""AR4704""",207.99,
"=""AR4705""",150.99,
"=""AR4709""",214.99,
"=""AR4710""",150.99,
"=""AR4707""",150.99,
"=""AR5505""",421.99,
"=""AR5502""",521.99,
"=""AR5514""",607.99,
"=""AR5515""",650.99,
"=""AR5509""",521.99,
"=""AR5513""",464.99,
"=""AR5510""",821.99,
"=""AR5508""",435.99,
"=""AR5519""",785.99,
"=""AR5512""",707.99,
"=""AR5528""",500.99,
"=""AR5532""",1785.99,
"=""AR5535""",785.99,
"=""AR5534""",1642.99,
"=""AR5554""",1064.99,
"=""AR5529""",1178.99,
"=""AR5544""",592.99,
"=""AR5546""",535.99,
"=""AR5551""",978.99,
"=""AR5560""",892.99,
"=""AR5536""",607.99,
"=""AR5533""",728.99,
"=""AR5539""",478.99,
"=""AR5542""",892.99,
"=""AR5537""",3214.99,
"=""AR5555""",707.99,
"=""AR5570""",1007.99,
"=""AR5569""",907.99,
"=""AR5556""",1057.99,
"=""AR55701""",1057.99,
"=""AR5558""",850.99,
"=""AR5574""",1357.99,
"=""AR5562""",2107.99,
"=""AR5553""",692.99,
"=""AR5552""",500.99,
"=""AR5563""",1021.99,
"=""AR5559""",1421.99,
"=""AR5567""",992.99,
"=""AR5572""",1642.99,
"=""AR5565""",1042.99,
"=""AR5571""",520.99,
"=""AR55871""",1392.99,
"=""AR5587HD""",1321.99,
"=""AR5582""",1785.99,
"=""AR5576""",1278.99,
"=""AR5591""",3707.99,
"=""AR5575""",1428.99,
"=""AR55821""",1564.99,
"=""AR5578""",1235.99,
"=""AR5573""",949.99,
"=""AR5594""",2850.99,
"=""AR55922""",2850.99,
"=""AR5593""",3135.99,
"=""AR5580""",1407.99,
"=""AR5587""",1214.99,
"=""AR5595HD""",2421.99,
"=""AR5577""",421.99,
"=""AR5597""",854.99,
"=""AR55891""",2078.99,
"=""AR5583""",2992.99,
"=""AR5590""",3714.99,
"=""AR5600""",1992.99,
"=""AR55851""",1721.99,
"=""AR5588""",750.99,
"=""AR5592""",3992.99,
"=""AR5595""",3278.99,
"=""AR5603""",2707.99,
"=""AR5605""",2214.99,
"=""AR5596HD""",3464.99,
"=""AR55971""",1707.99,
"=""AR5604""",735.99,
"=""AR5584""",407.99,
"=""AR5609""",1642.99,
"=""AR5611""",1500.99,
"=""AR5601""",2214.99,
"=""AR5616""",2564.99,
"=""AR5606""",1607.99,
"=""AR5608""",1150.99,
"=""AR5623""",5214.99,
"=""AR5625""",3878.99,
"=""AR5675""",642.99,
"=""AR5672""",1121.99,
"=""AR5676""",396.99,440.99
"=""AR5701""",992.99,
"=""AR5702""",707.99,
"=""AR5712""",992.99,
"=""AR5715""",750.99,
"=""AR5724""",3000.99,
"=""AR5727""",1535.99,
"=""AR5736""",2707.99,
"=""AR55925""",1978.99,
"=""AR5596""",4150.99,
"=""AR5602""",1464.99,
"=""AR56012""",1817.99,
"=""AR5612""",2850.99,
"=""AR5607""",1750.99,
"=""AR5613""",1642.99,
"=""AR5615""",1564.99,
"=""AR5626""",1500.99,
"=""AR5618""",2107.99,
"=""AR5624""",571.99,
"=""AR5619""",1850.99,
"=""AR5620""",292.99,
"=""AR5671""",1850.99,
"=""AR5622""",2107.99,
"=""AR5627""",592.99,
"=""AR5630""",3249.99,
"=""AR5628""",1750.99,
"=""AR5631""",1135.99,
"=""AR5705""",678.99,
"=""AR5706""",678.99,
"=""AR5704""",928.99,
"=""AR5708""",3214.99,
"=""AR5707""",707.99,
"=""AR5714""",664.99,
"=""AR5700""",1464.99,
"=""AR5732""",1121.99,
"=""AR5703""",1835.99,
"=""AR5710""",871.99,
"=""AR5722""",4214.99,
"=""AR5738""",1435.99,
"=""AR5731""",3892.99,
"=""AR5725""",642.99,
"=""AR5729""",435.99,
"=""AR5720""",1107.99,
"=""AR5726""",774.99,
"=""AR5734""",1107.99,
"=""AR5941""",649.99,
"=""AR5730""",421.99,
"=""AR5728""",2785.99,
"=""AR5735""",928.99,
"=""AR5937""",421.99,
"=""AR6000""",464.99,
"=""AR5945""",664.99,
"=""AR6002""",500.99,
"=""AR5929""",799.99,
"=""AR5737""",2907.99,
"=""AR5931""",500.99,
"=""AR5739""",1407.99,
"=""AR5944""",1032.99,
"=""AR5925""",471.99,
"=""AR5740""",2850.99,
"=""AR5928""",521.99,
"=""AR6001""",450.99,
"=""AR5934""",349.99,
"=""AR5930""",471.99,
"=""AR6003""",992.99,
"=""AR6004""",1214.99,
"=""AR6006""",464.99,
"=""AR60035""",428.99,
"=""AR6017""",371.99,
"=""AR5946""",649.99,
"=""AR6005""",464.99,
"=""AR6019""",257.99,
"=""AR6008""",850.99,
"=""AR6022""",1290.99,
"=""AR6012""",328.99,
"=""AR6013""",295.99,
"=""AR6011""",785.99,
"=""AR6014""",1307.99,
"=""AR6009""",1007.99,
"=""AR6028""",964.99,
"=""AR6007""",421.99,
"=""AR6016""",1135.99,
"=""AR6035""",421.99,
"=""AR6033""",835.99,
"=""AR6023""",1092.99,
"=""AR6037""",1497.99,
"=""AR6021""",850.99,
"=""AR6038""",450.99,
"=""AR6039""",264.99,
"=""AR6041""",321.99,
"=""AR6043""",642.99,
"=""AR6046""",607.99,
"=""AR6045""",928.99,
"=""AR6049""",264.99,
"=""AR6042""",421.99,
"=""AR6050""",464.99,
"=""AR6052""",607.99,
"=""AR6051""",664.99,
"=""AR6053""",621.99,
"=""AR6055""",178.99,
"=""AR6058""",835.99,
"=""AR6059""",464.99,
"=""AR6064""",564.99,
"=""AR6129""",500.99,
"=""AR6150""",464.99,
"=""AR6152""",164.99,
"=""AR6010""",564.99,
"=""AR6018""",335.99,
"=""AR6031""",635.99,
"=""AR6015""",764.99,
"=""AR6034""",168.99,
"=""AR6025""",378.99,
"=""AR6024""",564.99,
"=""AR6030""",264.99,
"=""AR6029""",400.99,
"=""AR6032""",1990.99,
"=""AR6040""",500.99,
"=""AR6036""",1135.99,
"=""AR6044""",271.99,
"=""AR6054""",642.99,
"=""AR6048""",278.99,
"=""AR6071""",790.99,
"=""AR6056""",585.99,
"=""AR6047""",750.99,
"=""AR6062""",707.99,
"=""AR6066""",2500.99,
"=""AR6063""",214.99,
"=""AR6067""",2785.99,
"=""AR6065""",2642.99,
"=""AR6060""",707.99,
"=""AR6149""",250.99,278.99
"=""AR6068""",3000.99,
"=""AR6070""",785.99,
"=""AR6069""",857.99,
"=""AR6128""",1357.99,
"=""AR6307""",140.99,
"=""AR6157""",1071.99,
"=""AR6326""",592.99,
"=""AR6153""",952.99,
"=""AR6180""",764.99,
"=""AR6160""",345.99,
"=""AR7000""",321.99,
"=""AR6154""",450.99,
"=""AR6305""",500.99,
"=""AR6156""",750.99,
"=""AR6523""",992.99,
"=""AR6155""",185.99,
"=""AR6158""",642.99,
"=""AR6308""",135.99,
"=""AR6159""",928.99,
"=""AR6161""",164.99,
"=""AR6306""",164.99,
"=""AR6181""",1207.99,
"=""AR6514""",892.99,
"=""AR7014""",892.99,
"=""AR7017""",442.99,
"=""AR7004""",335.99,
"=""AR6319""",671.99,
"=""AR7007""",707.99,
"=""AR7002""",678.99,
"=""AR7016""",535.99,
"=""AR7005""",392.99,
"=""AR7018""",485.99,
"=""AR6309""",171.99,
"=""AR6510""",992.99,
"=""AR7009""",992.99,
"=""AR6512""",814.99,
"=""AR7011""",642.99,
"=""AR7037""",1392.99,
"=""AR7013""",414.99,
"=""AR7012""",371.99,
"=""AR7008""",464.99,
"=""AR7042""",407.99,
"=""AR7021""",2214.99,
"=""AR7023""",1564.99,
"=""AR7028""",521.99,
"=""AR7010""",678.99,
"=""AR7049""",500.99,
"=""AR7035""",392.99,
"=""AR7032""",450.99,
"=""AR7039""",421.99,
"=""AR7019""",328.99,
"=""AR7020""",321.99,
"=""AR7041""",649.99,
"=""AR7052""",892.99,
"=""AR7043""",392.99,
"=""AR7047""",1697.99,
"=""AR7048""",782.99,
"=""AR7061""",764.99,
"=""AR7065""",1071.99,
"=""AR7051""",500.99,
"=""AR7054""",846.99,
"=""AR7053""",521.99,
"=""AR7045""",464.99,
"=""AR7050""",892.99,
"=""AR7059""",821.99,
"=""AR7062""",1421.99,
"=""AR7064""",1357.99,
"=""AR7077""",542.99,
"=""AR7081""",828.99,
"=""AR7080""",492.99,
"=""AR7082""",964.99,
"=""AR7083""",681.99,
"=""AR7084""",592.99,
"=""AR7078""",800.99,
"=""AR7087""",1071.99,
"=""AR7089""",1035.99,
"=""AR7092""",1114.99,
"=""AR7400""",728.99,
"=""AR7402""",555.99,
"=""AR7403""",671.99,
"=""AR7040""",1000.99,
"=""AR7057""",535.99,
"=""AR7056""",642.99,
"=""AR7067""",1928.99,
"=""AR7055""",846.99,
"=""AR7070""",1178.99,
"=""AR7069""",3485.99,
"=""AR7063""",1392.99,
"=""AR7072""",5278.99,
"=""AR7074""",432.99,
"=""AR7071""",3057.99,
"=""AR7068""",785.99,
"=""AR7058""",500.99,
"=""AR7088""",878.99,
"=""AR7075""",1190.99,1429.00
"=""AR7085""",1035.99,
"=""AR7079""",850.99,
"=""AR7095""",4071.99,
"=""AR7097""",992.99,
"=""AR7090""",1342.99,
"=""AR8215""",1564.99,
"=""AR8205""",1107.99,
"=""AR7094""",3278.99,
"=""AR7404""",828.99,
"=""AR7401""",790.99,
"=""AR7500""",578.99,
"=""AR8230""",1707.99,
"=""TR8720""",3785.99,
"=""TR8724""",1357.99,
"=""TR8730""",3071.99,
"=""TR8732""",2850.99,
"=""TR8611""",857.99,
"=""TR8632""",1278.99,
"=""TR8630""",785.99,
"=""TR8636""",285.99,
"=""TR8648""",850.99,
"=""TR8640""",2357.99,
"=""TR8656""",1071.99,
"=""TR8643""",928.99,
"=""TR8651""",778.99,
"=""TR8642""",950.99,
"=""TR8661""",1707.99,
"=""TR8667""",807.99,
"=""TR8657""",750.99,
"=""TR8668""",850.99,
"=""TR8674""",1135.99,
"=""TR8688""",3135.99,
"=""TR8689""",1035.99,
"=""TR8693""",992.99,
"=""TR8680""",607.90,674.77
"=""TR8672""",850.99,
"=""TR8675""",785.99,
"=""TR8698""",1050.99,
"=""TR8679""",678.99,
"=""TR8691""",1214.99,
"=""TR8685""",1285.99,
"=""TR8697""",1071.99,
"=""TR8684""",1285.99,
"=""TR8694""",1321.99,
"=""TR8704""",1135.99,
"=""TR8739""",1707.99,
"=""TR8702""",1071.99,
"=""TR8700""",1928.99,
"=""TR8748""",1714.99,
"=""TR8726""",992.99,
"=""TR8758""",1850.99,
"=""TR8709""",1357.99,
"=""TR8731""",1421.99,
"=""TR8752""",992.99,
"=""TR8760""",1714.99,
"=""TR8749""",1357.99,
"=""TR8716""",1135.99,
"=""TR8759""",892.99,
"=""TR8761""",1500.99,
"=""TR8763""",1928.99,
"=""TR8755""",1428.99,
"=""TR8721""",1214.99,
"=""TR8735""",992.99,
"=""TR8771""",964.99,
"=""TR8733""",2707.99,
"=""TR8757""",1785.99,
"=""TR8781""",1135.99,
"=""TR8778""",1357.99,
"=""TR8756""",1421.99,
"=""TR8768""",1250.99,
"=""TR8770""",1278.99,
"=""TR8773""",1421.99,
"=""TR8792""",1500.99,
"=""TR8777""",1278.99,
"=""TR8762""",1857.99,
"=""TR8767""",1214.99,
"=""TR8780""",2564.99,
"=""TR8769""",1421.99,
"=""TR8783""",1278.99,
"=""TR8782""",642.99,
"=""TR8786""",3571.99,
"=""TR8779""",690.99,
"=""TR8796""",1178.99,
"=""TR8826""",1285.99,
"=""TR8816""",3071.99,
"=""TR8785""",3428.99,
"=""TR8787""",1135.99,
"=""TR8822""",1078.99,
"=""TR8824""",2214.99,
"=""TR8813""",1928.99,
"=""TR8814""",1500.99,
"=""TR8818""",2564.99,
"=""TR8845""",850.99,
"=""TR8846""",1421.99,
"=""TR8850""",1071.99,
"=""TR8849""",2564.99,
"=""TR8820""",964.99,
"=""TR8821""",1135.99,
"=""TR8835""",678.99,
"=""TR8842""",1978.99,
"=""TR8847""",1421.99,
"=""TR8864""",1321.99,
"=""TR8866""",1071.99,
"=""TR8857""",850.99,
"=""TR8896""",1835.99,
"=""TR8902""",1464.99,
"=""TR8901""",1564.99,
"=""TR8925""",1642.99,
"=""TR8926""",892.99,
"=""TR8921""",1707.99,
"=""TR9010""",1107.99,
"=""TR9001""",1021.99,
"=""TR9011""",707.99,
"=""TR9015""",992.99,
"=""TR9028""",1707.99,
"=""TR8790""",1500.99,
"=""TR8811""",2850.99,
"=""TR8815""",750.99,
"=""TR8834""",1928.99,
"=""TR8832""",1500.99,
"=""TR8825""",1992.99,
"=""TR8830""",3428.99,
"=""TR8829""",1071.99,
"=""TR8838""",950.99,
"=""TR8836""",1278.99,
"=""TR8844""",1071.99,
"=""TR8862""",892.99,
"=""TR8867""",892.99,
"=""TR8854""",2785.99,
"=""TR8852""",3714.99,
"=""TR8868""",392.99,
"=""TR8869""",2135.99,
"=""TR8859""",992.99,
"=""TR8871""",1307.99,
"=""TR8865""",2214.99,
"=""TR8861""",1021.99,
"=""TR8880""",2071.99,
"=""TR8870""",1071.99,
"=""TR9019""",950.99,
"=""TR8900""",1335.99,
"=""TR8884""",1278.99,
"=""TR8930""",1850.99,
"=""TR8929""",1500.99,
"=""TR8931""",964.99,
"=""TR9014""",707.99,
"=""TR9000""",850.99,
"=""TR9026""",642.99,
"=""TR9024""",2500.99,
"=""TR8928""",1850.99,
"=""TR9035""",1850.99,
"=""TR9008""",1071.99,
"=""TR9017""",850.99,
"=""TR9047""",657.99,
"=""TR9023""",642.99,
"=""TR8855""",1607.99,
"=""TR9060""",750.99,
"=""TR9022""",2142.99,
"=""TR9034""",2000.99,
"=""TR9075""",1992.99,
"=""TR9027""",564.99,
"=""TR9082""",1071.99,
"=""TR9080""",2992.99,
"=""TR9062""",1464.99,
"=""TR9037""",3114.99,
"=""TR9036""",2785.99,
"=""TR9038""",1178.99,
"=""TR9072""",1850.99,
"=""TR9067""",1321.99,
"=""TR9071""",1278.99,
"=""TR9051""",1357.99,
"=""TR9099""",2500.99,
"=""TR9059""",1928.99,
"=""TR9093""",1785.99,
"=""TR9109""",1785.99,
"=""TR9066""",1750.99,
"=""TR9083""",992.99,
"=""TR9077""",807.99,
"=""TR9086""",690.99,
"=""TR9117""",1850.99,
"=""TR9069""",850.99,
"=""TR9124""",1707.99,
"=""TR9088""",792.99,
"=""TR9084""",950.99,
"=""TR9108""",1278.99,
"=""TR9141""",1157.99,
"=""TR9087""",928.99,
"=""TR9110""",1928.99,
"=""TR9144""",992.99,
"=""TR91401""",1235.99,
"=""TR9122""",664.99,
"=""TR9089""",1392.99,
"=""TR9133""",1500.99,
"=""TR91495""",707.99,
"=""TR91499""",1642.99,
"=""TR9136""",678.99,
"=""TR9111""",1850.99,
"=""TR9154""",1135.99,
"=""TR9140""",664.99,
"=""TR91497""",1642.99,
"=""TR9145""",928.99,
"=""TR9138""",778.99,
"=""TR9147""",1321.99,
"=""TR9167""",1321.99,
"=""TR9172""",621.99,
"=""TR9174""",399.90,443.89
"=""TR9180""",5000.99,
"=""TR9280""",892.99,
"=""TR9213""",2564.99,
"=""TR9281""",664.99,
"=""TR9285""",1335.99,
"=""TR9278""",892.99,
"=""TR9293""",1850.99,
"=""TR9297""",2178.99,
"=""TR9302""",2071.99,
"=""TR9311""",1857.99,
"=""TR9137""",821.99,
"=""TR9148""",1278.99,
"=""TR9163""",1357.99,
"=""TR91493""",1307.99,
"=""TR9173""",850.99,
"=""TR9155""",1035.99,
"=""TR9161""",850.99,
"=""TR9158""",2464.99,
"=""TR9165""",1714.99,
"=""TR9183""",2850.99,
"=""TR9170""",695.99,
"=""TR9206""",1335.99,
"=""TR9179""",1007.99,
"=""TR9176""",642.99,
"=""TR9178""",1607.99,
"=""TR9175""",1107.99,
"=""TR9188""",2928.99,
"=""TR9189""",855.99,
"=""TR9252""",785.99,
"=""TR9294""",1135.99,
"=""TR9211""",1564.99,
"=""TR9291""",3071.99,
"=""TR93101""",907.99,
"=""TR9318""",1421.99,
"=""TR9282""",5000.99,
"=""TR9283""",685.99,
"=""TR9279""",892.99,
"=""TR9320""",1642.99,
"=""TR9284""",1135.99,
"=""TR9322""",1071.99,
"=""TR9212""",1071.99,
"=""TR9331""",1785.99,
"=""TR9328""",785.99,
"=""TR9277""",728.99,
"=""TR9307""",617.99,
"=""TR92905""",707.99,
"=""TR9346""",3000.99,
"=""TR9327""",2421.99,
"=""TR9329""",1071.99,
"=""TR9359""",1421.99,
"=""TR9337""",2071.99,
"=""TR9312""",2407.99,
"=""TR9321""",1785.99,
"=""TR9397""",1500.99,
"=""TR9396""",2500.99,
"=""TR9335""",2421.99,
"=""TR9402""",1357.99,
"=""TR9343""",2178.99,
"=""TR9411""",642.99,
"=""TR9406""",928.99,
"=""TR9336""",1850.99,
"=""TR9340""",1421.99,
"=""TR9381""",1535.99,
"=""TR9355""",1421.99,
"=""TR9418""",321.99,
"=""TR9385""",892.99,
"=""TR9393""",2450.99,
"=""TR9428""",1314.99,
"=""TR9372""",1250.99,
"=""TR9437""",1642.99,
"=""TR9380""",1135.99,
"=""TR9408""",1178.99,
"=""TR9358""",1500.99,
"=""TR9424""",1392.99,
"=""TR9464""",1850.99,
"=""TR9413""",1107.99,
"=""TR9473""",1071.99,
"=""TR9404""",1421.99,
"=""TR9477""",2571.99,
"=""TR9416""",2928.99,
"=""TR9427""",1392.99,
"=""TR9487""",1135.99,
"=""TR9450""",1785.99,
"=""TR9498""",1421.99,
"=""TR9491""",1035.99,
"=""TR9447""",1214.99,
"=""TR9476""",1205.90,1338.55
"=""VR0072""",707.99,
"=""VR1198""",735.99,
"=""VR1300""",250.99,
"=""VR13084""",128.99,
"=""TR9486""",2992.99,
"=""TR9490""",1278.99,
"=""TR9496""",3571.99,
"=""VR13145""",256.99,285.26
"=""VR13306""",178.99,
"=""VR13397""",264.99,
"=""VR13332""",178.99,
"=""VR13401""",120.90,134.20
"=""VR13419""",421.99,
"=""VR13448""",178.99,
"=""VR13492""",250.99,
"=""TR9414""",1421.99,
"=""TR9425""",1250.99,
"=""TR9440""",1785.99,
"=""TR9445""",2928.99,
"=""TR9459""",1928.99,
"=""TR9484""",1135.99,
"=""TR9458""",1135.99,
"=""TR9376""",1121.99,
"=""TR9475""",2571.99,
"=""TR9463""",1071.99,
"=""TR9478""",1642.99,
"=""VR13064""",214.99,
"=""VR13129""",392.99,
"=""TRC11577""",1321.99,
"=""TRC12105""",1850.99,
"=""VR1079""",850.99,
"=""VR13181""",214.99,
"=""VR13186""",257.99,
"=""VR13200""",135.99,
"=""VR13099""",250.99,
"=""VR13204""",185.99,
"=""VR13227""",192.99,
"=""VR13191""",164.99,
"=""VR13146""",192.99,
"=""VR13296""",485.99,
"=""VR13301""",250.99,
"=""VR13307""",135.99,
"=""VR13229""",228.99,
"=""VR13244""",678.99,
"=""VR13690""",835.99,
"=""VR13494""",250.99,
"=""VR13398""",321.99,
"=""VR13698""",214.99,
"=""VR13717""",564.99,
"=""VR13329""",164.99,
"=""VR13326""",214.99,
"=""VR13396""",214.99,
"=""VR1489""",371.99,
"=""VR13348""",228.99,
"=""VR13575""",135.99,
"=""VR13490""",457.99,
"=""VR13309""",150.99,
"=""VR1830""",192.99,
"=""VR13718""",307.99,
"=""VR1451""",250.99,
"=""VR1455""",357.99,
"=""VR13510""",357.99,
"=""VR13721""",378.99,
"=""VR1995""",335.99,
"=""VR13574""",228.99,
"=""VR13716""",607.99,
"=""VR2173""",192.99,
"=""VR2171""",292.99,
"=""VR1531""",178.99,
"=""VR1555""",378.99,
"=""VR2320""",214.99,
"=""VR1826""",178.99,
"=""VR1831""",250.99,
"=""VR2262""",321.99,
"=""VR2336""",197.99,
"=""VR2351""",157.99,
"=""VR1553""",278.99,
"=""VR1880""",242.99,
"=""VR1710""",214.99,
"=""VR1709""",414.99,
"=""VR13493""",321.99,
"=""VR2264""",178.99,
"=""VR2265""",135.99,
"=""VR1996""",307.99,
"=""VR2321""",214.99,
"=""VR2520""",150.99,
"=""VR2376""",192.99,
"=""VR2707""",228.99,
"=""VR2423""",214.99,
"=""VR2480""",235.99,
"=""VR2334""",171.99,
"=""VR2510""",442.99,
"=""VR2609""",292.99,
"=""VR2370""",214.99,
"=""VR2713""",371.99,
"=""VR2588""",178.99,
"=""VR2727""",150.99,
"=""VR2479""",171.99,
"=""VR2470""",185.99,
"=""VR2827""",135.99,
"=""VR2816""",214.99,
"=""VR2817""",214.99,
"=""VR2712""",300.99,
"=""VR2864""",150.99,
"=""VR2792""",285.99,
"=""VR2839""",178.99,
"=""VR2815""",607.99,
"=""VR2854""",171.99,
"=""VR2957""",157.99,
"=""VR2538""",421.99,
"=""VR2481""",178.99,
"=""VR2537""",564.99,
"=""VR2596""",278.99,
"=""VR2765""",171.99,
"=""VR2710""",157.99,
"=""VR2711""",321.99,
"=""VR2766""",228.99,
"=""VR2791""",228.99,
"=""VR2840""",214.99,
"=""VR2886""",321.99,
"=""VR2935""",392.99,
"=""VR2937""",150.99,
"=""VR2837""",228.99,
"=""VR2938""",228.99,
"=""VR2857""",378.99,
"=""VR2993""",128.99,
"=""VR3248""",250.99,
"=""VR622""",200.99,
"=""VR9888""",200.99,
"=""VR2910""",200.99,
"=""VR9409""",464.99,
"=""VR738""",178.99,
"=""VR2994""",200.99,
"=""VR2947""",500.99,
"=""AR7046""",500.99,
"=""TR9208""",2500.99,
"=""AR5548""",550.99,
"=""TR9123""",821.99,
"=""TR9298""",2364.99,
"=""AR2150""",464.99,
"=""TR9156""",642.99,
"=""TR9090""",1421.99,
"=""AR5586""",1164.99,
"=""TR9310""",2278.99,
"=""AR5585""",490.99,
"=""TE4060-1""",1607.99,
"=""TE4171SS""",3421.99,
"=""TE4075-1""",1850.99,
"=""TE4050-1""",1707.99,
"=""TE4070""",2035.99,
"=""TE4075""",2278.99,
"=""TE4070SS""",2850.99,
"=""TE4050""",2135.99,
"=""TE4060""",2035.99,
"=""TE4171""",2278.99,
"=""TE4070-1""",1607.99,
"=""BM11251""",94.99,
"=""BM112362""",125.99,
"=""BM4008""",292.99,
"=""BM20020""",178.99,
"=""BM4030""",271.99,
"=""BM11254""",97.99,
"=""BM11204""",97.99,
"=""BM40195""",992.99,
"=""BM112591""",135.99,
"=""RD-5-9998-0P""",150.99,
"=""BM3661""",142.99,
"=""205-295""",95.99,
"=""BM3660""",182.99,
"=""BM20057HD""",108.99,
"=""BM11256HD""",135.99,
"=""BM20057HDK""",171.99,
"=""BM20052HD""",107.99,
"=""BM5083""",357.99,
"=""BM11244""",171.99,
"=""BM20013HD""",92.99,
"=""BM20010HD""",107.99,
"=""BM4123""",357.99,
"=""BM20034""",107.99,
"=""BM20052HDK""",150.99,
"=""BM20013HDK""",102.99,
"=""BM112031""",95.99,
"=""BM11209""",97.99,
"=""BM112041""",85.99,
"=""BM11198""",107.99,
"=""BM20045""",107.99,
"=""BM11200""",92.99,
"=""BM112181""",85.99,
"=""BM11205""",80.99,
"=""BM11188""",221.99,
"=""BM20032""",264.99,
"=""BM11014""",135.99,
"=""BM11268""",471.99,
"=""BM4081""",135.99,
"=""BM11240""",114.99,
"=""BM11218""",88.99,
"=""BM11199""",120.99,
"=""BM11206""",78.99,
"=""BM11193""",117.99,
"=""BM11190""",92.99,
"=""BM112492""",120.99,
"=""BM24218""",135.99,
"=""BM11208""",100.99,
"=""BM11222""",95.99,
"=""BM112452""",778.99,
"=""BM11233""",131.99,
"=""550-208""",214.99,
"=""BM11215""",114.99,
"=""BM11202""",85.99,
"=""BM112391""",105.99,
"=""BM20022""",250.99,
"=""BM112422""",114.99,
"=""BM112061""",607.99,
"=""BM11249""",140.99,
"=""BM112505""",192.99,
"=""BM112395""",85.99,
"=""BM20014""",198.99,
"=""BM20028""",92.99,
"=""BM20019""",214.99,
"=""BM20042""",282.99,
"=""BM11239""",114.99,
"=""BM20023""",128.99,
"=""BM112382""",214.99,
"=""BM11225""",120.99,
"=""BM11235""",107.99,
"=""BM11227""",192.99,
"=""BM20011""",128.99,
"=""BM20025""",271.99,
"=""BM20017""",157.99,
"=""BM20049""",250.99,
"=""BM112472""",74.99,
"=""BM11256""",97.99,
"=""BM5047""",192.99,
"=""BM5008""",92.99,
"=""BM11259""",192.99,
"=""BM2686""",162.99,
"=""BM24215""",107.99,
"=""BM112608""",335.99,
"=""BM11236""",107.99,
"=""BM11214""",105.99,
"=""BM12500""",464.99,
"=""BM11216""",135.99,
"=""BM12402""",92.99,
"=""BM4071""",135.99,
"=""BM12421""",278.99,
"=""BM12404""",105.99,
"=""BM12505""",392.99,
"=""BM12400""",150.99,
"=""BM24225""",122.99,
"=""BM12403""",92.99,
"=""BM12407""",95.99,
"=""BM24230""",82.99,
"=""BM12413""",500.99,
"=""BM12423""",150.99,
"=""RD-5-14189-24P""",185.99,
"=""BM24232""",97.99,
"=""BM24221""",114.99,
"=""BM3921""",397.99,
"=""BM24223""",98.99,
"=""BM11267""",107.99,
"=""BM12422""",214.99,
"=""BM24224""",221.99,
"=""BM124121""",328.99,
"=""BM12411""",135.99,
"=""73R0514""",100.99,
"=""BM24231""",128.99,
"=""BM24235""",78.99,
"=""BM12401""",111.99,
"=""BM12415""",135.99,
"=""BM12410""",121.99,
"=""BM12405""",92.99,
"=""BM12416""",92.99,
"=""BM12412""",185.99,
"=""BM11261""",185.99,
"=""BM24226""",171.99,
"=""BM12414""",135.99,
"=""BM11262""",250.99,
"=""BW111""",114.99,
"=""BW110""",74.99,
"=""BW236""",85.99,
"=""BW138""",150.99,
"=""BW176""",138.99,
"=""BW123""",80.99,
"=""BM40191""",207.99,
"=""BM200531""",278.99,
"=""BM40201K""",228.99,
"=""220-620""",121.99,
"=""BM112604""",764.99,
"=""BM4004""",174.99,
"=""BM4038""",928.99,
"=""BM40625""",171.99,
"=""BW299""",264.99,
"=""BW152""",80.99,
"=""BW242""",214.99,
"=""BW197""",235.99,
"=""BM4031""",278.99,
"=""BM4900""",97.99,
"=""BM4039""",278.99,
"=""BM51193""",74.99,
"=""BM112605""",207.99,
"=""BM3515""",335.99,
"=""BM4041""",407.99,
"=""BM40157""",321.99,
"=""BM4040""",425.99,
"=""BM40401""",554.99,
"=""BM3895""",207.99,
"=""BM4200""",135.99,
"=""BM3519""",642.99,
"=""BM3518""",607.99,
"=""BM3928""",250.99,
"=""BM3903""",100.99,
"=""BM4050-24""",692.99,
"=""BM4052""",235.99,
"=""BM4064""",357.99,
"=""BM40112""",321.99,
"=""BM4015""",250.99,
"=""BM3920""",200.99,
"=""BM3922""",140.99,
"=""BM3919""",357.99,
"=""BM40153""",278.99,
"=""BM40161""",357.99,
"=""BM5049""",121.99,
"=""BM40152""",250.99,
"=""BM3653""",421.99,
"=""BM39048""",214.99,
"=""BM40155-24""",264.99,
"=""BM4015-24""",257.99,
"=""BM4180""",392.99,
"=""BM40151""",250.99,
"=""BM4016""",271.99,
"=""BM4050""",407.99,
"=""BM4068""",285.99,
"=""BM3891""",335.99,
"=""BM3892""",254.99,
"=""BM4065""",252.99,
"=""BM40025""",428.99,
"=""BM3663""",178.99,
"=""BM3662""",357.99,
"=""BM4007""",185.99,
"=""BM40166""",278.99,
"=""BM3851""",282.99,
"=""BM4005""",235.99,
"=""BM4006""",235.99,
"=""BM3860""",500.99,
"=""BM3902""",264.99,
"=""BM3900""",307.99,
"=""BM4011""",321.99,
"=""BM39031""",77.99,
"=""BM4062""",214.99,
"=""BM40881""",257.99,
"=""BM5126""",160.90,178.60
"=""BM4163""",357.99,
"=""BM3912""",209.99,
"=""BM40695""",174.99,
"=""BM50223""",82.99,
"=""BM3927""",128.99,
"=""BM5168""",157.99,
"=""BM5169""",192.99,
"=""BM3534""",471.99,
"=""BM3530""",521.99,
"=""BM5159""",107.99,
"=""BM4047""",228.99,
"=""BM3535""",321.99,
"=""BM5170""",207.99,
"=""BM4676""",321.99,
"=""BM3881""",214.99,
"=""BM4110""",314.99,
"=""BM3930""",664.99,
"=""BM3520""",270.99,
"=""BM40154""",750.99,
"=""BM40286""",214.99,
"=""BM3510""",428.99,
"=""BM40634""",228.99,
"=""BM4052-24""",292.99,
"=""BM3929""",571.99,
"=""BM40052""",250.99,
"=""BM3505""",464.99,
"=""BM40162""",357.99,
"=""BM3852""",321.99,
"=""BM4051-24""",500.99,
"=""BM4049""",282.99,
"=""BM3862""",950.99,
"=""BM3504""",342.99,
"=""BM4087""",378.99,
"=""BM4185""",471.99,
"=""BM4017""",185.99,
"=""BM4086""",407.99,
"=""BM4088""",257.99,
"=""BM3884""",214.99,
"=""BM5011""",80.99,
"=""BM3944""",121.99,
"=""BM3894""",328.99,
"=""BM4089""",278.99,
"=""BM4042""",371.99,
"=""BM4182""",292.99,
"=""BM4168""",278.99,
"=""BM4174""",178.99,
"=""BM4160""",607.99,
"=""BM3880""",192.99,
"=""BM4161""",284.99,
"=""BM4162""",678.99,
"=""BM5046""",185.99,
"=""BM4010""",357.99,
"=""BM4121""",221.99,
"=""BM4046""",271.99,
"=""BM3675""",178.99,
"=""BM5028""",118.99,
"=""BM5035""",192.99,
"=""BM4124-24""",328.99,
"=""BM4126-24""",278.99,
"=""BM4120""",285.99,
"=""BM3676""",1278.99,
"=""BM41781""",307.99,
"=""BM4014""",200.99,
"=""BM3651""",571.99,
"=""BM4122""",342.99,
"=""BM3853""",214.99,
"=""BM3844""",185.99,
"=""BM4126""",192.99,
"=""BM3855""",4000.99,
"=""BM41266""",192.99,
"=""BM3857""",1750.99,
"=""BM4043""",464.99,
"=""BM3856""",757.99,
"=""BM40442""",282.99,
"=""BM3845""",1042.99,
"=""BM3685""",300.99,
"=""BM4195""",707.99,
"=""BM5116""",92.99,
"=""BM40445""",464.99,
"=""BM40875""",471.99,
"=""BM4646""",321.99,
"=""BM5111""",124.99,
"=""BM5110""",117.99,
"=""BM3946""",421.99,
"=""BM450828""",421.99,
"=""BM450829""",370.99,
"=""BM4059""",321.99,
"=""BM4075""",578.99,
"=""BM112171""",321.99,
"=""BM40281""",250.99,
"=""BM4099""",264.99,
"=""BM4645""",321.99,
"=""BM40122-24""",228.99,
"=""BM5166""",171.99,
"=""BM3940""",150.99,
"=""BM5153""",200.99,
"=""BM5122""",192.99,
"=""BM5121""",392.99,
"=""BM4115""",807.99,
"=""BM40414""",155.99,
"=""BM40291""",228.99,
"=""BM11020""",140.99,
"=""BM3506""",150.99,
"=""BM3840""",428.99,
"=""BM4986""",97.99,
"=""BM3502""",250.99,
"=""220-5441""",200.99,
"=""BM40218""",500.99,
"=""BM3854""",221.99,
"=""BM4061""",217.99,
"=""BM4026""",278.99,
"=""BM4024""",145.99,
"=""220-571""",478.99,
"=""220-572""",242.99,
"=""BM4028""",185.99,
"=""220-580""",118.99,
"=""220-536""",140.99,
"=""220-554""",85.99,
"=""220-626""",140.99,
"=""220-565""",78.99,
"=""220-523""",125.99,
"=""220-559""",188.99,
"=""220-810""",275.99,
"=""220-578""",111.99,
"=""220-619""",97.99,
"=""220-577""",140.99,
"=""220-575""",100.99,
"=""220-814""",135.99,
"=""220-880""",114.99,
"=""220-631""",88.99,
"=""220-542""",82.99,
"=""220-882""",97.99,
"=""220-622""",109.99,
"=""220-615""",92.99,
"=""220-582""",154.99,
"=""BM4930""",192.99,
"=""BM4112""",321.99,
"=""BM4023""",321.99,
"=""BM40225HD""",328.99,
"=""BM40324""",357.99,
"=""BW284""",364.99,
"=""BM4097""",128.99,
"=""BM200334""",121.99,
"=""220-535""",88.99,
"=""BM4045""",171.99,
"=""220-5354""",91.99,
"=""BM4056""",328.99,
"=""220-5357""",92.99,
"=""BM24216""",521.99,
"=""BM4032""",321.99,
"=""BM11266""",214.99,
"=""BM3850""",284.99,
"=""BM4084""",635.99,
"=""BM40285""",514.99,
"=""BM4999""",82.99,
"=""BM4063""",228.99,
"=""BM5003""",74.99,
"=""BM111991""",97.99,
"=""BM3507""",195.99,
"=""BM40293""",278.99,
"=""BM5010""",80.99,
"=""BM39042""",257.99,
"=""BM4983""",85.99,
"=""BM4020-24HD""",342.99,
"=""BM5041""",225.99,
"=""BM11211""",150.99,
"=""BM4029""",421.99,
"=""BM4965""",72.99,
"=""BM3943""",300.99,
"=""BM3446""",321.99,
"=""BM4175""",328.99,
"=""BM4034""",1642.99,
"=""550-238""",139.99,
"=""BM3450""",111.99,
"=""BM5020""",107.99,
"=""BM3440""",111.99,
"=""BM5040""",278.99,
"=""BM5021""",74.99,
"=""BM3445""",607.99,
"=""BM5031""",107.99,
"=""BM50412""",178.99,
"=""BM5027""",135.99,
"=""BM5030""",85.99,
"=""BM4053-24""",500.99,
"=""BM4019""",214.99,
"=""BM5032""",135.99,
"=""BM11254HD""",150.99,
"=""BM40342""",321.99,
"=""BM4013""",321.99,
"=""BM4035""",278.99,
"=""BM3859""",135.99,
"=""BM5052""",85.99,
"=""BM5014""",164.99,
"=""BM5033""",91.99,
"=""BM40171""",207.99,
"=""BM4018""",278.99,
"=""BM4066""",328.99,
"=""BM3915""",142.99,
"=""BM4022""",278.99,
"=""BM5057""",78.99,
"=""BM50501""",114.99,
"=""BM5053""",200.99,
"=""BM3832""",278.99,
"=""BM5016""",121.99,
"=""BM5070""",214.99,
"=""BM5051""",84.99,
"=""BM4127""",192.99,
"=""BM20029""",85.99,
"=""BM3911""",178.99,
"=""BM5050""",91.99,
"=""BM3913""",642.99,
"=""BM1126034""",180.99,
"=""BM39047""",178.99,
"=""BM3649""",407.99,
"=""BM40628""",464.99,
"=""BM112603""",228.99,
"=""BM4037""",285.99,
"=""BM4036""",392.99,
"=""BM11258""",214.99,
"=""BM112601""",250.99,
"=""BM4037-24""",328.99,
"=""BM3858""",321.99,
"=""BM3916""",1135.99,
"=""BM3914""",141.99,
"=""BM3680""",178.99,
"=""BM39074""",200.99,
"=""BM3907""",168.99,
"=""220-557""",178.99,
"=""220-548""",205.99,
"=""BM11186""",800.99,
"=""BM4009""",278.99,
"=""BM11187""",192.99,
"=""BM5086""",421.99,
"=""BM5082""",464.99,
"=""BM5084""",342.99,
"=""BM3846""",235.99,
"=""BM3917""",278.99,
"=""BM3825""",182.99,
"=""BM3828""",307.99,
"=""BM4027""",278.99,
"=""220-5462""",207.99,
"=""220-5464""",214.99,
"=""220-581""",154.99,
"=""BM4622""",778.99,
"=""BM3681""",195.99,
"=""BM5085""",357.99,
"=""BM20007K""",135.99,
"=""BM3677""",140.99,
"=""BM39164""",307.99,
"=""BM3830""",371.99,
"=""BM3808""",535.99,
"=""BM3822""",792.99,
"=""BM3820""",750.99,
"=""BM3818""",821.99,
"=""BM3810""",264.99,
"=""BM3826""",284.99,
"=""BM5089""",114.99,
"=""BM3829""",282.99,
"=""BM5092""",140.99,
"=""BM3540""",140.99,
"=""BM3812""",264.99,
"=""BM40432""",321.99,
"=""BM4048""",378.99,
"=""220-558""",125.99,
"=""BM4044""",278.99,
"=""BM5090""",100.99,
"=""BM5119""",107.99,
"=""BM4020""",278.99,
"=""BM11248""",107.99,
"=""BM40225""",892.99,
"=""BM4020-24""",357.99,
"=""BM11265""",207.99,
"=""BM5054""",292.99,
"=""BM4178""",335.99,
"=""BM11264""",135.99,
"=""BM39153""",135.99,
"=""BM5108""",85.99,
"=""BM3682""",221.99,
"=""BM3684""",694.99,
"=""RD-3-3729-1P""",500.99,
"=""RD-3-3425-0P""",464.99,
"=""73R0912""",178.99,
"=""73R5584""",323.99,
"=""73R9054""",124.99,
"=""BM4172""",321.99,
"=""BM5109""",92.99,
"=""BM11231""",77.99,
"=""BM4069-24""",500.99,
"=""RD-3-7478-0P""",392.99,
"=""RD-5-3860-4P""",500.99,
"=""RD-5-13562-0P""",307.99,
"=""RD-2-0781-6P""",102.99,
"=""RD-3-3950-1P""",250.99,
"=""RD-5-14874-0P""",321.99,
"=""73R4202""",128.99,
"=""73R0582""",100.99,
"=""73R0532""",121.99,
"=""RD-3-8953-0P""",321.99,
"=""73R4102""",92.99,
"=""RD-3-7383-1P""",435.99,
"=""73R5674""",378.99,
"=""73R5672""",371.99,
"=""73R9052""",107.99,
"=""RD-5-3860-5P""",421.99,
"=""73R0512""",150.99,
"=""73R5532""",178.99,
"=""73R9062""",97.99,
"=""BM4069""",200.99,
"=""220-812""",192.99,
"=""220-5342""",92.99,
"=""RD-3-7383-0P""",435.99,
"=""BM40302""",442.99,
"=""BM20021""",707.99,
"=""BM40228""",564.99,
"=""110-350""",92.99,
"=""220-820""",135.99,
"=""BM4002""",121.99,
"=""220-6211""",80.99,
"=""BM4054""",321.99,
"=""BM4176""",182.99,
"=""BM36521""",178.99,
"=""BM4055""",321.99,
"=""BM51113""",111.99,
"=""BM20054""",228.99,
"=""BM200331""",107.99,
"=""BM11203""",105.99,
"=""BM3945""",182.99,
"=""BM4058""",335.99,
"=""BM5006""",135.99,
"=""BM20004""",250.99,
"=""BM20005""",92.99,
"=""BM3512""",471.99,
"=""BM5050K""",108.99,
"=""BM12509""",282.99,
"=""BM51103""",114.99,
"=""BM5130""",140.99,
"=""BM24217""",160.99,
"=""BM200091""",242.99,
"=""BM20008""",100.99,
"=""BM11189""",107.99,
"=""BM20006""",107.99,
"=""BM20007""",100.99,
"=""BM5065""",82.99,
"=""BM5052K""",100.99,
"=""BM5072""",214.99,
"=""BM3503""",257.99,
"=""BM4098""",207.99,
"=""BM12510""",278.99,
"=""BM4080""",155.99,
"=""BM4085""",178.99,
"=""BM3835""",378.99,
"=""BM4091""",207.99,
"=""BM4095""",131.99,
"=""BM4070""",142.99,
"=""BM4083""",140.99,
"=""BM4090""",178.99,
"=""BM4165""",214.99,
"=""BM5112""",114.99,
"=""BM3834""",1478.99,
"=""BM5025""",74.99,
"=""BM20052""",100.99,
"=""BM20013""",85.99,
"=""BM3849""",140.99,
"=""BM4020K""",292.99,
"=""BM4033""",292.99,
"=""BM5042""",141.99,
"=""FA7513""",102.99,
"=""FA65149E""",88.99,
"=""FA923""",100.99,
"=""FA429""",85.99,
"=""FA419""",92.99,
"=""FA1014""",92.99,
"=""FA1323""",107.99,
"=""FA924-24""",95.99,
"=""FA1623-24""",114.99,
"=""FA914-24""",117.99,
"=""FA1413""",117.99,
"=""FA1014-24""",107.99,
"=""FA1114-24""",117.99,
"=""FA1623""",117.99,
"=""FA1214""",102.99,
"=""FA1313""",105.99,
"=""220-185""",117.99,
"=""FA1123""",114.99,
"=""FA1023""",107.99,
"=""FA5219""",97.99,
"=""FA5229""",78.99,
"=""FA1013""",121.99,
"=""FA1024""",107.99,
"=""FA10144""",121.99,
"=""FA1214-24""",107.99,
"=""FA1213""",94.99,
"=""FA1114""",114.99,
"=""FA12135""",135.99,
"=""FA11235""",135.99,
"=""FA11135""",131.99,
"=""FA7523""",103.99,
"=""FA1323-24""",107.99,
"=""FA1024-24""",92.99,
"=""FA913""",92.99,
"=""FA1114E""",121.99,
"=""FA13235""",140.99,
"=""FA6513""",111.99,
"=""FA12135-24""",140.99,
"=""FA14135""",125.99,
"=""FA12145""",141.99,
"=""FA121369""",157.99,
"=""FA112358""",171.99,
"=""FA5219-24""",120.99,
"=""FA102369-24""",185.99,
"=""FA6523""",100.99,
"=""FA101469-24""",185.99,
"=""FA924""",121.99,
"=""FA914E""",128.99,
"=""FA122469-24""",192.99,
"=""FA13135-24""",147.99,
"=""FA111369-24""",192.99,
"=""FA11136""",135.99,
"=""FA91369-24""",192.99,
"=""FA12145-24""",131.99,
"=""220-195""",135.99,
"=""FA914C""",135.99,
"=""FA1123-24""",107.99,
"=""FA16246""",200.99,
"=""AF5080647""",131.99,
"=""FA14146""",192.99,
"=""FA1223""",107.99,
"=""FA12235""",140.99,
"=""FA1213-24""",107.99,
"=""FA6513-24""",117.99,
"=""FA1613""",107.99,
"=""FA1013692""",185.99,
"=""FA14135-24""",141.99,
"=""FA7513-24""",140.99,
"=""FA1423""",107.99,
"=""FA1413-24""",114.99,
"=""FA111469-24""",210.99,
"=""FA112369""",207.99,
"=""FA1313-24""",182.99,
"=""FA101369-24""",160.99,
"=""FA111459""",164.99,
"=""FA91369""",207.99,
"=""FA121369-24FS""",207.99,
"=""FA142462""",207.99,
"=""FA122359""",207.99,
"=""FA111369""",185.99,
"=""FA5229-24""",114.99,
"=""FA102369""",200.99,
"=""FA11235-1""",214.99,
"=""FA1113""",107.99,
"=""FA161469""",202.99,
"=""FA72149""",200.99,
"=""FA122369-24""",214.99,
"=""FA1114R""",192.99,
"=""FA7523-24""",121.99,
"=""FA913-24""",117.99,
"=""FA1124E""",128.99,
"=""FA14236""",200.99,
"=""FA122369-24E""",214.99,
"=""FA1024R""",221.99,
"=""FA14246-24""",214.99,
"=""FA14235-24""",141.99,
"=""FA16135""",135.99,
"=""FA13146""",192.99,
"=""FA1613-24""",135.99,
"=""FA13135""",140.99,
"=""FA16135-24""",135.99,
"=""FA6523-24""",135.99,
"=""FA14136""",207.99,
"=""FA12146-24""",207.99,
"=""FA14146-24""",207.99,
"=""FA16146""",228.99,
"=""FA101369""",214.99,
"=""FA75132""",185.99,
"=""FA141462""",235.99,
"=""FA14235""",141.99,
"=""FA12245""",141.99,
"=""FA122369""",214.99,
"=""FA1114692""",207.99,
"=""FA92369""",228.99,
"=""FA75231""",164.99,
"=""AF622520""",214.99,
"=""FA14236-24""",200.99,
"=""FA14246""",200.99,
"=""FA16236""",200.99,
"=""FA12146""",192.99,
"=""FA121369-24""",192.99,
"=""FA92369-24""",228.99,
"=""FA1614692""",242.99,
"=""FA121359""",207.99,
"=""FA1114592""",250.99,
"=""FA12246""",228.99,
"=""FA16136""",200.99,
"=""FA16136-24""",200.99,
"=""FA16236-24""",200.99,
"=""FA101469-24K""",264.99,
"=""RD-5-11897-0P""",264.99,
"=""FA112369-24""",235.99,
"=""FA121469""",240.99,
"=""FA112469""",278.99,
"=""FA10142""",264.99,
"=""FA11137""",307.99,
"=""AF620140""",264.99,
"=""FA1113689""",392.99,
"=""FA71637""",285.99,
"=""FA914""",117.99,
"=""FA16235""",140.99,
"=""FA13246""",207.99,
"=""FA10146-24""",214.99,
"=""FA121469-24""",228.99,
"=""FA101369-24HD""",231.99,
"=""FA161469-24""",228.99,
"=""FA12136""",250.99,
"=""RD-5-8785-4P""",328.99,
"=""FA101369C""",335.99,
"=""FA16137""",307.99,
"=""FA1113689-24""",392.99,
"=""FA1123692-24""",278.99,
"=""FA1214689""",427.99,
"=""FA111469""",271.99,
"=""FA112367""",550.99,
"=""FA901453""",392.99,
"=""PSA56279""",159.99,
"=""AR55462""",907.99,
"=""SBA60413""",95.99,
"=""SCA72791""",335.99,
"=""CA2352""",928.99,
"=""CA2075""",1392.99,
"=""CA2239""",1278.99,
"=""CA2093""",1214.99,
"=""CA2227""",892.99,
"=""CA2071""",1071.99,
"=""CA2091""",850.99,
"=""CA2367""",1535.99,
"=""CA2094""",1500.99,
"=""CA2410""",1135.99,
"=""CA2111""",1321.99,
"=""CA2105""",1321.99,
"=""CA2107""",1321.99,
"=""CA2184""",1357.99,
"=""CA2460""",678.99,
"=""CA2079""",1321.99,
"=""CA2078""",1321.99,
"=""CA2109""",1642.99,
"=""CA2096""",1321.99,
"=""CA2238""",421.99,
"=""CA2289""",1035.99,
"=""CA2027""",1178.99,
"=""CA2104""",1178.99,
"=""CA2132""",907.99,
"=""CA2249""",1178.99,
"=""CA2041""",1035.99,
"=""CA2035""",1214.99,
"=""CA2040""",1214.99,
"=""CA2255""",1214.99,
"=""CA0512""",1357.99,
"=""CA2266""",1135.99,
"=""CA2112""",1321.99,
"=""CA2151""",1278.99,
"=""CA2038""",1135.99,
"=""CA2080""",1071.99,
"=""CA2076""",1307.99,
"=""CA2083""",992.99,
"=""CA2130""",464.99,
"=""CA2115""",1250.99,
"=""CA2342""",2995.99,
"=""CA2070""",1214.99,
"=""CA2201""",964.99,
"=""CA2069""",1642.99,
"=""CA2156""",1357.99,
"=""CA2303""",1214.99,
"=""CA2248""",928.99,
"=""CA2256""",1357.99,
"=""CA2097""",1214.99,
"=""CA2373""",1421.99,
"=""CA2402""",550.99,
"=""CA2228""",1178.99,
"=""CA2236""",1321.99,
"=""CA2315""",1278.99,
"=""CA2237""",785.99,
"=""CA2095""",1321.99,
"=""CA2068""",1178.99,
"=""CA0074""",800.99,
"=""CA2108""",1564.99,
"=""CA2318""",1150.99,
"=""CA2312""",1214.99,
"=""CA2323""",928.99,
"=""CA2324""",928.99,
"=""CA2241""",1214.99,
"=""CA2221""",1564.99,
"=""CA2350""",1357.99,
"=""CA2344""",1421.99,
"=""CA2121""",1071.99,
"=""CA2028""",1321.99,
"=""CA2077""",1192.99,
"=""CA2085""",1357.99,
"=""CA2155""",964.99,
"=""CA2416""",1135.99,
"=""CA2332""",1500.99,
"=""CA2003""",1250.99,
"=""CA2000""",1235.99,
"=""CA2120""",1357.99,
"=""CA2251""",1178.99,
"=""CA2231""",1321.99,
"=""CA2225""",1178.99,
"=""CA2369""",642.99,
"=""CA2103""",1500.99,
"=""CA2233""",928.99,
"=""CA6173""",785.99,
"=""CA2081""",1071.99,
"=""CA2209""",1357.99,
"=""CA2082""",1071.99,
"=""CA1395""",807.99,
"=""CA2206""",692.99,
"=""CA2346""",1278.99,
"=""CA6168""",707.99,
"=""CA2194""",871.99,
"=""CA2007""",1135.99,
"=""CA2128""",1107.99,
"=""CA2200""",1021.99,
"=""CA2388""",371.99,
"=""CA2246""",1378.99,
"=""CA2224""",1178.99,
"=""CA2064""",1135.99,
"=""CA2383""",1071.99,
"=""CA2171""",1500.99,
"=""CA2005""",1278.99,
"=""CA2313""",1071.99,
"=""CA2316""",1071.99,
"=""CA1378""",3135.99,
"=""CA2409""",1550.99,
"=""CA2356""",1914.99,
"=""CA2001""",1250.99,
"=""CA2203""",735.99,
"=""CA2084""",1135.99,
"=""CA2074""",1107.99,
"=""CA1322""",1264.99,
"=""CA2379""",1850.99,
"=""CA2311""",1278.99,
"=""CA2396""",1278.99,
"=""CA2145""",1107.99,
"=""CA2099""",1278.99,
"=""CA2308""",678.99,
"=""CA2101""",1007.99,
"=""CA1394""",607.99,
"=""CA2380""",421.99,
"=""CA2286""",992.99,
"=""CA2102""",1564.99,
"=""CA2218""",2564.99,
"=""CA2004""",1278.99,
"=""CA2291""",2992.99,
"=""CA2254""",2250.99,
"=""CA2401""",535.99,
"=""CA2400""",550.99,
"=""CA2252""",1250.99,
"=""CA2199""",1178.99,
"=""CA2314""",607.99,
"=""CA2285""",1292.99,
"=""CA2382""",1321.99,
"=""CA3982""",3000.99,
"=""CA2100""",1564.99,
"=""CA2057""",785.99,
"=""CA0072""",521.99,
"=""CA2183""",1785.99,
"=""CA2226""",1171.99,
"=""CA2294""",1278.99,
"=""CA5119""",785.99,
"=""CA2050""",1035.99,
"=""CA2270""",964.99,
"=""CA2257""",1178.99,
"=""CA2240""",1214.99,
"=""CA2047""",1035.99,
"=""CA2198""",1278.99,
"=""CA2216""",1321.99,
"=""CA2320""",1342.99,
"=""CA2092""",1357.99,
"=""CA2265""",1350.99,
"=""CA2196""",1464.99,
"=""CA2217""",1500.99,
"=""CA2334""",1642.99,
"=""CA7862""",1892.99,
"=""CA2306""",1992.99,
"=""CA2062""",1607.99,
"=""CA2060""",1278.99,
"=""CA2333""",1321.99,
"=""CA2163""",750.99,
"=""CA2061""",928.99,
"=""CA2058""",5357.99,
"=""CA2106""",992.99,
"=""CA2264""",1278.99,
"=""CA2261""",850.99,
"=""CA2213""",1071.99,
"=""CA2197""",1278.99,
"=""CA2232""",1071.99,
"=""CA2185""",1214.99,
"=""CA9971""",1378.99,
"=""CA2325""",1421.99,
"=""CA2386""",1692.99,
"=""CA1509""",4850.99,
"=""CA2331""",1421.99,
"=""CA2385""",1521.99,
"=""CA2319""",2107.99,
"=""CA2307""",1642.99,
"=""CA2424""",5928.99,
"=""CA2351""",442.99,
"=""CA2357""",1642.99,
"=""CA2330""",1421.99,
"=""CA2321""",1785.99,
"=""CA2113""",1092.99,
"=""CA2349""",1178.99,
"=""CA2067""",1214.99,
"=""CA2345""",1035.99,
"=""CA0434""",2707.99,
"=""CA2122""",964.99,
"=""CA2159""",900.99,
"=""CA2358""",1421.99,
"=""CA2341""",2500.99,
"=""CA2422""",4071.99,
"=""CA2020""",1278.99,
"=""CA2421""",4071.99,
"=""CA2322""",1135.99,
"=""CA2377""",1214.99,
"=""CA2220""",1850.99,
"=""CA2340""",2500.99,
"=""CA2063""",1071.99,
"=""CA2150""",278.99,
"=""CA2247""",1071.99,
"=""CA2110""",1278.99,
"=""CA2751""",1278.99,
"=""CA2375""",1642.99,
"=""CA2392""",992.99,
"=""CA2394""",1357.99,
"=""CA2008""",1564.99,
"=""CA2360""",1980.99,
"=""CA1377""",3707.99,
"=""CA2243""",1264.99,
"=""CA2339""",750.99,
"=""CA2263""",1092.99,
"=""CA2282""",1464.99,
"=""CA2328""",1321.99,
"=""CA2414""",1092.99,
"=""CA2114""",1192.99,
"=""CA2366""",785.99,
"=""CA2018""",1035.99,
"=""CA2260""",992.99,
"=""CA0510""",1607.99,
"=""CA2032""",928.99,
"=""CA2368""",1235.99,
"=""CA2039""",1178.99,
"=""CA2031""",1035.99,
"=""CA2030""",1071.99,
"=""CA2116""",1278.99,
"=""CA2262""",1135.99,
"=""CA2036""",1107.99,
"=""CA2365""",1500.99,
"=""CA2117""",1135.99,
"=""CA2389""",785.99,
"=""CA2395""",1214.99,
"=""CA2378""",1235.99,
"=""CA2391""",850.99,
"=""CA3989""",1090.99,
"=""CA2390""",750.99,
"=""CA2461""",928.99,
"=""CA2024""",1178.99,
"=""CA2016""",1235.99,
"=""CA2025""",1135.99,
"=""CA2042""",1135.99,
"=""CA4073""",2000.99,
"=""CA2013""",1178.99,
"=""CA2295""",935.99,
"=""CA2043""",992.99,
"=""CA2066""",1007.99,
"=""CA2310""",1157.99,
"=""CA2290""",1164.99,
"=""CA2011""",1464.99,
"=""CA1336""",1707.99,
"=""CA2014""",1850.99,
"=""CA2281""",1321.99,
"=""CA3731""",750.99,
"=""CA2162""",1214.99,
"=""CA2326""",1214.99,
"=""CA2153""",1071.99,
"=""CA2403""",1357.99,
"=""CA2384""",1750.99,
"=""CA2406""",1164.99,
"=""CA2019""",692.99,
"=""CA2022""",1178.99,
"=""CA2026""",1371.99,
"=""CA2017""",1642.99,
"=""CA2229""",735.99,
"=""CA2021""",1050.99,
"=""CA2393""",1107.99,
"=""CA2279""",1135.99,
"=""CA2250""",1135.99,
"=""CA2371""",1214.99,
"=""CA2277""",1135.99,
"=""CA2347""",1178.99,
"=""CA2023""",1214.99,
"=""CA2222""",1278.99,
"=""CA2235""",1321.99,
"=""CA2223""",1135.99,
"=""CA2010""",1378.99,
"=""CA2123""",1321.99,
"=""CA2210""",1928.99,
"=""CA2370""",1321.99,
"=""CA2230""",785.99,
"=""CA2045""",1071.99,
"=""CA2012""",1850.99,
"=""CA4074""",535.99,
"=""CA2214""",1500.99,
"=""CA2015""",1035.99,
"=""CA2215""",1500.99,
"=""CA2055""",1278.99,
"=""CA2364""",1214.99,
"=""CA2046""",871.99,
"=""CA2029""",1214.99,
"=""CA2408""",1642.99,
"=""CA2245""",785.99,
"=""CA2292""",1392.99,
"=""CA2051""",1292.99,
"=""CA2052""",1135.99,
"=""CA2207""",1357.99,
"=""CA2242""",1035.99,
"=""CA2297""",1850.99,
"=""CA2127""",1035.99,
"=""CA2049""",1035.99,
"=""CA2165""",1135.99,
"=""CA2398""",1278.99,
"=""CA2192""",964.99,
"=""CA2044""",1135.99,
"=""CA2056""",707.99,
"=""CA2048""",1042.99,
"=""CA2301""",892.99,
"=""CA2355""",1394.99,
"=""CA2304""",1135.99,
"=""CA2284""",1892.99,
"=""CA2374""",1035.99,
"=""CA2411""",571.99,
"=""CA2283""",892.99,
"=""CA2089""",642.99,
"=""CA2353""",1071.99,
"=""CA2244""",850.99,
"=""CA2327""",1278.99,
"=""CA2376""",1135.99,
"=""CA2335""",1178.99,
"=""CA2404""",1178.99,
"=""CA2397""",1278.99,
"=""CA2278""",964.99,
"=""CA2053""",1135.99,
"=""CA2269""",992.99,
"=""CA2287""",992.99,
"=""CA2338""",1250.99,
"=""CA2054""",1307.99,
"=""CA2299""",1564.99,
"=""CA2337""",1278.99,
"=""CA2329""",785.99,
"=""CA2302""",1564.99,
"=""CA2268""",992.99,
"=""CA2293""",1135.99,
"=""CA2336""",1235.99,
"=""CA2298""",1278.99,
"=""CA2253""",1535.99,
"=""CA6461""",1214.99,
"=""CA2002""",1214.99,
"=""CA2291K""",3785.99,
"=""CA2399""",1757.99,
"=""CA2300""",1421.99,
"=""CA2006""",785.99,
"=""CA2348""",1135.99,
"=""CA2359""",1457.99,
"=""CA2372""",1357.99,
"=""40-11252""",350.99,
"=""40-11485""",371.99,
"=""40-11361""",371.99,
"=""40-11265""",321.99,
"=""40-11307""",371.99,
"=""40-11329""",357.99,
"=""40-11475""",371.99,
"=""40-11491""",385.99,
"=""40-11390""",378.99,
"=""40-11502""",385.99,
"=""40-11254""",392.99,
"=""40-11249""",407.99,
"=""40-11525""",392.99,
"=""40-11506""",421.99,
"=""40-11510""",421.99,
"=""40-11344""",464.99,
"=""40-11374""",492.99,
"=""40-11480""",478.99,
"=""40-11338""",457.99,
"=""40-11488""",492.99,
"=""40-11408""",500.99,
"=""40-11446""",500.99,
"=""40-11260""",485.99,
"=""40-11445""",514.99,
"=""40-11332""",514.99,
"=""40-11409""",535.99,
"=""40-11342""",550.99,
"=""40-11258""",592.99,
"=""40-11487""",564.99,
"=""40-11494""",500.99,
"=""40-11259""",521.99,
"=""40-11493""",550.99,
"=""40-11473""",535.99,
"=""40-11395""",564.99,
"=""40-11362""",564.99,
"=""40-11504""",578.99,
"=""40-11292""",600.99,
"=""40-11470""",607.99,
"=""40-11404""",607.99,
"=""40-11477""",607.99,
"=""40-11439""",607.99,
"=""40-11405""",628.99,
"=""40-11503""",607.99,
"=""40-11839""",621.99,
"=""40-11455""",642.99,
"=""40-11401""",614.99,
"=""40-11363""",642.99,
"=""40-11524""",642.99,
"=""40-11285""",657.99,
"=""40-11253""",664.99,
"=""40-11328""",642.99,
"=""40-11415""",678.99,
"=""40-11416""",664.99,
"=""40-11411""",678.99,
"=""40-11553""",678.99,
"=""40-11511""",678.99,
"=""40-11507""",707.99,
"=""40-11426""",735.99,
"=""40-11436""",764.99,
"=""40-11399""",778.99,
"=""40-11457""",807.99,
"=""40-11428""",678.99,
"=""40-11450""",707.99,
"=""40-11423""",707.99,
"=""40-11481""",728.99,
"=""40-11419""",714.99,
"=""40-11440""",750.99,
"=""40-11484""",714.99,
"=""40-11345""",757.99,
"=""40-11349""",785.99,
"=""40-11406""",750.99,
"=""40-11500""",821.99,
"=""40-11472""",850.99,
"=""40-11474""",835.99,
"=""40-11303""",821.99,
"=""40-11429""",821.99,
"=""40-11546""",850.99,
"=""40-11615""",850.99,
"=""40-11422""",892.99,
"=""40-11482""",892.99,
"=""40-11438""",892.99,
"=""40-11459""",857.99,
"=""40-11393""",892.99,
"=""40-11367""",892.99,
"=""40-11420""",928.99,
"=""40-11427""",928.99,
"=""40-11391""",942.99,
"=""40-11327""",942.99,
"=""40-11368""",950.99,
"=""40-11381""",964.99,
"=""40-11460""",928.99,
"=""40-11461""",928.99,
"=""40-11462""",928.99,
"=""40-11526""",992.99,
"=""40-11548""",992.99,
"=""40-11456""",1071.99,
"=""40-11340""",1107.99,
"=""40-11483""",1071.99,
"=""40-11366""",928.99,
"=""40-11451""",964.99,
"=""40-11547""",1035.99,
"=""40-11370""",1057.99,
"=""40-11458""",1035.99,
"=""40-11356""",1214.99,
"=""40-11449""",1135.99,
"=""40-11358""",1142.99,
"=""40-11447""",1135.99,
"=""40-11538""",1250.99,
"=""40-11425""",1135.99,
"=""40-11384""",1192.99,
"=""40-11410""",1257.99,
"=""40-11660""",1535.99,
"=""40-11586""",1392.99,
"=""40-11357""",1350.99,
"=""40-11452""",1392.99,
"=""40-11264""",1278.99,
"=""40-11550""",1678.99,
"=""40-11627""",1707.99,
"=""40-11505""",1707.99,
"=""40-11492""",1657.99,
"=""40-11417""",1707.99,
"=""40-11376""",1707.99,
"=""40-11476""",2135.99,
"=""40-11372""",2278.99,
"=""40-11306""",1850.99,
"=""40-11317""",2278.99,
"=""40-11579""",1785.99,
"=""40-11565""",2250.99,
"=""40-11359""",3685.99,
"=""40-11418""",3071.99,
"=""40-11564""",2178.99,
"=""40-11286""",350.99,
"=""40-11335""",321.99,
"=""40-11334""",357.99,
"=""40-11312""",371.99,
"=""40-11277""",392.99,
"=""40-11336""",478.99,
"=""40-11294""",621.99,
"=""40-11490""",585.99,
"=""40-11379""",357.99,
"=""40-11383""",707.99,
"=""40-11333""",735.99,
"=""40-11266""",385.99,
"=""40-11478""",850.99,
"=""40-11386""",850.99,
"=""40-11396""",564.99,
"=""40-11444""",564.99,
"=""40-11282""",921.99,
"=""40-11295""",407.99,
"=""40-11348""",642.99,
"=""40-11489""",892.99,
"=""40-11499""",850.99,
"=""40-11403""",364.99,
"=""40-11360""",500.99,
"=""40-11350""",564.99,
"=""40-11448""",378.99,
"=""40-11267""",328.99,
"=""40-11319""",521.99,
"=""40-11397""",1564.99,
"=""40-11498""",385.99,
"=""40-11431""",664.99,
"=""40-11351""",678.99,
"=""40-11385""",642.99,
"=""40-11380""",978.99,
"=""40-11339""",800.99,
"=""40-11389""",778.99,
"=""40-11394""",892.99,
"=""40-11421""",750.99,
"=""40-11257""",1214.99,
"=""40-11269""",321.99,
"=""40-11540""",607.99,
"=""40-11347""",892.99,
"=""40-11454""",707.99,
"=""40-11514""",928.99,
"=""40-11392""",464.99,
"=""40-11369""",464.99,
"=""40-11377""",1392.99,
"=""40-11364""",535.99,
"=""40-11398""",1214.99,
"=""40-11453""",564.99,
"=""40-11346""",621.99,
"=""40-11509""",514.99,
"=""40-11353""",500.99,
"=""40-11471""",407.99,
"=""40-11378""",607.99,
"=""40-11496""",514.99,
"=""40-11352""",707.99,
"=""40-11497""",642.99,
"=""40-11354""",528.99,
"=""40-11268""",442.99,
"=""40-11365""",1714.99,
"=""40-11402""",850.99,
"=""40-11443""",892.99,
"=""40-11424""",992.99,
"=""40-11520""",2964.99,
"=""40-11441""",1135.99,
"=""40-11373""",1121.99,
"=""40-11371""",1021.99,
"=""40-11313""",1821.99,
"=""40-11279""",1500.99,
"=""40-11479""",1178.99,
"=""40-11559""",1035.99,
"=""903-896""",20.99,
"=""903-795""",20.99,
"=""903-769""",22.99,
"=""903-773""",25.99,
"=""903-776""",22.99,
"=""903-7574""",25.99,
"=""903-7732""",25.99,
"=""903-899""",21.99,
"=""902-279""",24.99,
"=""903-7833""",25.99,
"=""903-822""",25.99,
"=""903-767""",25.99,
"=""903-7432""",27.99,
"=""903-765""",27.99,
"=""903-898""",27.99,
"=""903-816""",27.99,
"=""900-150""",27.99,
"=""93-142""",27.99,
"=""93-252""",34.99,
"=""902-206""",27.99,
"=""903-700""",28.99,
"=""903-781""",28.99,
"=""92-118""",27.99,
"=""93-384""",28.99,
"=""903-787""",28.99,
"=""903-780""",30.99,
"=""903-802""",30.99,
"=""93-234""",30.99,
"=""903-752""",30.99,
"=""903-789""",30.99,
"=""93-376""",30.99,
"=""93-236""",30.99,
"=""903-705""",31.99,
"=""902-216""",30.99,
"=""903-800""",34.99,
"=""93-378""",34.99,
"=""903-7571""",35.99,
"=""903-812""",35.99,
"=""903-871""",35.99,
"=""71R8321""",37.99,
"=""903-7492""",25.99,
"=""903-7864""",22.99,
"=""903-895""",22.99,
"=""903-7564""",25.99,
"=""903-760""",35.99,
"=""903-7832""",25.99,
"=""903-7572""",25.99,
"=""903-7798""",25.99,
"=""903-723""",25.99,
"=""903-897""",22.99,
"=""903-7896""",25.99,
"=""903-7895""",25.99,
"=""903-788""",27.99,
"=""902-2825""",27.99,
"=""902-203""",27.99,
"=""903-749""",28.99,
"=""903-7567""",28.99,
"=""903-774""",28.99,
"=""903-7891""",25.99,
"=""71R8301""",32.99,
"=""93-254""",28.99,
"=""903-751""",28.99,
"=""903-7562""",28.99,
"=""903-768""",28.99,
"=""902-287""",27.99,
"=""900-170""",28.99,
"=""903-743""",28.99,
"=""902-210""",28.99,
"=""902-281""",28.99,
"=""903-782""",25.99,
"=""902-285""",28.99,
"=""903-777""",25.99,
"=""903-8021""",30.99,
"=""903-7863""",25.99,
"=""902-205""",25.99,
"=""92-124""",24.99,
"=""903-815""",25.99,
"=""903-715""",30.99,
"=""903-759""",25.99,
"=""902-288""",30.99,
"=""93-314""",30.99,
"=""903-811""",27.99,
"=""903-865""",25.99,
"=""93-122""",30.99,
"=""902-283""",31.99,
"=""903-7565""",27.99,
"=""902-212""",31.99,
"=""902-286""",25.99,
"=""93-232""",31.99,
"=""902-215""",25.99,
"=""903-859""",27.99,
"=""71R8469""",34.99,
"=""902-209""",27.99,
"=""903-778""",27.99,
"=""902-200""",27.99,
"=""902-225""",27.99,
"=""93-141""",27.99,
"=""92-116""",27.99,
"=""93-322""",30.99,
"=""902-230""",28.99,
"=""902-208""",28.99,
"=""900-165""",28.99,
"=""903-757""",35.99,
"=""93-121""",30.99,
"=""903-713""",30.99,
"=""903-716""",30.99,
"=""903-7862""",28.99,
"=""903-771""",30.99,
"=""903-821""",27.99,
"=""902-284""",30.99,
"=""903-736""",32.99,
"=""93-372""",30.99,
"=""903-785""",36.99,
"=""903-7563""",32.99,
"=""900-172""",32.99,
"=""903-786""",32.99,
"=""903-818""",35.99,
"=""903-770""",22.99,
"=""903-830""",35.99,
"=""903-890""",34.99,
"=""902-232""",34.99,
"=""903-7561""",32.99,
"=""93-145""",34.99,
"=""903-756""",36.99,
"=""903-766""",37.99,
"=""902-217""",35.99,
"=""93-210""",37.99,
"=""93-374""",30.99,
"=""902-289""",34.99,
"=""93-246""",37.99,
"=""903-725""",37.99,
"=""903-796""",37.99,
"=""903-775""",36.99,
"=""93-106""",37.99,
"=""903-746""",39.99,
"=""902-211""",39.99,
"=""902-235""",38.99,
"=""900-160""",36.99,
"=""903-735""",61.99,68.80
"=""903-720""",37.99,
"=""93-218""",37.99,
"=""93-230""",37.99,
"=""903-783""",40.99,
"=""93-382""",37.99,
"=""903-7935""",37.99,
"=""902-228""",40.99,
"=""903-745""",38.99,
"=""903-784""",37.99,
"=""903-858""",41.99,
"=""903-703""",38.99,
"=""903-734""",42.99,
"=""903-779""",42.99,
"=""93-360""",37.99,
"=""903-738""",41.99,
"=""900-168""",42.99,
"=""93-248""",42.99,
"=""903-7612""",42.99,
"=""903-727""",42.99,
"=""903-722""",45.99,
"=""93-235""",40.99,
"=""903-7782""",42.99,
"=""93-247""",42.99,
"=""903-740""",42.99,
"=""903-852""",42.99,
"=""903-730""",45.99,
"=""93-266""",45.99,
"=""903-762""",45.99,
"=""93-356""",45.99,
"=""903-856""",45.99,
"=""93-233""",45.99,
"=""93-249""",45.99,
"=""93-124""",45.99,
"=""903-772""",45.99,
"=""93-358""",45.99,
"=""903-840""",48.99,
"=""93-370""",45.99,
"=""902-231""",45.99,
"=""903-712""",51.99,
"=""903-801""",51.99,
"=""93-250""",45.99,
"=""903-804""",51.99,
"=""903-7146""",50.99,
"=""902-295""",51.99,
"=""903-739""",51.99,
"=""903-728""",52.99,
"=""93-218K""",52.99,
"=""902-204""",52.99,
"=""903-737""",60.99,
"=""903-719""",60.99,
"=""903-877""",65.99,
"=""903-761""",65.99,
"=""451-11978""",74.99,
"=""903-717""",74.99,
"=""93-123""",45.99,
"=""93-366""",45.99,
"=""93-362""",45.99,
"=""93-364""",45.99,
"=""902-280""",45.99,
"=""93-280""",51.99,
"=""71R8459""",60.99,
"=""93-354""",51.99,
"=""902-296""",51.99,
"=""903-825""",50.99,
"=""903-726""",51.99,
"=""93-253""",52.99,
"=""93-368""",52.99,
"=""902-294""",51.99,
"=""902-218""",51.99,
"=""903-763""",57.99,
"=""903-750""",57.99,
"=""903-732""",55.99,
"=""903-860""",57.99,
"=""903-718""",60.99,
"=""451-11979""",54.99,
"=""93-246K""",65.99,
"=""903-842""",71.99,
"=""903-7459""",57.99,
"=""71R8310""",67.99,
"=""903-7152""",74.99,
"=""902-297""",65.99,
"=""903-747""",60.99,
"=""903-850""",60.99,
"=""903-854""",74.99,
"=""903-845""",74.99,
"=""903-875""",74.99,
"=""903-748""",60.99,
"=""903-744""",75.99,
"=""903-851""",64.99,
"=""903-758""",78.99,
"=""903-7275""",74.99,
"=""903-855""",65.99,
"=""903-862""",85.99,
"=""902-278""",77.99,
"=""902-282""",68.99,
"=""903-7462""",68.99,
"=""903-824""",107.99,
"=""905-987""",135.99,
"=""462-7030""",90.99,
"=""903-867""",140.99,
"=""903-724""",84.99,
"=""903-846""",100.99,
"=""903-714""",140.99,
"=""903-721""",100.99,
"=""903-880""",78.99,
"=""451-11972""",221.99,
"=""903-7212""",85.99,
"=""902-219""",435.99,
"=""903-835""",85.99,
"=""903-861""",85.99,
"=""903-711""",91.99,
"=""903-704""",122.99,
"=""451-11900K""",235.99,
"=""903-806""",108.99,
"=""903-708""",114.99,
"=""903-847""",178.99,
"=""530-1049""",407.99,
"=""14-1230NEW+G4165S""",339.99,
"=""AP5-5510""",142.99,
"=""AP5-0910""",157.99,
"=""AP5-5519""",214.99,
"=""AP5-0829""",222.99,
"=""AP5-91241""",185.99,
"=""AP5-5574""",321.99,
"=""AP5-5507""",307.99,
"=""AP5-92419""",392.99,
"=""AP5-4930582""",335.99,
"=""AP5-5508""",278.99,
"=""AP5-5597""",311.99,
"=""AP5-5545""",392.99,
"=""AP5-0862""",464.99,
"=""AP5-91809""",320.99,
"=""AP5-91299""",485.99,
"=""AP5-91813""",378.99,
"=""AP5-5502""",155.99,
"=""AP5-5617""",357.99,
"=""AP5-0823""",250.99,
"=""AP5-5501""",192.99,
"=""AP5-5500""",321.99,
"=""AP5-5656""",535.99,
"=""AP5-0830""",285.99,
"=""AP5-3324""",578.99,
"=""AP5-0860""",500.99,
"=""AP5-3319""",357.99,
"=""AP5-0857""",507.99,
"=""AP5-92425""",585.99,
"=""AP5-91271""",564.99,
"=""AP5-91291""",421.99,
"=""AP5-2150""",392.99,
"=""AP5-1143995""",642.99,
"=""AP5-5509""",621.99,
"=""AP5-2175""",450.99,
"=""AP5-9954""",500.99,
"=""AP5-0824""",407.99,
"=""AP5-0863""",435.99,
"=""AP5-0822""",664.99,
"=""AP5-5632""",407.99,
"=""AP5-0825""",392.99,
"=""AP5-3320""",478.99,
"=""AP5-5665""",714.99,
"=""AP5-2162""",642.99,
"=""AP5-5654""",564.99,
"=""AP5-2156""",750.99,
"=""AP5-2161""",1099.99,
"=""AP5-5540""",735.99,
"=""AP5-5575""",785.99,
"=""AP5-1111K""",728.99,
"=""AP5-2084""",785.99,
"=""AP5-2177""",785.99,
"=""AP5-2164""",707.99,
"=""AP5-2152""",659.99,
"=""AP5-2148""",785.99,
"=""AP5-9085""",785.99,
"=""AP5-2123""",850.99,
"=""AP5-5531""",740.99,
"=""AP5-5635""",857.99,
"=""AP5-2159""",928.99,
"=""AP5-5642""",928.99,
"=""AP5-2086""",950.99,
"=""AP5-2138""",992.99,
"=""AP5-5504""",254.99,
"=""AP5-2085""",178.99,
"=""AP5-5662""",292.99,
"=""AP5-5521""",435.99,
"=""AP5-5610""",357.99,
"=""AP5-5658""",321.99,
"=""AP5-5503""",357.99,
"=""AP5-91234""",278.99,
"=""AP5-2135""",535.99,
"=""AP5-8500""",500.99,
"=""AP5-8505""",500.99,
"=""AP5-5615""",278.99,
"=""AP5-5640""",320.99,
"=""AP5-9951""",707.99,
"=""AP5-275375""",321.99,
"=""AP5-1001""",450.99,
"=""AP5-4965870""",250.99,
"=""AP5-5660""",214.99,
"=""AP5-0852""",198.99,
"=""AP5-5653""",128.99,
"=""AP5-191260""",300.99,
"=""AP5-5511""",282.99,
"=""AP5-91865""",157.99,
"=""AP5-0858""",564.99,
"=""AP5-3318""",607.99,
"=""AP5-5505""",592.99,
"=""AP5-6031""",607.99,
"=""AP5-2122""",707.99,
"=""AP5-3321""",635.99,
"=""AP5-91867""",250.99,
"=""AP5-4965487""",464.99,
"=""AP5-2172""",685.99,
"=""AP5-5596""",492.99,
"=""AP5-3338""",642.99,
"=""AP5-0865""",390.99,
"=""AP5-5648""",400.99,
"=""AP5-5518""",664.99,
"=""AP5-3620034""",678.99,
"=""AP5-0861""",421.99,
"=""AP5-5506""",557.99,
"=""AP5-5651""",550.99,
"=""AP5-1111""",457.99,
"=""AP5-9962""",785.99,
"=""AP5-3325""",535.99,
"=""AP5-0827""",564.99,
"=""AP5-2182""",564.99,
"=""AP5-5556""",850.99,
"=""AP5-5657""",485.99,
"=""AP5-5626""",642.99,
"=""AP5-0826""",407.99,
"=""AP5-2181""",617.99,
"=""AP5-2087""",850.99,
"=""AP5-0821""",321.99,
"=""AP5-5524""",742.99,
"=""AP5-2151""",464.99,
"=""AP5-5514""",607.99,
"=""AP5-2121""",707.99,
"=""AP5-2081""",945.99,
"=""AP5-92305""",707.99,
"=""AP5-99551""",785.99,
"=""AP5-2145""",850.99,
"=""AP5-6020""",892.99,
"=""AP5-5634""",500.99,
"=""AP5-9957""",892.99,
"=""AP5-0859""",642.99,
"=""AP5-5567""",892.99,
"=""AP5-3620033""",1095.99,
"=""AP5-93031""",928.99,
"=""AP5-2178""",928.99,
"=""AP5-906127""",892.99,
"=""AP5-0828""",892.99,
"=""AP5-5516""",928.99,
"=""AP5-5661""",928.99,
"=""AP5-9090""",928.99,
"=""AP5-6211""",992.99,
"=""AP5-5646""",1035.99,
"=""AP5-4002""",992.99,
"=""AP5-9956""",928.99,
"=""AP5-2183""",992.99,
"=""AP5-9096""",928.99,
"=""AP5-5527""",1035.99,
"=""AP5-5647""",1071.99,
"=""AP5-277114""",1262.99,
"=""AP5-2083""",992.99,
"=""AP5-91297""",1007.99,
"=""AP5-6700""",1071.99,
"=""AP5-9955""",1014.99,
"=""AP5-5649""",1071.99,
"=""AP5-2157""",1071.99,
"=""AP5-5550""",1095.99,
"=""AP5-2180""",1071.99,
"=""AP5-9960""",1107.99,
"=""AP5-5652""",1107.99,
"=""AP5-9952""",1035.99,
"=""AP5-9953""",1071.99,
"=""AP5-9958""",1035.99,
"=""AP5-9963""",1035.99,
"=""AP5-5522""",1071.99,
"=""AP5-9080""",1135.99,
"=""AP5-2174""",1192.99,
"=""AP5-5592""",1064.99,
"=""AP5-91298""",1107.99,
"=""AP5-2165""",1071.99,
"=""AP5-9950""",1135.99,
"=""AP5-2141""",1078.99,
"=""AP5-5645""",1978.99,
"=""AP5-5611""",1135.99,
"=""AP5-2179""",1278.99,
"=""AP5-5600""",1157.99,
"=""APCA6461""",1214.99,
"=""AP5-6210""",1228.99,
"=""AP5-5517""",1300.99,
"=""AP5-5616""",1107.99,
"=""AP5-2166""",1121.99,
"=""AP5-6010""",1321.99,
"=""AP5-6030""",1235.99,
"=""AP5-5598""",1357.99,
"=""AP5-2120""",1250.99,
"=""AP5-9961""",1392.99,
"=""AP5-9959""",1178.99,
"=""AP5-5591""",1278.99,
"=""AP5-5622""",1392.99,
"=""AP5-2171""",1392.99,
"=""AP5-248873""",1450.99,
"=""AP5-2170""",1464.99,
"=""AP5-2082""",1421.99,
"=""AP5-5639""",1414.99,
"=""AP5-5513""",1500.99,
"=""AP5-5590""",1500.99,
"=""AP5-248874""",1450.99,
"=""AP5-5583""",1535.99,
"=""AP5-5627""",1500.99,
"=""AP5-9097""",1564.99,
"=""AP5-5520""",1642.99,
"=""AP5-5650""",1692.99,
"=""AP5-5605""",1707.99,
"=""AP5-70023331""",1750.99,
"=""AP5-040866""",1821.99,
"=""AP5-5609""",1964.99,
"=""AP5-5602""",2035.99,
"=""AP5-9095""",2071.99,
"=""AP5-5530""",1214.99,
"=""AP5-5606""",1278.99,
"=""AP5-0831""",1421.99,
"=""AP5-92312""",1421.99,
"=""AP5-2140""",1421.99,
"=""AP5-2163""",1421.99,
"=""AP5-5582""",1764.99,
"=""AP5-5593""",1500.99,
"=""AP5-5558""",1607.99,
"=""AP5-2144""",1849.99,
"=""AP5-2168""",2214.99,
"=""AP5-6651""",1942.99,
"=""AP5-5515""",1621.99,
"=""AP5-2154""",1535.99,
"=""AP5-5586""",2214.99,
"=""AP5-2149""",1890.99,
"=""AP5-2153""",1678.99,
"=""AP5-6650""",1707.99,
"=""AP5-5572""",1950.99,
"=""AP5-5659""",1785.99,
"=""AP5-5552""",2535.99,
"=""AP5-5570""",1785.99,
"=""AP5-5612""",1964.99,
"=""AP5-5620""",1850.99,
"=""AP5-2146""",1992.99,
"=""AP5-5637""",1821.99,
"=""AP5-5581""",2368.99,
"=""AP5-2158""",2057.99,
"=""AP5-2160""",1707.99,
"=""AP5-5580""",1928.99,
"=""AP5-2185""",2135.99,
"=""AP5-2169""",2278.99,
"=""AP5-92294""",1857.99,
"=""AP5-2134""",2071.99,
"=""AP5-5644""",2214.99,
"=""AP5-5655""",2071.99,
"=""AP5-5587""",2250.99,
"=""AP5-5584""",2749.99,
"=""AP5-5625""",2107.99,
"=""AP5-9098""",2214.99,
"=""AP5-5638""",2500.99,
"=""AP5-92308""",2285.99,
"=""AP5-1061""",2357.99,
"=""AP5-5608""",2214.99,
"=""AP5-2131""",2392.99,
"=""AP5-5614""",3190.99,
"=""AP5-6111""",2821.99,
"=""AP5-5636""",2214.99,
"=""AP5-5551""",2564.99,
"=""AP5-5554""",2707.99,
"=""AP5-5618""",2621.99,
"=""AP5-5619""",2928.99,
"=""AP5-2132""",2278.99,
"=""AP5-2167""",3071.99,
"=""AP5-2147""",2421.99,
"=""AP5-5613""",2214.99,
"=""AP5-2176""",2821.99,
"=""AP5-6112""",3428.99,
"=""AP5-5585""",2785.99,
"=""AP5-5553""",2642.99,
"=""AP5-6212""",2992.99,
"=""AP5-5624""",3642.99,
"=""AP5-5621""",3821.99,
"=""AP5-9092""",4071.99,
"=""AP5-5560""",2850.99,
"=""AP5-5589""",3642.99,
"=""AP5-6114""",4142.99,
"=""AP5-5525""",4964.99,
"=""AP5-5641""",3492.99,
"=""AP5-5588""",4135.99,
"=""AP5-5607""",5071.99,
"=""AP5-5631""",4278.99,
"=""AP5-5629""",5421.99,
"=""AP5-2130""",4135.99,
"=""AP5-9094""",3642.99,
"=""AP5-2184""",7135.99,
"=""AP5-5601""",4500.99,
"=""AP5-6115""",12714.99,
"=""AP5-275096""",3464.99,
"=""AP5-6113""",4500.99,
"=""AP5-6110""",3642.99,
"=""AP5-9093""",4564.99,
"=""AP5-5628""",5214.99,
"=""AP5-7032""",5178.99,
"=""AP5-5604""",2278.99,
"=""AP5-3322""",214.99,
"=""44-2149""",41.99,
"=""44-2150""",27.99,
"=""590-2246""",235.99,
"=""1000-10-STR""",250.99,
"=""590-2261""",842.99,
"=""590-2259""",242.99,
"=""590-2272""",614.99,
"=""590-4445""",278.99,
"=""590-2274""",307.99,
"=""590-2255""",864.99,
"=""590-5612""",407.99,
"=""590-5608""",2200.99,
"=""2000-10""",284.99,
"=""590-5626""",321.99,
"=""590-2271""",392.99,
"=""590-2244""",357.99,
"=""590-2262""",307.99,
"=""590-5620""",230.99,
"=""590-5616""",892.99,
"=""590-3910""",335.99,
"=""590-5628""",317.99,
"=""590-5622""",835.99,
"=""590-3908""",192.99,
"=""590-5627""",321.99,
"=""590-5624""",357.99,
"=""590-5609""",119.99,
"=""590-6024""",2464.99,
"=""590-2508""",278.99,
"=""590-5180""",392.99,
"=""590-2221""",157.99,
"=""5000-20-12V""",357.99,
"=""590-5614""",292.99,
"=""590-5618""",1321.99,
"=""590-5621""",278.99,
"=""590-5617""",250.99,
"=""590-2506""",321.99,
"=""2000-60""",278.99,
"=""590-2256""",357.99,
"=""590-2249""",928.99,
"=""590-63228""",250.99,
"=""7-T03750""",105.99,
"=""590-6632""",250.99,
"=""590-6631""",107.99,
"=""590-63235""",264.99,
"=""590-5615""",1164.99,
"=""AH1142-24""",321.99,
"=""AH1552-24""",371.99,
"=""HC0306""",121.99,
"=""AH1545-24""",364.99,
"=""590-6025""",850.99,
"=""HC1300""",100.99,
"=""AH1673""",564.99,
"=""AH1212-24""",307.99,
"=""AH1232-24""",485.99,
"=""HC1716""",105.99,
"=""HC1712""",150.99,
"=""HC1455""",264.99,
"=""AH1642""",357.99,
"=""HC1710""",235.99,
"=""HC1713""",170.99,205.00
"=""AH1232""",421.99,
"=""590-6627""",82.99,
"=""AH1222""",378.99,
"=""HC1726""",135.99,
"=""HC1714""",144.99,
"=""HC1719""",250.99,
"=""HC2057""",154.99,
"=""HC20571""",148.99,
"=""HC2066""",235.99,
"=""HC1709""",200.99,
"=""HC2718""",985.99,
"=""HC1440""",111.99,
"=""HC2713""",564.99,
"=""HC2708""",878.99,
"=""HC2722""",1500.99,
"=""HC3069""",178.99,
"=""HC2723""",1178.99,
"=""HC2719""",1492.99,
"=""HC2064""",1214.99,
"=""HC3251""",471.99,
"=""HC4142""",85.99,
"=""HC4148""",97.99,
"=""HC4158""",135.99,
"=""HC5102""",421.99,
"=""HC5109""",214.99,
"=""590-22211""",450.99,
"=""590-2252""",664.99,
"=""590-3036""",357.99,
"=""590-3904""",292.99,
"=""590-3905""",264.99,
"=""590-2270""",907.99,
"=""590-5610""",357.99,
"=""590-5605""",214.99,
"=""590-2230""",2285.99,
"=""590-6022""",771.99,
"=""590-6012""",1071.99,
"=""AH1362""",392.99,
"=""590-63226""",278.99,
"=""AH1642-24""",392.99,
"=""HC1705""",278.99,
"=""HC1400""",240.99,
"=""590-63232""",342.99,
"=""HC1410""",114.99,
"=""7-50461""",137.99,
"=""HC0500""",242.99,
"=""590-63233""",214.99,
"=""7-50462""",140.99,
"=""HC1446""",471.99,
"=""HC1445""",407.99,
"=""7-109262""",114.99,
"=""HC1452""",378.99,
"=""AH1142""",321.99,
"=""AH1212""",371.99,
"=""HC1435""",442.99,
"=""HC1704""",264.99,
"=""AH1313""",421.99,
"=""HC1718""",250.99,
"=""AH1323-24""",425.99,
"=""AH1222-24""",342.99,
"=""AH1552""",350.99,
"=""HC1725""",378.99,
"=""AH1545""",371.99,
"=""AH9925""",521.99,
"=""HC2057K""",171.99,
"=""HC1510""",250.99,
"=""HC2070""",250.99,
"=""HC1402""",257.99,
"=""HC1408""",250.99,
"=""HC2700""",530.99,
"=""HC1447""",311.99,
"=""HC2067""",350.99,
"=""HC2710""",450.99,
"=""HC1707""",357.99,
"=""HC2711""",921.99,
"=""HC2706""",1392.99,
"=""HC2715""",621.99,
"=""HC1706""",378.99,
"=""HC1715""",100.99,
"=""HC2720""",821.99,
"=""HC1708""",235.99,
"=""HC2721""",1142.99,
"=""HC1711""",185.99,
"=""HC2714""",1457.99,
"=""HC2712""",314.99,
"=""HC1717""",242.99,
"=""HC2062""",178.99,
"=""HC2056""",357.99,
"=""HC2060""",235.99,
"=""HC2709""",240.99,
"=""HC2704""",464.99,
"=""HC4143""",300.99,
"=""HC2068""",392.99,
"=""HC2716""",1121.99,
"=""HC4150""",85.99,
"=""HC5100""",135.99,
"=""HC3250""",174.99,
"=""HC4163""",150.99,
"=""HC30910""",264.99,
"=""HC4188""",135.99,
"=""HC4140""",85.99,
"=""HC5107""",642.99,
"=""HC5104""",282.99,
"=""HC4144""",214.99,
"=""HC7415""",892.99,
"=""HC5106""",214.99,
"=""HC4146""",92.99,
"=""HC4172""",178.99,
"=""HC8020""",175.99,
"=""HC8023""",82.99,
"=""HC8031""",77.99,
"=""HC4500""",221.99,
"=""HC6200""",257.99,
"=""HC5105""",192.99,
"=""HC7438""",707.99,
"=""HC8015""",121.99,
"=""HC8036""",335.99,
"=""HC8018""",164.99,
"=""HC8037""",68.99,
"=""HC8240""",68.99,
"=""HC6100""",285.99,
"=""HC5108""",500.99,
"=""HC8243""",121.99,
"=""HC8032""",65.99,
"=""HC8035""",85.99,
"=""HC8034""",98.99,
"=""HC8256""",60.99,
"=""HC8030""",121.99,
"=""HC8033""",77.99,
"=""HC8298""",107.99,
"=""HC8299""",92.99,
"=""HC8500""",71.99,
"=""HC8295""",68.99,
"=""HC8247""",62.99,
"=""HC8520""",75.99,
"=""HC8297""",68.99,
"=""HC8550""",242.99,
"=""HC9020""",121.99,
"=""HC9094""",77.99,
"=""HC9300""",68.99,
"=""HC9025""",111.99,
"=""HC9027""",107.99,
"=""HC9079""",97.99,
"=""HC9039""",121.99,
"=""HC9408""",197.99,
"=""HC8502""",100.99,
"=""HC9005""",61.99,
"=""HC8552""",214.99,
"=""HC9004""",164.99,
"=""HC9024""",135.99,
"=""HC9416""",135.99,
"=""HC9410""",157.99,
"=""HC9421""",585.99,
"=""HC9414""",230.99,
"=""HC9415""",250.99,
"=""HC9441""",278.99,
"=""HC9418""",214.99,
"=""HC9455""",250.99,
"=""HC9471""",707.99,
"=""HC9472""",328.99,
"=""HC9470""",892.99,
"=""HC9440""",242.99,
"=""HC9476""",450.99,
"=""HC9501""",285.99,
"=""HC9500""",221.99,
"=""HC9504""",421.99,
"=""HC9506""",292.99,
"=""HC9508""",392.99,
"=""HC9600""",464.99,
"=""HC9603""",321.99,
"=""HC9701""",421.99,
"=""HC9702""",135.99,
"=""HC9601""",335.99,
"=""HC9707""",107.99,
"=""HC9712""",278.99,
"=""HC9077""",74.99,
"=""HC9125""",88.99,
"=""HC9403""",178.99,
"=""HC9220""",264.99,
"=""HC9407""",178.99,
"=""HC9439""",350.99,
"=""HC9412""",192.99,
"=""HC9449""",755.99,
"=""HC9091""",185.99,
"=""HC9419""",145.99,
"=""HC9420""",214.99,
"=""HC9473""",764.99,
"=""HC9469""",535.99,
"=""HC9454""",635.99,
"=""HC9502""",321.99,
"=""HC9475""",464.99,
"=""HC9474""",757.99,
"=""HC9604""",235.99,
"=""HC9505""",228.99,
"=""HC9605""",1114.99,
"=""HC9507""",357.99,
"=""HC9708""",221.99,
"=""HC9602""",500.99,
"=""HC9715""",264.99,
"=""HC9709""",235.99,
"=""HC9723""",285.99,
"=""HC9803""",270.99,
"=""HC9717""",241.99,
"=""HC9713""",707.99,
"=""HC9815""",571.99,
"=""HC9821""",285.99,
"=""HC9820""",95.99,
"=""HC9910""",178.99,
"=""HC9813""",342.99,
"=""HC9823""",121.99,
"=""HC9806""",121.99,
"=""HC9725""",221.99,
"=""HC9816""",128.99,
"=""HC9727""",328.99,
"=""R-254-0-24P""",421.99,
"=""HC9812""",135.99,
"=""R-2300-1P""",650.99,
"=""HC9801""",314.99,
"=""HC9805""",314.99,
"=""R-2020-0-24P""",585.99,
"=""HC9814""",200.99,
"=""R-2300-1-24P""",614.99,
"=""HC9817""",278.99,
"=""R-254-1P""",464.99,
"=""R-3540-2P""",521.99,
"=""R-295-0-24P""",535.99,
"=""R-290-4P""",464.99,
"=""R-290-0-24P""",425.99,
"=""R-254-0P""",421.99,
"=""R-6130-1P""",857.99,
"=""R-255-10-24P""",564.99,
"=""R-254-4P""",464.99,
"=""RD-1-3524-0P""",321.99,
"=""R-255-10P""",521.99,
"=""SSHK115""",474.99,
"=""SSHK116""",474.99,
"=""SSHK132""",474.99,
"=""R-295-0P""",535.99,
"=""SSHK126""",474.99,
"=""R-295-4P""",564.99,
"=""R-255-12P""",535.99,
"=""SSHK131""",474.99,
"=""R-3500-1P""",1178.99,
"=""RD-1-4097-0P""",292.99,
"=""SSHK141""",474.99,
"=""SSHK128""",474.99,
"=""SSHK169""",474.99,
"=""SSHK144""",474.99,
"=""SSHK125""",474.99,
"=""SSHK145""",474.99,
"=""SSHK160""",474.99,
"=""SSHK161""",474.99,
"=""SSHK134""",474.99,
"=""SSHK168""",474.99,
"=""SSHK172""",474.99,
"=""SSHK312""",474.99,
"=""SSHK351""",474.99,
"=""SSHK310""",474.99,
"=""SSHK302""",474.99,
"=""SSHK526""",474.99,
"=""SSHK350""",474.99,
"=""SSHK320""",474.99,
"=""SSHK550""",474.99,
"=""SSHK551""",474.99,
"=""SSHK601""",474.99,
"=""SSHK609""",474.99,
"=""SSHK600""",474.99,
"=""SSHK721""",474.99,
"=""SSHK130""",474.99,
"=""SSHK138""",474.99,
"=""SSHK171""",474.99,
"=""SSHK146""",474.99,
"=""SSHK167""",474.99,
"=""SSHK185""",474.99,
"=""SSHK165""",474.99,
"=""SSHK311""",474.99,
"=""SSHK525""",474.99,
"=""SSHK321""",474.99,
"=""SSHK186""",535.99,
"=""SSHK303""",474.99,
"=""SSHK370""",474.99,
"=""SSHK530""",474.99,
"=""SSHK531""",474.99,
"=""SSHK540""",474.99,
"=""SSHK606""",474.99,
"=""SSHK557""",474.99,
"=""SSHK541""",474.99,
"=""SSHK556""",474.99,
"=""SSHK608""",474.99,
"=""SSHK711""",474.99,
"=""SSHK620""",474.99,
"=""SSHK605""",474.99,
"=""SSHK910""",474.99,
"=""SSHK835""",474.99,
"=""SSHK860""",474.99,
"=""SSHK621""",535.99,
"=""SSHK607""",474.99,
"=""SSHK710""",474.99,
"=""SSHK915""",474.99,
"=""SSHK720""",474.99,
"=""SSHK715""",474.99,
"=""SSHK705""",474.99,
"=""SSHK920""",474.99,
"=""SSHK905""",474.99,
"=""SSHK921""",474.99,
"=""SSHK916""",535.99,
"=""DS200052 + CN 22308PFC""",329.99,399.99
"=""14-SD3626NC""",292.99,276.99
"=""14-1448NEW""",298.99,319.99
"=""14-QP2039NEW""",350.99,334.99
"=""14-SD8133NC""",333.99,331.99
"=""BM 10162C""",101.99,100.99
"=""18-0357""",35.99,31.99
"=""14-2898NC""",254.99,243.99
"=""14-0497NC""",327.99,309.99
"=""530-6050""",22.99,
"=""17-2477""",39.99,44.39
"=""77R1512""",600.99,600.99
"=""""",0.00,
"=""14-2729NEW""",232.99,232.99
"=""A-5100-12P""",699.99,899.99
"=""CO 11773C""",295.99,295.99
"=""14-SD1222NC""",325.99,325.99
"=""""",34.99,
"=""""",0.01,
"=""CK 2243""",397.00,440.70
"=""CK 2248""",491.00,545.00
"=""CK 2318""",421.00,467.30
"=""CK 2362""",391.00,434.00
"=""CK 2296""",395.00,438.40
"=""CK 2303""",423.00,469.50
"=""CK 2325""",398.99,0.00
"=""CK 2364""",388.00,430.70
"=""CK 2376""",415.00,460.60
"=""CK 2383""",417.00,462.90
"=""CK 2361""",388.00,430.70
"=""CK 2366""",390.00,432.90
"=""CK 2397""",397.00,440.70
"=""CK 2403""",422.00,468.40
"=""CK 2464""",415.00,460.60
"=""CK 2369""",389.00,431.80
"=""CK 2316""",395.00,438.40
"=""CK 2370""",389.00,431.80
"=""CK 2399""",398.00,441.80
"=""CK 2391""",414.00,459.50
"=""CK 2457""",422.99,469.52
"=""CK 2506""",411.99,457.31
"=""CK 2556""",409.00,454.00
"=""CK 2456""",419.99,466.19
"=""CK 2459""",420.00,466.20
"=""CK 2536""",394.99,438.44
"=""CK 2378""",415.00,460.60
"=""CK 2443""",399.00,442.90
"=""CK 2644""",387.00,429.60
"=""CK 2650""",417.99,463.97
"=""CK 2663""",394.99,438.44
"=""CK 2538""",399.00,442.90
"=""CK 2552""",406.99,451.76
"=""CK 2452""",406.00,450.70
"=""CK 2647""",414.00,459.50
"=""CK 2286""",399.99,0.00
"=""CK 2666""",416.99,462.86
"=""CK 2675""",419.99,466.19
"=""CK 2722""",395.99,439.55
"=""CK 2699""",388.00,430.70
"=""CK 2708""",396.99,440.66
"=""CK 2724""",398.00,441.80
"=""CK 2706""",397.99,441.77
"=""CK 2683""",394.00,437.30
"=""CK 2721""",396.99,440.66
"=""CK 6233""",399.99,0.00
"=""KT 2260A""",536.00,595.00
"=""CK 6326""",396.00,439.60
"=""KT 2243""",413.99,459.53
"=""KT 2297A""",506.00,561.70
"=""KT 2260""",439.00,487.30
"=""KT 2293A""",512.00,568.30
"=""KT 2264""",413.00,458.40
"=""KT 2306""",412.00,457.30
"=""KT 2286A""",518.99,576.08
"=""KT 2303""",440.99,489.50
"=""CK 2628""",399.00,442.90
"=""KT 2325""",413.00,458.40
"=""KT 2313""",418.99,465.08
"=""KT 2316A""",509.00,565.00
"=""CK 2632""",412.99,458.42
"=""KT 2367""",407.00,451.80
"=""KT 2366""",409.00,454.00
"=""CK 2260""",421.00,467.30
"=""CK 2410""",420.99,467.30
"=""CK 2246""",493.00,547.20
"=""CK 2251""",400.00,444.00
"=""CK 2264""",396.99,0.00
"=""CK 2460""",420.00,466.20
"=""CK 2502""",395.00,438.40
"=""CK 2293""",397.99,0.00
"=""CK 2280""",395.00,438.40
"=""CK 2478""",397.00,440.70
"=""CK 2622""",394.99,438.44
"=""CK 2389""",388.00,430.70
"=""CK 2385""",411.00,456.20
"=""CK 2363""",396.00,439.60
"=""CK 2311""",396.99,0.00
"=""CK 2306""",395.00,438.40
"=""CK 2658""",393.00,436.20
"=""CK 2295""",396.99,0.00
"=""CK 2677""",415.99,461.75
"=""CK 2401""",395.00,438.40
"=""CK 2372""",390.00,432.90
"=""CK 2732""",394.00,437.30
"=""CK 2447""",397.00,440.70
"=""CK 2408""",415.00,460.60
"=""KT 2248""",509.00,565.00
"=""CK 2454""",414.00,459.50
"=""CK 2513""",398.00,441.80
"=""CK 2386""",407.00,451.80
"=""KT 2263""",410.99,456.20
"=""CK 2516""",399.00,442.90
"=""CK 2463""",399.00,442.90
"=""KT 2295""",413.00,458.40
"=""CK 2633""",408.00,452.90
"=""CK 2450""",399.00,442.90
"=""CK 2665""",409.00,454.00
"=""CK 2453""",415.00,460.60
"=""CK 2657""",399.00,442.90
"=""CK 2283""",396.00,439.60
"=""KT 2311""",413.00,458.40
"=""CK 2649""",396.99,440.66
"=""CK 2701""",419.99,466.19
"=""CK 2700""",396.00,439.60
"=""KT 2362""",409.00,454.00
"=""CK 2508""",394.99,438.44
"=""KT 2249""",507.00,562.80
"=""CK 2736""",399.00,442.90
"=""CK 2729""",431.99,479.51
"=""CK 2710""",427.99,475.07
"=""KT 2363A""",531.00,589.40
"=""CK 4836""",413.00,458.40
"=""KT 2251""",415.00,460.60
"=""KT 2246""",515.00,571.60
"=""KT 2280""",411.00,456.20
"=""CK 2680""",423.99,470.63
"=""KT 2293""",414.99,460.64
"=""KT 2286""",414.99,460.64
"=""KT 2296""",417.00,462.90
"=""KT 2297""",408.00,452.90
"=""KT 2283""",413.99,459.53
"=""CK 4800""",419.00,465.10
"=""KT 2308""",410.99,456.20
"=""KT 2369A""",524.00,581.60
"=""KT 2372""",406.00,450.70
"=""KT 2370""",405.00,449.50
"=""KT 2369""",405.00,449.50
"=""KT 2362A""",505.00,560.50
"=""KT 2361""",406.00,450.70
"=""KT 2318""",438.99,487.28
"=""KT 2316""",412.00,457.30
"=""KT 2364""",404.00,448.40
"=""KT 2363""",412.00,457.30
"=""KT 2385""",427.00,474.00
"=""KT 2369B""",502.00,557.20
"=""KT 2397A""",547.00,607.20
"=""KT 2391""",430.00,477.30
"=""KT 2372A""",586.99,651.56
"=""KT 2401""",411.00,456.20
"=""KT 2378""",434.00,481.70
"=""KT 2410""",439.99,488.39
"=""KT 2386""",423.00,469.50
"=""KT 2447""",413.00,458.40
"=""KT 2409""",432.00,479.50
"=""KT 2403A""",572.00,634.90
"=""KT 2408""",434.00,481.70
"=""KT 2383""",434.00,481.70
"=""KT 2376""",432.00,479.50
"=""KT 2397""",415.00,460.60
"=""KT 2386A""",602.99,669.32
"=""KT 2450""",415.00,460.60
"=""KT 2452""",425.00,471.70
"=""KT 2454""",434.00,481.70
"=""KT 2399""",414.00,459.50
"=""KT 2403""",441.00,489.50
"=""KT 2478""",413.00,458.40
"=""KT 2463""",417.00,462.90
"=""KT 2443""",417.99,0.00
"=""KT 2460""",436.00,484.00
"=""KT 2502""",410.00,455.10
"=""KT 2506""",427.99,475.07
"=""KT 2453""",431.00,478.40
"=""KT 2516""",421.99,468.41
"=""KT 2456""",438.99,487.28
"=""KT 2513""",411.99,457.31
"=""KT 2457""",441.99,490.61
"=""KT 2622""",413.99,459.53
"=""KT 2459""",438.00,486.20
"=""KT 2556""",423.00,469.50
"=""KT 2464""",431.00,478.40
"=""KT 2508""",410.99,456.20
"=""KT 2624""",409.99,455.09
"=""KT 2632""",428.99,476.18
"=""KT 2628""",413.00,458.40
"=""KT 2633""",424.00,470.60
"=""KT 2536""",410.99,456.20
"=""KT 2538""",413.99,459.53
"=""KT 2552""",425.99,472.85
"=""KT 2644""",405.00,449.50
"=""KT 2651""",422.00,468.40
"=""KT 2623""",410.99,456.20
"=""KT 2658""",410.99,456.20
"=""KT 2630""",411.99,457.31
"=""KT 2629""",415.00,460.60
"=""KT 2634""",415.99,461.75
"=""KT 2665""",423.00,469.50
"=""KT 2662""",410.99,456.20
"=""KT 2663""",411.99,457.31
"=""KT 2650""",433.99,481.73
"=""KT 2675""",435.99,483.95
"=""KT 2666""",435.99,483.95
"=""KT 2672""",409.99,455.09
"=""KT 2657""",413.00,458.40
"=""KT 2680""",439.99,488.39
"=""KT 2677""",431.99,479.51
"=""KT 2704""",412.99,458.42
"=""KT 2684""",407.00,451.80
"=""KT 2699""",404.00,448.40
"=""KT 2683""",409.99,455.09
"=""KT 2688""",432.99,480.62
"=""KT 2701""",435.99,483.95
"=""KT 2700""",410.00,455.10
"=""KT 2720""",411.99,457.31
"=""KT 2706""",411.99,457.31
"=""KT 2719""",415.00,460.60
"=""KT 2722""",411.99,457.31
"=""KT 2729""",449.99,499.49
"=""KT 2732""",411.99,457.31
"=""KT 2721""",410.99,456.20
"=""KT 2808""",464.00,515.00
"=""KT 2825""",458.00,508.40
"=""KT 2865""",455.00,505.00
"=""KT 2647""",432.99,480.62
"=""KT 2649""",412.99,458.42
"=""KT 2669""",409.00,454.00
"=""KT 2708""",412.99,458.42
"=""KT 2707""",411.99,457.31
"=""KT 2724""",411.99,457.31
"=""KT 2727""",421.99,468.41
"=""KT 2818""",455.00,505.00
"=""KT 2730""",413.00,458.40
"=""KT 2826""",461.00,511.70
"=""KT 2829""",457.00,507.30
"=""KT 2819""",468.00,519.50
"=""KT 2736""",413.00,458.40
"=""KT 2834""",457.00,507.30
"=""KT 2836""",457.00,507.30
"=""KT 2813""",461.00,511.70
"=""KT 2810""",468.00,519.50
"=""KT 2840""",457.00,507.30
"=""KT 2839""",455.00,505.00
"=""KT 2811""",469.00,520.60
"=""KT 2823""",456.00,506.20
"=""KT 2853""",457.00,507.30
"=""KT 2844""",458.00,508.40
"=""KT 2827""",452.00,501.70
"=""KT 2831""",457.00,507.30
"=""KT 2864""",457.00,507.30
"=""KT 2867""",458.00,508.40
"=""KT 2849""",456.00,506.20
"=""KT 2852""",464.00,515.00
"=""KT 4800A""",568.00,630.50
"=""KT 2858""",464.00,515.00
"=""KT 2859""",460.00,510.60
"=""KT 6326""",410.99,456.20
"=""KT 6235""",412.00,457.30
"=""KT 6403""",440.99,489.50
"=""KT 4800""",437.00,485.10
"=""KT 2845""",457.00,507.30
"=""KT 2869""",456.00,506.20
"=""KT 2873""",454.00,503.90
"=""KT 4834""",430.00,477.30
"=""KT 4836""",432.00,479.50
"=""KT 4835""",411.00,456.20
"=""KIT 0001 (12V) + 14-10006NEW + 30-0124HC""",999.99,1199.99
"=""KIT 0001 (12V) + DS104075 + 30-0124HC""",699.99,999.99
"=""CN 70007C""",75.90,84.25
"=""KIT 14-10006NEW+CN 20000XC+DS630010""",599.99,
"=""25939509306817581692""",79.90,
"=""21530550361426554297""",79.90,
"=""12056943974772345590""",79.90,
"=""23893641566079984985""",79.90,
"=""94912387804704885530""",79.90,
"=""14453449920215455536""",79.90,
"=""45588659936069067488""",79.90,
"=""12835102157977635446""",79.90,
"=""64548972797688009712""",79.90,
"=""13919880826955657709""",79.90,
"=""69654036340067979335""",79.90,
"=""75479963667394009473""",79.90,
"=""14888678221290657187""",79.90,
"=""32169771551147109980""",79.90,
