Part,Available Quantity,Location Code
18 714R8321,0,MAIN
18 72R5240,0,MAIN
18 72R7700,0,MAIN
18 72R9000,0,MAIN
18 75R0512,2,MAIN
18 R5075024,0,MAIN
18 R61300P,0,MAIN
18 RD207817,0,MAIN
18 RD211840,0,MAIN
18 RD310614,0,MAIN
18 RD325920,0,MAIN
18 RD435860,0,MAIN
18 RD540860,0,MAIN
45 002400FC,15,MAIN
45 002900FC,15,MAIN
45 1025,0,MAIN
45 4291,0,MAIN
45 6084,0,MAIN
AF 0235,0,MAIN
AF 0236,0,MAIN
AF 0237,0,MAIN
AF 0238,0,MAIN
AF 0239,0,MAIN
AK 1000,1,MAIN
AK 1001,1,MAIN
AK 1002,1,MAIN
AK 1003,1,MAIN
AK 1004,1,MAIN
AK 1005,1,MAIN
AK 1006,1,MAIN
AK 1007,1,MAIN
AK 1008,1,MAIN
AK 1009,1,MAIN
AK 1010,1,MAIN
AK 1011,1,MAIN
AK 1012,1,MAIN
AK 1013,0,MAIN
AK 1014,0,MAIN
AK 1015,0,MAIN
AK 1016,0,MAIN
AK 1017,6,MAIN
AK 1018,9,MAIN
AK 1019,5,MAIN
AK 1020,4,MAIN
AK 1021,7,MAIN
AK 1022,7,MAIN
AK 1023,2,MAIN
AK 1024,1,MAIN
AK 1025,6,MAIN
AK 1026,1,MAIN
AK 1027,10,MAIN
AK 1028,10,MAIN
AK 1029,1,MAIN
AK 1030,10,MAIN
AK 1031,1,MAIN
AK 1032,1,MAIN
AK 1033,10,MAIN
AK 1034,2,MAIN
AK 1035,1,MAIN
AK 1036,13,MAIN
AK 1037,10,MAIN
AK 1038,6,MAIN
AK 1039,15,MAIN
AK 1040,6,MAIN
AK 1041,1,MAIN
AK 1042,2,MAIN
AK 1043,1,MAIN
AK 1044,1,MAIN
AK 1045,2,MAIN
AK 1046,1,MAIN
AK 1047,0,MAIN
AK 1048,1,MAIN
AK 1049,0,MAIN
AK 1050,0,MAIN
AK 1051,9,MAIN
AK 1052,1,MAIN
AK 1053,2,MAIN
AK 1054,1,MAIN
AK 1055,6,MAIN
AK 1056,1,MAIN
AK 1057,6,MAIN
AK 1058,1,MAIN
AK 1059,4,MAIN
AK 1060,3,MAIN
AK 1061,4,MAIN
AK 1062,1,MAIN
AK 1063,1,MAIN
AK 1064,10,MAIN
AK 1065,13,MAIN
AK 1066,13,MAIN
AK 1067,1,MAIN
AK 1068,2,MAIN
AK 1069,2,MAIN
AK 1070,1,MAIN
AK 1071,3,MAIN
AK 1072,3,MAIN
AK 1073,4,MAIN
AK 1074,3,MAIN
AK 1075,4,MAIN
AK 1076,3,MAIN
AK 1077,4,MAIN
AK 1078,2,MAIN
AK 1079,2,MAIN
AK 1080,1,MAIN
AK 1081,7,MAIN
AK 1082,4,MAIN
AK 1083,4,MAIN
AK 1084,1,MAIN
AK 1085,7,MAIN
AK 1086,3,MAIN
AK 1087,0,MAIN
AK 1088,5,MAIN
AK 1089,5,MAIN
AK 1090,5,MAIN
AK 1091,5,MAIN
AK 1092,1,MAIN
AK 1093,1,MAIN
AK 1094,8,MAIN
AK 1095,15,MAIN
AK 1096,2,MAIN
AK 1097,0,MAIN
AK 1098,0,MAIN
AK 1099,6,MAIN
AK 1100,0,MAIN
AK 1101,3,MAIN
AK 1102,0,MAIN
AK 1103,0,MAIN
AK 1104,1,MAIN
AK 1105,2,MAIN
AK 1106,4,MAIN
AK 1107,0,MAIN
AK 1108,1,MAIN
AK 1109,2,MAIN
AK 1110,1,MAIN
AK 1111,2,MAIN
AK 1112,2,MAIN
AK 1113,0,MAIN
AK 1114,0,MAIN
AK 1116,0,MAIN
AK 1117,0,MAIN
AK 1118,0,MAIN
AK 1119,0,MAIN
AK 1120,0,MAIN
AK 1121,0,MAIN
AK 1122,0,MAIN
AK 1123,0,MAIN
AK 1126,0,MAIN
AK 1127,0,MAIN
AK 1128,0,MAIN
AK 1129,0,MAIN
AK 1130,0,MAIN
AK 1131,0,MAIN
AK 1132,0,MAIN
AK 1133,0,MAIN
AK 1134,0,MAIN
AK 1135,1,MAIN
AK 1136,1,MAIN
AK 1137,0,MAIN
AK 1138,1,MAIN
AK 1139,1,MAIN
AK 1140,5,MAIN
AK 1141,5,MAIN
AK 1142,5,MAIN
AK 1143,0,MAIN
AK 1144,0,MAIN
AK 1145,0,MAIN
AK 1146,0,MAIN
AK 1147,0,MAIN
AK 1148,1,MAIN
AK 1149,1,MAIN
AK 1150,1,MAIN
AK 1151,1,MAIN
AK 1152,1,MAIN
AK 1153,8,MAIN
AK 1154,8,MAIN
AK 1155,1,MAIN
AK 1156,1,MAIN
AK 1157,1,MAIN
AK 1158,3,MAIN
AK 1159,3,MAIN
AK 1160,1,MAIN
AK 1161,1,MAIN
AK 1162,1,MAIN
AK 1163,3,MAIN
AK 1164,3,MAIN
AK 1165,1,MAIN
AK 1166,2,MAIN
AK 1167,1,MAIN
AK 1168,0,MAIN
AK 1169,0,MAIN
AK 1170,0,MAIN
AK 1171,1,MAIN
AK 1172,3,MAIN
AK 1173,3,MAIN
AK 1174,0,MAIN
AK 1175,1,MAIN
AK 1176,1,MAIN
AK 1177,1,MAIN
AK 1178,1,MAIN
AK 1179,1,MAIN
AK 1180,1,MAIN
AK 1181,1,MAIN
AK 1182,0,MAIN
AK 1183,0,MAIN
AK 1184,2,MAIN
AK 1185,2,MAIN
AK 1186,1,MAIN
AK 1187,2,MAIN
AK 1188,0,MAIN
AK 1189,0,MAIN
AK 1190,0,MAIN
AK 1191,2,MAIN
AK 1192,0,MAIN
AK 1193,0,MAIN
AK 1194,0,MAIN
AK 1195,1,MAIN
AK 1196,2,MAIN
AK 1197,1,MAIN
AK 1198,4,MAIN
AK 1199,0,MAIN
AK 1200,0,MAIN
AK 1201,1,MAIN
AK 1202,11,MAIN
AK 1203,8,MAIN
AK 1204,4,MAIN
AK 1205,4,MAIN
AK 1206,0,MAIN
AK 1207,0,MAIN
AK 1208,12,MAIN
AK 1209,3,MAIN
AK 1210,3,MAIN
AK 1211,3,MAIN
AK 1212,1,MAIN
AK 1213,1,MAIN
AK 1214,1,MAIN
AK 1215,1,MAIN
AK 1216,1,MAIN
AK 1217,0,MAIN
AK 1218,1,MAIN
AK 1219,1,MAIN
AK 1220,1,MAIN
AK 1221,1,MAIN
AK 1222,1,MAIN
AK 1223,1,MAIN
AK 1224,1,MAIN
AK 1225,2,MAIN
AK 1226,5,MAIN
AK 1227,1,MAIN
AK 1228,1,MAIN
AK 1229,1,MAIN
AK 1230,1,MAIN
AK 1231,4,MAIN
AK 1232,4,MAIN
AK 1233,4,MAIN
AK 1234,6,MAIN
AK 1235,14,MAIN
AK 1236,3,MAIN
AK 1237,3,MAIN
AK 1238,3,MAIN
AK 1239,3,MAIN
AK 1240,3,MAIN
AK 1241,3,MAIN
AK 1242,1,MAIN
AK 1243,1,MAIN
AK 1244,3,MAIN
AK 1245,3,MAIN
AK 1246,3,MAIN
AK 1247,3,MAIN
AK 1248,3,MAIN
AK 1249,2,MAIN
AK 1250,2,MAIN
AK 1251,2,MAIN
AK 1252,3,MAIN
AK 1253,3,MAIN
AK 1255,3,MAIN
AK 1256,3,MAIN
AK 1257,3,MAIN
AK 1258,2,MAIN
AK 1259,4,MAIN
AK 1260,4,MAIN
AK 1261,4,MAIN
AK 1262,0,MAIN
AK 1263,0,MAIN
AK 1264,1,MAIN
AK 1265,1,MAIN
AK 1266,0,MAIN
AK 1267,0,MAIN
AK 1268,0,MAIN
AK 1269,0,MAIN
AK 1270,8,MAIN
AK 1271,12,MAIN
AK 1272,12,MAIN
AK 1273,12,MAIN
AK 1274,8,MAIN
AK 1275,15,MAIN
AK 1276,2,MAIN
AK 1277,12,MAIN
AK 1278,8,MAIN
AK 1279,0,MAIN
AK 1280,1,MAIN
AK 1281,1,MAIN
AK 1282,1,MAIN
AK 1283,0,MAIN
AK 1284,1,MAIN
AK 1285,0,MAIN
AK 1286,1,MAIN
AK 1287,0,MAIN
AK 1288,14,MAIN
AK 1289,14,MAIN
AK 1291,14,MAIN
AK 1292,2,MAIN
AK 1293,3,MAIN
AK 1294,2,MAIN
AK 1295,2,MAIN
AK 1296,2,MAIN
AK 1297,2,MAIN
AK 1298,2,MAIN
AK 1300,2,MAIN
AK 1301,2,MAIN
AK 1302,2,MAIN
AK 1303,1,MAIN
AK 1304,1,MAIN
AK 1305,2,MAIN
AK 1306,2,MAIN
AK 1307,2,MAIN
AK 1308,2,MAIN
AK 1309,1,MAIN
AK 1310,2,MAIN
AK 1311,0,MAIN
AK 1312,0,MAIN
AK 1313,0,MAIN
AK 1315,0,MAIN
AK 1316,1,MAIN
AK 1317,1,MAIN
AK 1318,2,MAIN
AK 1319,1,MAIN
AK 1320,3,MAIN
AK 1321,3,MAIN
AK 1322,3,MAIN
AK 1324,3,MAIN
AK 1325,1,MAIN
AK 1326,2,MAIN
AK 1327,2,MAIN
AK 1328,0,MAIN
AK 1329,1,MAIN
AK 1330,1,MAIN
AK 1331,3,MAIN
AK 1332,5,MAIN
AK 1333,0,MAIN
AK 1334,11,MAIN
AK 1335,11,MAIN
AK 1336,1,MAIN
AK 1337,2,MAIN
AK 1338,5,MAIN
AK 1339,1,MAIN
AK 1340,2,MAIN
AK 1341,1,MAIN
AK 1342,5,MAIN
AK 1343,5,MAIN
AK 1344,5,MAIN
AK 1345,5,MAIN
AK 1346,0,MAIN
AK 1347,3,MAIN
AK 1348,0,MAIN
AK 1350,4,MAIN
AK 1351,1,MAIN
AK 1352,5,MAIN
AK 1353,0,MAIN
AK 1354,0,MAIN
AK 1355,15,MAIN
AK 1356,0,MAIN
AK 1357,2,MAIN
AK 1358,0,MAIN
AK 1359,0,MAIN
AK 1360,0,MAIN
AK 1361,3,MAIN
AK 1362,6,MAIN
AK 1363,6,MAIN
AK 1364,3,MAIN
AK 1365,2,MAIN
AK 1367,2,MAIN
AK 1368,0,MAIN
AK 1369,2,MAIN
AK 1371,3,MAIN
AK 1373,2,MAIN
AK 1374,4,MAIN
AK 1375,0,MAIN
AK 1376,0,MAIN
AK 1377,1,MAIN
AK 1378,1,MAIN
AK 1379,7,MAIN
AK 1380,2,MAIN
AK 1381,1,MAIN
AK 1382,2,MAIN
AK 1383,2,MAIN
AK 1384,1,MAIN
AK 1385,2,MAIN
AK 1386,2,MAIN
AK 1387,1,MAIN
AK 1388,2,MAIN
AK 1389,2,MAIN
AK 1390,2,MAIN
AK 1391,2,MAIN
AK 1392,2,MAIN
AK 1395,2,MAIN
AK 1396,11,MAIN
AK 1397,2,MAIN
AK 1398,2,MAIN
AK 1399,2,MAIN
AK 1400,6,MAIN
AK 1401,2,MAIN
AK 1402,2,MAIN
AK 1403,2,MAIN
AK 1404,14,MAIN
AK 1405,2,MAIN
AK 1406,2,MAIN
AK 1407,2,MAIN
AK 1408,2,MAIN
AK 1409,6,MAIN
AK 1410,2,MAIN
AK 1411,2,MAIN
AK 1412,2,MAIN
AK 1413,2,MAIN
AK 1414,2,MAIN
AK 1415,2,MAIN
AK 1416,1,MAIN
AK 1417,1,MAIN
AK 1418,1,MAIN
AK 1419,1,MAIN
AK 1420,2,MAIN
AK 1421,2,MAIN
AK 1422,2,MAIN
AK 1423,0,MAIN
AK 1424,0,MAIN
AK 1425,5,MAIN
AK 1426,0,MAIN
AK 1427,11,MAIN
AK 1428,11,MAIN
AK 1429,2,MAIN
AK 1430,2,MAIN
AK 1431,2,MAIN
AK 1432,2,MAIN
AK 1433,2,MAIN
AK 1434,2,MAIN
AK 1435,2,MAIN
AK 1436,2,MAIN
AK 1437,0,MAIN
AK 1438,0,MAIN
AK 1439,0,MAIN
AK 1440,1,MAIN
AK 1441,2,MAIN
AK 1442,15,MAIN
AK 1443,0,MAIN
AK 1444,2,MAIN
AK 1445,2,MAIN
AK 1446,2,MAIN
AK 1447,2,MAIN
AK 1448,5,MAIN
AK 1449,7,MAIN
AK 1450,5,MAIN
AK 1451,7,MAIN
AK 1452,8,MAIN
AK 1453,1,MAIN
AK 1454,3,MAIN
AK 1455,13,MAIN
AK 1456,0,MAIN
AK 1457,2,MAIN
AK 1458,2,MAIN
AK 1459,9,MAIN
AK 1460,9,MAIN
AK 1461,15,MAIN
AK 1462,2,MAIN
AK 1463,2,MAIN
AK 1464,15,MAIN
AK 1465,6,MAIN
AK 1466,15,MAIN
AK 1467,0,MAIN
AK 1468,6,MAIN
AK 1469,2,MAIN
AK 1470,9,MAIN
AK 1471,9,MAIN
AK 1472,3,MAIN
AK 1473,0,MAIN
AK 1474,0,MAIN
AK 1475,2,MAIN
AK 1476,3,MAIN
AK 1477,1,MAIN
AK 1478,1,MAIN
AK 1479,1,MAIN
AK 1480,1,MAIN
AK 1481,0,MAIN
AK 1482,3,MAIN
AK 1483,3,MAIN
AK 1484,0,MAIN
AK 1485,0,MAIN
AK 1486,12,MAIN
AK 1487,12,MAIN
AK 1488,12,MAIN
AK 1489,3,MAIN
AK 1490,12,MAIN
AK 1491,0,MAIN
AK 1492,2,MAIN
AK 1493,2,MAIN
AK 1494,2,MAIN
AK 1495,3,MAIN
AK 1496,3,MAIN
AK 1497,0,MAIN
AK 1498,3,MAIN
AK 1499,3,MAIN
AK 1500,3,MAIN
AK 1501,12,MAIN
AK 1502,2,MAIN
AK 1503,12,MAIN
AK 1504,3,MAIN
AK 1505,3,MAIN
AK 1506,11,MAIN
AK 1507,12,MAIN
AK 1508,0,MAIN
AK 1509,8,MAIN
AK 1510,3,MAIN
AK 1511,1,MAIN
AK 1512,3,MAIN
AK 1513,3,MAIN
AK 1514,3,MAIN
AK 1515,12,MAIN
AK 1516,3,MAIN
AK 1517,11,MAIN
AK 1518,12,MAIN
AK 1519,5,MAIN
AK 1520,4,MAIN
AK 1521,12,MAIN
AK 1522,0,MAIN
AK 1523,1,MAIN
AK 1524,1,MAIN
AK 1525,12,MAIN
AK 1526,12,MAIN
AK 1527,3,MAIN
AK 1528,3,MAIN
AK 1529,3,MAIN
AK 1530,3,MAIN
AK 1531,0,MAIN
AK 1532,2,MAIN
AK 1533,12,MAIN
AK 1534,3,MAIN
AK 1535,0,MAIN
AK 1536,1,MAIN
AK 1537,3,MAIN
AK 1538,3,MAIN
AK 1539,12,MAIN
AK 1540,0,MAIN
AK 1541,12,MAIN
AK 1542,0,MAIN
AK 1543,1,MAIN
AK 1544,0,MAIN
AK 1545,2,MAIN
AK 1546,0,MAIN
AK 1547,0,MAIN
AK 1548,3,MAIN
AK 1549,2,MAIN
AK 1550,1,MAIN
AK 1551,2,MAIN
AK 1552,0,MAIN
AK 1553,2,MAIN
AK 1554,0,MAIN
AK 1555,2,MAIN
AK 1556,2,MAIN
AK 1557,0,MAIN
AK 1558,0,MAIN
AK 1559,0,MAIN
AK 1560,2,MAIN
AK 1561,2,MAIN
AK 1562,0,MAIN
AK 1563,0,MAIN
AK 1564,5,MAIN
AK 1565,3,MAIN
AK 1566,2,MAIN
AK 1567,4,MAIN
AK 1568,2,MAIN
AK 1569,0,MAIN
AK 1570,4,MAIN
AK 1571,2,MAIN
AK 1572,0,MAIN
AK 1573,4,MAIN
AK 1574,2,MAIN
AK 1575,0,MAIN
AK 1576,0,MAIN
AK 1577,0,MAIN
AK 1578,4,MAIN
AK 1579,3,MAIN
AK 1580,3,MAIN
AK 1581,3,MAIN
AK 1582,8,MAIN
AK 1583,8,MAIN
AK 1584,1,MAIN
AK 1585,3,MAIN
AK 1586,3,MAIN
AK 1587,3,MAIN
AK 1588,4,MAIN
AK 1589,3,MAIN
AK 1590,2,MAIN
AK 1591,2,MAIN
AK 1592,1,MAIN
AK 1593,5,MAIN
AK 1594,5,MAIN
AK 1595,2,MAIN
AK 1596,2,MAIN
AK 1597,5,MAIN
AK 1598,2,MAIN
AK 1599,0,MAIN
AK 1600,0,MAIN
AK 1601,0,MAIN
AK 1602,0,MAIN
AK 1603,0,MAIN
AK 1605,1,MAIN
AK 1606,1,MAIN
AK 1607,8,MAIN
AK 1608,12,MAIN
AK 1609,8,MAIN
AK 1610,0,MAIN
AK 1611,2,MAIN
AK 1612,8,MAIN
AK 1613,0,MAIN
AK 1614,6,MAIN
AK 1615,0,MAIN
AK 1616,0,MAIN
AK 1617,2,MAIN
AK 1618,3,MAIN
AK 1619,3,MAIN
AK 1620,0,MAIN
AK 1621,1,MAIN
AK 1622,1,MAIN
AK 1623,4,MAIN
AK 1625,0,MAIN
AK 1626,0,MAIN
AK 1627,3,MAIN
AK 1628,0,MAIN
AK 1629,5,MAIN
AK 1630,3,MAIN
AK 1631,0,MAIN
AK 1632,0,MAIN
AK 1633,1,MAIN
AK 1634,5,MAIN
AK 1635,3,MAIN
AK 1636,5,MAIN
AK 1637,5,MAIN
AK 1638,5,MAIN
AK 1639,0,MAIN
AK 1640,0,MAIN
AK 1641,2,MAIN
AK 1642,0,MAIN
AK 1643,0,MAIN
AK 1644,1,MAIN
AK 1645,0,MAIN
AK 1646,0,MAIN
AK 1647,2,MAIN
AK 1648,0,MAIN
AK 1649,0,MAIN
AK 1650,1,MAIN
AK 1651,0,MAIN
AK 1652,0,MAIN
AK 1653,2,MAIN
AK 1654,2,MAIN
AK 1655,5,MAIN
AK 1656,0,MAIN
AK 1657,0,MAIN
AK 1658,0,MAIN
AK 1659,1,MAIN
AK 1660,6,MAIN
AK 1661,0,MAIN
AK 1662,5,MAIN
AK 1663,0,MAIN
AK 1664,13,MAIN
AK 1665,5,MAIN
AK 1666,3,MAIN
AK 1667,8,MAIN
AK 1668,0,MAIN
AK 1669,2,MAIN
AK 1670,7,MAIN
AK 1671,8,MAIN
AK 1672,1,MAIN
AK 1673,1,MAIN
AK 1674,3,MAIN
AK 1675,1,MAIN
AK 1676,0,MAIN
AK 1677,1,MAIN
AK 1678,1,MAIN
AK 1679,0,MAIN
AK 1680,0,MAIN
AK 1681,1,MAIN
AK 1682,0,MAIN
AK 1683,0,MAIN
AK 1684,0,MAIN
AK 1685,0,MAIN
AK 1686,1,MAIN
AK 1687,0,MAIN
AK 1688,0,MAIN
AK 1690,0,MAIN
AK 1691,0,MAIN
AK 1692,0,MAIN
AK 1693,0,MAIN
AK 1694,6,MAIN
AK 1695,6,MAIN
AK 1696,2,MAIN
AK 1697,8,MAIN
AK 1698,2,MAIN
AK 1699,2,MAIN
AK 1700,2,MAIN
AK 1701,2,MAIN
AK 1702,2,MAIN
AK 1703,2,MAIN
AK 1704,2,MAIN
AK 1705,2,MAIN
AK 1706,2,MAIN
AK 1707,2,MAIN
AK 1708,1,MAIN
AK 1709,1,MAIN
AK 1710,1,MAIN
AK 1711,2,MAIN
AK 1712,1,MAIN
AK 1713,0,MAIN
AK 1714,3,MAIN
AK 1715,0,MAIN
AK 1716,1,MAIN
AK 1717,0,MAIN
AK 1718,1,MAIN
AK 1719,0,MAIN
AK 1720,1,MAIN
AK 1721,0,MAIN
AK 1723,1,MAIN
AK 1724,3,MAIN
AK 1725,1,MAIN
AK 1726,1,MAIN
AK 1727,1,MAIN
AK 1728,1,MAIN
AK 1729,1,MAIN
AK 1730,1,MAIN
AK 1731,1,MAIN
AK 1732,8,MAIN
AK 1733,1,MAIN
AK 1734,0,MAIN
AK 1735,1,MAIN
AK 1736,3,MAIN
AK 1737,1,MAIN
AK 1738,4,MAIN
AK 1739,3,MAIN
AK 1740,1,MAIN
AK 1741,1,MAIN
AK 1742,1,MAIN
AK 1743,1,MAIN
AK 1744,1,MAIN
AK 1745,1,MAIN
AK 1746,1,MAIN
AK 1747,1,MAIN
AK 1748,1,MAIN
AK 1749,0,MAIN
AK 1751,1,MAIN
AK 1752,1,MAIN
AK 1753,0,MAIN
AK 1754,1,MAIN
AK 1755,0,MAIN
AK 1756,0,MAIN
AK 1757,0,MAIN
AK 1758,0,MAIN
AK 1759,0,MAIN
AK 1761,8,MAIN
AK 1762,8,MAIN
AK 1763,2,MAIN
AK 1764,2,MAIN
AK 1765,2,MAIN
AK 1766,10,MAIN
AK 1767,10,MAIN
AK 1768,2,MAIN
AK 1769,2,MAIN
AK 1770,1,MAIN
AK 1771,8,MAIN
AK 1772,0,MAIN
AK 1773,0,MAIN
AK 1774,1,MAIN
AK 1775,0,MAIN
AK 1776,0,MAIN
AK 1777,2,MAIN
AK 1778,0,MAIN
AK 1779,0,MAIN
AK 1780,0,MAIN
AK 1781,3,MAIN
AK 1782,3,MAIN
AK 1783,8,MAIN
AK 1784,5,MAIN
AK 1785,1,MAIN
AK 1786,1,MAIN
AK 1787,0,MAIN
AK 1788,2,MAIN
AK 1789,2,MAIN
AK 1790,2,MAIN
AK 1791,2,MAIN
AK 1792,2,MAIN
AK 1793,1,MAIN
AK 1794,3,MAIN
AK 1795,2,MAIN
AK 1796,8,MAIN
AK 1797,13,MAIN
AK 1799,0,MAIN
AK 1800,0,MAIN
AK 1801,0,MAIN
AK 1802,0,MAIN
AK 1803,0,MAIN
AK 1804,0,MAIN
AK 1805,0,MAIN
AK 1806,0,MAIN
AK 1808,0,MAIN
AK 1809,0,MAIN
AK 1810,0,MAIN
AK 1811,3,MAIN
AK 1812,0,MAIN
AK 1813,8,MAIN
AK 1814,8,MAIN
AK 1816,1,MAIN
AK 1817,1,MAIN
AK 1818,0,MAIN
AK 1819,1,MAIN
AK 1820,0,MAIN
AK 1821,2,MAIN
AK 1822,0,MAIN
AK 1823,8,MAIN
AK 1824,2,MAIN
AK 1825,5,MAIN
AK 1826,0,MAIN
AK 1827,0,MAIN
AK 1828,0,MAIN
AK 1829,8,MAIN
AK 1830,0,MAIN
AK 1831,8,MAIN
AK 1832,8,MAIN
AK 1833,4,MAIN
AK 1834,8,MAIN
AK 1835,2,MAIN
AK 1836,2,MAIN
AK 1837,0,MAIN
AK 1838,2,MAIN
AK 1839,0,MAIN
AK 1840,0,MAIN
AK 1841,0,MAIN
AK 1842,2,MAIN
AK 1843,0,MAIN
AK 1844,0,MAIN
AK 1845,0,MAIN
AK 1846,1,MAIN
AK 1847,2,MAIN
AK 1849,2,MAIN
AK 1850,2,MAIN
AK 1851,2,MAIN
AK 1852,2,MAIN
AK 1853,2,MAIN
AK 1854,2,MAIN
AK 1855,2,MAIN
AK 1857,2,MAIN
AK 1858,2,MAIN
AK 1859,2,MAIN
AK 1860,0,MAIN
AK 1861,2,MAIN
AK 1862,2,MAIN
AK 1863,2,MAIN
AK 1864,2,MAIN
AK 1865,2,MAIN
AK 1866,2,MAIN
AK 1867,2,MAIN
AK 1868,0,MAIN
AK 1869,2,MAIN
AK 1870,0,MAIN
AK 1871,0,MAIN
AK 1872,0,MAIN
AK 1873,0,MAIN
AK 1874,0,MAIN
AK 1875,2,MAIN
AK 1876,0,MAIN
AK 1877,2,MAIN
AK 1878,0,MAIN
AK 1879,0,MAIN
AK 1880,0,MAIN
AK 1881,2,MAIN
AK 1882,0,MAIN
AK 1883,0,MAIN
AK 1884,2,MAIN
AK 1885,2,MAIN
AK 1886,1,MAIN
AK 1887,8,MAIN
AK 1888,8,MAIN
AK 1889,8,MAIN
AK 1890,0,MAIN
AK 1891,0,MAIN
AK 1892,2,MAIN
AK 1893,0,MAIN
AK 1894,0,MAIN
AK 1895,1,MAIN
AK 1896,0,MAIN
AK 1897,0,MAIN
AK 1898,2,MAIN
AK 1899,0,MAIN
AK 1900,0,MAIN
AK 1901,1,MAIN
AK 1902,0,MAIN
AK 1903,2,MAIN
AK 1904,0,MAIN
AK 1905,2,MAIN
AK 1906,2,MAIN
AK 1907,4,MAIN
AK 1908,0,MAIN
AK 1909,0,MAIN
AK 1910,0,MAIN
AK 1911,1,MAIN
AK 1912,3,MAIN
AK 1913,2,MAIN
AK 1914,2,MAIN
AK 1915,2,MAIN
AK 1916,2,MAIN
AK 1917,0,MAIN
AK 1918,8,MAIN
AK 1919,3,MAIN
AK 1920,8,MAIN
AK 1921,3,MAIN
AK 1922,8,MAIN
AK 1923,8,MAIN
AK 1924,0,MAIN
AK 1925,5,MAIN
AK 1926,5,MAIN
AK 1927,5,MAIN
AK 1928,2,MAIN
AK 1929,1,MAIN
AK 1930,1,MAIN
AK 1931,1,MAIN
AK 1932,1,MAIN
AK 1933,1,MAIN
AK 1934,0,MAIN
AK 1935,2,MAIN
AK 1936,2,MAIN
AK 1937,2,MAIN
AK 1938,2,MAIN
AK 1939,2,MAIN
AK 1940,0,MAIN
AK 1941,6,MAIN
AK 1942,2,MAIN
AK 1943,2,MAIN
AK 1944,0,MAIN
AK 1945,3,MAIN
AK 1946,0,MAIN
AK 1947,0,MAIN
AK 1948,0,MAIN
AK 1949,0,MAIN
AK 1950,0,MAIN
AK 1951,0,MAIN
AK 1952,0,MAIN
AK 1953,0,MAIN
AK 1954,7,MAIN
AK 1955,3,MAIN
AK 1956,0,MAIN
AK 1958,3,MAIN
AK 1959,1,MAIN
AK 1960,0,MAIN
AK 1961,0,MAIN
AK 1962,0,MAIN
AK 1964,7,MAIN
AK 1965,0,MAIN
AK 1966,2,MAIN
AK 1967,1,MAIN
AK 1968,2,MAIN
AK 1969,0,MAIN
AK 1970,0,MAIN
AK 1971,2,MAIN
AK 1972,0,MAIN
AK 1973,3,MAIN
AK 1974,2,MAIN
AK 1975,0,MAIN
AK 1976,8,MAIN
AK 1977,2,MAIN
AK 1978,8,MAIN
AK 1979,0,MAIN
AK 1980,8,MAIN
AK 1981,2,MAIN
AK 1982,2,MAIN
AK 1983,0,MAIN
AK 1984,0,MAIN
AK 1985,8,MAIN
AK 1986,2,MAIN
AK 1987,1,MAIN
AK 1988,1,MAIN
AK 1989,0,MAIN
AK 1990,1,MAIN
AK 1991,1,MAIN
AK 1992,1,MAIN
AK 1993,1,MAIN
AK 1994,3,MAIN
AK 1995,3,MAIN
AK 1996,6,MAIN
AK 1997,6,MAIN
AK 1998,4,MAIN
AK 1999,6,MAIN
AK 2000,2,MAIN
AK 2001,3,MAIN
AK 2003,6,MAIN
AK 2004,6,MAIN
AK 2005,5,MAIN
AK 2006,0,MAIN
AK 2007,2,MAIN
AK 2008,0,MAIN
AK 2009,3,MAIN
AK 2010,2,MAIN
AK 2011,2,MAIN
AK 2013,0,MAIN
AK 2014,3,MAIN
AK 2015,14,MAIN
AK 2016,0,MAIN
AK 2017,0,MAIN
AK 2018,0,MAIN
AK 2019,0,MAIN
AK 2020,0,MAIN
AK 2021,0,MAIN
AK 2022,0,MAIN
AK 2023,15,MAIN
AK 2024,0,MAIN
AK 2025,8,MAIN
AK 2026,15,MAIN
AK 2027,6,MAIN
AK 2028,6,MAIN
AK 2029,2,MAIN
AK 2030,2,MAIN
AK 2031,3,MAIN
AK 2032,1,MAIN
AK 2033,0,MAIN
AK 2034,0,MAIN
AK 2036,0,MAIN
AK 2037,0,MAIN
AK 2038,5,MAIN
AK 2039,0,MAIN
AK 2040,0,MAIN
AK 2041,3,MAIN
AK 2042,3,MAIN
AK 2043,2,MAIN
AK 2044,2,MAIN
AK 2047,0,MAIN
AK 2048,2,MAIN
AK 2049,2,MAIN
AK 2050,8,MAIN
AK 2051,1,MAIN
AK 2052,0,MAIN
AK 2053,0,MAIN
AK 2054,6,MAIN
AK 2055,0,MAIN
AK 2056,2,MAIN
AK 2057,2,MAIN
AK 2058,2,MAIN
AK 2059,2,MAIN
AK 2060,2,MAIN
AK 2061,1,MAIN
AK 2062,2,MAIN
AK 2063,2,MAIN
AK 2064,2,MAIN
AK 2065,2,MAIN
AK 2066,1,MAIN
AK 2067,2,MAIN
AK 2068,1,MAIN
AK 2069,5,MAIN
AK 2070,1,MAIN
AK 2071,0,MAIN
AK 2072,0,MAIN
AK 2073,2,MAIN
AK 2074,2,MAIN
AK 2075,2,MAIN
AK 2076,0,MAIN
AK 2077,4,MAIN
AK 2078,5,MAIN
AK 2079,2,MAIN
AK 2080,2,MAIN
AK 2081,4,MAIN
AK 2082,5,MAIN
AK 2083,1,MAIN
AK 2084,1,MAIN
AK 2085,1,MAIN
AK 2086,2,MAIN
AK 2087,2,MAIN
AK 2088,4,MAIN
AK 2089,1,MAIN
AK 2090,1,MAIN
AK 2092,5,MAIN
AK 2093,2,MAIN
AK 2094,4,MAIN
AK 2095,2,MAIN
AK 2096,3,MAIN
AK 2097,3,MAIN
AK 2098,0,MAIN
AK 2099,0,MAIN
AK 2100,4,MAIN
AK 2101,5,MAIN
AK 2102,2,MAIN
AK 2103,2,MAIN
AK 2104,1,MAIN
AK 2105,0,MAIN
AK 2106,1,MAIN
AK 2107,1,MAIN
AK 2108,4,MAIN
AK 2109,2,MAIN
AK 2110,0,MAIN
AK 2111,1,MAIN
AK 2112,0,MAIN
AK 2113,2,MAIN
AK 2114,2,MAIN
AK 2115,2,MAIN
AK 2116,2,MAIN
AK 2117,2,MAIN
AK 2118,4,MAIN
AK 2119,4,MAIN
AK 2120,1,MAIN
AK 2121,1,MAIN
AK 2122,1,MAIN
AK 2123,1,MAIN
AK 2124,1,MAIN
AK 2125,4,MAIN
AK 2126,4,MAIN
AK 2127,1,MAIN
AK 2128,0,MAIN
AK 2129,0,MAIN
AK 2130,0,MAIN
AK 2131,1,MAIN
AK 2132,3,MAIN
AK 2133,1,MAIN
AK 2134,1,MAIN
AK 2135,0,MAIN
AK 2136,5,MAIN
AK 2137,0,MAIN
AK 2138,5,MAIN
AK 2139,0,MAIN
AK 2140,0,MAIN
AK 2141,0,MAIN
AK 2142,0,MAIN
AK 2143,0,MAIN
AK 2144,0,MAIN
AK 2145,0,MAIN
AK 2146,0,MAIN
AK 2147,0,MAIN
AK 2148,0,MAIN
AK 2149,0,MAIN
AK 2150,0,MAIN
AK 2151,0,MAIN
AK 2152,0,MAIN
AK 2153,0,MAIN
AK 2154,0,MAIN
AK 2155,0,MAIN
AK 2156,0,MAIN
AK 2157,0,MAIN
AK 2158,0,MAIN
AK 2159,0,MAIN
AK 2160,5,MAIN
AK 2161,5,MAIN
AK 2162,1,MAIN
AK 2163,5,MAIN
AK 2164,5,MAIN
AK 2165,0,MAIN
AK 2166,4,MAIN
AK 2167,0,MAIN
AK 2168,0,MAIN
AK 2169,0,MAIN
AK 2170,0,MAIN
AK 2171,1,MAIN
AK 2172,1,MAIN
AK 2173,1,MAIN
AK 2174,1,MAIN
AK 2175,0,MAIN
AK 2176,1,MAIN
AK 2177,1,MAIN
AK 2178,0,MAIN
AK 2179,1,MAIN
AK 2181,0,MAIN
AK 2182,0,MAIN
AK 2183,0,MAIN
AK 2184,0,MAIN
AK 2185,0,MAIN
AK 2186,0,MAIN
AK 2187,0,MAIN
AK 2188,0,MAIN
AK 2189,0,MAIN
AK 2190,0,MAIN
AK 2191,0,MAIN
AK 2192,0,MAIN
AK 2193,0,MAIN
AK 2194,0,MAIN
AK 2195,0,MAIN
AK 2196,0,MAIN
AK 2197,0,MAIN
AK 2198,0,MAIN
AK 2199,0,MAIN
AK 2200,0,MAIN
AK 2201,1,MAIN
AK 2202,0,MAIN
AK 2203,1,MAIN
AK 2204,2,MAIN
AK 2205,0,MAIN
AK 2206,0,MAIN
AK 2207,3,MAIN
AK 2208,5,MAIN
AK 2209,3,MAIN
AK 2210,5,MAIN
AK 2211,1,MAIN
AK 2212,2,MAIN
AK 2213,1,MAIN
AK 2214,4,MAIN
AK 2215,3,MAIN
AK 2216,3,MAIN
AK 2217,4,MAIN
AK 2218,1,MAIN
AK 2219,1,MAIN
AK 2220,3,MAIN
AK 2221,4,MAIN
AK 2222,4,MAIN
AK 2223,2,MAIN
AK 2224,2,MAIN
AK 2225,0,MAIN
AK 2226,1,MAIN
AK 2227,2,MAIN
AK 2228,2,MAIN
AK 2229,0,MAIN
AK 2230,0,MAIN
AK 2231,0,MAIN
AK 2232,2,MAIN
AK 2233,0,MAIN
AK 2234,1,MAIN
AK 2235,0,MAIN
AK 2236,0,MAIN
AK 2237,2,MAIN
AK 2239,0,MAIN
AK 2240,3,MAIN
AK 2241,3,MAIN
AK 2242,3,MAIN
AK 2243,3,MAIN
AK 2244,8,MAIN
AK 2245,8,MAIN
AK 2246,3,MAIN
AK 2247,5,MAIN
AK 2248,8,MAIN
AK 2249,0,MAIN
AK 2250,0,MAIN
AK 2251,0,MAIN
AK 2252,0,MAIN
AK 2253,0,MAIN
AK 2254,2,MAIN
AK 2255,4,MAIN
AK 2256,2,MAIN
AK 2257,14,MAIN
AK 2258,1,MAIN
AK 2259,1,MAIN
AK 2260,2,MAIN
AK 2261,2,MAIN
AK 2262,2,MAIN
AK 2263,1,MAIN
AK 2264,4,MAIN
AK 2265,4,MAIN
AK 2266,4,MAIN
AK 2267,4,MAIN
AK 2268,0,MAIN
AK 2269,0,MAIN
AK 2270,0,MAIN
AK 2271,2,MAIN
AK 2272,2,MAIN
AK 2273,0,MAIN
AK 2274,0,MAIN
AK 2275,0,MAIN
AK 2276,0,MAIN
AK 2277,4,MAIN
AK 2278,4,MAIN
AK 2279,1,MAIN
AK 2280,2,MAIN
AK 2281,2,MAIN
AK 2282,2,MAIN
AK 2283,2,MAIN
AK 2284,3,MAIN
AK 2285,10,MAIN
AK 2286,13,MAIN
AK 2287,3,MAIN
AK 2288,5,MAIN
AK 2289,1,MAIN
AK 2290,1,MAIN
AK 2291,1,MAIN
AK 2292,0,MAIN
AK 2293,1,MAIN
AK 2294,1,MAIN
AK 2295,1,MAIN
AK 2296,4,MAIN
AK 2297,4,MAIN
AK 2298,4,MAIN
AK 2299,1,MAIN
AK 2300,1,MAIN
AK 2301,1,MAIN
AK 2302,2,MAIN
AK 2303,2,MAIN
AK 2304,4,MAIN
AK 2305,3,MAIN
AK 2306,0,MAIN
AK 2307,0,MAIN
AK 2308,2,MAIN
AK 2309,2,MAIN
AK 2310,2,MAIN
AK 2311,2,MAIN
AK 2312,2,MAIN
AK 2313,0,MAIN
AK 2314,0,MAIN
AK 2315,0,MAIN
AK 2316,0,MAIN
AK 2317,4,MAIN
AK 2318,4,MAIN
AK 2319,4,MAIN
AK 2321,3,MAIN
AK 2323,0,MAIN
AK 2324,1,MAIN
AK 2325,0,MAIN
AK 2326,0,MAIN
AK 2327,0,MAIN
AK 2328,1,MAIN
AK 2329,1,MAIN
AK 2330,4,MAIN
AK 2331,1,MAIN
AK 2332,6,MAIN
AK 2333,2,MAIN
AK 2334,2,MAIN
AK 2335,6,MAIN
AK 2336,6,MAIN
AK 2337,0,MAIN
AK 2338,1,MAIN
AK 2339,1,MAIN
AK 2340,1,MAIN
AK 2341,6,MAIN
AK 2342,15,MAIN
AK 2343,1,MAIN
AK 2344,0,MAIN
AK 2345,0,MAIN
AK 2346,0,MAIN
AK 2347,1,MAIN
AK 2348,1,MAIN
AK 2350,4,MAIN
AK 2351,14,MAIN
AK 2352,2,MAIN
AK 2353,4,MAIN
AK 2354,6,MAIN
AK 2355,14,MAIN
AK 2356,3,MAIN
AK 2357,1,MAIN
AK 2358,2,MAIN
AK 2360,2,MAIN
AK 2361,0,MAIN
AK 2362,0,MAIN
AK 2364,0,MAIN
AK 2365,0,MAIN
AK 2366,0,MAIN
AK 2367,0,MAIN
AK 2368,1,MAIN
AK 2369,0,MAIN
AK 2370,0,MAIN
AK 2371,0,MAIN
AK 2372,0,MAIN
AK 2373,0,MAIN
AK 2374,0,MAIN
AK 2375,0,MAIN
AK 2376,0,MAIN
AK 2377,0,MAIN
AK 2378,0,MAIN
AK 2379,0,MAIN
AK 2380,0,MAIN
AK 2381,0,MAIN
AK 2382,0,MAIN
AK 2383,2,MAIN
AK 2384,5,MAIN
AK 2385,1,MAIN
AK 2386,0,MAIN
AK 2387,0,MAIN
AK 2388,0,MAIN
AK 2389,0,MAIN
AK 2390,0,MAIN
AK 2391,0,MAIN
AK 2392,1,MAIN
AK 2393,0,MAIN
AK 2394,0,MAIN
AK 2395,0,MAIN
AK 2396,0,MAIN
AK 2397,0,MAIN
AK 2398,0,MAIN
AK 2399,0,MAIN
AK 2400,0,MAIN
AK 2401,0,MAIN
AK 2402,0,MAIN
AK 2403,2,MAIN
AK 2404,2,MAIN
AK 2405,0,MAIN
AK 2406,2,MAIN
AK 2407,2,MAIN
AK 2408,0,MAIN
AK 2409,0,MAIN
AK 2410,0,MAIN
AK 2411,0,MAIN
AK 2412,0,MAIN
AK 2413,1,MAIN
AK 2414,4,MAIN
AK 2415,0,MAIN
AK 2416,0,MAIN
AK 2417,1,MAIN
AK 2418,1,MAIN
AK 2419,1,MAIN
AK 2420,0,MAIN
AK 2421,2,MAIN
AK 2422,2,MAIN
AK 2423,0,MAIN
AK 2424,0,MAIN
AK 2425,0,MAIN
AK 2426,0,MAIN
AK 2427,0,MAIN
AK 2428,0,MAIN
AK 2429,1,MAIN
AK 2430,0,MAIN
AK 2431,0,MAIN
AK 2432,0,MAIN
AK 2433,0,MAIN
AK 2434,0,MAIN
AK 2435,0,MAIN
AK 2436,0,MAIN
AK 2437,0,MAIN
AK 2438,0,MAIN
AK 2439,0,MAIN
AK 2440,0,MAIN
AK 2441,0,MAIN
AK 2442,0,MAIN
AK 2443,0,MAIN
AK 2444,2,MAIN
AK 2445,0,MAIN
AK 2446,2,MAIN
AK 2447,2,MAIN
AK 2448,0,MAIN
AK 2449,2,MAIN
AK 2450,2,MAIN
AK 2451,0,MAIN
AK 2452,0,MAIN
AK 2453,0,MAIN
AK 2454,0,MAIN
AK 2455,0,MAIN
AK 2456,0,MAIN
AK 2457,0,MAIN
AK 2458,0,MAIN
AK 2459,0,MAIN
AK 2460,0,MAIN
AK 2461,0,MAIN
AK 2462,0,MAIN
AK 2463,0,MAIN
AK 2464,1,MAIN
AK 2465,0,MAIN
AK 2466,0,MAIN
AK 2467,0,MAIN
AK 2468,0,MAIN
AK 2469,0,MAIN
AK 2470,2,MAIN
AK 2471,2,MAIN
AK 2472,2,MAIN
AK 2473,0,MAIN
AK 2474,0,MAIN
AK 2475,0,MAIN
AK 2476,1,MAIN
AK 2477,0,MAIN
AK 2478,0,MAIN
AK 2479,1,MAIN
AK 2480,2,MAIN
AK 2481,1,MAIN
AK 2482,1,MAIN
AK 2483,1,MAIN
AK 2484,2,MAIN
AK 2485,1,MAIN
AK 2486,1,MAIN
AK 2487,1,MAIN
AK 2488,1,MAIN
AK 2489,1,MAIN
AK 2490,8,MAIN
AK 2491,8,MAIN
AK 2492,1,MAIN
AK 2493,1,MAIN
AK 2494,1,MAIN
AK 2495,1,MAIN
AK 2496,1,MAIN
AK 2497,2,MAIN
AK 2498,1,MAIN
AK 2499,0,MAIN
AK 2500,3,MAIN
AK 2501,3,MAIN
AK 2502,1,MAIN
AK 2503,1,MAIN
AK 2504,10,MAIN
AK 2505,10,MAIN
AK 2506,1,MAIN
AK 2507,1,MAIN
AK 2508,2,MAIN
AK 2509,0,MAIN
AK 2510,0,MAIN
AK 2511,0,MAIN
AK 2512,0,MAIN
AK 2513,4,MAIN
AK 2514,1,MAIN
AK 2515,4,MAIN
AK 2516,4,MAIN
AK 2517,4,MAIN
AK 2518,1,MAIN
AK 2519,5,MAIN
AK 2520,5,MAIN
AK 2521,5,MAIN
AK 2522,2,MAIN
AK 2523,0,MAIN
AK 2524,0,MAIN
AK 2525,0,MAIN
AK 2526,0,MAIN
AK 2527,5,MAIN
AK 2528,0,MAIN
AK 2529,0,MAIN
AK 2530,0,MAIN
AK 2531,0,MAIN
AK 2532,0,MAIN
AK 2533,1,MAIN
AK 2534,0,MAIN
AK 2535,1,MAIN
AK 2536,0,MAIN
AK 2537,0,MAIN
AK 2538,0,MAIN
AK 2539,0,MAIN
AK 2540,0,MAIN
AK 2541,0,MAIN
AK 2542,1,MAIN
AK 2543,1,MAIN
AK 2544,0,MAIN
AK 2545,0,MAIN
AK 2546,1,MAIN
AK 2547,0,MAIN
AK 2548,0,MAIN
AK 2549,1,MAIN
AK 2550,3,MAIN
AK 2551,0,MAIN
AK 2552,4,MAIN
AK 2553,4,MAIN
AK 2554,2,MAIN
AK 2555,2,MAIN
AK 2556,2,MAIN
AK 2557,0,MAIN
AK 2558,2,MAIN
AK 2559,2,MAIN
AK 2560,2,MAIN
AK 2561,2,MAIN
AK 2563,2,MAIN
AK 2565,3,MAIN
AK 2566,4,MAIN
AK 2567,4,MAIN
AK 2568,0,MAIN
AK 2569,4,MAIN
AK 2570,0,MAIN
AK 2571,0,MAIN
AK 2572,0,MAIN
AK 2573,3,MAIN
AK 2574,4,MAIN
AK 2575,4,MAIN
AK 2576,3,MAIN
AK 2577,0,MAIN
AK 2578,4,MAIN
AK 2579,3,MAIN
AK 2580,1,MAIN
AK 2581,0,MAIN
AK 2582,0,MAIN
AK 2583,0,MAIN
AK 2584,2,MAIN
AK 2585,2,MAIN
AK 2587,2,MAIN
AK 2588,0,MAIN
AK 2589,0,MAIN
AK 2590,1,MAIN
AK 2591,0,MAIN
AK 2592,1,MAIN
AK 2593,0,MAIN
AK 2594,0,MAIN
AK 2595,2,MAIN
AK 2596,2,MAIN
AK 2597,0,MAIN
AK 2598,1,MAIN
AK 2599,0,MAIN
AK 2600,1,MAIN
AK 2601,0,MAIN
AK 2602,0,MAIN
AK 2603,0,MAIN
AK 2605,2,MAIN
AK 2606,0,MAIN
AK 2607,2,MAIN
AK 2608,1,MAIN
AK 2609,0,MAIN
AK 2610,0,MAIN
AK 2611,2,MAIN
AK 2612,2,MAIN
AK 2613,1,MAIN
AK 2614,4,MAIN
AK 2615,1,MAIN
AK 2617,0,MAIN
AK 2618,3,MAIN
AK 2619,3,MAIN
AK 2620,0,MAIN
AK 2621,0,MAIN
AK 2622,4,MAIN
AK 2623,0,MAIN
AK 2624,0,MAIN
AK 2625,4,MAIN
AK 2626,5,MAIN
AK 2627,0,MAIN
AK 2628,6,MAIN
AK 2629,0,MAIN
AK 2630,1,MAIN
AK 2631,2,MAIN
AK 2632,0,MAIN
AK 2633,0,MAIN
AK 2634,2,MAIN
AK 2635,3,MAIN
AK 2636,1,MAIN
AK 2637,1,MAIN
AK 2638,0,MAIN
AK 2639,0,MAIN
AK 2640,0,MAIN
AK 2641,0,MAIN
AK 2642,0,MAIN
AK 2643,1,MAIN
AK 2645,0,MAIN
AK 2646,2,MAIN
AK 2647,2,MAIN
AK 2648,3,MAIN
AK 2649,3,MAIN
AK 2650,1,MAIN
AK 2651,0,MAIN
AK 2652,1,MAIN
AK 2653,0,MAIN
AK 2654,1,MAIN
AK 2655,0,MAIN
AK 2657,0,MAIN
AK 2658,0,MAIN
AK 2660,0,MAIN
AK 2661,0,MAIN
AK 2662,0,MAIN
AK 2663,0,MAIN
AK 2664,3,MAIN
AK 2665,0,MAIN
AK 2666,1,MAIN
AK 2667,1,MAIN
AK 2668,2,MAIN
AK 2669,5,MAIN
AK 2670,2,MAIN
AK 2671,0,MAIN
AK 2672,0,MAIN
AK 2673,0,MAIN
AK 2674,0,MAIN
AK 2675,1,MAIN
AK 2676,3,MAIN
AK 2677,0,MAIN
AK 2678,0,MAIN
AK 2679,0,MAIN
AK 2680,1,MAIN
AK 2681,1,MAIN
AK 2682,1,MAIN
AK 2683,1,MAIN
AK 2684,0,MAIN
AK 2685,4,MAIN
AK 2686,0,MAIN
AK 2687,0,MAIN
AK 2688,6,MAIN
AK 2689,11,MAIN
AK 2690,14,MAIN
AK 2691,3,MAIN
AK 2692,3,MAIN
AK 2693,10,MAIN
AK 2694,4,MAIN
AK 2695,0,MAIN
AK 2697,8,MAIN
AK 2698,8,MAIN
AK 2699,1,MAIN
AK 2700,1,MAIN
AK 2701,0,MAIN
AK 2702,5,MAIN
AK 2703,4,MAIN
AK 2704,4,MAIN
AK 2705,4,MAIN
AK 2706,4,MAIN
AK 2707,4,MAIN
AK 2708,4,MAIN
AK 2709,0,MAIN
AK 2710,0,MAIN
AK 2711,0,MAIN
AK 2712,0,MAIN
AK 2713,7,MAIN
AK 2714,0,MAIN
AK 2715,2,MAIN
AK 2716,2,MAIN
AK 2717,0,MAIN
AK 2718,0,MAIN
AK 2719,0,MAIN
AK 2720,0,MAIN
AK 2722,1,MAIN
AK 2723,0,MAIN
AK 2724,0,MAIN
AK 2725,0,MAIN
AK 2726,0,MAIN
AK 2727,0,MAIN
AK 2728,0,MAIN
AK 2729,0,MAIN
AK 2730,0,MAIN
AK 2731,0,MAIN
AK 2732,0,MAIN
AK 2733,0,MAIN
AK 2734,1,MAIN
AK 2735,0,MAIN
AK 2736,0,MAIN
AK 2737,0,MAIN
AK 2738,7,MAIN
AK 2739,8,MAIN
AK 2740,8,MAIN
AK 2741,0,MAIN
AK 2742,5,MAIN
AK 2743,1,MAIN
AK 2744,6,MAIN
AK 2745,8,MAIN
AK 2746,8,MAIN
AK 2747,0,MAIN
AK 2748,0,MAIN
AK 2750,0,MAIN
AK 2751,3,MAIN
AK 2756,10,MAIN
AK 2757,10,MAIN
AK 2758,0,MAIN
AK 2759,0,MAIN
AK 2760,14,MAIN
AK 2761,12,MAIN
AK 2762,1,MAIN
AK 2763,4,MAIN
AK 2764,4,MAIN
AK 2765,0,MAIN
AK 2766,1,MAIN
AK 2767,0,MAIN
AK 2768,1,MAIN
AK 2769,1,MAIN
AK 2770,1,MAIN
AK 2771,1,MAIN
AK 2772,3,MAIN
AK 2773,3,MAIN
AK 2774,5,MAIN
AK 2775,5,MAIN
AK 2776,0,MAIN
AK 2777,4,MAIN
AK 2778,4,MAIN
AK 2779,2,MAIN
AK 2780,1,MAIN
AK 2782,2,MAIN
AK 2786,2,MAIN
AK 2788,8,MAIN
AK 2789,0,MAIN
AK 2790,2,MAIN
AK 2791,2,MAIN
AK 2792,2,MAIN
AK 2793,2,MAIN
AK 2794,0,MAIN
AK 2795,0,MAIN
AK 2796,11,MAIN
AK 2797,11,MAIN
AK 2798,12,MAIN
AK 2799,10,MAIN
AK 2800,0,MAIN
AK 2801,11,MAIN
AK 2802,11,MAIN
AK 2803,0,MAIN
AK 2804,12,MAIN
AK 2805,2,MAIN
AK 2806,2,MAIN
AK 2807,2,MAIN
AK 2808,7,MAIN
AK 2809,3,MAIN
AK 2810,0,MAIN
AK 2811,3,MAIN
AK 2812,3,MAIN
AK 2813,11,MAIN
AK 2814,11,MAIN
AK 2815,2,MAIN
AK 2816,0,MAIN
AK 2817,2,MAIN
AK 2818,1,MAIN
AK 2819,1,MAIN
AK 2820,0,MAIN
AK 2821,0,MAIN
AK 2822,0,MAIN
AK 2823,1,MAIN
AK 2824,1,MAIN
AK 2825,0,MAIN
AK 2826,2,MAIN
AK 2828,1,MAIN
AK 2829,0,MAIN
AK 2831,3,MAIN
AK 2832,0,MAIN
AK 2833,0,MAIN
AK 2834,0,MAIN
AK 2835,1,MAIN
AK 2836,0,MAIN
AK 2837,2,MAIN
AK 2839,0,MAIN
AK 2840,0,MAIN
AK 2841,2,MAIN
AK 2843,5,MAIN
AK 2844,8,MAIN
AK 2845,0,MAIN
AK 2846,5,MAIN
AK 2847,8,MAIN
AK 2848,1,MAIN
AK 2849,1,MAIN
AK 2850,1,MAIN
AK 2851,0,MAIN
AK 2852,0,MAIN
AK 2853,0,MAIN
AK 2854,2,MAIN
AK 2855,2,MAIN
AK 2856,0,MAIN
AK 2858,3,MAIN
AK 2859,0,MAIN
AK 2860,0,MAIN
AK 2861,2,MAIN
AK 2862,2,MAIN
AK 2863,0,MAIN
AK 2864,3,MAIN
AK 2865,0,MAIN
AK 2866,0,MAIN
AK 2867,0,MAIN
AK 2868,0,MAIN
AK 2869,0,MAIN
AK 2870,0,MAIN
AK 2871,0,MAIN
AK 2872,0,MAIN
AK 2873,0,MAIN
AK 2874,1,MAIN
AK 2875,5,MAIN
AK 2876,5,MAIN
AK 6291,0,MAIN
AK 6294,0,MAIN
AK 6306,0,MAIN
AK 6318,0,MAIN
AK 6319,0,MAIN
AK 6320,0,MAIN
AK 6321,0,MAIN
AK 6322,0,MAIN
AK 6323,0,MAIN
AK 6326,0,MAIN
AK 6327,0,MAIN
AK 6328,0,MAIN
AS 10009C,12,MAIN
AS 10010C,13,MAIN
AS 11913C,0,MAIN
AS 11928C,0,MAIN
AS 11933C,15,MAIN
AS 11934C,15,MAIN
AS 11935C,0,MAIN
AS 11936C,15,MAIN
AS 11937,0,MAIN
AS 11938,0,MAIN
AT 00001,0,MAIN
AT 00002,2,MAIN
AT 00003,0,MAIN
AT 00003C,0,MAIN
AT 00004,0,MAIN
AT 00004C,0,MAIN
AT 00005,2,MAIN
AT 00005C,0,MAIN
AT 00006,1,MAIN
AT 00006C,0,MAIN
AT 1000,1,MAIN
AT 1000C,0,MAIN
AT 1001C,0,MAIN
AT 1002,0,MAIN
AT 1002C,0,MAIN
AT 1003,4,MAIN
AT 1004C,15,MAIN
AT 1005C,15,MAIN
AT 1006,0,MAIN
AT 1006C,0,MAIN
AT 1007,0,MAIN
AT 1008,0,MAIN
AT 1009,0,MAIN
AT 1009C,0,MAIN
AT 1010,0,MAIN
AT 1010C,0,MAIN
AT 1011,0,MAIN
AT 1012,0,MAIN
AT 1012C,0,MAIN
AT 1013,0,MAIN
AT 1014,0,MAIN
AT 1014C,0,MAIN
AT 1015,0,MAIN
AT 1015C,0,MAIN
AT 1016,3,MAIN
AT 1016C,0,MAIN
AT 1017,0,MAIN
AT 1017C,0,MAIN
AT 1018,0,MAIN
AT 1018C,0,MAIN
AT 1019,0,MAIN
AT 1019C,0,MAIN
AT 1020,0,MAIN
AT 1020C,0,MAIN
AT 1021,0,MAIN
AT 1022,0,MAIN
AT 1023,0,MAIN
AT 1024C,15,MAIN
AT 1025,0,MAIN
AT 1025C,0,MAIN
AT 1026C,11,MAIN
AT 1027C,0,MAIN
AT 1028C,14,MAIN
AT 1030C,0,MAIN
AT 1031C,15,MAIN
AT 1032C,15,MAIN
AT 1034C,0,MAIN
AT 1035C,0,MAIN
AT 1036C,0,MAIN
AT 1037C,0,MAIN
AT 1038C,0,MAIN
AT 1040C,15,MAIN
AT 1041C,0,MAIN
AT 1042C,0,MAIN
AT 1043C,0,MAIN
AT 1044C,0,MAIN
AT 1045C,0,MAIN
AT 1046C,0,MAIN
AT 1048,3,MAIN
AT 1049,1,MAIN
AT 1049C,0,MAIN
AT 1050,1,MAIN
AT 1051,0,MAIN
AT 1052,0,MAIN
AT 1052C,0,MAIN
AT 1053,1,MAIN
AT 1053C,0,MAIN
AT 1054C,15,MAIN
AT 1056,1,MAIN
AT 1057,1,MAIN
AT 1057C,0,MAIN
AT 1058C,15,MAIN
AT 1059C,15,MAIN
AT 1060C,0,MAIN
AT 1061C,15,MAIN
AT 1062C,0,MAIN
AT 1063C,0,MAIN
AT 1064C,15,MAIN
AT 1065C,0,MAIN
AT 1067C,0,MAIN
AT 1068C,0,MAIN
AT 1069C,0,MAIN
AT 1071C,0,MAIN
AT 1072C,15,MAIN
AT 1073C,0,MAIN
AT 1075C,0,MAIN
AT 1076C,15,MAIN
AT 1077C,0,MAIN
AT 1078C,1,MAIN
AT 1079C,0,MAIN
AT 1080C,0,MAIN
AT 1081C,0,MAIN
AT 1082C,0,MAIN
AT 1083C,0,MAIN
AT 1085C,0,MAIN
AT 1086C,0,MAIN
AT 1087C,0,MAIN
AT 1088C,0,MAIN
AT 1089C,15,MAIN
AT 1090C,0,MAIN
AT 1091C,0,MAIN
AT 1092C,0,MAIN
AT 1093C,0,MAIN
AT 1094C,15,MAIN
AT 1097C,0,MAIN
AT 1098C,0,MAIN
AT 1099C,0,MAIN
AT 1100C,0,MAIN
AT 1101C,0,MAIN
AT 1102C,0,MAIN
AT 1103C,0,MAIN
AT 1105C,1,MAIN
AT 1106C,0,MAIN
AT 1107C,15,MAIN
AT 1108C,15,MAIN
AT 1109C,0,MAIN
AT 1110C,0,MAIN
AT 1111C,2,MAIN
AT 1112C,0,MAIN
AT 1113C,0,MAIN
AT 1114C,0,MAIN
AT 1115C,0,MAIN
AT 1116C,0,MAIN
AT 1117C,0,MAIN
AT 1120C,0,MAIN
AT 1121C,15,MAIN
AT 1122C,0,MAIN
AT 1123C,0,MAIN
AT 1124C,0,MAIN
AT 1125C,0,MAIN
AT 1126C,0,MAIN
AT 1127C,0,MAIN
AT 1128C,0,MAIN
AT 1129C,0,MAIN
AT 1130C,0,MAIN
AT 1131C,0,MAIN
AT 1132C,0,MAIN
AT 1133C,0,MAIN
AT 1134C,0,MAIN
AT 1135C,0,MAIN
AT 1136C,0,MAIN
AT 1137C,0,MAIN
AT 1138C,0,MAIN
AT 1139C,0,MAIN
AT 1141C,0,MAIN
AT 1142C,0,MAIN
AT 1143C,0,MAIN
AT 1144C,0,MAIN
AT 1146C,0,MAIN
AT 1147C,0,MAIN
AT 1148C,0,MAIN
AT 1149C,0,MAIN
AT 1150C,0,MAIN
AT 1151C,0,MAIN
AT 1152C,0,MAIN
AT 1153C,0,MAIN
AT 1154C,0,MAIN
AT 1156C,0,MAIN
AT 1157C,0,MAIN
AT 1158C,0,MAIN
AT 1159C,0,MAIN
AT 1160C,0,MAIN
AT 1161C,0,MAIN
AT 1162C,0,MAIN
AT 1164C,0,MAIN
AT 1165C,0,MAIN
AT 1166C,0,MAIN
AT 1167C,0,MAIN
AT 1168C,15,MAIN
AT 1169C,0,MAIN
AT 1170C,0,MAIN
AT 1171C,0,MAIN
AT 1172C,0,MAIN
AT 1173C,0,MAIN
AT 1174C,0,MAIN
AT 1175C,0,MAIN
AT 1176C,1,MAIN
AT 1177C,0,MAIN
AT 1178C,0,MAIN
AT 1179C,15,MAIN
AT 1180C,0,MAIN
AT 1181C,0,MAIN
AT 1183C,0,MAIN
AT 1187C,0,MAIN
AT 1188C,0,MAIN
AT 1191C,0,MAIN
AT 1192C,0,MAIN
AT 1193C,0,MAIN
AT 1195C,0,MAIN
AT 1201C,0,MAIN
AT 1207C,0,MAIN
AT 1208C,0,MAIN
AT 1209C,15,MAIN
AT 1214C,0,MAIN
AT 1216C,0,MAIN
AT 1217C,0,MAIN
AT 1218C,0,MAIN
AT 1219C,0,MAIN
AT 1225C,0,MAIN
AT 1242C,0,MAIN
AT 1247C,0,MAIN
AT 1262C,0,MAIN
AT 1263C,0,MAIN
AT 1279C,0,MAIN
AT 1281C,0,MAIN
AT 1282C,0,MAIN
AT 1283C,0,MAIN
AT 1293C,0,MAIN
AT 1294C,0,MAIN
AT 1295C,0,MAIN
AT 1296C,0,MAIN
AT 1305C,0,MAIN
AT 1333C,0,MAIN
AT 1334C,0,MAIN
AT 1350C,0,MAIN
AT 1357C,0,MAIN
AT 1362C,0,MAIN
AT 1363C,0,MAIN
AT 1406C,0,MAIN
AT 1642C,0,MAIN
AT 1643,0,MAIN
AT 1644,0,MAIN
BC 0001C,15,MAIN
BH 0850,0,MAIN
BH 0881,0,MAIN
BH 10003C,5,MAIN
BH 10004C,0,MAIN
BH 10012,0,MAIN
BH 100246,0,MAIN
BH 10031,0,MAIN
BH 10036C,15,MAIN
BH 10040,0,MAIN
BH 10061,0,MAIN
BH 10062,0,MAIN
BH 100685,0,MAIN
BH 1323-12V,0,MAIN
BH 1323-24V,0,MAIN
BH 1423M-12V,0,MAIN
BH 1500-12VC,6,MAIN
BH 1500-24VC,0,MAIN
BH 1501-12VC,9,MAIN
BH 1502-12VC,15,MAIN
BH 1503-12V,0,MAIN
BH 1504-12VC,1,MAIN
BH 1505-12VC,15,MAIN
BH 1506-24VC,15,MAIN
BH 1507-12VC,0,MAIN
BH 246T247B,15,MAIN
BH 2717,0,MAIN
BH 6352,0,MAIN
BH 6353,0,MAIN
BH 6355,0,MAIN
BH 6356C,15,MAIN
BH 6357C,15,MAIN
BH 6358C,0,MAIN
BH 6359,3,MAIN
BH 6360,0,MAIN
BH 6364,3,MAIN
BH 6366,0,MAIN
BH 6369,1,MAIN
BH 6370,4,MAIN
BH 6372,0,MAIN
BH 6373,0,MAIN
BH 849-1,0,MAIN
BH 849-2,0,MAIN
BK 1001,15,MAIN
BK 1002,0,MAIN
BK 1003,0,MAIN
BK 1004,15,MAIN
BK 1005,15,MAIN
BK 1006,10,MAIN
BK 1007,15,MAIN
BK 1008,2,MAIN
BK 1009,14,MAIN
BK 1010,5,MAIN
BK 1011,15,MAIN
BK 1012,15,MAIN
BK 1013,0,MAIN
BK 1014,0,MAIN
BK 1015,7,MAIN
BK 1016,0,MAIN
BK 1017,15,MAIN
BK 1018,0,MAIN
BK 1019,15,MAIN
BK 1020,15,MAIN
BK 1021,15,MAIN
BK 1024,3,MAIN
BK 1026,15,MAIN
BK 1027,5,MAIN
BK 1028,3,MAIN
BK 1030,4,MAIN
BK 1031,4,MAIN
BK 1032,14,MAIN
BK 1034,0,MAIN
BK 1036,11,MAIN
BK 1037,5,MAIN
BK 1039,15,MAIN
BK 1040,15,MAIN
BK 1041,12,MAIN
BK 1044,15,MAIN
BK 1045,0,MAIN
BK 1046,15,MAIN
BK 1047,10,MAIN
BK 1048,15,MAIN
BK 1050,15,MAIN
BK 1051,15,MAIN
BK 1053,0,MAIN
BK 1054,0,MAIN
BK 1055,14,MAIN
BK 1056,15,MAIN
BK 1057,14,MAIN
BK 1060,2,MAIN
BK 1061,15,MAIN
BK 1063,15,MAIN
BK 1064,8,MAIN
BK 1065,0,MAIN
BK 1066,15,MAIN
BK 1067,0,MAIN
BK 1069,0,MAIN
BK 1072,15,MAIN
BK 1073,15,MAIN
BK 1074,0,MAIN
BK 1075,15,MAIN
BK 1077,7,MAIN
BK 1080,15,MAIN
BK 1081,7,MAIN
BK 1082,0,MAIN
BK 1083,0,MAIN
BK 1084,12,MAIN
BK 1085,0,MAIN
BK 1086,0,MAIN
BK 1087,15,MAIN
BK 1089,12,MAIN
BK 1090,12,MAIN
BK 1091,15,MAIN
BK 1092,10,MAIN
BK 1093,15,MAIN
BK 1094,4,MAIN
BK 1095,13,MAIN
BK 1096,15,MAIN
BK 1101,9,MAIN
BK 1102,15,MAIN
BK 1103,15,MAIN
BK 1104,15,MAIN
BK 1105,12,MAIN
BK 1106,14,MAIN
BK 1107,12,MAIN
BK 1108,8,MAIN
BK 1109,6,MAIN
BK 1110,0,MAIN
BK 1111,15,MAIN
BK 1112,15,MAIN
BK 1113,15,MAIN
BK 1114,15,MAIN
BK 1115,0,MAIN
BK 1116,0,MAIN
BK 1117,3,MAIN
BK 1118,14,MAIN
BK 1119,15,MAIN
BK 1120,0,MAIN
BK 1121,4,MAIN
BK 1124,15,MAIN
BK 1125,0,MAIN
BK 1126,15,MAIN
BK 1127,9,MAIN
BK 1132,15,MAIN
BK 1134,9,MAIN
BK 1135,15,MAIN
BK 1136,12,MAIN
BK 1137,15,MAIN
BK 1138,15,MAIN
BK 1140,6,MAIN
BK 1141,15,MAIN
BK 1145,15,MAIN
BK 1146,0,MAIN
BK 1148,0,MAIN
BK 1149,0,MAIN
BK 1150,15,MAIN
BK 1151,0,MAIN
BK 1153,0,MAIN
BK 1154,0,MAIN
BK 1155,0,MAIN
BK 1157,15,MAIN
BK 1158,4,MAIN
BK 1159,15,MAIN
BK 1160,15,MAIN
BK 1162,6,MAIN
BK 1163,15,MAIN
BK 1164,4,MAIN
BK 1166,15,MAIN
BK 1169,0,MAIN
BK 1170,15,MAIN
BK 1171,3,MAIN
BK 1173,0,MAIN
BK 1174,1,MAIN
BK 1176,4,MAIN
BK 1177,4,MAIN
BK 1178,15,MAIN
BK 1179,15,MAIN
BK 1182,13,MAIN
BK 1183,1,MAIN
BK 1184,15,MAIN
BK 1185,15,MAIN
BK 1186,15,MAIN
BK 1187,15,MAIN
BK 1188,15,MAIN
BK 1189,0,MAIN
BK 1190,4,MAIN
BK 1192,15,MAIN
BK 1193,0,MAIN
BK 1194,0,MAIN
BK 1195,0,MAIN
BK 1196,12,MAIN
BK 1198,0,MAIN
BK 1199,0,MAIN
BK 1203,15,MAIN
BK 1204,0,MAIN
BK 1205,12,MAIN
BK 1207,15,MAIN
BK 1209,8,MAIN
BK 1210,0,MAIN
BK 1211,15,MAIN
BK 1212,15,MAIN
BK 1213,12,MAIN
BK 1214,0,MAIN
BK 1216,15,MAIN
BK 1218,15,MAIN
BK 1219,15,MAIN
BK 1220,15,MAIN
BK 1221,15,MAIN
BK 1223,8,MAIN
BK 1224,15,MAIN
BK 1226,8,MAIN
BK 1227,3,MAIN
BK 1228,8,MAIN
BK 1229,15,MAIN
BK 1231,3,MAIN
BK 1233,4,MAIN
BK 1234,0,MAIN
BK 1235,13,MAIN
BK 1236,15,MAIN
BK 1238,8,MAIN
BK 1239,8,MAIN
BK 1240,15,MAIN
BK 1244,15,MAIN
BK 1245,13,MAIN
BK 1246,15,MAIN
BK 1247,0,MAIN
BK 1248,0,MAIN
BK 1249,0,MAIN
BK 1250,0,MAIN
BK 1251,13,MAIN
BK 1252,15,MAIN
BK 1254,12,MAIN
BK 1255,8,MAIN
BK 1256,12,MAIN
BK 1257,0,MAIN
BK 1258,0,MAIN
BK 1260,0,MAIN
BK 1261,15,MAIN
BK 1262,0,MAIN
BK 1263,15,MAIN
BK 1265,15,MAIN
BK 1266,15,MAIN
BK 1267,15,MAIN
BK 1268,15,MAIN
BK 1269,0,MAIN
BK 1270,15,MAIN
BK 1271,15,MAIN
BK 1272,0,MAIN
BK 1273,0,MAIN
BK 1274,0,MAIN
BK 1275,9,MAIN
BK 1276,0,MAIN
BK 1277,15,MAIN
BK 1279,15,MAIN
BK 1280,15,MAIN
BK 1281,15,MAIN
BK 1282,15,MAIN
BK 1283,15,MAIN
BK 1285,12,MAIN
BK 1286,12,MAIN
BK 1287,0,MAIN
BK 1288,15,MAIN
BK 1289,0,MAIN
BK 1291,0,MAIN
BK 1293,15,MAIN
BK 1294,0,MAIN
BK 1296,15,MAIN
BK 1299,6,MAIN
BK 1301,1,MAIN
BK 1302,1,MAIN
BK 1303,4,MAIN
BK 1304,15,MAIN
BK 1305,12,MAIN
BK 1306,12,MAIN
BK 1307,15,MAIN
BK 1308,1,MAIN
BK 1309,9,MAIN
BK 1311,6,MAIN
BK 1313,4,MAIN
BK 1315,15,MAIN
BK 1316,14,MAIN
BK 1317,15,MAIN
BK 1318,12,MAIN
BK 1320,0,MAIN
BK 1321,12,MAIN
BK 1323,15,MAIN
BK 1324,15,MAIN
BK 1326,15,MAIN
BK 1327,13,MAIN
BK 1328,6,MAIN
BK 1329,15,MAIN
BK 1330,0,MAIN
BK 1331,12,MAIN
BK 1332,15,MAIN
BK 1333,15,MAIN
BK 1334,15,MAIN
BK 1335,12,MAIN
BK 1336,15,MAIN
BK 1338,9,MAIN
BK 1339,13,MAIN
BK 1341,15,MAIN
BK 1342,15,MAIN
BK 1343,15,MAIN
BK 1344,15,MAIN
BK 1346,15,MAIN
BK 1347,0,MAIN
BK 1348,15,MAIN
BK 1349,13,MAIN
BK 1351,13,MAIN
BK 1352,15,MAIN
BK 1353,12,MAIN
BK 1354,0,MAIN
BK 1356,4,MAIN
BK 1357,0,MAIN
BK 1358,0,MAIN
BK 1359,15,MAIN
BK 1360,15,MAIN
BK 1361,8,MAIN
BK 1362,15,MAIN
BK 1363,15,MAIN
BK 1364,4,MAIN
BK 1365,9,MAIN
BK 1366,15,MAIN
BK 1367,12,MAIN
BK 1368,8,MAIN
BK 1369,6,MAIN
BK 1370,15,MAIN
BK 1371,10,MAIN
BK 1372,15,MAIN
BK 1373,14,MAIN
BK 1374,15,MAIN
BK 1376,8,MAIN
BK 1378,15,MAIN
BK 1379,15,MAIN
BK 1380,14,MAIN
BK 1381,15,MAIN
BK 1382,12,MAIN
BK 1384,15,MAIN
BK 1385,12,MAIN
BK 1386,15,MAIN
BK 1387,15,MAIN
BK 1389,0,MAIN
BK 1391,0,MAIN
BK 1392,4,MAIN
BK 1393,8,MAIN
BK 1394,15,MAIN
BK 1395,0,MAIN
BK 1396,15,MAIN
BK 1398,0,MAIN
BK 1399,15,MAIN
BK 1400,15,MAIN
BK 1401,0,MAIN
BK 1402,0,MAIN
BK 1403,15,MAIN
BK 1404,6,MAIN
BK 1405,0,MAIN
BK 1406,15,MAIN
BK 1407,0,MAIN
BK 1408,0,MAIN
BK 1409,0,MAIN
BK 1410,1,MAIN
BK 1411,0,MAIN
BK 1412,15,MAIN
BK 1413,4,MAIN
BK 1414,4,MAIN
BK 1415,11,MAIN
BK 1416,15,MAIN
BK 1417,0,MAIN
BK 1418,15,MAIN
BK 1419,8,MAIN
BK 1420,8,MAIN
BK 1421,0,MAIN
BK 1423,11,MAIN
BK 1424,10,MAIN
BK 1425,10,MAIN
BK 1426,0,MAIN
BK 1427,0,MAIN
BK 1428,13,MAIN
BK 1429,0,MAIN
BK 1430,15,MAIN
BK 1431,15,MAIN
BK 1432,5,MAIN
BK 1433,15,MAIN
BK 1434,9,MAIN
BK 1435,0,MAIN
BK 1436,0,MAIN
BK 1437,15,MAIN
BK 1439,15,MAIN
BK 1440,15,MAIN
BK 1441,4,MAIN
BK 1442,15,MAIN
BK 1444,15,MAIN
BK 1448,0,MAIN
BK 1449,15,MAIN
BK 1450,0,MAIN
BK 1451,15,MAIN
BK 1456,6,MAIN
BK 1457,14,MAIN
BK 1458,0,MAIN
BK 1459,12,MAIN
BK 1460,15,MAIN
BK 1461,0,MAIN
BK 1462,0,MAIN
BK 1463,0,MAIN
BK 1464,0,MAIN
BK 1465,15,MAIN
BK 1466,15,MAIN
BK 1467,0,MAIN
BK 1468,15,MAIN
BK 1469,6,MAIN
BK 1470,15,MAIN
BK 1471,0,MAIN
BK 1472,0,MAIN
BK 1473,15,MAIN
BK 1474,0,MAIN
BK 1475,0,MAIN
BK 1477,4,MAIN
BK 1479,15,MAIN
BK 1480,0,MAIN
BK 1481,0,MAIN
BK 1482,0,MAIN
BK 1484,1,MAIN
BK 1485,15,MAIN
BK 1487,0,MAIN
BK 1488,15,MAIN
BK 1489,15,MAIN
BK 1490,4,MAIN
BK 1491,15,MAIN
BK 1492,0,MAIN
BK 1493,8,MAIN
BK 1494,15,MAIN
BK 1495,8,MAIN
BK 1496,15,MAIN
BK 1497,0,MAIN
BK 1498,15,MAIN
BK 1499,0,MAIN
BK 1500,15,MAIN
BK 1501,15,MAIN
BK 1502,9,MAIN
BK 1503,0,MAIN
BK 1504,0,MAIN
BK 1505,5,MAIN
BK 1507,6,MAIN
BK 1508,9,MAIN
BK 1510,0,MAIN
BK 1511,5,MAIN
BK 1512,6,MAIN
BK 1513,15,MAIN
BK 1514,8,MAIN
BK 1515,0,MAIN
BK 1516,0,MAIN
BK 1517,9,MAIN
BK 1518,4,MAIN
BK 1519,8,MAIN
BK 1520,0,MAIN
BK 1521,15,MAIN
BK 1522,15,MAIN
BK 1523,15,MAIN
BK 1524,12,MAIN
BK 1525,0,MAIN
BK 1526,0,MAIN
BK 1527,0,MAIN
BK 1528,15,MAIN
BK 1529,15,MAIN
BK 1530,15,MAIN
BK 1531,15,MAIN
BK 1532,0,MAIN
BK 1533,0,MAIN
BK 1534,6,MAIN
BK 1535,15,MAIN
BK 1536,15,MAIN
BK 1537,13,MAIN
BK 1538,15,MAIN
BK 1539,4,MAIN
BK 1541,10,MAIN
BK 1542,0,MAIN
BK 1543,0,MAIN
BK 1544,15,MAIN
BK 1545,15,MAIN
BK 1546,15,MAIN
BK 1547,9,MAIN
BK 1548,15,MAIN
BK 1549,0,MAIN
BK 1551,0,MAIN
BK 1552,4,MAIN
BK 1553,0,MAIN
BK 1554,3,MAIN
BK 1555,15,MAIN
BK 1556,0,MAIN
BK 1557,15,MAIN
BK 1558,11,MAIN
BK 1559,11,MAIN
BK 1560,0,MAIN
BK 1561,0,MAIN
BK 1562,15,MAIN
BK 1563,0,MAIN
BK 1564,0,MAIN
BK 1565,15,MAIN
BK 1566,15,MAIN
BK 1567,15,MAIN
BK 1568,15,MAIN
BK 1571,15,MAIN
BK 1574,15,MAIN
BK 1575,15,MAIN
BK 1576,12,MAIN
BK 1577,8,MAIN
BK 1578,0,MAIN
BK 1579,15,MAIN
BK 1580,15,MAIN
BK 1581,15,MAIN
BK 1582,15,MAIN
BK 1583,15,MAIN
BK 1585,15,MAIN
BK 1586,0,MAIN
BK 1587,0,MAIN
BK 1588,15,MAIN
BK 1589,15,MAIN
BK 1590,0,MAIN
BK 1591,10,MAIN
BK 1592,0,MAIN
BK 1593,15,MAIN
BK 1595,8,MAIN
BK 1596,2,MAIN
BK 1597,0,MAIN
BK 1599,15,MAIN
BK 1600,15,MAIN
BK 1601,15,MAIN
BK 1603,15,MAIN
BK 1604,0,MAIN
BK 1605,15,MAIN
BK 1606,0,MAIN
BK 1607,7,MAIN
BK 1609,0,MAIN
BK 1610,15,MAIN
BK 1611,15,MAIN
BK 1612,15,MAIN
BK 1613,0,MAIN
BK 1614,15,MAIN
BK 1615,0,MAIN
BK 1618,4,MAIN
BK 1619,7,MAIN
BK 1622,0,MAIN
BK 1623,2,MAIN
BK 1624,0,MAIN
BK 1625,0,MAIN
BK 1626,0,MAIN
BK 1627,15,MAIN
BK 1630,10,MAIN
BK 1631,10,MAIN
BK 1632,0,MAIN
BK 1633,0,MAIN
BK 1634,15,MAIN
BK 1635,1,MAIN
BK 1636,0,MAIN
BK 1637,2,MAIN
BK 1638,12,MAIN
BK 1639,15,MAIN
BK 1640,0,MAIN
BK 1641,15,MAIN
BK 1642,0,MAIN
BK 1643,3,MAIN
BK 1644,0,MAIN
BK 1645,15,MAIN
BK 1646,15,MAIN
BK 1647,4,MAIN
BK 1648,4,MAIN
BK 1649,0,MAIN
BK 1650,0,MAIN
BK 1651,3,MAIN
BK 1652,0,MAIN
BK 1653,6,MAIN
BK 1654,0,MAIN
BK 1655,0,MAIN
BK 1656,9,MAIN
BK 1657,0,MAIN
BK 1658,3,MAIN
BK 1659,0,MAIN
BK 1660,0,MAIN
BK 1661,7,MAIN
BK 1662,5,MAIN
BK 1663,15,MAIN
BK 1665,3,MAIN
BK 1666,15,MAIN
BK 1667,8,MAIN
BK 1668,8,MAIN
BK 1669,0,MAIN
BK 1670,2,MAIN
BK 1673,15,MAIN
BK 1674,15,MAIN
BK 1675,15,MAIN
BK 1676,15,MAIN
BK 1678,0,MAIN
BK 1679,3,MAIN
BK 1681,0,MAIN
BK 1682,0,MAIN
BK 1685,0,MAIN
BK 1686,15,MAIN
BK 1687,0,MAIN
BK 1688,12,MAIN
BK 1692,5,MAIN
BK 1693,8,MAIN
BK 1694,15,MAIN
BK 1695,15,MAIN
BK 1696,12,MAIN
BK 1697,11,MAIN
BK 1700,9,MAIN
BK 1702,10,MAIN
BK 1704,15,MAIN
BK 1705,0,MAIN
BK 1707,8,MAIN
BK 1709,0,MAIN
BK 1710,9,MAIN
BK 1711,5,MAIN
BK 1712,0,MAIN
BK 1713,0,MAIN
BK 1714,0,MAIN
BK 1716,15,MAIN
BK 1720,5,MAIN
BK 1721,8,MAIN
BK 1729,9,MAIN
BK 1730,15,MAIN
BK 1731,0,MAIN
BK 1732,0,MAIN
BK 1733,5,MAIN
BK 1734,0,MAIN
BK 1738,0,MAIN
BK 1740,0,MAIN
BK 1741,0,MAIN
BK 1742,0,MAIN
BK 1744,3,MAIN
BK 1745,3,MAIN
BK 1746,3,MAIN
BK 1747,0,MAIN
BK 1748,0,MAIN
BK 1751,0,MAIN
BK 1752,0,MAIN
BK 1753,9,MAIN
BK 1755,0,MAIN
BK 1756,12,MAIN
BK 1762,15,MAIN
BK 1763,5,MAIN
BK 1764,2,MAIN
BK 1765,2,MAIN
BK 1766,5,MAIN
BK 1767,15,MAIN
BK 1768,2,MAIN
BK 1769,1,MAIN
BK 1770,0,MAIN
BK 1771,0,MAIN
BK 1772,9,MAIN
BK 1773,15,MAIN
BK 1774,0,MAIN
BK 1775,0,MAIN
BK 1776,12,MAIN
BK 1777,0,MAIN
BK 1778,13,MAIN
BK 1779,15,MAIN
BK 1780,0,MAIN
BK 1781,1,MAIN
BK 1782,4,MAIN
BK 1783,0,MAIN
BK 1784,6,MAIN
BK 1785,15,MAIN
BK 1786,15,MAIN
BK 1792,2,MAIN
BK 1793,0,MAIN
BK 1794,1,MAIN
BK 1795,0,MAIN
BK 1796,0,MAIN
BK 1797,13,MAIN
BK 1798,2,MAIN
BK 1799,5,MAIN
BK 1800,2,MAIN
BK 1801,2,MAIN
BK 1802,15,MAIN
BK 1803,0,MAIN
BK 1804,0,MAIN
BK 1805,0,MAIN
BK 1806,0,MAIN
BK 1807,0,MAIN
BK 1808,3,MAIN
BK 1809,15,MAIN
BK 1810,11,MAIN
BK 1811,15,MAIN
BK 1812,5,MAIN
BK 1813,0,MAIN
BK 1814,15,MAIN
BK 1815,8,MAIN
BK 1816,15,MAIN
BK 1817,6,MAIN
BK 1818,0,MAIN
BK 1819,5,MAIN
BK 1820,0,MAIN
BK 1821,0,MAIN
BK 1822,5,MAIN
BK 1823,0,MAIN
BK 1824,0,MAIN
BK 1825,15,MAIN
BK 1826,2,MAIN
BK 1827,15,MAIN
BK 1828,9,MAIN
BK 1829,0,MAIN
BK 1830,15,MAIN
BK 1831,15,MAIN
BK 1832,2,MAIN
BK 1833,0,MAIN
BK 1834,0,MAIN
BK 1835,2,MAIN
BK 1836,2,MAIN
BK 1837,15,MAIN
BK 1838,1,MAIN
BK 1839,6,MAIN
BK 1840,0,MAIN
BK 1841,0,MAIN
BK 1842,15,MAIN
BK 1843,0,MAIN
BK 1844,0,MAIN
BK 1845,6,MAIN
BK 1846,0,MAIN
BK 1847,15,MAIN
BK 1848,0,MAIN
BK 1849,0,MAIN
BK 1850,0,MAIN
BK 1851,15,MAIN
BK 1852,7,MAIN
BK 1853,0,MAIN
BK 1854,0,MAIN
BK 1855,12,MAIN
BK 1856,7,MAIN
BK 1857,15,MAIN
BK 1858,0,MAIN
BK 1859,0,MAIN
BK 1860,15,MAIN
BK 1861,0,MAIN
BK 1862,3,MAIN
BK 1863,0,MAIN
BK 1864,15,MAIN
BK 1865,2,MAIN
BK 1866,5,MAIN
BK 1867,2,MAIN
BK 1868,0,MAIN
BK 1869,0,MAIN
BK 1870,0,MAIN
BK 1871,15,MAIN
BK 1872,7,MAIN
BK 1873,13,MAIN
BK 1874,1,MAIN
BK 1875,4,MAIN
BK 1876,4,MAIN
BK 1877,0,MAIN
BK 1878,0,MAIN
BK 1879,5,MAIN
BK 1880,8,MAIN
BK 1881,8,MAIN
BK 1882,6,MAIN
BK 1883,0,MAIN
BK 1884,0,MAIN
BK 1885,0,MAIN
BK 1886,12,MAIN
BK 1887,15,MAIN
BK 1888,15,MAIN
BK 1889,12,MAIN
BK 1890,7,MAIN
BK 1891,15,MAIN
BK 1892,15,MAIN
BK 1893,1,MAIN
BK 1894,0,MAIN
BK 1895,0,MAIN
BK 1896,6,MAIN
BK 1897,14,MAIN
BK 1898,0,MAIN
BK 1899,15,MAIN
BK 1900,15,MAIN
BK 1901,15,MAIN
BK 1902,0,MAIN
BK 1903,15,MAIN
BK 1904,15,MAIN
BK 1905,14,MAIN
BK 1906,15,MAIN
BK 1907,5,MAIN
BK 1908,0,MAIN
BK 1909,4,MAIN
BK 1910,13,MAIN
BK 1911,13,MAIN
BK 1912,15,MAIN
BK 1913,15,MAIN
BK 1914,15,MAIN
BK 1915,0,MAIN
BK 1916,0,MAIN
BK 1917,0,MAIN
BK 1918,15,MAIN
BK 1919,15,MAIN
BK 1920,15,MAIN
BK 1921,5,MAIN
BK 1922,7,MAIN
BK 1923,2,MAIN
BK 1924,0,MAIN
BK 1925,15,MAIN
BK 1926,13,MAIN
BK 1927,5,MAIN
BK 1928,4,MAIN
BK 1929,5,MAIN
BK 1930,0,MAIN
BK 1931,10,MAIN
BK 1932,3,MAIN
BK 1933,3,MAIN
BK 1934,6,MAIN
BK 1935,0,MAIN
BK 1936,0,MAIN
BK 1937,10,MAIN
BK 1938,3,MAIN
BK 1939,0,MAIN
BK 1940,0,MAIN
BK 1941,0,MAIN
BK 1942,0,MAIN
BK 1943,0,MAIN
BK 1944,0,MAIN
BK 1945,0,MAIN
BK 1946,0,MAIN
BK 1947,6,MAIN
BK 1948,6,MAIN
BK 1949,2,MAIN
BK 1950,0,MAIN
BK 1951,1,MAIN
BK 1952,0,MAIN
BK 1953,15,MAIN
BK 1954,0,MAIN
BK 1955,0,MAIN
BK 1956,15,MAIN
BK 1957,1,MAIN
BK 1958,11,MAIN
BK 1959,1,MAIN
BK 1960,1,MAIN
BK 1961,5,MAIN
BK 1962,5,MAIN
BK 1963,2,MAIN
BK 1964,5,MAIN
BK 1965,15,MAIN
BK 1966,0,MAIN
BK 1967,15,MAIN
BK 1968,12,MAIN
BK 1969,15,MAIN
BK 1970,0,MAIN
BK 1971,15,MAIN
BK 1972,0,MAIN
BK 1973,15,MAIN
BK 1974,0,MAIN
BK 1975,0,MAIN
BK 1976,12,MAIN
BK 1977,0,MAIN
BK 1978,15,MAIN
BK 1979,6,MAIN
BK 1980,0,MAIN
BK 1981,4,MAIN
BK 1982,4,MAIN
BK 1983,15,MAIN
BK 1984,13,MAIN
BK 1985,15,MAIN
BK 1986,15,MAIN
BK 1987,5,MAIN
BK 1988,2,MAIN
BK 1989,0,MAIN
BK 1990,15,MAIN
BK 1991,0,MAIN
BK 1992,5,MAIN
BK 1993,0,MAIN
BK 1994,14,MAIN
BK 1995,15,MAIN
BK 1996,0,MAIN
BK 1997,15,MAIN
BK 1998,8,MAIN
BK 1999,11,MAIN
BK 2000,0,MAIN
BK 2001,0,MAIN
BK 2002,0,MAIN
BK 2003,5,MAIN
BK 2004,2,MAIN
BK 2005,10,MAIN
BK 2006,2,MAIN
BK 2007,15,MAIN
BK 2008,4,MAIN
BK 2009,0,MAIN
BK 2010,5,MAIN
BK 2011,0,MAIN
BK 2012,0,MAIN
BK 2013,0,MAIN
BK 2014,15,MAIN
BK 2015,0,MAIN
BK 2016,0,MAIN
BK 2017,0,MAIN
BK 2018,0,MAIN
BK 2019,15,MAIN
BK 2020,0,MAIN
BK 2021,15,MAIN
BK 2022,0,MAIN
BK 2023,15,MAIN
BK 2024,15,MAIN
BK 2025,15,MAIN
BK 2026,7,MAIN
BK 2027,4,MAIN
BK 2028,15,MAIN
BK 2029,12,MAIN
BK 2030,5,MAIN
BK 2031,15,MAIN
BK 2032,0,MAIN
BK 2033,10,MAIN
BK 2034,0,MAIN
BK 2035,8,MAIN
BK 2036,14,MAIN
BK 2037,15,MAIN
BK 2038,0,MAIN
BK 2039,0,MAIN
BK 2040,0,MAIN
BK 2041,4,MAIN
BK 2042,0,MAIN
BK 2043,5,MAIN
BK 2044,6,MAIN
BK 2045,5,MAIN
BK 2046,1,MAIN
BK 2047,0,MAIN
BK 2048,2,MAIN
BK 2049,1,MAIN
BK 2050,0,MAIN
BK 2051,15,MAIN
BK 2052,13,MAIN
BK 2053,5,MAIN
BK 2054,15,MAIN
BK 2055,8,MAIN
BK 2056,1,MAIN
BK 2057,4,MAIN
BK 2058,0,MAIN
BK 2059,9,MAIN
BK 2060,0,MAIN
BK 2061,0,MAIN
BK 2062,4,MAIN
BK 2063,6,MAIN
BK 2064,14,MAIN
BK 2065,13,MAIN
BK 2066,3,MAIN
BK 2067,3,MAIN
BK 2068,7,MAIN
BK 2069,3,MAIN
BK 2070,15,MAIN
BK 2071,3,MAIN
BK 2072,15,MAIN
BK 2073,7,MAIN
BK 2074,5,MAIN
BK 2075,4,MAIN
BK 2076,0,MAIN
BK 2077,9,MAIN
BK 2078,0,MAIN
BK 2079,14,MAIN
BK 2080,15,MAIN
BK 2081,15,MAIN
BK 2082,0,MAIN
BK 2084,0,MAIN
BK 2087,0,MAIN
BM 00002C,15,MAIN
BM 00003C,15,MAIN
BM 00004C,15,MAIN
BM 00005C,15,MAIN
BM 00007C,15,MAIN
BM 00008C,15,MAIN
BM 00009C,15,MAIN
BM 00010C,15,MAIN
BM 00011C,15,MAIN
BM 00012C,15,MAIN
BM 00014C,0,MAIN
BM 00015C,15,MAIN
BM 00017C,2,MAIN
BM 00018,0,MAIN
BM 00020C,11,MAIN
BM 00021C,15,MAIN
BM 00022C,15,MAIN
BM 00023C,15,MAIN
BM 00024C,7,MAIN
BM 00025C,1,MAIN
BM 00026C,15,MAIN
BM 00028C,15,MAIN
BM 00029C,15,MAIN
BM 0003,0,MAIN
BM 00031C,15,MAIN
BM 00032,2,MAIN
BM 00033C,15,MAIN
BM 00034C,0,MAIN
BM 00035C,15,MAIN
BM 00039C,15,MAIN
BM 00041C,15,MAIN
BM 00043C,15,MAIN
BM 00044C,0,MAIN
BM 00045,0,MAIN
BM 00113C,15,MAIN
BM 00114C,0,MAIN
BM 00116C,15,MAIN
BM 00118C,0,MAIN
BM 00119C,15,MAIN
BM 00120C,15,MAIN
BM 00121C,15,MAIN
BM 00123C,15,MAIN
BM 00124C,15,MAIN
BM 00126C,15,MAIN
BM 00127C,15,MAIN
BM 00128C,15,MAIN
BM 00129C,15,MAIN
BM 00130C,15,MAIN
BM 00131C,15,MAIN
BM 00132C,15,MAIN
BM 00133C,15,MAIN
BM 00134C,15,MAIN
BM 00135C,15,MAIN
BM 00138C,0,MAIN
BM 00139C,15,MAIN
BM 00140C,15,MAIN
BM 00141C,0,MAIN
BM 00142C,15,MAIN
BM 00143C,15,MAIN
BM 00144C,0,MAIN
BM 00145C,15,MAIN
BM 00146C,15,MAIN
BM 00147C,15,MAIN
BM 00149C,15,MAIN
BM 00150C,15,MAIN
BM 00151C,15,MAIN
BM 00152C,15,MAIN
BM 00153C,15,MAIN
BM 00154C,15,MAIN
BM 00155C,15,MAIN
BM 00156C,0,MAIN
BM 00158C,0,MAIN
BM 00159C,15,MAIN
BM 00160C,15,MAIN
BM 00161C,15,MAIN
BM 00162C,6,MAIN
BM 00163C,15,MAIN
BM 00164C,2,MAIN
BM 00165C,15,MAIN
BM 00168C,15,MAIN
BM 00169C,15,MAIN
BM 00170C,15,MAIN
BM 00172C,15,MAIN
BM 00173C,15,MAIN
BM 00174C,15,MAIN
BM 00175C,15,MAIN
BM 00176C,15,MAIN
BM 00177C,15,MAIN
BM 00178C,15,MAIN
BM 00179C,0,MAIN
BM 00180C,15,MAIN
BM 00181C,15,MAIN
BM 00182C,15,MAIN
BM 00183C,15,MAIN
BM 00184C,15,MAIN
BM 00188C,0,MAIN
BM 00192C,15,MAIN
BM 00194C,0,MAIN
BM 00196C,0,MAIN
BM 00198C,0,MAIN
BM 00202,15,MAIN
BM 00203,15,MAIN
BM 00204C,15,MAIN
BM 00205C,0,MAIN
BM 00206C,15,MAIN
BM 00208C,15,MAIN
BM 00209C,15,MAIN
BM 00210C,15,MAIN
BM 00211C,15,MAIN
BM 00214C,15,MAIN
BM 00215C,15,MAIN
BM 00216C,15,MAIN
BM 00217C,15,MAIN
BM 00218C,0,MAIN
BM 00219C,15,MAIN
BM 00220C,15,MAIN
BM 00221C,0,MAIN
BM 00222C,15,MAIN
BM 00224,0,MAIN
BM 00225C,15,MAIN
BM 00229C,15,MAIN
BM 00230C,15,MAIN
BM 00231C,6,MAIN
BM 00232C,15,MAIN
BM 00236C,7,MAIN
BM 00237C,15,MAIN
BM 00238C,14,MAIN
BM 00239C,0,MAIN
BM 00240C,12,MAIN
BM 00241C,15,MAIN
BM 00242C,15,MAIN
BM 00244C,15,MAIN
BM 00245C,0,MAIN
BM 00247C,15,MAIN
BM 00248C,15,MAIN
BM 00249C,15,MAIN
BM 00250C,2,MAIN
BM 00251C,15,MAIN
BM 00258C,0,MAIN
BM 00259,3,MAIN
BM 00260,1,MAIN
BM 0102C,15,MAIN
BM 0105C,15,MAIN
BM 0123C,15,MAIN
BM 0125C,9,MAIN
BM 0129C,15,MAIN
BM 0131C,0,MAIN
BM 0134C,15,MAIN
BM 0136C,0,MAIN
BM 0137C,15,MAIN
BM 0140,2,MAIN
BM 0141C,15,MAIN
BM 0149C,15,MAIN
BM 0150,15,MAIN
BM 0152C,15,MAIN
BM 0205,4,MAIN
BM 0207,0,MAIN
BM 0249C,15,MAIN
BM 0256C,1,MAIN
BM 0267C,15,MAIN
BM 0271C,15,MAIN
BM 0275,2,MAIN
BM 0276C,1,MAIN
BM 0281C,15,MAIN
BM 0290C,15,MAIN
BM 0292C,0,MAIN
BM 0299C,0,MAIN
BM 0321,2,MAIN
BM 0322,5,MAIN
BM 0328,0,MAIN
BM 0332,1,MAIN
BM 0342C,6,MAIN
BM 0350,15,MAIN
BM 0351,7,MAIN
BM 0351C,15,MAIN
BM 0354,3,MAIN
BM 0356,1,MAIN
BM 0367,0,MAIN
BM 0368,2,MAIN
BM 0368C,0,MAIN
BM 0369,10,MAIN
BM 0370,6,MAIN
BM 0374,14,MAIN
BM 0380,3,MAIN
BM 0385,0,MAIN
BM 0389,0,MAIN
BM 0702MP,15,MAIN
BM 0702T,0,MAIN
BM 0704TD-24V,0,MAIN
BM 0766,0,MAIN
BM 0769,0,MAIN
BM 0777C,15,MAIN
BM 0915,0,MAIN
BM 10000,10,MAIN
BM 10001,0,MAIN
BM 10002C,15,MAIN
BM 10005,0,MAIN
BM 10006,0,MAIN
BM 10007C,15,MAIN
BM 10008C,15,MAIN
BM 10009C,15,MAIN
BM 10010C,15,MAIN
BM 10011C,15,MAIN
BM 10013C,15,MAIN
BM 10015C,6,MAIN
BM 10019C,15,MAIN
BM 10020C,15,MAIN
BM 10021C,15,MAIN
BM 10022C,15,MAIN
BM 10023C,15,MAIN
BM 10024C,15,MAIN
BM 10027C,15,MAIN
BM 10028C,15,MAIN
BM 10029C,15,MAIN
BM 10030C,15,MAIN
BM 10032C,15,MAIN
BM 10033C,15,MAIN
BM 10034C,15,MAIN
BM 10035C,15,MAIN
BM 10037C,15,MAIN
BM 10038C,15,MAIN
BM 10039C,15,MAIN
BM 10041C,15,MAIN
BM 10042,0,MAIN
BM 10044C,15,MAIN
BM 10045C,9,MAIN
BM 10046C,15,MAIN
BM 10047C,15,MAIN
BM 10048C,15,MAIN
BM 10051C,15,MAIN
BM 10052C,15,MAIN
BM 10053C,0,MAIN
BM 10054C,15,MAIN
BM 10055C,15,MAIN
BM 10056C,15,MAIN
BM 10059C,15,MAIN
BM 10060,0,MAIN
BM 10064,0,MAIN
BM 10065C,15,MAIN
BM 10066C,15,MAIN
BM 10067C,15,MAIN
BM 10068C,15,MAIN
BM 10069C,15,MAIN
BM 10071,0,MAIN
BM 10072C,15,MAIN
BM 10073C,15,MAIN
BM 10074,0,MAIN
BM 10075C,15,MAIN
BM 10076C,15,MAIN
BM 10077C,15,MAIN
BM 10078C,15,MAIN
BM 10079C,15,MAIN
BM 10080C,15,MAIN
BM 10081C,15,MAIN
BM 10082C,15,MAIN
BM 10083,1,MAIN
BM 10086C,15,MAIN
BM 10087C,15,MAIN
BM 10089C,15,MAIN
BM 10092C,15,MAIN
BM 10093C,15,MAIN
BM 10094C,1,MAIN
BM 10095C,15,MAIN
BM 10096C,15,MAIN
BM 10098C,15,MAIN
BM 10100C,15,MAIN
BM 10101C,15,MAIN
BM 10102C,15,MAIN
BM 10103C,15,MAIN
BM 10104C,0,MAIN
BM 10106C,15,MAIN
BM 10107C,15,MAIN
BM 10109C,15,MAIN
BM 10111C,15,MAIN
BM 10114C,15,MAIN
BM 10115C,15,MAIN
BM 10116C,15,MAIN
BM 10118C,15,MAIN
BM 10119C,15,MAIN
BM 10120C,15,MAIN
BM 10121C,15,MAIN
BM 10122C,15,MAIN
BM 10126C,1,MAIN
BM 10127C,15,MAIN
BM 10129C,15,MAIN
BM 10130C,0,MAIN
BM 10132C,15,MAIN
BM 10135C,15,MAIN
BM 10137C,15,MAIN
BM 10139C,15,MAIN
BM 10140C,15,MAIN
BM 10141C,15,MAIN
BM 10142C,9,MAIN
BM 10143C,15,MAIN
BM 10144,0,MAIN
BM 10145,0,MAIN
BM 10147C,15,MAIN
BM 10150C,15,MAIN
BM 10151C,3,MAIN
BM 10152C,15,MAIN
BM 10153C,15,MAIN
BM 10154C,15,MAIN
BM 10155C,15,MAIN
BM 10156C,15,MAIN
BM 10157,0,MAIN
BM 10159,3,MAIN
BM 10160,0,MAIN
BM 10162C,15,MAIN
BM 10163,10,MAIN
BM 10164C,0,MAIN
BM 10165,0,MAIN
BM 10166C,11,MAIN
BM 10167C,15,MAIN
BM 10168,0,MAIN
BM 10169C,0,MAIN
BM 10170,10,MAIN
BM 10171C,15,MAIN
BM 10176C,0,MAIN
BM 10179C,15,MAIN
BM 10186C,15,MAIN
BM 10189C,15,MAIN
BM 10192C,0,MAIN
BM 10193C,15,MAIN
BM 10194C,15,MAIN
BM 10197C,15,MAIN
BM 10198C,0,MAIN
BM 10199,4,MAIN
BM 10200,0,MAIN
BM 10202C,15,MAIN
BM 10205C,15,MAIN
BM 10206C,15,MAIN
BM 10207C,0,MAIN
BM 10209C,15,MAIN
BM 10213,0,MAIN
BM 10214C,0,MAIN
BM 10216C,15,MAIN
BM 10218C,15,MAIN
BM 10221C,15,MAIN
BM 10222C,15,MAIN
BM 10223C,15,MAIN
BM 10224C,15,MAIN
BM 10225C,15,MAIN
BM 10226,0,MAIN
BM 10227C,15,MAIN
BM 10229C,15,MAIN
BM 10231C,15,MAIN
BM 10232C,15,MAIN
BM 10233C,15,MAIN
BM 10234C,0,MAIN
BM 10235C,15,MAIN
BM 10236,0,MAIN
BM 10237C,15,MAIN
BM 10238C,15,MAIN
BM 10239,15,MAIN
BM 10239C,0,MAIN
BM 10242,0,MAIN
BM 10243,0,MAIN
BM 10244C,15,MAIN
BM 10246C,15,MAIN
BM 10247C,8,MAIN
BM 10248C,15,MAIN
BM 10249C,0,MAIN
BM 10251C,15,MAIN
BM 10252,0,MAIN
BM 10254,0,MAIN
BM 10255C,0,MAIN
BM 10257C,15,MAIN
BM 10258C,15,MAIN
BM 10259C,0,MAIN
BM 10261C,0,MAIN
BM 10263C,0,MAIN
BM 10264C,11,MAIN
BM 10265,0,MAIN
BM 10266C,15,MAIN
BM 10270C,1,MAIN
BM 10277C,15,MAIN
BM 10279C,0,MAIN
BM 10281C,0,MAIN
BM 10283C,0,MAIN
BM 10287,0,MAIN
BM 10290C,0,MAIN
BM 10298C,15,MAIN
BM 10302C,0,MAIN
BM 10305C,0,MAIN
BM 10308C,0,MAIN
BM 10311C,1,MAIN
BM 10324,1,MAIN
BM 10330C,15,MAIN
BM 10331,9,MAIN
BM 10334,0,MAIN
BM 10335,6,MAIN
BM 10336,2,MAIN
BM 10337,1,MAIN
BM 10338,0,MAIN
BM 10345,2,MAIN
BM 10346,1,MAIN
BM 10348,3,MAIN
BM 10349,6,MAIN
BM 10350,7,MAIN
BM 10351,15,MAIN
BM 10351C,11,MAIN
BM 10352,1,MAIN
BM 10430,1,MAIN
BM 10431,0,MAIN
BM 10432,0,MAIN
BM 10433,1,MAIN
BM 10496,0,MAIN
BM 1323-12V,0,MAIN
BM 1421-12V,0,MAIN
BM 1421-24V,0,MAIN
BM 1422,0,MAIN
BM 1423-24V,0,MAIN
BM 15-2411,0,MAIN
BM 1621-12V,0,MAIN
BM 2709C,15,MAIN
BM 2713C,15,MAIN
BM 2714C,15,MAIN
BM 2723,3,MAIN
BM 2724C,15,MAIN
BM 2727C,15,MAIN
BM 2728C,15,MAIN
BM 2729C,15,MAIN
BM 2730,0,MAIN
BM 2731,0,MAIN
BM 2732,0,MAIN
BM 2734C,15,MAIN
BM 2736C,15,MAIN
BM 2739C,15,MAIN
BM 3303,0,MAIN
BM 3304,0,MAIN
BM 3307C,0,MAIN
BM 3308,0,MAIN
BM 3313C,15,MAIN
BM 3317,9,MAIN
BM 3324C,15,MAIN
BM 3327,7,MAIN
BM 3340C,15,MAIN
BM 3341LL,0,MAIN
BM 3507,0,MAIN
BM 3509,0,MAIN
BM 3511,1,MAIN
BM 3515,0,MAIN
BM 3517,1,MAIN
BM 3519,0,MAIN
BM 3533C,0,MAIN
BM 3601,7,MAIN
BM 3613,8,MAIN
BM 3634,3,MAIN
BM 3693C,0,MAIN
BM 3694,0,MAIN
BM 3715C,0,MAIN
BM 3747,0,MAIN
BM 3760,0,MAIN
BM 3762,0,MAIN
BM 3767,0,MAIN
BM 3785C,15,MAIN
BM 3788C,15,MAIN
BM 3789,0,MAIN
BM 3789C,0,MAIN
BM 3795C,0,MAIN
BM 3798C,15,MAIN
BM 3799C,15,MAIN
BM 3904C,15,MAIN
BM 3914C,15,MAIN
BM 3922C,15,MAIN
BM 3929C,15,MAIN
BM 3935,0,MAIN
BM 3943C,15,MAIN
BM 3947C,0,MAIN
BM 4030C,15,MAIN
BM 4032C,15,MAIN
BM 4033C,15,MAIN
BM 4034C,15,MAIN
BM 4035C,15,MAIN
BM 4036C,15,MAIN
BM 4038C,15,MAIN
BM 4039C,15,MAIN
BM 4040C,15,MAIN
BM 4060C,15,MAIN
BM 4065C,15,MAIN
BM 4067C,15,MAIN
BM 4070C,15,MAIN
BM 4072C,15,MAIN
BM 4075C,15,MAIN
BM 4077C,15,MAIN
BM 4080C,15,MAIN
BM 4085C,15,MAIN
BM 4090C,15,MAIN
BM 4092C,15,MAIN
BM 4093C,15,MAIN
BM 4095C,15,MAIN
BM 4096C,15,MAIN
BM 4110C,15,MAIN
BM 4111C,0,MAIN
BM 4122C,15,MAIN
BM 4125C,15,MAIN
BM 4320,15,MAIN
BM 4320C,15,MAIN
BM 4350,15,MAIN
BM 4360,15,MAIN
BM 4380,0,MAIN
BM 4381-12V,0,MAIN
BM 4381-24V,0,MAIN
BM 4381BC-12V,0,MAIN
BM 4390,0,MAIN
BM 4488C,15,MAIN
BM 4590C,15,MAIN
BM 4691C,15,MAIN
BM 4701,0,MAIN
BM 4702C,15,MAIN
BM 5000022-12V,0,MAIN
BM 5000026-24V,0,MAIN
BM 5000038-12V,0,MAIN
BM 5137C,15,MAIN
BM 5166C,15,MAIN
BM 6003C,15,MAIN
BM 6006C,15,MAIN
BM 6008C,0,MAIN
BM 6009C,15,MAIN
BM 6011C,15,MAIN
BM 6012C,15,MAIN
BM 6013,0,MAIN
BM 6027,0,MAIN
BM 6029,0,MAIN
BM 9152C,15,MAIN
BM 9175C,15,MAIN
BM 9176C,15,MAIN
BM 9177C,15,MAIN
BM 9178C,15,MAIN
BM 9182C,15,MAIN
BM 9184C,15,MAIN
BM 9188C,15,MAIN
BM 9189C,15,MAIN
BM 9192C,15,MAIN
BM 9193C,15,MAIN
BM 9196C,15,MAIN
BM 9200C,15,MAIN
BM 9205C,15,MAIN
BM 9206C,10,MAIN
BM 9208C,15,MAIN
BM 9210C,15,MAIN
BM 9215C,7,MAIN
BM 9223C,15,MAIN
BM 9237C,15,MAIN
BM 9239C,15,MAIN
BM 9240C,15,MAIN
BM 9243C,15,MAIN
BM 9245C,15,MAIN
BM 9246C,15,MAIN
BM 9247C,15,MAIN
BM 9248C,15,MAIN
BM 9250C,15,MAIN
BM 9253C,14,MAIN
BM 9254C,15,MAIN
BM 9267C,15,MAIN
BM 9270C,15,MAIN
BM 9271C,0,MAIN
BM 9272C,15,MAIN
BM 9273C,11,MAIN
BM 9274C,15,MAIN
BM 9275C,15,MAIN
BM 9276C,15,MAIN
BM 9277C,15,MAIN
BM 9278C,15,MAIN
BM 9280C,15,MAIN
BM 9282C,15,MAIN
BM 9283C,15,MAIN
BM 9285C,15,MAIN
BM 9286C,15,MAIN
BM 9287C,15,MAIN
BM 9290C,15,MAIN
BM 9291C,15,MAIN
BM 9292C,15,MAIN
BM 9293C,15,MAIN
BM 9295C,15,MAIN
BM 9297C,15,MAIN
BM 9298C,15,MAIN
BM 9299C,0,MAIN
BM 9305C,15,MAIN
BM 9306C,15,MAIN
BM 9307C,0,MAIN
BM 9310C,15,MAIN
BM 9311C,15,MAIN
BM 9312C,15,MAIN
BM 9313C,15,MAIN
BM 9314C,15,MAIN
BM 9315C,15,MAIN
BM 9321C,15,MAIN
BM 9323C,0,MAIN
BM 9324C,15,MAIN
BM 9325C,15,MAIN
BM 9326C,15,MAIN
BM 9350C,15,MAIN
BM 9351C,15,MAIN
BM 9352C,15,MAIN
BM 9353C,15,MAIN
BM 9354C,15,MAIN
BM 9355C,15,MAIN
BM 9356C,15,MAIN
BM 9357C,15,MAIN
BM 9358C,15,MAIN
BM 9360C,15,MAIN
BM 9361C,15,MAIN
BM 9366C,15,MAIN
BM 9367C,1,MAIN
BM 9371C,15,MAIN
BM 9373C,15,MAIN
BM 9374C,15,MAIN
BM 9375C,15,MAIN
BM 9376C,15,MAIN
BM 9377C,15,MAIN
BM 9378C,15,MAIN
BM 9379C,15,MAIN
BM 9380C,15,MAIN
BM 9381C,15,MAIN
BM 9386C,15,MAIN
BM 9388C,15,MAIN
BM 9389C,15,MAIN
BM 9392C,15,MAIN
BM 9393C,15,MAIN
BM 9396C,15,MAIN
BM 9397C,15,MAIN
BM 9398C,15,MAIN
BM 9399C,15,MAIN
BM 9400C,15,MAIN
BM 9401C,15,MAIN
BM 9403,0,MAIN
BM 9404,0,MAIN
BM 9405,0,MAIN
BM 9406,0,MAIN
BM 9407,0,MAIN
BM 9410,0,MAIN
BM 9411,0,MAIN
BR 1001,0,MAIN
BR 1013,0,MAIN
BR 1014,0,MAIN
BR 1015,0,MAIN
BR 1017,0,MAIN
BR 1018,0,MAIN
BW 0200C,9,MAIN
BW 0500,0,MAIN
BW 0649,0,MAIN
BW 0700A,0,MAIN
BW 0701,0,MAIN
BW 0723,0,MAIN
BW 0823,0,MAIN
BW 0880,0,MAIN
BW 0894,0,MAIN
BW 0900,15,MAIN
BW 0930,0,MAIN
BW 0939,0,MAIN
BW 0940,0,MAIN
BW 0978,0,MAIN
BW 0979,0,MAIN
BW 0985,0,MAIN
BW 0986,0,MAIN
BW 10240,0,MAIN
BW 10241C,15,MAIN
BW 2091,0,MAIN
BW 2094C,0,MAIN
BW 2096,2,MAIN
BW 2097,7,MAIN
BW 2098,0,MAIN
BW 2099,0,MAIN
BW 2101,0,MAIN
BW 2102,0,MAIN
BW 2104C,15,MAIN
BW 2105C,0,MAIN
BW 2106C,15,MAIN
BW 2108,3,MAIN
BW 2109,2,MAIN
BW 2110,2,MAIN
BW 2111,1,MAIN
BW 2112,1,MAIN
BW 2114,15,MAIN
BW 2116,10,MAIN
BW 2117,0,MAIN
BW 2119,0,MAIN
BW 2120,0,MAIN
CA 0156,15,MAIN
CA 0160,0,MAIN
CA 0165-3,15,MAIN
CA 0182,15,MAIN
CA 0200,0,MAIN
CA 0210-7,0,MAIN
CA 0210-8,0,MAIN
CA 0212,15,MAIN
CA 0213,12,MAIN
CA 0214-1,15,MAIN
CA 0365,0,MAIN
CA 0500,0,MAIN
CA 0577,0,MAIN
CA 0626,0,MAIN
CA 0685,0,MAIN
CA 0692,0,MAIN
CA 0693,0,MAIN
CA 0694,0,MAIN
CA 0695,0,MAIN
CA 0696,0,MAIN
CA 0697,0,MAIN
CA 0698,0,MAIN
CA 0699,0,MAIN
CA 0743,0,MAIN
CA 0761,0,MAIN
CA 0764,0,MAIN
CA 0834,0,MAIN
CA 0836,15,MAIN
CA 0876,0,MAIN
CA 0942,15,MAIN
CA 101079,0,MAIN
CA 111416,0,MAIN
CA 1561,15,MAIN
CA 182758,0,MAIN
CA 2081,0,MAIN
CA 4455,0,MAIN
CA 4630,0,MAIN
CA 4720,0,MAIN
CA 4941,0,MAIN
CA 8862,0,MAIN
CB 0001C,15,MAIN
CB 1000C,15,MAIN
CB 1001,0,MAIN
CB 1012C,15,MAIN
CB 1013C,15,MAIN
CB 2000C,15,MAIN
CB 3010C,15,MAIN
CB 3047C,15,MAIN
CB 3048C,15,MAIN
CB 3052C,15,MAIN
CB 3245C,15,MAIN
CB 3805C,15,MAIN
CB 4005C,0,MAIN
CB 4045C,15,MAIN
CB 5000C,15,MAIN
CB 5001,0,MAIN
CB 5002,0,MAIN
CB 5003,0,MAIN
CB 5004,0,MAIN
CB 5005,0,MAIN
CB 6007,0,MAIN
CB 6008,0,MAIN
CB 8506,0,MAIN
CB 9703C,15,MAIN
CB 9720C,15,MAIN
CB 9725C,15,MAIN
CB 9730,0,MAIN
CB 9740C,15,MAIN
CB 9741C,15,MAIN
CB 9744C,15,MAIN
CB 9745,0,MAIN
CB 9746,0,MAIN
CB 9747,0,MAIN
CB 9749C,15,MAIN
CB 9750C,15,MAIN
CB 9751,0,MAIN
CB 9753C,15,MAIN
CB 9754,0,MAIN
CB 9755C,15,MAIN
CB 9756C,15,MAIN
CB 9758,0,MAIN
CC 0040Y,0,MAIN
CC 0042,0,MAIN
CC 0112,15,MAIN
CC 1000-24V,0,MAIN
CC 10003,0,MAIN
CC 10004,1,MAIN
CC 10005,0,MAIN
CC 10006,0,MAIN
CC 10007,0,MAIN
CC 10008,0,MAIN
CC 1000R,0,MAIN
CC 10010,0,MAIN
CC 10011,0,MAIN
CC 10685RD,0,MAIN
CC 1100-24VC,15,MAIN
CC 1100C,15,MAIN
CC 1101C,0,MAIN
CC 1102C,0,MAIN
CC 1103C,0,MAIN
CC 1104C,0,MAIN
CC 1105C,0,MAIN
CC 1106C,0,MAIN
CC 1107C,0,MAIN
CC 1108,0,MAIN
CC 1109C,15,MAIN
CC 1110,0,MAIN
CC 1111C,0,MAIN
CC 1112C,0,MAIN
CC 1113C,0,MAIN
CC 1115,0,MAIN
CC 1116,0,MAIN
CC 1117,0,MAIN
CC 1206S,0,MAIN
CC 1500C,15,MAIN
CC 1600C,15,MAIN
CC 1601C,0,MAIN
CC 1700C,15,MAIN
CC 1800C,15,MAIN
CC 1801,0,MAIN
CC 1802,0,MAIN
CC 2000C,0,MAIN
CC 2002,0,MAIN
CC 2004,0,MAIN
CC 2005,0,MAIN
CC 2006C,0,MAIN
CC 2007C,0,MAIN
CC 2009,0,MAIN
CC 2010,0,MAIN
CC 2012,0,MAIN
CC 2014,0,MAIN
CC 20145C,0,MAIN
CC 2017,0,MAIN
CC 2020C,15,MAIN
CC 2021,0,MAIN
CC 2022C,15,MAIN
CC 2025,0,MAIN
CC 2026,0,MAIN
CC 2027C,15,MAIN
CC 2028C,0,MAIN
CC 2029C,0,MAIN
CC 28003Y,0,MAIN
CC 366AC,0,MAIN
CC 3700,0,MAIN
CC 401AC,0,MAIN
CC 4318C,0,MAIN
CC 4434S,0,MAIN
CC 4506S,0,MAIN
CC 4514C,0,MAIN
CC 4605S,0,MAIN
CC 4653S,0,MAIN
CC 4691S,0,MAIN
CC 4696C,15,MAIN
CC 4717C,0,MAIN
CC 4815S,0,MAIN
CC 4852S,0,MAIN
CC 4896Y,0,MAIN
CC 5050,0,MAIN
CC 5057,0,MAIN
CC 519C,0,MAIN
CC 5709S,0,MAIN
CC 5790,0,MAIN
CC 6240,0,MAIN
CC 6300,0,MAIN
CC 6346S,0,MAIN
CC 6347,0,MAIN
CC 6348,0,MAIN
CC 6349,0,MAIN
CC 6350C,15,MAIN
CC 6351,0,MAIN
CC 6353,0,MAIN
CC 6354,0,MAIN
CC 6355C,15,MAIN
CC 6356,0,MAIN
CC 6357,0,MAIN
CC 6358,0,MAIN
CC 6359,0,MAIN
CC 7702,0,MAIN
CC 7836RD,0,MAIN
CC 7838RD,0,MAIN
CC 8052,0,MAIN
CC 8104C,0,MAIN
CC 8255RE,0,MAIN
CC 8256,0,MAIN
CC 8257RE,0,MAIN
CC 9721,0,MAIN
CC 9725C,15,MAIN
CC 9729C,15,MAIN
CC 9729V,15,MAIN
CC 9731,0,MAIN
CC 9731V,0,MAIN
CC 9732,0,MAIN
CC 9732V,0,MAIN
CC 9733,0,MAIN
CC 9734,0,MAIN
CC 9734V,0,MAIN
CC 9750,0,MAIN
CC 9750IS-24V,0,MAIN
CC 9750V,0,MAIN
CC 9751C,15,MAIN
CC 9752C,15,MAIN
CC 9753C,15,MAIN
CC 9850R,0,MAIN
CC 9860R,0,MAIN
CC 9865,9,MAIN
CC 9870,0,MAIN
CC 9875RY,0,MAIN
CC 9876RY,0,MAIN
CC 9877RY,0,MAIN
CC 9879Y,0,MAIN
CC 9881-24V,0,MAIN
CC 9967C,15,MAIN
CC 9968C,15,MAIN
CC 9969C,15,MAIN
CC 9999C,15,MAIN
CF 0008C,15,MAIN
CF 0008MP-12V,15,MAIN
CF 0009C,15,MAIN
CF 0009MP,15,MAIN
CF 0009T,0,MAIN
CF 0009T-24V,15,MAIN
CF 0009TDS-12V,0,MAIN
CF 0010C,15,MAIN
CF 0010MP,15,MAIN
CF 0010MP-24V,15,MAIN
CF 0010MPS,15,MAIN
CF 0010MPS-24V,15,MAIN
CF 0010T,15,MAIN
CF 0010T-24V,0,MAIN
CF 0011C,15,MAIN
CF 0011MP,15,MAIN
CF 0011MP-24V,15,MAIN
CF 0011MP-HP-12V,15,MAIN
CF 0011MP-HP-24V,15,MAIN
CF 0011MP-HPL-12V,0,MAIN
CF 0011MP-HPL-24V,0,MAIN
CF 0011TBS3004,0,MAIN
CF 0012C,15,MAIN
CF 0012MP,15,MAIN
CF 0012MP-24V,15,MAIN
CF 0012MP-HP-12V,15,MAIN
CF 0012MP-HP-24V,15,MAIN
CF 0012MP-HPL-12V,0,MAIN
CF 0012MP-HPL-24V,0,MAIN
CF 0012MP-HPL-24VC,0,MAIN
CF 0012MPS,15,MAIN
CF 0012MPS-24V,15,MAIN
CF 0012T-24V,0,MAIN
CF 0012TC,15,MAIN
CF 0012TDHP-12V,0,MAIN
CF 0012TDHP-24V,0,MAIN
CF 0013T-24V,0,MAIN
CF 0014C,15,MAIN
CF 0014MP,15,MAIN
CF 0014MP-24V,15,MAIN
CF 0014MPS,0,MAIN
CF 0014MPS-24V,15,MAIN
CF 0014SC,15,MAIN
CF 0014TD-12V,0,MAIN
CF 0014TD-24V,0,MAIN
CF 0014TDS-12V,0,MAIN
CF 0016MP,15,MAIN
CF 0016MP-24V,15,MAIN
CF 0016MPS,15,MAIN
CF 0016SC,9,MAIN
CF 0016T-225,0,MAIN
CF 0016T-24V,0,MAIN
CF 0016TD-12V,0,MAIN
CF 0016TD-24V,0,MAIN
CF 0017T,0,MAIN
CF 0018,0,MAIN
CF 10000-24,0,MAIN
CF 10002,0,MAIN
CF 10003,0,MAIN
CF 10004,0,MAIN
CF 10006,0,MAIN
CF 10008MPS,0,MAIN
CF 10009C,0,MAIN
CF 1000TD-12V,0,MAIN
CF 1000TD-24V,0,MAIN
CF 10010C,15,MAIN
CF 10013,15,MAIN
CF 10014,12,MAIN
CF 10015C,15,MAIN
CF 10016,3,MAIN
CF 10017,3,MAIN
CF 10019,1,MAIN
CF 10021,1,MAIN
CF 10022,0,MAIN
CF 10023,1,MAIN
CF 10024,1,MAIN
CF 10025,0,MAIN
CF 10026,2,MAIN
CF 10027,6,MAIN
CF 10028,0,MAIN
CF 10030,5,MAIN
CF 10031,1,MAIN
CF 10037,0,MAIN
CF 10038,0,MAIN
CF 10039-12V,0,MAIN
CF 10044,0,MAIN
CF 10A2004-12V,0,MAIN
CF 10S2002-12V,0,MAIN
CF 1100T-24V,0,MAIN
CF 1100TD-12V,0,MAIN
CF 1100TD-24V,0,MAIN
CF 1100TDHP-12V,0,MAIN
CF 1100TDHP-24V,0,MAIN
CF 1112,0,MAIN
CF 11A3004-12V,0,MAIN
CF 11S3002-12V,0,MAIN
CF 1200T,0,MAIN
CF 1200TD-12V,0,MAIN
CF 1200TD-24V,0,MAIN
CF 1200TDHP-12V,0,MAIN
CF 1200TDHP-24V,0,MAIN
CF 1201TD-12V,0,MAIN
CF 1600T-150,0,MAIN
CF 2004,0,MAIN
CF 2005,0,MAIN
CF 2006,0,MAIN
CF 2007,0,MAIN
CF 2013,0,MAIN
CF 51013,1,MAIN
CF 8501,0,MAIN
CF 8502,0,MAIN
CF 9050,0,MAIN
CH 10000,0,MAIN
CH 10001,0,MAIN
CH 10003,0,MAIN
CH 10004O,0,MAIN
CH 10005,0,MAIN
CH 1001C,15,MAIN
CH 1002,0,MAIN
CH 1003C,0,MAIN
CH 1005,0,MAIN
CH 1006C,15,MAIN
CH 1007,0,MAIN
CH 1008,0,MAIN
CH 1009,0,MAIN
CH 188-21182Y,0,MAIN
CH 188-21186S,0,MAIN
CH 2000C,0,MAIN
CH 2002C,15,MAIN
CH 2050,0,MAIN
CH 2100,0,MAIN
CH 4000C,15,MAIN
CH 42021,0,MAIN
CH 4305C,0,MAIN
CH 4418,0,MAIN
CH 4424,0,MAIN
CH 4500,0,MAIN
CH 4625,0,MAIN
CH 4696C,10,MAIN
CH 4731C,0,MAIN
CH 4815C,0,MAIN
CH 4818C,7,MAIN
CH 4854RY,0,MAIN
CH 488-16314Y,0,MAIN
CH 488-16346RY,0,MAIN
CH 5000C,15,MAIN
CH 5001C,15,MAIN
CH 5002C,15,MAIN
CH 5003C,15,MAIN
CH 5050C,0,MAIN
CH 5100C,0,MAIN
CH 5500,0,MAIN
CH 5550,0,MAIN
CH 5600,0,MAIN
CH 5601C,15,MAIN
CH 5603C,15,MAIN
CH 5604C,0,MAIN
CH 5606,0,MAIN
CH 5608,0,MAIN
CH 5610C,0,MAIN
CH 5611,1,MAIN
CH 5613C,0,MAIN
CH 5614C,0,MAIN
CH 5615C,0,MAIN
CH 5616,0,MAIN
CH 5617,0,MAIN
CH 5618,0,MAIN
CH 5618S,0,MAIN
CH 5619C,0,MAIN
CH 5620C,0,MAIN
CH 5622,0,MAIN
CH 5624,0,MAIN
CH 5625,0,MAIN
CH 5900,0,MAIN
CH 7227,0,MAIN
CH 9630,0,MAIN
CK 1000,4,MAIN
CK 1001,4,MAIN
CK 1002,5,MAIN
CK 1003,4,MAIN
CK 1004,5,MAIN
CK 1005,5,MAIN
CK 1006,2,MAIN
CK 1007,2,MAIN
CK 1008B,0,MAIN
CK 1009,15,MAIN
CK 1010,13,MAIN
CK 1011,8,MAIN
CK 1012,15,MAIN
CK 1013,14,MAIN
CK 1014,15,MAIN
CK 1015,0,MAIN
CK 1016,0,MAIN
CK 1017,0,MAIN
CK 1018,0,MAIN
CK 1019,0,MAIN
CK 1020,15,MAIN
CK 1021,0,MAIN
CK 1022,6,MAIN
CK 1023,15,MAIN
CK 1024,4,MAIN
CK 1026,14,MAIN
CK 1027,9,MAIN
CK 1029,5,MAIN
CK 1030,4,MAIN
CK 1031,10,MAIN
CK 1032,7,MAIN
CK 1034,6,MAIN
CK 1035,5,MAIN
CK 1036,15,MAIN
CK 1037,4,MAIN
CK 1038,12,MAIN
CK 1039,5,MAIN
CK 1040,4,MAIN
CK 1041,12,MAIN
CK 1042,5,MAIN
CK 1043,3,MAIN
CK 1044,4,MAIN
CK 1045,0,MAIN
CK 1046,3,MAIN
CK 1047,13,MAIN
CK 1048,6,MAIN
CK 1049,11,MAIN
CK 1050,0,MAIN
CK 1051,8,MAIN
CK 1052,8,MAIN
CK 1053,8,MAIN
CK 1054,15,MAIN
CK 1055,9,MAIN
CK 1056,13,MAIN
CK 1057,1,MAIN
CK 1058,10,MAIN
CK 1059,15,MAIN
CK 1060,0,MAIN
CK 1061,11,MAIN
CK 1062,6,MAIN
CK 1063,3,MAIN
CK 1064,15,MAIN
CK 1065,12,MAIN
CK 1066,15,MAIN
CK 1067,12,MAIN
CK 1068,0,MAIN
CK 1069,0,MAIN
CK 1070,13,MAIN
CK 1071,15,MAIN
CK 1072,3,MAIN
CK 1073,12,MAIN
CK 1076,5,MAIN
CK 1077,3,MAIN
CK 1078,2,MAIN
CK 1079,0,MAIN
CK 1080,3,MAIN
CK 1081,6,MAIN
CK 1083,8,MAIN
CK 1084,15,MAIN
CK 1085,0,MAIN
CK 1086A,8,MAIN
CK 1088,8,MAIN
CK 1089,6,MAIN
CK 1091,0,MAIN
CK 1091B,0,MAIN
CK 1092,5,MAIN
CK 1093,10,MAIN
CK 1094,4,MAIN
CK 1095,4,MAIN
CK 1096,4,MAIN
CK 1097B,9,MAIN
CK 1098,4,MAIN
CK 1099,15,MAIN
CK 1100,2,MAIN
CK 1102,2,MAIN
CK 1103,11,MAIN
CK 1105,5,MAIN
CK 1106,12,MAIN
CK 1107,8,MAIN
CK 1108,15,MAIN
CK 1109,6,MAIN
CK 1110,2,MAIN
CK 1111,0,MAIN
CK 1112,1,MAIN
CK 1113,0,MAIN
CK 1115,1,MAIN
CK 1117,1,MAIN
CK 1118,9,MAIN
CK 1119,12,MAIN
CK 1121,1,MAIN
CK 1122,7,MAIN
CK 1123,3,MAIN
CK 1124,3,MAIN
CK 1125,15,MAIN
CK 1126,5,MAIN
CK 1127,5,MAIN
CK 1128,3,MAIN
CK 1132,15,MAIN
CK 1134,2,MAIN
CK 1136,8,MAIN
CK 1137,8,MAIN
CK 1138,4,MAIN
CK 1139,12,MAIN
CK 1140,5,MAIN
CK 1141,7,MAIN
CK 1142,0,MAIN
CK 1143,0,MAIN
CK 1144,0,MAIN
CK 1145,0,MAIN
CK 1146,0,MAIN
CK 1147,0,MAIN
CK 1148,0,MAIN
CK 1151,1,MAIN
CK 1152,4,MAIN
CK 1153,4,MAIN
CK 1154,3,MAIN
CK 1155,3,MAIN
CK 1157,2,MAIN
CK 1159,1,MAIN
CK 1160,5,MAIN
CK 1163,4,MAIN
CK 1165,4,MAIN
CK 1176,3,MAIN
CK 1178,15,MAIN
CK 1184,4,MAIN
CK 1185,2,MAIN
CK 1186,2,MAIN
CK 1187,4,MAIN
CK 1188,2,MAIN
CK 1190,0,MAIN
CK 1193,15,MAIN
CK 1194,2,MAIN
CK 1195,2,MAIN
CK 1196,15,MAIN
CK 1197,0,MAIN
CK 1198B,15,MAIN
CK 1199,15,MAIN
CK 1200,0,MAIN
CK 1201,2,MAIN
CK 1204,15,MAIN
CK 1205,1,MAIN
CK 1206,7,MAIN
CK 1207,9,MAIN
CK 1208,10,MAIN
CK 1209,15,MAIN
CK 1210,15,MAIN
CK 1213,1,MAIN
CK 1214,1,MAIN
CK 1217,1,MAIN
CK 1220,3,MAIN
CK 1221,1,MAIN
CK 1222,3,MAIN
CK 1223,1,MAIN
CK 1224,1,MAIN
CK 1225,1,MAIN
CK 1229,1,MAIN
CK 1230,0,MAIN
CK 1231,3,MAIN
CK 1232,3,MAIN
CK 1233,1,MAIN
CK 1236,15,MAIN
CK 1238,2,MAIN
CK 1239,0,MAIN
CK 1242,1,MAIN
CK 1245,2,MAIN
CK 1248,2,MAIN
CK 1249,2,MAIN
CK 1250,2,MAIN
CK 1251,1,MAIN
CK 1252,1,MAIN
CK 1253,0,MAIN
CK 1254,4,MAIN
CK 1256,4,MAIN
CK 1259,4,MAIN
CK 1260,2,MAIN
CK 1261,15,MAIN
CK 1262,10,MAIN
CK 1263,4,MAIN
CK 1264,2,MAIN
CK 1265,2,MAIN
CK 1266,0,MAIN
CK 1267,0,MAIN
CK 1268,8,MAIN
CK 1270,2,MAIN
CK 1271,13,MAIN
CK 1272,10,MAIN
CK 1273,0,MAIN
CK 1274,15,MAIN
CK 1275,3,MAIN
CK 1276,3,MAIN
CK 1277,0,MAIN
CK 1278,2,MAIN
CK 1279,6,MAIN
CK 1280,2,MAIN
CK 1281,2,MAIN
CK 1282,2,MAIN
CK 1283,2,MAIN
CK 1284,10,MAIN
CK 1285,0,MAIN
CK 1287,2,MAIN
CK 1289,8,MAIN
CK 1291,1,MAIN
CK 1292,12,MAIN
CK 1293,4,MAIN
CK 1294,15,MAIN
CK 1295,11,MAIN
CK 1296,4,MAIN
CK 1297,2,MAIN
CK 1298,12,MAIN
CK 1299,0,MAIN
CK 1301,15,MAIN
CK 1302,0,MAIN
CK 1303,0,MAIN
CK 1304,7,MAIN
CK 1305,0,MAIN
CK 1306,3,MAIN
CK 1307,3,MAIN
CK 1308,0,MAIN
CK 1308B,5,MAIN
CK 1309,3,MAIN
CK 1312,7,MAIN
CK 1313,7,MAIN
CK 1314,15,MAIN
CK 1315,7,MAIN
CK 1316,5,MAIN
CK 1317,4,MAIN
CK 1319,8,MAIN
CK 1320,8,MAIN
CK 1321,1,MAIN
CK 1322,2,MAIN
CK 1323,4,MAIN
CK 1324,11,MAIN
CK 1325,7,MAIN
CK 1326,1,MAIN
CK 1327,5,MAIN
CK 1328,1,MAIN
CK 1329,5,MAIN
CK 1330,5,MAIN
CK 1332,5,MAIN
CK 1333,4,MAIN
CK 1334,3,MAIN
CK 1336,1,MAIN
CK 1337,1,MAIN
CK 1338,1,MAIN
CK 1339,5,MAIN
CK 1340,6,MAIN
CK 1342,4,MAIN
CK 1345,15,MAIN
CK 1346,15,MAIN
CK 1347,15,MAIN
CK 1349,12,MAIN
CK 1350,2,MAIN
CK 1351,2,MAIN
CK 1352,8,MAIN
CK 1353,7,MAIN
CK 1354,8,MAIN
CK 1356,15,MAIN
CK 1359,2,MAIN
CK 1360,12,MAIN
CK 1361,2,MAIN
CK 1362,2,MAIN
CK 1364,9,MAIN
CK 1365,9,MAIN
CK 1365A,7,MAIN
CK 1366,0,MAIN
CK 1367,1,MAIN
CK 1368,3,MAIN
CK 1369,4,MAIN
CK 1370,3,MAIN
CK 1371,12,MAIN
CK 1372,1,MAIN
CK 1373,2,MAIN
CK 1375,0,MAIN
CK 1377,1,MAIN
CK 1378,0,MAIN
CK 1383,4,MAIN
CK 1384,0,MAIN
CK 1385,15,MAIN
CK 1386,15,MAIN
CK 1387,15,MAIN
CK 1389,15,MAIN
CK 1390,15,MAIN
CK 1391,0,MAIN
CK 1392,0,MAIN
CK 1394,9,MAIN
CK 1395,0,MAIN
CK 1397,13,MAIN
CK 1398,4,MAIN
CK 1400,15,MAIN
CK 1401,9,MAIN
CK 1402,13,MAIN
CK 1404,15,MAIN
CK 1405,6,MAIN
CK 1406,0,MAIN
CK 1407,0,MAIN
CK 1408,0,MAIN
CK 1409,15,MAIN
CK 1411,12,MAIN
CK 1412,6,MAIN
CK 1413,4,MAIN
CK 1414,6,MAIN
CK 1415,8,MAIN
CK 1416,15,MAIN
CK 1418,6,MAIN
CK 1419,6,MAIN
CK 1420,7,MAIN
CK 1421,4,MAIN
CK 1422,0,MAIN
CK 1423,2,MAIN
CK 1424,0,MAIN
CK 1428,4,MAIN
CK 1429,0,MAIN
CK 1430,8,MAIN
CK 1431,0,MAIN
CK 1434,2,MAIN
CK 1435,15,MAIN
CK 1437,15,MAIN
CK 1438,3,MAIN
CK 1439,15,MAIN
CK 1440,0,MAIN
CK 1442,15,MAIN
CK 1443,0,MAIN
CK 1444,15,MAIN
CK 1445,0,MAIN
CK 1447,4,MAIN
CK 1448,0,MAIN
CK 1449,0,MAIN
CK 1450,6,MAIN
CK 1451,2,MAIN
CK 1452,15,MAIN
CK 1454,15,MAIN
CK 1455,4,MAIN
CK 1456,1,MAIN
CK 1457,15,MAIN
CK 1458,1,MAIN
CK 1463,1,MAIN
CK 1464,1,MAIN
CK 1465,1,MAIN
CK 1467,1,MAIN
CK 1469,0,MAIN
CK 1470,1,MAIN
CK 1471,1,MAIN
CK 1472,1,MAIN
CK 1474,1,MAIN
CK 1476,1,MAIN
CK 1478,4,MAIN
CK 1482,2,MAIN
CK 1483,0,MAIN
CK 1485,6,MAIN
CK 1486,0,MAIN
CK 1488,2,MAIN
CK 1489,2,MAIN
CK 1491,3,MAIN
CK 1493,3,MAIN
CK 1495,3,MAIN
CK 1502,0,MAIN
CK 1505,3,MAIN
CK 1506,3,MAIN
CK 1508,0,MAIN
CK 1510,3,MAIN
CK 1511,0,MAIN
CK 1514,0,MAIN
CK 1515,2,MAIN
CK 1518,5,MAIN
CK 1521,15,MAIN
CK 1523,15,MAIN
CK 1526,3,MAIN
CK 1529,6,MAIN
CK 1531,0,MAIN
CK 1532,0,MAIN
CK 1534,0,MAIN
CK 1535,0,MAIN
CK 1536,0,MAIN
CK 1537,0,MAIN
CK 1538,0,MAIN
CK 1540,0,MAIN
CK 1544,1,MAIN
CK 1545,1,MAIN
CK 1548,0,MAIN
CK 1549,2,MAIN
CK 1550,2,MAIN
CK 1553,0,MAIN
CK 1554,0,MAIN
CK 1555,4,MAIN
CK 1556,1,MAIN
CK 1557,5,MAIN
CK 1558,5,MAIN
CK 1559,3,MAIN
CK 1560,1,MAIN
CK 1563,1,MAIN
CK 1566,0,MAIN
CK 1567,0,MAIN
CK 1569,5,MAIN
CK 1571,0,MAIN
CK 1572,0,MAIN
CK 1573,3,MAIN
CK 1574,5,MAIN
CK 1576,15,MAIN
CK 1577,15,MAIN
CK 1578,0,MAIN
CK 1579,15,MAIN
CK 1580,15,MAIN
CK 1581,0,MAIN
CK 1582,8,MAIN
CK 1583,0,MAIN
CK 1584,8,MAIN
CK 1585,6,MAIN
CK 1587,0,MAIN
CK 1588,11,MAIN
CK 1590,9,MAIN
CK 1591,1,MAIN
CK 1593,0,MAIN
CK 1594,1,MAIN
CK 1597,5,MAIN
CK 1598,5,MAIN
CK 1600,6,MAIN
CK 1602,6,MAIN
CK 1605,6,MAIN
CK 1606,6,MAIN
CK 1610,15,MAIN
CK 1611,0,MAIN
CK 1617,4,MAIN
CK 1618,4,MAIN
CK 1619,15,MAIN
CK 1620,12,MAIN
CK 1621,15,MAIN
CK 1622,0,MAIN
CK 1624,0,MAIN
CK 1625,0,MAIN
CK 1628,0,MAIN
CK 1629,0,MAIN
CK 1631,0,MAIN
CK 1632,0,MAIN
CK 1634,0,MAIN
CK 1636,5,MAIN
CK 1637,5,MAIN
CK 1638,2,MAIN
CK 1639,0,MAIN
CK 1640,0,MAIN
CK 1641,0,MAIN
CK 1642,0,MAIN
CK 1643,0,MAIN
CK 1644,0,MAIN
CK 1646,2,MAIN
CK 1648,0,MAIN
CK 1649,2,MAIN
CK 1650,2,MAIN
CK 1655,2,MAIN
CK 1656,2,MAIN
CK 1657,2,MAIN
CK 1659,0,MAIN
CK 1661,0,MAIN
CK 1663,0,MAIN
CK 1664,3,MAIN
CK 1665,8,MAIN
CK 1667,15,MAIN
CK 1668,15,MAIN
CK 1669,0,MAIN
CK 1670,0,MAIN
CK 1671,0,MAIN
CK 1677,0,MAIN
CK 1678,0,MAIN
CK 1681,0,MAIN
CK 1686,11,MAIN
CK 1687,4,MAIN
CK 1688,15,MAIN
CK 1691,4,MAIN
CK 1692,0,MAIN
CK 1693,4,MAIN
CK 1695,4,MAIN
CK 1698,4,MAIN
CK 1699,0,MAIN
CK 1700,1,MAIN
CK 1701,1,MAIN
CK 1702,1,MAIN
CK 1703,0,MAIN
CK 1704,0,MAIN
CK 1706,3,MAIN
CK 1707,3,MAIN
CK 1709,1,MAIN
CK 1711,15,MAIN
CK 1712,15,MAIN
CK 1714,15,MAIN
CK 1715,0,MAIN
CK 1717,15,MAIN
CK 1718,9,MAIN
CK 1719,14,MAIN
CK 1720,9,MAIN
CK 1722,9,MAIN
CK 1723,15,MAIN
CK 1724,3,MAIN
CK 1725,10,MAIN
CK 1726,6,MAIN
CK 1727,15,MAIN
CK 1728,2,MAIN
CK 1733,8,MAIN
CK 1734,1,MAIN
CK 1738,0,MAIN
CK 1744,15,MAIN
CK 1746,2,MAIN
CK 1747,2,MAIN
CK 1750,3,MAIN
CK 1751,10,MAIN
CK 1752,1,MAIN
CK 1754,0,MAIN
CK 1755,0,MAIN
CK 1757,1,MAIN
CK 1758,0,MAIN
CK 1759,0,MAIN
CK 1760,1,MAIN
CK 1761,1,MAIN
CK 1762,0,MAIN
CK 1764,1,MAIN
CK 1765,0,MAIN
CK 1766,0,MAIN
CK 1767,1,MAIN
CK 1768,0,MAIN
CK 1769,1,MAIN
CK 1770,1,MAIN
CK 1772,5,MAIN
CK 1773,5,MAIN
CK 1774,2,MAIN
CK 1775,5,MAIN
CK 1777,5,MAIN
CK 1782,3,MAIN
CK 1784,5,MAIN
CK 1786,5,MAIN
CK 1787,1,MAIN
CK 1788,1,MAIN
CK 1791,1,MAIN
CK 1793,1,MAIN
CK 1795,1,MAIN
CK 1796,1,MAIN
CK 1797,1,MAIN
CK 1798,0,MAIN
CK 1801,1,MAIN
CK 1802,1,MAIN
CK 1818,4,MAIN
CK 1819,4,MAIN
CK 1820,5,MAIN
CK 1821,0,MAIN
CK 1822,15,MAIN
CK 1823,6,MAIN
CK 1824,1,MAIN
CK 1825,1,MAIN
CK 1826,2,MAIN
CK 1827,2,MAIN
CK 1828,8,MAIN
CK 1830,0,MAIN
CK 1831,0,MAIN
CK 1832,7,MAIN
CK 1833,2,MAIN
CK 1835,6,MAIN
CK 1836,0,MAIN
CK 1839,8,MAIN
CK 1841,12,MAIN
CK 1846,10,MAIN
CK 1847,10,MAIN
CK 1848,0,MAIN
CK 1849,9,MAIN
CK 1850,4,MAIN
CK 1851,4,MAIN
CK 1852,10,MAIN
CK 1854,0,MAIN
CK 1856,3,MAIN
CK 1857,6,MAIN
CK 1858,3,MAIN
CK 1865,1,MAIN
CK 1866,0,MAIN
CK 1868,2,MAIN
CK 1869,2,MAIN
CK 1870,1,MAIN
CK 1873,0,MAIN
CK 1874,0,MAIN
CK 1879,0,MAIN
CK 1881,0,MAIN
CK 1882,0,MAIN
CK 1883,0,MAIN
CK 1900,7,MAIN
CK 1901,15,MAIN
CK 1902,15,MAIN
CK 1910,4,MAIN
CK 1920,0,MAIN
CK 1922,8,MAIN
CK 1923,8,MAIN
CK 1924,8,MAIN
CK 1926,8,MAIN
CK 1928,13,MAIN
CK 1929,14,MAIN
CK 1932,1,MAIN
CK 1935,1,MAIN
CK 1939,13,MAIN
CK 1941,0,MAIN
CK 1942,7,MAIN
CK 1944,7,MAIN
CK 1947,7,MAIN
CK 1949,6,MAIN
CK 1950,12,MAIN
CK 1951,5,MAIN
CK 1952,1,MAIN
CK 1953,15,MAIN
CK 1954,15,MAIN
CK 1956,1,MAIN
CK 1957,0,MAIN
CK 1958,0,MAIN
CK 1959,0,MAIN
CK 1960,1,MAIN
CK 1962,12,MAIN
CK 1964,8,MAIN
CK 1967,12,MAIN
CK 1969,0,MAIN
CK 1972,8,MAIN
CK 1973,3,MAIN
CK 1974,8,MAIN
CK 1975,15,MAIN
CK 1976,0,MAIN
CK 1978,6,MAIN
CK 1979,8,MAIN
CK 1980,8,MAIN
CK 1981,5,MAIN
CK 1982,8,MAIN
CK 1984,7,MAIN
CK 1985,7,MAIN
CK 1986,7,MAIN
CK 1987,7,MAIN
CK 1993,3,MAIN
CK 2000,3,MAIN
CK 2001,4,MAIN
CK 2002,3,MAIN
CK 2005,3,MAIN
CK 2006,4,MAIN
CK 2007,1,MAIN
CK 2010,12,MAIN
CK 2011,12,MAIN
CK 2012,12,MAIN
CK 2013,0,MAIN
CK 2015,3,MAIN
CK 2016,2,MAIN
CK 2017,3,MAIN
CK 2020,1,MAIN
CK 2021,12,MAIN
CK 2022,10,MAIN
CK 2023,9,MAIN
CK 2026,6,MAIN
CK 2028,6,MAIN
CK 2029,6,MAIN
CK 2030,6,MAIN
CK 2031,9,MAIN
CK 2032,9,MAIN
CK 2033,8,MAIN
CK 2034,9,MAIN
CK 2035,5,MAIN
CK 2036,12,MAIN
CK 2037,12,MAIN
CK 2038,12,MAIN
CK 2039,7,MAIN
CK 2040,6,MAIN
CK 2041,1,MAIN
CK 2042,1,MAIN
CK 2043,1,MAIN
CK 2044,1,MAIN
CK 2047,1,MAIN
CK 2050,5,MAIN
CK 2055,3,MAIN
CK 2064,15,MAIN
CK 2066,15,MAIN
CK 2067,0,MAIN
CK 2068,15,MAIN
CK 2069,3,MAIN
CK 2070,4,MAIN
CK 2071,2,MAIN
CK 2072,5,MAIN
CK 2073,0,MAIN
CK 2074,5,MAIN
CK 2075,5,MAIN
CK 2077,0,MAIN
CK 2078,10,MAIN
CK 2079,2,MAIN
CK 2080,2,MAIN
CK 2083,7,MAIN
CK 2084,0,MAIN
CK 2085,7,MAIN
CK 2086,15,MAIN
CK 2091,0,MAIN
CK 2092,7,MAIN
CK 2095,5,MAIN
CK 2096,0,MAIN
CK 2099,5,MAIN
CK 2103,5,MAIN
CK 2105,0,MAIN
CK 2108,0,MAIN
CK 2109,0,MAIN
CK 2110,5,MAIN
CK 2114,11,MAIN
CK 2116,15,MAIN
CK 2117,7,MAIN
CK 2118,7,MAIN
CK 2119,14,MAIN
CK 2120,15,MAIN
CK 2121,15,MAIN
CK 2126,0,MAIN
CK 2127,0,MAIN
CK 2129,1,MAIN
CK 2130,1,MAIN
CK 2133,1,MAIN
CK 2138,0,MAIN
CK 2140,15,MAIN
CK 2141,15,MAIN
CK 2142,0,MAIN
CK 2143,0,MAIN
CK 2145,0,MAIN
CK 2149,0,MAIN
CK 2150,4,MAIN
CK 2152,0,MAIN
CK 2154,0,MAIN
CK 2155,0,MAIN
CK 2156,0,MAIN
CK 2157,0,MAIN
CK 2160,3,MAIN
CK 2165,0,MAIN
CK 2167,0,MAIN
CK 2168,0,MAIN
CK 2170,2,MAIN
CK 2175,0,MAIN
CK 2181,2,MAIN
CK 2183,2,MAIN
CK 2184,2,MAIN
CK 2185,6,MAIN
CK 2186,6,MAIN
CK 2187,0,MAIN
CK 2188,1,MAIN
CK 2189,4,MAIN
CK 2190,9,MAIN
CK 2191,0,MAIN
CK 2194,12,MAIN
CK 2195,0,MAIN
CK 2196,9,MAIN
CK 2197,9,MAIN
CK 2199,9,MAIN
CK 2200,0,MAIN
CK 2201,1,MAIN
CK 2202,6,MAIN
CK 2203,6,MAIN
CK 2204,12,MAIN
CK 2205,3,MAIN
CK 2206,12,MAIN
CK 2211,0,MAIN
CK 2213,0,MAIN
CK 2214,3,MAIN
CK 2219,8,MAIN
CK 2220,0,MAIN
CK 2221,1,MAIN
CK 2222,0,MAIN
CK 2226,1,MAIN
CK 2227,0,MAIN
CK 2228,5,MAIN
CK 2231,0,MAIN
CK 2232,4,MAIN
CK 2233,5,MAIN
CK 2237,9,MAIN
CK 2238,8,MAIN
CK 2239,8,MAIN
CK 2240,8,MAIN
CK 2241,0,MAIN
CK 2243,0,MAIN
CK 2244,2,MAIN
CK 2245,0,MAIN
CK 2246,2,MAIN
CK 2248,1,MAIN
CK 2251,1,MAIN
CK 2252,2,MAIN
CK 2255,0,MAIN
CK 2259,0,MAIN
CK 2260,0,MAIN
CK 2261,2,MAIN
CK 2264,5,MAIN
CK 2267,0,MAIN
CK 2270,0,MAIN
CK 2280,1,MAIN
CK 2282,0,MAIN
CK 2283,1,MAIN
CK 2285,0,MAIN
CK 2286,5,MAIN
CK 2293,5,MAIN
CK 2295,5,MAIN
CK 2296,1,MAIN
CK 2303,1,MAIN
CK 2306,0,MAIN
CK 2311,5,MAIN
CK 2316,0,MAIN
CK 2318,1,MAIN
CK 2325,2,MAIN
CK 2331,0,MAIN
CK 2333,2,MAIN
CK 2342,0,MAIN
CK 2344,0,MAIN
CK 2350,0,MAIN
CK 2351,0,MAIN
CK 2352,0,MAIN
CK 2353,0,MAIN
CK 2358,2,MAIN
CK 2359,0,MAIN
CK 2360,0,MAIN
CK 2361,0,MAIN
CK 2362,3,MAIN
CK 2363,3,MAIN
CK 2364,1,MAIN
CK 2366,1,MAIN
CK 2369,3,MAIN
CK 2370,3,MAIN
CK 2372,2,MAIN
CK 2376,0,MAIN
CK 2378,0,MAIN
CK 2383,1,MAIN
CK 2385,0,MAIN
CK 2386,2,MAIN
CK 2389,0,MAIN
CK 2391,2,MAIN
CK 2394,0,MAIN
CK 2397,1,MAIN
CK 2399,0,MAIN
CK 2401,1,MAIN
CK 2403,0,MAIN
CK 2408,1,MAIN
CK 2410,1,MAIN
CK 2430,15,MAIN
CK 2443,2,MAIN
CK 2444,0,MAIN
CK 2445,0,MAIN
CK 2447,1,MAIN
CK 2449,0,MAIN
CK 2450,2,MAIN
CK 2452,0,MAIN
CK 2453,2,MAIN
CK 2454,1,MAIN
CK 2456,1,MAIN
CK 2457,1,MAIN
CK 2459,0,MAIN
CK 2460,0,MAIN
CK 2461,0,MAIN
CK 2463,1,MAIN
CK 2464,2,MAIN
CK 2470,0,MAIN
CK 2478,1,MAIN
CK 2500,12,MAIN
CK 2501,12,MAIN
CK 2502,0,MAIN
CK 2504,0,MAIN
CK 2506,0,MAIN
CK 2507,0,MAIN
CK 2508,0,MAIN
CK 2509,0,MAIN
CK 2510,0,MAIN
CK 2511,0,MAIN
CK 2512,0,MAIN
CK 2513,0,MAIN
CK 2514,0,MAIN
CK 2516,0,MAIN
CK 2519,0,MAIN
CK 2528,0,MAIN
CK 2530,0,MAIN
CK 2532,0,MAIN
CK 2533,0,MAIN
CK 2534,0,MAIN
CK 2536,0,MAIN
CK 2538,0,MAIN
CK 2539,0,MAIN
CK 2552,0,MAIN
CK 2553,0,MAIN
CK 2556,0,MAIN
CK 2561,0,MAIN
CK 2572,0,MAIN
CK 2576,0,MAIN
CK 2602,0,MAIN
CK 2616,0,MAIN
CK 2622,0,MAIN
CK 2628,0,MAIN
CK 2632,0,MAIN
CK 2633,0,MAIN
CK 2644,0,MAIN
CK 2647,0,MAIN
CK 2649,0,MAIN
CK 2650,0,MAIN
CK 2657,0,MAIN
CK 2658,0,MAIN
CK 2663,0,MAIN
CK 2665,0,MAIN
CK 2666,0,MAIN
CK 2675,0,MAIN
CK 2677,0,MAIN
CK 2680,0,MAIN
CK 2683,0,MAIN
CK 2699,0,MAIN
CK 2700,0,MAIN
CK 2701,0,MAIN
CK 2706,0,MAIN
CK 2708,0,MAIN
CK 2710,0,MAIN
CK 2721,0,MAIN
CK 2722,0,MAIN
CK 2724,0,MAIN
CK 2729,0,MAIN
CK 2732,0,MAIN
CK 2736,0,MAIN
CK 2738,0,MAIN
CK 2739,0,MAIN
CK 2740,0,MAIN
CK 2742,0,MAIN
CK 2752,0,MAIN
CK 2752A,0,MAIN
CK 2753,0,MAIN
CK 2753A,0,MAIN
CK 2754,0,MAIN
CK 2754A,0,MAIN
CK 2757,0,MAIN
CK 2760,0,MAIN
CK 2766,0,MAIN
CK 2774,0,MAIN
CK 2776,0,MAIN
CK 2779,0,MAIN
CK 2785,0,MAIN
CK 2787,0,MAIN
CK 2788,0,MAIN
CK 2791,0,MAIN
CK 2793,0,MAIN
CK 2798,0,MAIN
CK 2806,0,MAIN
CK 2832,0,MAIN
CK 2879,5,MAIN
CK 2880,12,MAIN
CK 2881,5,MAIN
CK 2883,5,MAIN
CK 2887,5,MAIN
CK 2889,7,MAIN
CK 2890,7,MAIN
CK 2891,7,MAIN
CK 2892,7,MAIN
CK 2893,0,MAIN
CK 2895,1,MAIN
CK 2896,0,MAIN
CK 2898,0,MAIN
CK 2899,1,MAIN
CK 2900,8,MAIN
CK 2901,0,MAIN
CK 2903,1,MAIN
CK 2905,1,MAIN
CK 2907,0,MAIN
CK 2910,4,MAIN
CK 2912,3,MAIN
CK 2914,3,MAIN
CK 2916,4,MAIN
CK 2918,0,MAIN
CK 2919,3,MAIN
CK 2921,3,MAIN
CK 2923,0,MAIN
CK 2929,0,MAIN
CK 2931,3,MAIN
CK 2932,5,MAIN
CK 2936,12,MAIN
CK 2937,12,MAIN
CK 2938,11,MAIN
CK 2939,15,MAIN
CK 2940,15,MAIN
CK 2941,12,MAIN
CK 2942,0,MAIN
CK 2943,0,MAIN
CK 2944,3,MAIN
CK 2945,3,MAIN
CK 2946,15,MAIN
CK 2947,8,MAIN
CK 2949,12,MAIN
CK 2950,12,MAIN
CK 2973,0,MAIN
CK 2974,0,MAIN
CK 2975,0,MAIN
CK 2976,0,MAIN
CK 2982,0,MAIN
CK 2983,0,MAIN
CK 2985,2,MAIN
CK 2986,0,MAIN
CK 2988,0,MAIN
CK 2989,2,MAIN
CK 2991,0,MAIN
CK 2992,2,MAIN
CK 2994,0,MAIN
CK 2995,0,MAIN
CK 2996,0,MAIN
CK 3002,0,MAIN
CK 3021,0,MAIN
CK 3030,0,MAIN
CK 3032,0,MAIN
CK 3034,0,MAIN
CK 3039,0,MAIN
CK 3040,0,MAIN
CK 3041,0,MAIN
CK 3048,0,MAIN
CK 3049,0,MAIN
CK 3052,0,MAIN
CK 3057,0,MAIN
CK 3059,0,MAIN
CK 3065,0,MAIN
CK 3094,0,MAIN
CK 3095,0,MAIN
CK 3103,0,MAIN
CK 3110,0,MAIN
CK 3118,0,MAIN
CK 3121,0,MAIN
CK 3123,0,MAIN
CK 3125,0,MAIN
CK 3129,0,MAIN
CK 3130,0,MAIN
CK 3132,0,MAIN
CK 3134,0,MAIN
CK 3135,0,MAIN
CK 3142,0,MAIN
CK 3146,0,MAIN
CK 3156,0,MAIN
CK 3158,0,MAIN
CK 3164,0,MAIN
CK 3166,0,MAIN
CK 3167,0,MAIN
CK 3168,1,MAIN
CK 3169,2,MAIN
CK 3170,2,MAIN
CK 3171,0,MAIN
CK 3172,0,MAIN
CK 3173,0,MAIN
CK 3175,0,MAIN
CK 3176,0,MAIN
CK 3177,0,MAIN
CK 3178,1,MAIN
CK 3179,0,MAIN
CK 3180,0,MAIN
CK 3181,0,MAIN
CK 3182,0,MAIN
CK 3183,0,MAIN
CK 3184,0,MAIN
CK 3185,0,MAIN
CK 3186,0,MAIN
CK 3187,1,MAIN
CK 3188,0,MAIN
CK 3189,1,MAIN
CK 3190,1,MAIN
CK 3192,0,MAIN
CK 3210,0,MAIN
CK 3211,5,MAIN
CK 3213,0,MAIN
CK 3214,2,MAIN
CK 3215,2,MAIN
CK 3217,0,MAIN
CK 3218,5,MAIN
CK 3219,3,MAIN
CK 3220,1,MAIN
CK 3221,4,MAIN
CK 3222,0,MAIN
CK 3223,1,MAIN
CK 3227,0,MAIN
CK 3231,1,MAIN
CK 3232,0,MAIN
CK 3235,0,MAIN
CK 3236,1,MAIN
CK 3239,15,MAIN
CK 3240,2,MAIN
CK 3241,2,MAIN
CK 3242,2,MAIN
CK 3243,1,MAIN
CK 3244,11,MAIN
CK 3248,2,MAIN
CK 3251,4,MAIN
CK 3252,4,MAIN
CK 3253,4,MAIN
CK 3254,0,MAIN
CK 3255,1,MAIN
CK 3257,4,MAIN
CK 3265,0,MAIN
CK 3266,2,MAIN
CK 3268,5,MAIN
CK 3277,15,MAIN
CK 3284,4,MAIN
CK 3286,0,MAIN
CK 3287,0,MAIN
CK 3289,0,MAIN
CK 3293,2,MAIN
CK 3294,1,MAIN
CK 3295,2,MAIN
CK 3296,2,MAIN
CK 3297,2,MAIN
CK 3298,5,MAIN
CK 3306,1,MAIN
CK 3309,3,MAIN
CK 3311,0,MAIN
CK 3312,0,MAIN
CK 3313,0,MAIN
CK 3314,3,MAIN
CK 3315,1,MAIN
CK 3318,0,MAIN
CK 3319,2,MAIN
CK 3323,0,MAIN
CK 3328,0,MAIN
CK 3332,0,MAIN
CK 3342,0,MAIN
CK 3345,4,MAIN
CK 3346,0,MAIN
CK 3350,0,MAIN
CK 3351,4,MAIN
CK 3353,0,MAIN
CK 3355,2,MAIN
CK 3358,2,MAIN
CK 3359,4,MAIN
CK 3360,4,MAIN
CK 3366,4,MAIN
CK 3367,0,MAIN
CK 3368,0,MAIN
CK 3369,1,MAIN
CK 3370,0,MAIN
CK 3371,0,MAIN
CK 3373,0,MAIN
CK 3376,1,MAIN
CK 3377,0,MAIN
CK 3378,1,MAIN
CK 3379,1,MAIN
CK 3380,0,MAIN
CK 3381,0,MAIN
CK 3382,1,MAIN
CK 3383,1,MAIN
CK 3384,0,MAIN
CK 3389,0,MAIN
CK 3390,0,MAIN
CK 3392,0,MAIN
CK 3393,0,MAIN
CK 3394,1,MAIN
CK 3395,1,MAIN
CK 3396,0,MAIN
CK 3397,1,MAIN
CK 3398,0,MAIN
CK 3399,0,MAIN
CK 3400,1,MAIN
CK 3401,1,MAIN
CK 3402,0,MAIN
CK 3403,0,MAIN
CK 3404,0,MAIN
CK 3405,0,MAIN
CK 3406,0,MAIN
CK 3407,0,MAIN
CK 3408,1,MAIN
CK 3410,1,MAIN
CK 3414,1,MAIN
CK 3419,0,MAIN
CK 3420,0,MAIN
CK 3426,1,MAIN
CK 3427,0,MAIN
CK 3428,0,MAIN
CK 3429,0,MAIN
CK 3433,1,MAIN
CK 3436,0,MAIN
CK 3437,0,MAIN
CK 3438,0,MAIN
CK 3443,0,MAIN
CK 3445,0,MAIN
CK 3447,0,MAIN
CK 3448,0,MAIN
CK 3453,3,MAIN
CK 3456,0,MAIN
CK 3458,0,MAIN
CK 3460,0,MAIN
CK 3461,0,MAIN
CK 3462,0,MAIN
CK 3463,0,MAIN
CK 3474,0,MAIN
CK 3477,0,MAIN
CK 3480,0,MAIN
CK 3483,0,MAIN
CK 3485,0,MAIN
CK 3501,0,MAIN
CK 3519,0,MAIN
CK 3523,1,MAIN
CK 3525,0,MAIN
CK 3528,0,MAIN
CK 3532,0,MAIN
CK 3533,1,MAIN
CK 3534,0,MAIN
CK 3537,0,MAIN
CK 3549,0,MAIN
CK 3555,1,MAIN
CK 3559,0,MAIN
CK 3560,0,MAIN
CK 3561,0,MAIN
CK 3565,1,MAIN
CK 3568,9,MAIN
CK 3569,10,MAIN
CK 3570,0,MAIN
CK 3571,0,MAIN
CK 3572,5,MAIN
CK 3574,4,MAIN
CK 3577,5,MAIN
CK 3581,15,MAIN
CK 3583,0,MAIN
CK 3584,15,MAIN
CK 3585,2,MAIN
CK 3587,4,MAIN
CK 3588,15,MAIN
CK 3590,2,MAIN
CK 3592,0,MAIN
CK 3594,2,MAIN
CK 3596,2,MAIN
CK 3598,2,MAIN
CK 3606,4,MAIN
CK 3607,4,MAIN
CK 3613,4,MAIN
CK 3617,4,MAIN
CK 3618,2,MAIN
CK 3635,2,MAIN
CK 3642,1,MAIN
CK 3644,0,MAIN
CK 3646,0,MAIN
CK 3647,0,MAIN
CK 3648,1,MAIN
CK 3652,0,MAIN
CK 3653,1,MAIN
CK 3654,0,MAIN
CK 3655,0,MAIN
CK 3662,1,MAIN
CK 3667,1,MAIN
CK 3673,0,MAIN
CK 3678,1,MAIN
CK 3680,1,MAIN
CK 3683,1,MAIN
CK 3696,0,MAIN
CK 3705,15,MAIN
CK 3707,15,MAIN
CK 3708,2,MAIN
CK 3713,0,MAIN
CK 3723,1,MAIN
CK 3726,11,MAIN
CK 3727,5,MAIN
CK 3728,4,MAIN
CK 3729,7,MAIN
CK 3730,1,MAIN
CK 3731,5,MAIN
CK 3733,9,MAIN
CK 3734,0,MAIN
CK 3735,0,MAIN
CK 3736,0,MAIN
CK 3737,2,MAIN
CK 3738,2,MAIN
CK 3739,2,MAIN
CK 3741,2,MAIN
CK 3743,7,MAIN
CK 3744,2,MAIN
CK 3745,2,MAIN
CK 3746,1,MAIN
CK 3749,5,MAIN
CK 3750,5,MAIN
CK 3753,15,MAIN
CK 3755,0,MAIN
CK 3758,0,MAIN
CK 3761,2,MAIN
CK 3765,1,MAIN
CK 3767,12,MAIN
CK 3768,6,MAIN
CK 3769,4,MAIN
CK 3770,4,MAIN
CK 3771,0,MAIN
CK 3772,5,MAIN
CK 3773,2,MAIN
CK 3774,4,MAIN
CK 3775,0,MAIN
CK 3776,4,MAIN
CK 3777,9,MAIN
CK 3778,1,MAIN
CK 3779,5,MAIN
CK 3782,2,MAIN
CK 3791,1,MAIN
CK 3793,1,MAIN
CK 3794,6,MAIN
CK 3796,1,MAIN
CK 3797,6,MAIN
CK 3799,6,MAIN
CK 3801,15,MAIN
CK 3802,5,MAIN
CK 3803,15,MAIN
CK 3808,15,MAIN
CK 3809,8,MAIN
CK 3810,2,MAIN
CK 3811,2,MAIN
CK 3812,0,MAIN
CK 3813,0,MAIN
CK 3814,0,MAIN
CK 3815,0,MAIN
CK 3817,0,MAIN
CK 3819,0,MAIN
CK 3822,0,MAIN
CK 3823,0,MAIN
CK 3824,0,MAIN
CK 3825,4,MAIN
CK 3827,15,MAIN
CK 3828,0,MAIN
CK 3830,1,MAIN
CK 3831,2,MAIN
CK 3832,2,MAIN
CK 3833,0,MAIN
CK 3835,0,MAIN
CK 3836,0,MAIN
CK 3838,2,MAIN
CK 3841,1,MAIN
CK 3842,2,MAIN
CK 3843,7,MAIN
CK 3844,2,MAIN
CK 3845,1,MAIN
CK 3847,6,MAIN
CK 3848,15,MAIN
CK 3849,15,MAIN
CK 3850,5,MAIN
CK 3851,5,MAIN
CK 3852,0,MAIN
CK 3855,0,MAIN
CK 3860,0,MAIN
CK 3861,0,MAIN
CK 3863,0,MAIN
CK 3866,0,MAIN
CK 3867,0,MAIN
CK 3869,0,MAIN
CK 3870,1,MAIN
CK 3872,1,MAIN
CK 3873,0,MAIN
CK 3874,0,MAIN
CK 3876,0,MAIN
CK 3884,1,MAIN
CK 3885,1,MAIN
CK 3887,1,MAIN
CK 3889,1,MAIN
CK 3890,1,MAIN
CK 3896,8,MAIN
CK 3897,6,MAIN
CK 3900,8,MAIN
CK 3901,1,MAIN
CK 3902,2,MAIN
CK 3903,1,MAIN
CK 3904,1,MAIN
CK 3905,1,MAIN
CK 3910,0,MAIN
CK 3911,0,MAIN
CK 3912,0,MAIN
CK 3913,7,MAIN
CK 3914,14,MAIN
CK 3915,14,MAIN
CK 3916,7,MAIN
CK 3917,14,MAIN
CK 3918,14,MAIN
CK 3919,7,MAIN
CK 3921,4,MAIN
CK 3922,4,MAIN
CK 3926,4,MAIN
CK 3931,8,MAIN
CK 3934,3,MAIN
CK 3936,4,MAIN
CK 3939,2,MAIN
CK 3941,4,MAIN
CK 3942,9,MAIN
CK 3943,0,MAIN
CK 3944,0,MAIN
CK 3945,1,MAIN
CK 3946,0,MAIN
CK 3947,0,MAIN
CK 3949,9,MAIN
CK 3950,3,MAIN
CK 3952,1,MAIN
CK 3956,9,MAIN
CK 3958,5,MAIN
CK 3959,1,MAIN
CK 3961,5,MAIN
CK 3964,1,MAIN
CK 3967,6,MAIN
CK 3969,1,MAIN
CK 3970,1,MAIN
CK 3971,2,MAIN
CK 3972,9,MAIN
CK 3974,9,MAIN
CK 3975,0,MAIN
CK 3976,7,MAIN
CK 3977,7,MAIN
CK 3978,7,MAIN
CK 3981,2,MAIN
CK 3982,1,MAIN
CK 3983,0,MAIN
CK 3984,1,MAIN
CK 3985,1,MAIN
CK 3986,2,MAIN
CK 3988,1,MAIN
CK 3989,0,MAIN
CK 3990,1,MAIN
CK 3993,8,MAIN
CK 3994,12,MAIN
CK 3995,1,MAIN
CK 3996,5,MAIN
CK 3997,6,MAIN
CK 3998,7,MAIN
CK 4000,0,MAIN
CK 4005,0,MAIN
CK 4010,0,MAIN
CK 4013,15,MAIN
CK 4014,15,MAIN
CK 4015,5,MAIN
CK 4016,3,MAIN
CK 4019,15,MAIN
CK 4020,3,MAIN
CK 4022,3,MAIN
CK 4023,3,MAIN
CK 4024,4,MAIN
CK 4025,6,MAIN
CK 4026,1,MAIN
CK 4028,4,MAIN
CK 4032,2,MAIN
CK 4034,1,MAIN
CK 4035,15,MAIN
CK 4036,0,MAIN
CK 4037,15,MAIN
CK 4038,2,MAIN
CK 4039,2,MAIN
CK 4040,15,MAIN
CK 4041,5,MAIN
CK 4042,2,MAIN
CK 4043,2,MAIN
CK 4046,1,MAIN
CK 4047,15,MAIN
CK 4048,1,MAIN
CK 4049,15,MAIN
CK 4051,1,MAIN
CK 4061,3,MAIN
CK 4062,3,MAIN
CK 4063,7,MAIN
CK 4064,1,MAIN
CK 4065,0,MAIN
CK 4068,0,MAIN
CK 4069,7,MAIN
CK 4070,1,MAIN
CK 4071,7,MAIN
CK 4072,5,MAIN
CK 4073,6,MAIN
CK 4074,5,MAIN
CK 4075,12,MAIN
CK 4076,12,MAIN
CK 4077,12,MAIN
CK 4079,13,MAIN
CK 4081,1,MAIN
CK 4082,1,MAIN
CK 4083,0,MAIN
CK 4084,1,MAIN
CK 4086,15,MAIN
CK 4088,3,MAIN
CK 4089,3,MAIN
CK 4090,3,MAIN
CK 4091,3,MAIN
CK 4092,3,MAIN
CK 4093,3,MAIN
CK 4094,3,MAIN
CK 4095,3,MAIN
CK 4096,2,MAIN
CK 4097,8,MAIN
CK 4099,15,MAIN
CK 4101,15,MAIN
CK 4103,0,MAIN
CK 4105,2,MAIN
CK 4107,12,MAIN
CK 4108,13,MAIN
CK 4115,13,MAIN
CK 4116,13,MAIN
CK 4117,0,MAIN
CK 4122,2,MAIN
CK 4123,1,MAIN
CK 4124,4,MAIN
CK 4125,2,MAIN
CK 4126,8,MAIN
CK 4127,3,MAIN
CK 4128,2,MAIN
CK 4129,8,MAIN
CK 4131,8,MAIN
CK 4132,0,MAIN
CK 4135,1,MAIN
CK 4138,0,MAIN
CK 4139,1,MAIN
CK 4140,8,MAIN
CK 4141,0,MAIN
CK 4143,0,MAIN
CK 4144,0,MAIN
CK 4145,1,MAIN
CK 4149,6,MAIN
CK 4150,6,MAIN
CK 4152,15,MAIN
CK 4153,15,MAIN
CK 4154,15,MAIN
CK 4155,0,MAIN
CK 4157,8,MAIN
CK 4161,8,MAIN
CK 4163,0,MAIN
CK 4164,0,MAIN
CK 4169,15,MAIN
CK 4174,15,MAIN
CK 4175,15,MAIN
CK 4176,2,MAIN
CK 4177,3,MAIN
CK 4187,12,MAIN
CK 4188,2,MAIN
CK 4190,4,MAIN
CK 4193,4,MAIN
CK 4194,4,MAIN
CK 4196,4,MAIN
CK 4197,2,MAIN
CK 4201,4,MAIN
CK 4205,5,MAIN
CK 4206,0,MAIN
CK 4208,4,MAIN
CK 4210,4,MAIN
CK 4211,4,MAIN
CK 4213,2,MAIN
CK 4215,4,MAIN
CK 4219,0,MAIN
CK 4227,1,MAIN
CK 4229,2,MAIN
CK 4230,1,MAIN
CK 4257,2,MAIN
CK 4278,4,MAIN
CK 4280,0,MAIN
CK 4283,3,MAIN
CK 4285,1,MAIN
CK 4286,11,MAIN
CK 4287,0,MAIN
CK 4289,0,MAIN
CK 4290,0,MAIN
CK 4291,0,MAIN
CK 4292,0,MAIN
CK 4293,0,MAIN
CK 4294,0,MAIN
CK 4295,0,MAIN
CK 4298,0,MAIN
CK 4299,0,MAIN
CK 4300,0,MAIN
CK 4303,0,MAIN
CK 4304,0,MAIN
CK 4305,0,MAIN
CK 4306,0,MAIN
CK 4308,0,MAIN
CK 4309,0,MAIN
CK 4310,0,MAIN
CK 4311,0,MAIN
CK 4314,0,MAIN
CK 4317,0,MAIN
CK 4318,0,MAIN
CK 4320,0,MAIN
CK 4322,0,MAIN
CK 4327,0,MAIN
CK 4335,0,MAIN
CK 4337,0,MAIN
CK 4338,0,MAIN
CK 4339,0,MAIN
CK 4341,0,MAIN
CK 4345,0,MAIN
CK 4348,2,MAIN
CK 4349,2,MAIN
CK 4352,3,MAIN
CK 4354,15,MAIN
CK 4356,5,MAIN
CK 4357,12,MAIN
CK 4359,15,MAIN
CK 4360,3,MAIN
CK 4361,1,MAIN
CK 4362,2,MAIN
CK 4363,1,MAIN
CK 4364,2,MAIN
CK 4366,7,MAIN
CK 4367,2,MAIN
CK 4372,15,MAIN
CK 4375,4,MAIN
CK 4378,11,MAIN
CK 4379,5,MAIN
CK 4382,0,MAIN
CK 4383,11,MAIN
CK 4385,2,MAIN
CK 4387,2,MAIN
CK 4388,3,MAIN
CK 4390,2,MAIN
CK 4394,2,MAIN
CK 4397,0,MAIN
CK 4400,5,MAIN
CK 4401,2,MAIN
CK 4402,2,MAIN
CK 4403,5,MAIN
CK 4404,5,MAIN
CK 4406,0,MAIN
CK 4407,0,MAIN
CK 4409,10,MAIN
CK 4410,0,MAIN
CK 4415,5,MAIN
CK 4416,2,MAIN
CK 4417,8,MAIN
CK 4419,5,MAIN
CK 4420,8,MAIN
CK 4422,4,MAIN
CK 4424B,4,MAIN
CK 4425,2,MAIN
CK 4426,4,MAIN
CK 4427,4,MAIN
CK 4429,12,MAIN
CK 4430,15,MAIN
CK 4431,15,MAIN
CK 4432,12,MAIN
CK 4434,12,MAIN
CK 4435,15,MAIN
CK 4438,1,MAIN
CK 4451,3,MAIN
CK 4452,1,MAIN
CK 4454,1,MAIN
CK 4462,1,MAIN
CK 4464,2,MAIN
CK 4469,1,MAIN
CK 4471,2,MAIN
CK 4476,3,MAIN
CK 4477,1,MAIN
CK 4481,1,MAIN
CK 4482,1,MAIN
CK 4483,15,MAIN
CK 4491,0,MAIN
CK 4492,0,MAIN
CK 4493,0,MAIN
CK 4497,0,MAIN
CK 4499,0,MAIN
CK 4500,0,MAIN
CK 4501,0,MAIN
CK 4502,0,MAIN
CK 4505,0,MAIN
CK 4509,0,MAIN
CK 4510,0,MAIN
CK 4511,0,MAIN
CK 4512,0,MAIN
CK 4513,0,MAIN
CK 4514,0,MAIN
CK 4518,0,MAIN
CK 4519,0,MAIN
CK 4523,0,MAIN
CK 4524,0,MAIN
CK 4526,0,MAIN
CK 4530,0,MAIN
CK 4531,0,MAIN
CK 4533,0,MAIN
CK 4534,0,MAIN
CK 4538,0,MAIN
CK 4542,0,MAIN
CK 4543,0,MAIN
CK 4545,0,MAIN
CK 4546,0,MAIN
CK 4547,0,MAIN
CK 4548,0,MAIN
CK 4550,0,MAIN
CK 4551,0,MAIN
CK 4559,0,MAIN
CK 4560,2,MAIN
CK 4562,2,MAIN
CK 4563,2,MAIN
CK 4564,0,MAIN
CK 4565,0,MAIN
CK 4566,2,MAIN
CK 4568,2,MAIN
CK 4569,0,MAIN
CK 4570,0,MAIN
CK 4571,0,MAIN
CK 4572,2,MAIN
CK 4573,3,MAIN
CK 4574,0,MAIN
CK 4575,0,MAIN
CK 4576,0,MAIN
CK 4577,0,MAIN
CK 4580,3,MAIN
CK 4583,2,MAIN
CK 4584,0,MAIN
CK 4589,3,MAIN
CK 4590,3,MAIN
CK 4593,0,MAIN
CK 4594,1,MAIN
CK 4600,0,MAIN
CK 4602,0,MAIN
CK 4623,0,MAIN
CK 4626,0,MAIN
CK 4631,12,MAIN
CK 4633,2,MAIN
CK 4638,1,MAIN
CK 4648,2,MAIN
CK 4650,1,MAIN
CK 4651,2,MAIN
CK 4652,1,MAIN
CK 4654,2,MAIN
CK 4655,12,MAIN
CK 4656,3,MAIN
CK 4657,3,MAIN
CK 4658,3,MAIN
CK 4664,0,MAIN
CK 4666,5,MAIN
CK 4667,1,MAIN
CK 4668,6,MAIN
CK 4669,9,MAIN
CK 4672,15,MAIN
CK 4673,12,MAIN
CK 4674,4,MAIN
CK 4675,4,MAIN
CK 4677,15,MAIN
CK 4679,4,MAIN
CK 4681,9,MAIN
CK 4682,2,MAIN
CK 4684,2,MAIN
CK 4686,12,MAIN
CK 4687,12,MAIN
CK 4688,4,MAIN
CK 4689,3,MAIN
CK 4690,15,MAIN
CK 4691,5,MAIN
CK 4692,4,MAIN
CK 4693,4,MAIN
CK 4694,4,MAIN
CK 4696,6,MAIN
CK 4697,15,MAIN
CK 4698,2,MAIN
CK 4699,12,MAIN
CK 4700,12,MAIN
CK 4701,2,MAIN
CK 4702,15,MAIN
CK 4703,3,MAIN
CK 4704,15,MAIN
CK 4705,15,MAIN
CK 4706,3,MAIN
CK 4707,2,MAIN
CK 4708,0,MAIN
CK 4710,0,MAIN
CK 4711,3,MAIN
CK 4712,3,MAIN
CK 4713,13,MAIN
CK 4715,3,MAIN
CK 4716,3,MAIN
CK 4717,0,MAIN
CK 4718,0,MAIN
CK 4719,3,MAIN
CK 4720,7,MAIN
CK 4722,13,MAIN
CK 4723,2,MAIN
CK 4724,6,MAIN
CK 4726,5,MAIN
CK 4727,15,MAIN
CK 4728,15,MAIN
CK 4729,15,MAIN
CK 4730,12,MAIN
CK 4731,12,MAIN
CK 4732,0,MAIN
CK 4733,3,MAIN
CK 4734,3,MAIN
CK 4735,0,MAIN
CK 4736,8,MAIN
CK 4737,2,MAIN
CK 4739,11,MAIN
CK 4740,4,MAIN
CK 4741,0,MAIN
CK 4742,13,MAIN
CK 4743,2,MAIN
CK 4744,2,MAIN
CK 4747B,7,MAIN
CK 4748,12,MAIN
CK 4749,9,MAIN
CK 4753,6,MAIN
CK 4756,12,MAIN
CK 4757,12,MAIN
CK 4758,8,MAIN
CK 4759,10,MAIN
CK 4760,2,MAIN
CK 4761,12,MAIN
CK 4762,3,MAIN
CK 4763,15,MAIN
CK 4764,15,MAIN
CK 4765,12,MAIN
CK 4766,12,MAIN
CK 4767,12,MAIN
CK 4770,5,MAIN
CK 4771,1,MAIN
CK 4774,15,MAIN
CK 4775,15,MAIN
CK 4776,15,MAIN
CK 4779,15,MAIN
CK 4780,12,MAIN
CK 4781,15,MAIN
CK 4783,15,MAIN
CK 4784,9,MAIN
CK 4785,10,MAIN
CK 4786,9,MAIN
CK 4790,15,MAIN
CK 4791,8,MAIN
CK 4792,15,MAIN
CK 4793,7,MAIN
CK 4794,1,MAIN
CK 4795,15,MAIN
CK 4796,5,MAIN
CK 4797,5,MAIN
CK 4798,15,MAIN
CK 4799,15,MAIN
CK 4800,0,MAIN
CK 4801,5,MAIN
CK 4803,5,MAIN
CK 4805,15,MAIN
CK 4806,8,MAIN
CK 4807,10,MAIN
CK 4808,15,MAIN
CK 4809,15,MAIN
CK 4810,5,MAIN
CK 4811,5,MAIN
CK 4813,5,MAIN
CK 4814,5,MAIN
CK 4815,5,MAIN
CK 4817,5,MAIN
CK 4818,15,MAIN
CK 4819,5,MAIN
CK 4822,0,MAIN
CK 4823,2,MAIN
CK 4824,2,MAIN
CK 4825,15,MAIN
CK 4826,15,MAIN
CK 4827,3,MAIN
CK 4828,3,MAIN
CK 4836,1,MAIN
CK 4840,13,MAIN
CK 4842,4,MAIN
CK 4847,0,MAIN
CK 4852,13,MAIN
CK 4853,13,MAIN
CK 4854,6,MAIN
CK 4855,6,MAIN
CK 4856,2,MAIN
CK 4857,0,MAIN
CK 4860,4,MAIN
CK 4863,4,MAIN
CK 4865,10,MAIN
CK 4866,8,MAIN
CK 4867,3,MAIN
CK 4868,3,MAIN
CK 4869,12,MAIN
CK 4870,15,MAIN
CK 4871,15,MAIN
CK 4872,12,MAIN
CK 4873,15,MAIN
CK 4877,15,MAIN
CK 4879,2,MAIN
CK 4883,3,MAIN
CK 4886,15,MAIN
CK 4887,5,MAIN
CK 4888,15,MAIN
CK 4889,15,MAIN
CK 4890,7,MAIN
CK 4893,15,MAIN
CK 4894,15,MAIN
CK 4895,8,MAIN
CK 4896,12,MAIN
CK 4897,4,MAIN
CK 4898,12,MAIN
CK 4900,15,MAIN
CK 4901,9,MAIN
CK 4902,3,MAIN
CK 4904,0,MAIN
CK 4905,3,MAIN
CK 4906,15,MAIN
CK 4907,15,MAIN
CK 4908,0,MAIN
CK 4909,2,MAIN
CK 4913,0,MAIN
CK 4914B,5,MAIN
CK 4915,0,MAIN
CK 4916,8,MAIN
CK 4917B,5,MAIN
CK 4918B,8,MAIN
CK 4919,2,MAIN
CK 4921,15,MAIN
CK 4922,8,MAIN
CK 4923,2,MAIN
CK 4924,15,MAIN
CK 4925,15,MAIN
CK 4926,0,MAIN
CK 4928,5,MAIN
CK 4930,6,MAIN
CK 4931,0,MAIN
CK 4934,2,MAIN
CK 4935,2,MAIN
CK 4937,12,MAIN
CK 4938,6,MAIN
CK 4939,15,MAIN
CK 4942,2,MAIN
CK 4943,0,MAIN
CK 4944,9,MAIN
CK 4945,3,MAIN
CK 4946,5,MAIN
CK 4948,15,MAIN
CK 4949,15,MAIN
CK 4950,3,MAIN
CK 4951,9,MAIN
CK 4952,15,MAIN
CK 4953,12,MAIN
CK 4954,6,MAIN
CK 4955,15,MAIN
CK 4957B,12,MAIN
CK 4958B,5,MAIN
CK 4959B,15,MAIN
CK 4959D,15,MAIN
CK 4960,15,MAIN
CK 4961,2,MAIN
CK 4962,2,MAIN
CK 4963,8,MAIN
CK 4964,0,MAIN
CK 4965,7,MAIN
CK 4966,0,MAIN
CK 4968,6,MAIN
CK 4969,15,MAIN
CK 4971,15,MAIN
CK 4972,15,MAIN
CK 4973,6,MAIN
CK 4974,8,MAIN
CK 4975,8,MAIN
CK 4976,8,MAIN
CK 4978,4,MAIN
CK 4979,15,MAIN
CK 4980,0,MAIN
CK 4981,12,MAIN
CK 4982,15,MAIN
CK 4983,15,MAIN
CK 4986,5,MAIN
CK 4987,0,MAIN
CK 4988,3,MAIN
CK 4989,0,MAIN
CK 4990,0,MAIN
CK 4992,15,MAIN
CK 4994,7,MAIN
CK 4995,5,MAIN
CK 4996,5,MAIN
CK 4997,6,MAIN
CK 4998,2,MAIN
CK 4999,7,MAIN
CK 5001,15,MAIN
CK 5002,2,MAIN
CK 5003,11,MAIN
CK 5004,13,MAIN
CK 5006,12,MAIN
CK 5008,8,MAIN
CK 5010,4,MAIN
CK 5011,0,MAIN
CK 5012,7,MAIN
CK 5014,1,MAIN
CK 5015,1,MAIN
CK 5016,3,MAIN
CK 5017,3,MAIN
CK 5019B,2,MAIN
CK 5020,5,MAIN
CK 5021,1,MAIN
CK 5023,1,MAIN
CK 5025,5,MAIN
CK 5026,5,MAIN
CK 5027,2,MAIN
CK 5028,15,MAIN
CK 5029,3,MAIN
CK 5030,3,MAIN
CK 5033,5,MAIN
CK 5034,5,MAIN
CK 5043,4,MAIN
CK 5044,4,MAIN
CK 5048,8,MAIN
CK 5050,4,MAIN
CK 5056,1,MAIN
CK 5058,6,MAIN
CK 5059,13,MAIN
CK 5060,4,MAIN
CK 5061,4,MAIN
CK 5064,13,MAIN
CK 5065,8,MAIN
CK 5066,15,MAIN
CK 5067,2,MAIN
CK 5069B,10,MAIN
CK 5070,1,MAIN
CK 5071,1,MAIN
CK 5072,5,MAIN
CK 5073,9,MAIN
CK 5075,4,MAIN
CK 5076,12,MAIN
CK 5077,6,MAIN
CK 5080,1,MAIN
CK 5081B,12,MAIN
CK 5082B,6,MAIN
CK 5083,4,MAIN
CK 5084,4,MAIN
CK 5085,8,MAIN
CK 5086,1,MAIN
CK 5087,8,MAIN
CK 5090,13,MAIN
CK 5096,15,MAIN
CK 5098,5,MAIN
CK 5100,5,MAIN
CK 5101,0,MAIN
CK 5102,13,MAIN
CK 5103,15,MAIN
CK 5104,15,MAIN
CK 5105,7,MAIN
CK 5106,12,MAIN
CK 5107,12,MAIN
CK 5108,6,MAIN
CK 5110,6,MAIN
CK 5111,13,MAIN
CK 5112,5,MAIN
CK 5113,5,MAIN
CK 5114,15,MAIN
CK 5115,1,MAIN
CK 5117,5,MAIN
CK 5118,0,MAIN
CK 5119,4,MAIN
CK 5120,9,MAIN
CK 5121B,15,MAIN
CK 5123,9,MAIN
CK 5125,7,MAIN
CK 5126,4,MAIN
CK 5127,6,MAIN
CK 5128,6,MAIN
CK 5130,4,MAIN
CK 5132,9,MAIN
CK 5135,5,MAIN
CK 5139,12,MAIN
CK 5140,15,MAIN
CK 5141,12,MAIN
CK 5142,1,MAIN
CK 5143,8,MAIN
CK 5144,1,MAIN
CK 5145,3,MAIN
CK 5146,1,MAIN
CK 5147,13,MAIN
CK 5148,1,MAIN
CK 5151,13,MAIN
CK 5154,15,MAIN
CK 5155,10,MAIN
CK 5156,6,MAIN
CK 5157,15,MAIN
CK 5158,15,MAIN
CK 5159,10,MAIN
CK 5160,10,MAIN
CK 5161,8,MAIN
CK 5162,1,MAIN
CK 5163,13,MAIN
CK 5164,15,MAIN
CK 5167,1,MAIN
CK 5171,5,MAIN
CK 5173,0,MAIN
CK 5174,0,MAIN
CK 5175,0,MAIN
CK 5176,0,MAIN
CK 5178,15,MAIN
CK 5179B,12,MAIN
CK 5180B,7,MAIN
CK 5187,15,MAIN
CK 5188,4,MAIN
CK 5189,13,MAIN
CK 5190,1,MAIN
CK 5191,4,MAIN
CK 5192,1,MAIN
CK 5193,1,MAIN
CK 5194,0,MAIN
CK 5195,0,MAIN
CK 5196,0,MAIN
CK 5197,7,MAIN
CK 5199,2,MAIN
CK 5200,2,MAIN
CK 5201,7,MAIN
CK 5202,4,MAIN
CK 5205B,12,MAIN
CK 5206B,5,MAIN
CK 5208,5,MAIN
CK 5209,2,MAIN
CK 5210,0,MAIN
CK 5211,15,MAIN
CK 5212,15,MAIN
CK 5214,1,MAIN
CK 5215,12,MAIN
CK 5216,15,MAIN
CK 5216B,15,MAIN
CK 5217,15,MAIN
CK 5217B,15,MAIN
CK 5219,5,MAIN
CK 5220,12,MAIN
CK 5222B,0,MAIN
CK 5223B,6,MAIN
CK 5225B,7,MAIN
CK 5229,15,MAIN
CK 5230,9,MAIN
CK 5231,15,MAIN
CK 5232,15,MAIN
CK 5233,5,MAIN
CK 5236,15,MAIN
CK 5237,4,MAIN
CK 5238,13,MAIN
CK 5239,2,MAIN
CK 5240,0,MAIN
CK 5241B,8,MAIN
CK 5242,4,MAIN
CK 5243,4,MAIN
CK 5244,11,MAIN
CK 5245,10,MAIN
CK 5247,12,MAIN
CK 5248,0,MAIN
CK 5249,8,MAIN
CK 5250,1,MAIN
CK 5251,1,MAIN
CK 5252,1,MAIN
CK 5253,1,MAIN
CK 5254,1,MAIN
CK 5255,2,MAIN
CK 5260,4,MAIN
CK 5263,2,MAIN
CK 5264,1,MAIN
CK 5266,12,MAIN
CK 5272,12,MAIN
CK 5273,13,MAIN
CK 5274,1,MAIN
CK 5276,15,MAIN
CK 5277,8,MAIN
CK 5280,1,MAIN
CK 5281,2,MAIN
CK 5283,0,MAIN
CK 5284,6,MAIN
CK 5285,5,MAIN
CK 5286,15,MAIN
CK 5287,15,MAIN
CK 5288,3,MAIN
CK 5289,3,MAIN
CK 5290,3,MAIN
CK 5291,2,MAIN
CK 5292,0,MAIN
CK 5293,4,MAIN
CK 5294,4,MAIN
CK 5295,14,MAIN
CK 5296,10,MAIN
CK 5297,0,MAIN
CK 5298,6,MAIN
CK 5299,3,MAIN
CK 5300,6,MAIN
CK 5302,12,MAIN
CK 5305,2,MAIN
CK 5306,15,MAIN
CK 5310,1,MAIN
CK 5311,1,MAIN
CK 5314,1,MAIN
CK 5318,3,MAIN
CK 5319,1,MAIN
CK 5320,9,MAIN
CK 5321,5,MAIN
CK 5322,1,MAIN
CK 5323,1,MAIN
CK 5324,11,MAIN
CK 5325,15,MAIN
CK 5326,0,MAIN
CK 5327,6,MAIN
CK 5328,4,MAIN
CK 5329,4,MAIN
CK 5330,12,MAIN
CK 5331,15,MAIN
CK 5333,4,MAIN
CK 5335,2,MAIN
CK 5337,9,MAIN
CK 5340,8,MAIN
CK 5341,12,MAIN
CK 5342,3,MAIN
CK 5343,15,MAIN
CK 5344,15,MAIN
CK 5347,10,MAIN
CK 5348,10,MAIN
CK 5349,15,MAIN
CK 5351,0,MAIN
CK 5355,15,MAIN
CK 5357,6,MAIN
CK 5358,4,MAIN
CK 5359,4,MAIN
CK 5364,4,MAIN
CK 5366,6,MAIN
CK 5367,6,MAIN
CK 5370,0,MAIN
CK 5371,1,MAIN
CK 5372,1,MAIN
CK 5373,0,MAIN
CK 5374,0,MAIN
CK 5375,0,MAIN
CK 5376,2,MAIN
CK 5377,11,MAIN
CK 5378,0,MAIN
CK 5380,0,MAIN
CK 5381,1,MAIN
CK 5383,1,MAIN
CK 5384B,0,MAIN
CK 5385,0,MAIN
CK 5386,7,MAIN
CK 5387B,6,MAIN
CK 5388B,0,MAIN
CK 5389,0,MAIN
CK 5390B,6,MAIN
CK 5392,5,MAIN
CK 5394B,0,MAIN
CK 5395,15,MAIN
CK 5397,7,MAIN
CK 5400,15,MAIN
CK 5402,0,MAIN
CK 5406,1,MAIN
CK 5407,1,MAIN
CK 5412,5,MAIN
CK 5413,5,MAIN
CK 5414,4,MAIN
CK 5415,0,MAIN
CK 5416,0,MAIN
CK 5417,12,MAIN
CK 5420,4,MAIN
CK 5421,2,MAIN
CK 5423,4,MAIN
CK 5424,15,MAIN
CK 5425,1,MAIN
CK 5428,3,MAIN
CK 5429,0,MAIN
CK 5430,12,MAIN
CK 5431,12,MAIN
CK 5432,4,MAIN
CK 5433,2,MAIN
CK 5437,15,MAIN
CK 5438,8,MAIN
CK 5439,8,MAIN
CK 5440,7,MAIN
CK 5441,7,MAIN
CK 5443,8,MAIN
CK 5444,8,MAIN
CK 5446,15,MAIN
CK 5448,11,MAIN
CK 5449,12,MAIN
CK 5450,3,MAIN
CK 5451,3,MAIN
CK 5452,1,MAIN
CK 5453,1,MAIN
CK 5454,1,MAIN
CK 5456,1,MAIN
CK 5457,1,MAIN
CK 5465,15,MAIN
CK 5466,2,MAIN
CK 5467,2,MAIN
CK 5470,2,MAIN
CK 5474,15,MAIN
CK 5476,15,MAIN
CK 5477,15,MAIN
CK 5478,3,MAIN
CK 5479,3,MAIN
CK 5480,0,MAIN
CK 5481,15,MAIN
CK 5482,10,MAIN
CK 5483,2,MAIN
CK 5484,3,MAIN
CK 5485,3,MAIN
CK 5486,15,MAIN
CK 5488,15,MAIN
CK 5491,3,MAIN
CK 5492,4,MAIN
CK 5493,3,MAIN
CK 5494,2,MAIN
CK 5498,15,MAIN
CK 5499,4,MAIN
CK 5503,0,MAIN
CK 5506,15,MAIN
CK 5507,0,MAIN
CK 5509,11,MAIN
CK 5510,3,MAIN
CK 5511,15,MAIN
CK 5512,4,MAIN
CK 5513,15,MAIN
CK 5514,6,MAIN
CK 5515,6,MAIN
CK 5516,0,MAIN
CK 5519,8,MAIN
CK 5520,4,MAIN
CK 5521,4,MAIN
CK 5527,15,MAIN
CK 5528,15,MAIN
CK 5532,5,MAIN
CK 5535,7,MAIN
CK 5536,9,MAIN
CK 5539,2,MAIN
CK 5541,15,MAIN
CK 5544,15,MAIN
CK 5545,6,MAIN
CK 5546,0,MAIN
CK 5547,12,MAIN
CK 5549,3,MAIN
CK 5550,3,MAIN
CK 5551,6,MAIN
CK 5553,12,MAIN
CK 5554,4,MAIN
CK 5556,7,MAIN
CK 5557,6,MAIN
CK 5558,6,MAIN
CK 5559,0,MAIN
CK 5561,6,MAIN
CK 5562,15,MAIN
CK 5563,13,MAIN
CK 5564,3,MAIN
CK 5565,3,MAIN
CK 5567,5,MAIN
CK 5568,15,MAIN
CK 5568B,15,MAIN
CK 5571,15,MAIN
CK 5572B,15,MAIN
CK 5574B,15,MAIN
CK 5575,15,MAIN
CK 5575B,15,MAIN
CK 5576,8,MAIN
CK 5579,9,MAIN
CK 5580,9,MAIN
CK 5583,4,MAIN
CK 5583B,4,MAIN
CK 5584,15,MAIN
CK 5586,4,MAIN
CK 5586B,4,MAIN
CK 5589,2,MAIN
CK 5590,2,MAIN
CK 5591,15,MAIN
CK 5592,15,MAIN
CK 5593,5,MAIN
CK 5594,5,MAIN
CK 5595,3,MAIN
CK 5596,1,MAIN
CK 5597,1,MAIN
CK 5600,15,MAIN
CK 5601,15,MAIN
CK 5603,5,MAIN
CK 5604,5,MAIN
CK 5607,4,MAIN
CK 5608,1,MAIN
CK 5609,3,MAIN
CK 5610,3,MAIN
CK 5611,4,MAIN
CK 5612,6,MAIN
CK 5614,0,MAIN
CK 5616,3,MAIN
CK 5618,7,MAIN
CK 5619,14,MAIN
CK 5620,2,MAIN
CK 5621,2,MAIN
CK 5622,5,MAIN
CK 5624,15,MAIN
CK 5625,0,MAIN
CK 5626,12,MAIN
CK 5628,12,MAIN
CK 5629,4,MAIN
CK 5630,3,MAIN
CK 5631,15,MAIN
CK 5632,2,MAIN
CK 5633,2,MAIN
CK 5635,15,MAIN
CK 5636,13,MAIN
CK 5637,3,MAIN
CK 5639,3,MAIN
CK 5640,0,MAIN
CK 5641,3,MAIN
CK 5642,15,MAIN
CK 5643,3,MAIN
CK 5644,1,MAIN
CK 5645,4,MAIN
CK 5646,5,MAIN
CK 5647,1,MAIN
CK 5648,4,MAIN
CK 5649,5,MAIN
CK 5650,5,MAIN
CK 5652,2,MAIN
CK 5653,12,MAIN
CK 5654,3,MAIN
CK 5655,12,MAIN
CK 5656,12,MAIN
CK 5657,6,MAIN
CK 5658,6,MAIN
CK 5659,8,MAIN
CK 5660,5,MAIN
CK 5661,6,MAIN
CK 5662,5,MAIN
CK 5663,6,MAIN
CK 5664,5,MAIN
CK 5665,6,MAIN
CK 5666,5,MAIN
CK 5667,4,MAIN
CK 5668,6,MAIN
CK 5670,0,MAIN
CK 5671,6,MAIN
CK 5672,6,MAIN
CK 5673,8,MAIN
CK 5674,6,MAIN
CK 5676,6,MAIN
CK 5678,7,MAIN
CK 5679,1,MAIN
CK 5680,1,MAIN
CK 5681,4,MAIN
CK 5682,0,MAIN
CK 5683,1,MAIN
CK 5684,1,MAIN
CK 5685,5,MAIN
CK 5686,4,MAIN
CK 5689,6,MAIN
CK 5691,3,MAIN
CK 5692,3,MAIN
CK 5693B,7,MAIN
CK 5694,1,MAIN
CK 5695,0,MAIN
CK 5696,0,MAIN
CK 5698,0,MAIN
CK 5699,0,MAIN
CK 5700,12,MAIN
CK 5701,3,MAIN
CK 5702,0,MAIN
CK 5703,13,MAIN
CK 5704,2,MAIN
CK 5705,1,MAIN
CK 5706,2,MAIN
CK 5707,8,MAIN
CK 5708,6,MAIN
CK 5709,6,MAIN
CK 5710,8,MAIN
CK 5711,8,MAIN
CK 5717,2,MAIN
CK 5718,2,MAIN
CK 5719,2,MAIN
CK 5720,2,MAIN
CK 5721,8,MAIN
CK 5722,6,MAIN
CK 5723,6,MAIN
CK 5728,0,MAIN
CK 5755,10,MAIN
CK 5763,3,MAIN
CK 5773,1,MAIN
CK 5779,2,MAIN
CK 5786,0,MAIN
CK 5787,3,MAIN
CK 5788,1,MAIN
CK 5789,1,MAIN
CK 5790,1,MAIN
CK 5792,1,MAIN
CK 5795,0,MAIN
CK 5798,3,MAIN
CK 5799,3,MAIN
CK 5800,12,MAIN
CK 5801,1,MAIN
CK 5802,5,MAIN
CK 5803B,12,MAIN
CK 5805,0,MAIN
CK 5806,15,MAIN
CK 5807,8,MAIN
CK 5808,1,MAIN
CK 5809,10,MAIN
CK 5811,8,MAIN
CK 5812,2,MAIN
CK 5813B,15,MAIN
CK 5815,3,MAIN
CK 5816,9,MAIN
CK 5818B,10,MAIN
CK 5821,0,MAIN
CK 5822,3,MAIN
CK 5823,4,MAIN
CK 5824,0,MAIN
CK 5826,13,MAIN
CK 5827,13,MAIN
CK 5831B,12,MAIN
CK 5832B,15,MAIN
CK 5835,8,MAIN
CK 5836,12,MAIN
CK 5837,9,MAIN
CK 5838,4,MAIN
CK 5839,4,MAIN
CK 5845,0,MAIN
CK 5846,1,MAIN
CK 5847,0,MAIN
CK 5848,0,MAIN
CK 5849,0,MAIN
CK 5851,0,MAIN
CK 5852,0,MAIN
CK 5853,0,MAIN
CK 5854,0,MAIN
CK 5856,0,MAIN
CK 5858,0,MAIN
CK 5859B,5,MAIN
CK 5860B,15,MAIN
CK 5861,5,MAIN
CK 5863,15,MAIN
CK 5866,4,MAIN
CK 5867,2,MAIN
CK 5869,1,MAIN
CK 5870,0,MAIN
CK 5874,7,MAIN
CK 5875,7,MAIN
CK 5877,2,MAIN
CK 5879,4,MAIN
CK 5880,4,MAIN
CK 5881,7,MAIN
CK 5882,0,MAIN
CK 5884,10,MAIN
CK 5885,10,MAIN
CK 5887,13,MAIN
CK 5894,0,MAIN
CK 5896,5,MAIN
CK 5897,15,MAIN
CK 5898,15,MAIN
CK 5900,13,MAIN
CK 5901,1,MAIN
CK 5904,12,MAIN
CK 5905,3,MAIN
CK 5906,5,MAIN
CK 5907,5,MAIN
CK 5908,6,MAIN
CK 5909,7,MAIN
CK 5910,6,MAIN
CK 5911,1,MAIN
CK 5912,3,MAIN
CK 5913,3,MAIN
CK 5914,4,MAIN
CK 5915,3,MAIN
CK 5916,3,MAIN
CK 5917,5,MAIN
CK 5919,5,MAIN
CK 5921,2,MAIN
CK 5922,2,MAIN
CK 5923,15,MAIN
CK 5927,7,MAIN
CK 5928,5,MAIN
CK 5929,0,MAIN
CK 5930,0,MAIN
CK 5931,0,MAIN
CK 5932,0,MAIN
CK 5933,0,MAIN
CK 5934,0,MAIN
CK 5935,0,MAIN
CK 5936,14,MAIN
CK 5937,14,MAIN
CK 5938,9,MAIN
CK 5943,1,MAIN
CK 5944,0,MAIN
CK 5945,2,MAIN
CK 5946,2,MAIN
CK 5949,5,MAIN
CK 5950,15,MAIN
CK 5951,0,MAIN
CK 5952,1,MAIN
CK 5953,3,MAIN
CK 5954,1,MAIN
CK 5956,5,MAIN
CK 5957,15,MAIN
CK 5958,2,MAIN
CK 5959,2,MAIN
CK 5963,0,MAIN
CK 5964,0,MAIN
CK 5971,4,MAIN
CK 5973,4,MAIN
CK 5975,6,MAIN
CK 5976,7,MAIN
CK 5977B,12,MAIN
CK 5978,15,MAIN
CK 5979,2,MAIN
CK 5980,3,MAIN
CK 5981,3,MAIN
CK 5982,3,MAIN
CK 5984,1,MAIN
CK 5985,1,MAIN
CK 5986,15,MAIN
CK 5988,0,MAIN
CK 5989,1,MAIN
CK 5992,2,MAIN
CK 5993,3,MAIN
CK 5995,9,MAIN
CK 5996,8,MAIN
CK 5997,10,MAIN
CK 5999,0,MAIN
CK 6000,3,MAIN
CK 6003,6,MAIN
CK 6004,1,MAIN
CK 6005,1,MAIN
CK 6013,3,MAIN
CK 6015,1,MAIN
CK 6017,15,MAIN
CK 6018,11,MAIN
CK 6019,15,MAIN
CK 6023,7,MAIN
CK 6025,1,MAIN
CK 6026,0,MAIN
CK 6027,0,MAIN
CK 6028,15,MAIN
CK 6029,9,MAIN
CK 6033,2,MAIN
CK 6034,15,MAIN
CK 6037,4,MAIN
CK 6038,4,MAIN
CK 6039,6,MAIN
CK 6042,3,MAIN
CK 6043,4,MAIN
CK 6044,1,MAIN
CK 6045,4,MAIN
CK 6046,15,MAIN
CK 6048,0,MAIN
CK 6049,0,MAIN
CK 6050,5,MAIN
CK 6051,1,MAIN
CK 6052,1,MAIN
CK 6053,0,MAIN
CK 6055,0,MAIN
CK 6056,0,MAIN
CK 6057,0,MAIN
CK 6058,12,MAIN
CK 6059,4,MAIN
CK 6061,0,MAIN
CK 6062B,0,MAIN
CK 6063B,0,MAIN
CK 6064,4,MAIN
CK 6065,4,MAIN
CK 6066,3,MAIN
CK 6069,0,MAIN
CK 6070,0,MAIN
CK 6071,0,MAIN
CK 6072,2,MAIN
CK 6073,2,MAIN
CK 6074,8,MAIN
CK 6075,2,MAIN
CK 6076,8,MAIN
CK 6077,15,MAIN
CK 6078,11,MAIN
CK 6079,15,MAIN
CK 6082,2,MAIN
CK 6083,0,MAIN
CK 6084,3,MAIN
CK 6085,6,MAIN
CK 6086,15,MAIN
CK 6088,10,MAIN
CK 6090,11,MAIN
CK 6091,0,MAIN
CK 6093,4,MAIN
CK 6094,1,MAIN
CK 6095,4,MAIN
CK 6096,0,MAIN
CK 6097,1,MAIN
CK 6098,6,MAIN
CK 6099,4,MAIN
CK 6101,4,MAIN
CK 6102,8,MAIN
CK 6103,8,MAIN
CK 6104,5,MAIN
CK 6105B,9,MAIN
CK 6106,2,MAIN
CK 6107,3,MAIN
CK 6108,2,MAIN
CK 6109,4,MAIN
CK 6112,0,MAIN
CK 6114,3,MAIN
CK 6115,5,MAIN
CK 6116,11,MAIN
CK 6120,5,MAIN
CK 6122,0,MAIN
CK 6123,2,MAIN
CK 6125,0,MAIN
CK 6128,2,MAIN
CK 6129,0,MAIN
CK 6130,2,MAIN
CK 6131,0,MAIN
CK 6132,5,MAIN
CK 6133,4,MAIN
CK 6136,7,MAIN
CK 6137,0,MAIN
CK 6138,0,MAIN
CK 6139,6,MAIN
CK 6143,6,MAIN
CK 6144,2,MAIN
CK 6145,0,MAIN
CK 6146,0,MAIN
CK 6147,0,MAIN
CK 6148,0,MAIN
CK 6149,3,MAIN
CK 6151,3,MAIN
CK 6152,0,MAIN
CK 6153,1,MAIN
CK 6155,0,MAIN
CK 6156,0,MAIN
CK 6157,3,MAIN
CK 6158,15,MAIN
CK 6159,2,MAIN
CK 6160,3,MAIN
CK 6161,0,MAIN
CK 6162,2,MAIN
CK 6164,4,MAIN
CK 6165,4,MAIN
CK 6166,0,MAIN
CK 6167,1,MAIN
CK 6168,0,MAIN
CK 6169,0,MAIN
CK 6170,3,MAIN
CK 6172,3,MAIN
CK 6174,1,MAIN
CK 6175,0,MAIN
CK 6177,1,MAIN
CK 6178,0,MAIN
CK 6180,5,MAIN
CK 6181,1,MAIN
CK 6182,3,MAIN
CK 6183,1,MAIN
CK 6184,0,MAIN
CK 6186,3,MAIN
CK 6187,3,MAIN
CK 6191,1,MAIN
CK 6192,1,MAIN
CK 6194,7,MAIN
CK 6195,7,MAIN
CK 6196,3,MAIN
CK 6197,3,MAIN
CK 6198,5,MAIN
CK 6200,4,MAIN
CK 6201,2,MAIN
CK 6202,2,MAIN
CK 6203,2,MAIN
CK 6204,12,MAIN
CK 6206,0,MAIN
CK 6207,6,MAIN
CK 6208,4,MAIN
CK 6209,4,MAIN
CK 6210,4,MAIN
CK 6211,4,MAIN
CK 6212,7,MAIN
CK 6213,0,MAIN
CK 6217,11,MAIN
CK 6218,2,MAIN
CK 6220,0,MAIN
CK 6221,0,MAIN
CK 6222,0,MAIN
CK 6224,0,MAIN
CK 6225,0,MAIN
CK 6226,0,MAIN
CK 6228,0,MAIN
CK 6229,0,MAIN
CK 6230,3,MAIN
CK 6231,3,MAIN
CK 6232,1,MAIN
CK 6233,2,MAIN
CK 6234,1,MAIN
CK 6235,1,MAIN
CK 6238,0,MAIN
CK 6239,1,MAIN
CK 6240,1,MAIN
CK 6241,11,MAIN
CK 6242,2,MAIN
CK 6243,0,MAIN
CK 6247,10,MAIN
CK 6248,3,MAIN
CK 6249,1,MAIN
CK 6250,1,MAIN
CK 6251,2,MAIN
CK 6252,3,MAIN
CK 6254,5,MAIN
CK 6255,3,MAIN
CK 6256,0,MAIN
CK 6257,1,MAIN
CK 6258,1,MAIN
CK 6260,13,MAIN
CK 6261,1,MAIN
CK 6262,4,MAIN
CK 6263,11,MAIN
CK 6268,0,MAIN
CK 6269,6,MAIN
CK 6271,12,MAIN
CK 6272,5,MAIN
CK 6273,2,MAIN
CK 6274,0,MAIN
CK 6275,3,MAIN
CK 6276,2,MAIN
CK 6277,2,MAIN
CK 6278,4,MAIN
CK 6279,8,MAIN
CK 6286,4,MAIN
CK 6287,0,MAIN
CK 6288,12,MAIN
CK 6289,12,MAIN
CK 6290,8,MAIN
CK 6291,0,MAIN
CK 6295,2,MAIN
CK 6296,7,MAIN
CK 6297,7,MAIN
CK 6298,3,MAIN
CK 6300,3,MAIN
CK 6301,3,MAIN
CK 6302,4,MAIN
CK 6303,3,MAIN
CK 6304,1,MAIN
CK 6305,0,MAIN
CK 6306,0,MAIN
CK 6312,3,MAIN
CK 6313,2,MAIN
CK 6314,5,MAIN
CK 6315,3,MAIN
CK 6316,13,MAIN
CK 6317,2,MAIN
CK 6318,2,MAIN
CK 6319,1,MAIN
CK 6320,7,MAIN
CK 6322,3,MAIN
CK 6324,2,MAIN
CK 6325,6,MAIN
CK 6326,1,MAIN
CK 6327,1,MAIN
CK 6328,1,MAIN
CK 6329,15,MAIN
CK 6330,2,MAIN
CK 6332,9,MAIN
CK 6333,8,MAIN
CK 6335,1,MAIN
CK 6336,5,MAIN
CK 6337,5,MAIN
CK 6338,0,MAIN
CK 6339,4,MAIN
CK 6340,4,MAIN
CK 6343,0,MAIN
CK 6344,13,MAIN
CK 6345,6,MAIN
CK 6346,8,MAIN
CK 6347,1,MAIN
CK 6348B,15,MAIN
CK 6349,7,MAIN
CK 6351,6,MAIN
CK 6352,13,MAIN
CK 6353,9,MAIN
CK 6354,7,MAIN
CK 6355,6,MAIN
CK 6357,0,MAIN
CK 6358,8,MAIN
CK 6359,15,MAIN
CK 6361,0,MAIN
CK 6372,12,MAIN
CK 6373,12,MAIN
CK 6374,12,MAIN
CK 6382,0,MAIN
CK 6383,4,MAIN
CK 6385,6,MAIN
CK 6386,2,MAIN
CK 6387,3,MAIN
CK 6388,2,MAIN
CK 6393,0,MAIN
CK 6395,6,MAIN
CK 6396,6,MAIN
CK 6397,6,MAIN
CK 6398,3,MAIN
CK 6399,5,MAIN
CK 6408,10,MAIN
CK 6409,8,MAIN
CK 6410,2,MAIN
CK 6411,1,MAIN
CK 6420,1,MAIN
CK 6421,2,MAIN
CK 6427,0,MAIN
CK 6428,4,MAIN
CK 6429,6,MAIN
CK 6430,4,MAIN
CK 6431,6,MAIN
CK 6433,8,MAIN
CK 6434,2,MAIN
CK 6435,2,MAIN
CK 6436,7,MAIN
CK 6437,0,MAIN
CK 6438,10,MAIN
CK 6439,10,MAIN
CK 6440,10,MAIN
CK 6441,5,MAIN
CK 6442,8,MAIN
CK 6443,0,MAIN
CK 6444,2,MAIN
CK 6445,0,MAIN
CK 6446,1,MAIN
CK 6447,0,MAIN
CK 6448,2,MAIN
CK 6449,0,MAIN
CK 6450,2,MAIN
CK 6451,0,MAIN
CK 6452,2,MAIN
CK 6453,0,MAIN
CK 6454,15,MAIN
CK 6455,5,MAIN
CK 6456,1,MAIN
CK 6457,0,MAIN
CK 6458,2,MAIN
CK 6459,2,MAIN
CK 6460,2,MAIN
CK 6461,0,MAIN
CK 6462,2,MAIN
CK 6463,2,MAIN
CK 6464,0,MAIN
CK 6465,2,MAIN
CK 6466,0,MAIN
CK 6467,8,MAIN
CK 6468,0,MAIN
CK 6469,0,MAIN
CK 6470,0,MAIN
CK 6471,2,MAIN
CK 6472,0,MAIN
CK 6473,1,MAIN
CK 6474,0,MAIN
CK 6475,2,MAIN
CK 6476,0,MAIN
CK 6477,1,MAIN
CK 6478,0,MAIN
CK 6479,4,MAIN
CK 6480,0,MAIN
CK 6481,0,MAIN
CK 6482,0,MAIN
CK 6483,2,MAIN
CK 6484,4,MAIN
CK 6485,0,MAIN
CK 6486,0,MAIN
CK 6487,0,MAIN
CK 6488,0,MAIN
CK 6489,0,MAIN
CK 6490,0,MAIN
CK 6491,0,MAIN
CK 6492,2,MAIN
CK 6493,2,MAIN
CK 6494,0,MAIN
CK 6495,2,MAIN
CK 6496,0,MAIN
CK 6497,0,MAIN
CK 6498,0,MAIN
CK 6499,0,MAIN
CK 6500,0,MAIN
CK 6501,2,MAIN
CK 6502,2,MAIN
CK 6503,0,MAIN
CK 6504,2,MAIN
CK 6505,0,MAIN
CK 6506,2,MAIN
CK 6507,0,MAIN
CK 6508,1,MAIN
CK 6509,1,MAIN
CK 6510,0,MAIN
CK 6511,0,MAIN
CK 6512,0,MAIN
CK 6513,0,MAIN
CK 6514,0,MAIN
CK 6515,0,MAIN
CK 6516,2,MAIN
CK 6517,0,MAIN
CK 6518,0,MAIN
CK 6519,0,MAIN
CK 6520,0,MAIN
CK 6521,0,MAIN
CK 6522,0,MAIN
CK 6523,2,MAIN
CK 6524,0,MAIN
CK 6525,0,MAIN
CK 6526,0,MAIN
CK 6527,0,MAIN
CK 6528,0,MAIN
CK 6529,2,MAIN
CK 6531,1,MAIN
CK 6532,1,MAIN
CK 6533,0,MAIN
CK 6534,1,MAIN
CK 6535,1,MAIN
CK 6536,0,MAIN
CK 6537,4,MAIN
CK 6538,2,MAIN
CK 6539,0,MAIN
CK 6541,5,MAIN
CK 6542,5,MAIN
CK 6543,5,MAIN
CK 6544,5,MAIN
CK 6545,0,MAIN
CK 6546,5,MAIN
CK 6547,5,MAIN
CK 6548,5,MAIN
CK 6549,5,MAIN
CK 6551,0,MAIN
CK 6552,12,MAIN
CK 6553,3,MAIN
CK 6554,4,MAIN
CK 6555,4,MAIN
CK 6556,4,MAIN
CK 6557,4,MAIN
CK 6558,0,MAIN
CK 6559,10,MAIN
CK 6560,5,MAIN
CK 6561,9,MAIN
CK 6562,10,MAIN
CK 6563,10,MAIN
CK 6564,0,MAIN
CK 6565,2,MAIN
CK 6566,2,MAIN
CK 6567,2,MAIN
CK 6568,2,MAIN
CK 6569,2,MAIN
CK 6570,0,MAIN
CK 6571,4,MAIN
CK 6572,1,MAIN
CK 6573,1,MAIN
CK 6574,1,MAIN
CK 6575,1,MAIN
CK 6576,1,MAIN
CK 6577,0,MAIN
CK 6578,5,MAIN
CK 6579,9,MAIN
CK 6580,15,MAIN
CK 6581,12,MAIN
CK 6582,0,MAIN
CK 6583,2,MAIN
CK 6584,0,MAIN
CK 6585,0,MAIN
CK 6586,2,MAIN
CK 6587,0,MAIN
CK 6588,2,MAIN
CK 6589,4,MAIN
CK 6590,6,MAIN
CK 6591,1,MAIN
CK 6592,1,MAIN
CK 6593,0,MAIN
CK 6594,2,MAIN
CK 6595,1,MAIN
CK 6596,2,MAIN
CK 6597,2,MAIN
CK 6598,2,MAIN
CK 6599,0,MAIN
CK 6600,2,MAIN
CK 6601,0,MAIN
CK 6602,0,MAIN
CK 6603,0,MAIN
CK 6604,0,MAIN
CK 6605,1,MAIN
CK 6606,1,MAIN
CK 6607,1,MAIN
CK 6608,1,MAIN
CK 6609,0,MAIN
CK 6610,2,MAIN
CK 6611,2,MAIN
CK 6612,2,MAIN
CK 6613,2,MAIN
CK 6614,2,MAIN
CK 6615,1,MAIN
CK 6616,1,MAIN
CK 6617,1,MAIN
CK 6618,4,MAIN
CK 6619,4,MAIN
CK 6620,5,MAIN
CK 6621,3,MAIN
CK 6622,2,MAIN
CK 6623,0,MAIN
CK 6624,0,MAIN
CK 6625,3,MAIN
CK 6626,2,MAIN
CK 6627,2,MAIN
CK 6628,0,MAIN
CK 6629,2,MAIN
CK 6630,2,MAIN
CK 6631,0,MAIN
CK 6632,1,MAIN
CK 6633,1,MAIN
CK 6634,0,MAIN
CK 6635,5,MAIN
CK 6636,5,MAIN
CK 6637,5,MAIN
CK 6638,5,MAIN
CK 6639,5,MAIN
CK 6640,0,MAIN
CK 6641,5,MAIN
CK 6642,5,MAIN
CK 6643,5,MAIN
CK 6644,5,MAIN
CK 6645,5,MAIN
CK 6646,0,MAIN
CK 6647,4,MAIN
CK 6648,4,MAIN
CK 6649,4,MAIN
CK 6650,4,MAIN
CK 6651,0,MAIN
CK 6652,10,MAIN
CK 6653,5,MAIN
CK 6654,9,MAIN
CK 6655,10,MAIN
CK 6656,10,MAIN
CK 6657,0,MAIN
CK 6658,2,MAIN
CK 6659,2,MAIN
CK 6660,2,MAIN
CK 6661,2,MAIN
CK 6662,2,MAIN
CK 6663,0,MAIN
CK 6664,4,MAIN
CK 6665,1,MAIN
CK 6666,1,MAIN
CK 6667,1,MAIN
CK 6668,1,MAIN
CK 6669,1,MAIN
CK 6670,0,MAIN
CK 6671,0,MAIN
CK 6672,5,MAIN
CK 6673,9,MAIN
CK 6674,0,MAIN
CK 6675,0,MAIN
CK 6676,0,MAIN
CK 6677,0,MAIN
CK 6678,2,MAIN
CK 6679,1,MAIN
CK 6680,1,MAIN
CK 6681,0,MAIN
CK 6682,0,MAIN
CK 6683,0,MAIN
CK 6684,0,MAIN
CK 6685,0,MAIN
CK 6686,0,MAIN
CK 6687,0,MAIN
CK 6688,2,MAIN
CK 6689,0,MAIN
CK 6690,2,MAIN
CK 6691,2,MAIN
CK 6692,0,MAIN
CK 6693,0,MAIN
CK 6694,2,MAIN
CK 6695,2,MAIN
CK 6696,0,MAIN
CK 6697,4,MAIN
CK 6698,0,MAIN
CK 6699,2,MAIN
CK 6700,0,MAIN
CK 6701,1,MAIN
CK 6702,2,MAIN
CK 6703,3,MAIN
CK 6704,3,MAIN
CK 6705,3,MAIN
CK 6706,3,MAIN
CK 6707,1,MAIN
CK 6708,0,MAIN
CK 6709,1,MAIN
CK 6710,2,MAIN
CK 6711,0,MAIN
CK 6712,0,MAIN
CK 6713,0,MAIN
CK 6714,0,MAIN
CK 6715,0,MAIN
CK 6716,0,MAIN
CK 6717,0,MAIN
CK 6718,4,MAIN
CK 6719,1,MAIN
CK 6720,1,MAIN
CK 6721,3,MAIN
CK 6722,8,MAIN
CK 6723,15,MAIN
CK 6724,5,MAIN
CK 6725,0,MAIN
CK 6726,0,MAIN
CK 6727,2,MAIN
CK 6728,0,MAIN
CK 6729,1,MAIN
CK 6730,0,MAIN
CK 6731,3,MAIN
CK 6732,8,MAIN
CK 6733,15,MAIN
CK 6734,15,MAIN
CK 6735,15,MAIN
CK 6736,8,MAIN
CK 6737,1,MAIN
CK 6738,1,MAIN
CK 6739,1,MAIN
CK 6740,1,MAIN
CK 6741,0,MAIN
CK 6742,3,MAIN
CK 6743,3,MAIN
CK 6744,3,MAIN
CK 6745,3,MAIN
CK 6746,0,MAIN
CK 6747,3,MAIN
CK 6748,3,MAIN
CK 6749,3,MAIN
CK 6750,3,MAIN
CK 6751,0,MAIN
CK 6752,3,MAIN
CK 6753,0,MAIN
CK 6754,1,MAIN
CK 6755,2,MAIN
CK 6756,2,MAIN
CK 6757,2,MAIN
CK 6758,2,MAIN
CK 6759,2,MAIN
CK 6760,6,MAIN
CK 6761,6,MAIN
CK 6762,8,MAIN
CK 6763,9,MAIN
CK 6764,9,MAIN
CK 6765,9,MAIN
CK 6766,8,MAIN
CK 6767,9,MAIN
CK 6768,15,MAIN
CK 6769,15,MAIN
CK 6770,12,MAIN
CK 6771,5,MAIN
CK 6772,15,MAIN
CK 6773,0,MAIN
CK 6774,14,MAIN
CK 6775,6,MAIN
CK 6776,14,MAIN
CK 6777,14,MAIN
CK 6778,1,MAIN
CK 6779,0,MAIN
CK 6780,6,MAIN
CK 6781,9,MAIN
CK 6782,5,MAIN
CK 6783,5,MAIN
CK 6784,5,MAIN
CK 6785,5,MAIN
CK 6786,5,MAIN
CK 6787,5,MAIN
CK 6788,4,MAIN
CK 6789,4,MAIN
CK 6790,2,MAIN
CK 6791,4,MAIN
CK 6792,1,MAIN
CK 6793,4,MAIN
CK 6794,0,MAIN
CK 6795,10,MAIN
CK 6796,5,MAIN
CK 6797,9,MAIN
CK 6798,10,MAIN
CK 6799,10,MAIN
CK 6800,0,MAIN
CK 6801,2,MAIN
CK 6802,2,MAIN
CK 6803,2,MAIN
CK 6804,2,MAIN
CK 6805,2,MAIN
CK 6806,1,MAIN
CK 6807,2,MAIN
CK 6808,2,MAIN
CK 6809,0,MAIN
CK 6810,4,MAIN
CK 6811,1,MAIN
CK 6812,1,MAIN
CK 6813,1,MAIN
CK 6814,1,MAIN
CK 6815,1,MAIN
CK 6816,0,MAIN
CK 6817,5,MAIN
CK 6818,9,MAIN
CK 6819,15,MAIN
CK 6820,12,MAIN
CK 6821,0,MAIN
CK 6822,0,MAIN
CK 6823,7,MAIN
CK 6824,7,MAIN
CK 6825,0,MAIN
CK 6826,2,MAIN
CK 6827,0,MAIN
CK 6828,0,MAIN
CK 6829,0,MAIN
CK 6830,0,MAIN
CK 6831,1,MAIN
CK 6832,1,MAIN
CK 6833,0,MAIN
CK 6834,1,MAIN
CK 6835,1,MAIN
CK 6836,1,MAIN
CK 6837,0,MAIN
CK 6838,2,MAIN
CK 6839,0,MAIN
CK 6840,0,MAIN
CK 6841,2,MAIN
CK 6842,2,MAIN
CK 6843,2,MAIN
CK 6844,13,MAIN
CK 6845,10,MAIN
CK 6846,9,MAIN
CK 6847,9,MAIN
CK 6848,3,MAIN
CK 6849,0,MAIN
CK 6850,1,MAIN
CK 6851,1,MAIN
CK 6852,1,MAIN
CK 6853,6,MAIN
CK 6854,0,MAIN
CK 6855,1,MAIN
CK 6856,4,MAIN
CK 6857,5,MAIN
CK 6858,10,MAIN
CK 6859,0,MAIN
CK 6860,0,MAIN
CK 6861,0,MAIN
CK 6862,0,MAIN
CK 6863,0,MAIN
CK 6864,0,MAIN
CK 6865,0,MAIN
CK 6866,5,MAIN
CK 6867,4,MAIN
CK 6868,4,MAIN
CK 6869,0,MAIN
CK 6870,0,MAIN
CK 6871,0,MAIN
CK 6872,0,MAIN
CK 6873,0,MAIN
CK 6874,0,MAIN
CK 6875,0,MAIN
CK 6876,0,MAIN
CK 6877,0,MAIN
CK 6878,0,MAIN
CK 6879,0,MAIN
CK 6880,0,MAIN
CK 6881,0,MAIN
CK 6882,0,MAIN
CK 6883,0,MAIN
CK 6884,0,MAIN
CK 6885,0,MAIN
CK 6886,0,MAIN
CK 6887,0,MAIN
CK 6888,0,MAIN
CK 6889,0,MAIN
CK 6890,0,MAIN
CK 6891,0,MAIN
CK 6892,0,MAIN
CK 6893,0,MAIN
CK 6894,0,MAIN
CK 6895,0,MAIN
CK 6896,0,MAIN
CK 6897,0,MAIN
CK 6898,0,MAIN
CK 6899,0,MAIN
CK 6900,0,MAIN
CK 6901,0,MAIN
CK 6902,0,MAIN
CK 6903,0,MAIN
CK 6904,0,MAIN
CK 6905,0,MAIN
CK 6906,0,MAIN
CK 6907,0,MAIN
CK 6908,0,MAIN
CK 6909,0,MAIN
CK 6910,0,MAIN
CK 6911,0,MAIN
CK 6912,0,MAIN
CK 6913,0,MAIN
CK 6914,0,MAIN
CK 6915,0,MAIN
CK 6916,0,MAIN
CK 6917,0,MAIN
CK 6918,5,MAIN
CK 6919,0,MAIN
CK 6920,1,MAIN
CK 6921,5,MAIN
CK 6922,5,MAIN
CK 6923,0,MAIN
CK 6924,5,MAIN
CK 6925,5,MAIN
CK 6926,0,MAIN
CK 6927,4,MAIN
CK 6928,0,MAIN
CK 6929,0,MAIN
CK 6930,0,MAIN
CK 6931,0,MAIN
CK 6932,0,MAIN
CK 6933,0,MAIN
CK 6934,0,MAIN
CK 6935,0,MAIN
CK 6936,0,MAIN
CK 6937,0,MAIN
CK 6938,0,MAIN
CK 6939,0,MAIN
CK 6940,0,MAIN
CK 6941,0,MAIN
CK 6942,0,MAIN
CK 6943,0,MAIN
CK 6944,0,MAIN
CK 6945,0,MAIN
CK 6946,0,MAIN
CK 6947,0,MAIN
CK 6948,0,MAIN
CK 6949,0,MAIN
CK 6950,0,MAIN
CK 6951,0,MAIN
CK 6952,0,MAIN
CK 6953,0,MAIN
CK 6954,0,MAIN
CK 6955,1,MAIN
CK 6956,0,MAIN
CK 6957,1,MAIN
CK 6958,0,MAIN
CK 6959,1,MAIN
CK 6960,1,MAIN
CK 6961,1,MAIN
CK 6962,0,MAIN
CK 6963,1,MAIN
CK 6964,0,MAIN
CK 6965,0,MAIN
CK 6966,1,MAIN
CK 6967,0,MAIN
CK 6968,0,MAIN
CK 6969,0,MAIN
CK 6970,1,MAIN
CK 6971,0,MAIN
CK 6972,1,MAIN
CK 6973,1,MAIN
CK 6974,0,MAIN
CK 6975,1,MAIN
CK 6976,0,MAIN
CK 6977,0,MAIN
CK 6978,0,MAIN
CK 6979,2,MAIN
CK 6980,0,MAIN
CK 6981,3,MAIN
CK 6982,3,MAIN
CK 6983,0,MAIN
CK 6984,0,MAIN
CK 6985,0,MAIN
CK 6986,1,MAIN
CK 6987,0,MAIN
CK 6988,0,MAIN
CK 6989,0,MAIN
CK 6990,2,MAIN
CK 6991,0,MAIN
CK 6992,0,MAIN
CK 6993,0,MAIN
CK 6994,0,MAIN
CK 6995,2,MAIN
CK 6996,2,MAIN
CK 6997,0,MAIN
CK 6998,0,MAIN
CK 6999,0,MAIN
CK 7000,2,MAIN
CK 7001,0,MAIN
CK 7002,0,MAIN
CK 7003,0,MAIN
CK 7004,2,MAIN
CK 7005,2,MAIN
CK 7006,0,MAIN
CK 7007,2,MAIN
CK 7008,0,MAIN
CK 7009,0,MAIN
CK 7010,0,MAIN
CK 7011,0,MAIN
CK 7012,0,MAIN
CK 7013,0,MAIN
CK 7014,0,MAIN
CK 7015,0,MAIN
CK 7016,0,MAIN
CK 7017,0,MAIN
CK 7018,0,MAIN
CK 7019,0,MAIN
CK 7020,0,MAIN
CK 7021,0,MAIN
CK 7022,0,MAIN
CK 7023,0,MAIN
CK 7024,0,MAIN
CK 7025,0,MAIN
CK 7026,0,MAIN
CK 7027,1,MAIN
CK 7028,1,MAIN
CK 7029,3,MAIN
CK 7030,5,MAIN
CK 7031,4,MAIN
CK 7032,5,MAIN
CK 7033,0,MAIN
CK 7034,1,MAIN
CK 7035,1,MAIN
CK 7036,1,MAIN
CK 7037,0,MAIN
CK 7038,1,MAIN
CK 7039,1,MAIN
CK 7040,3,MAIN
CK 7041,0,MAIN
CK 7042,1,MAIN
CK 7043,0,MAIN
CK 7044,0,MAIN
CK 7045,0,MAIN
CK 7046,0,MAIN
CK 7047,3,MAIN
CK 7048,0,MAIN
CK 7049,3,MAIN
CK 7050,0,MAIN
CK 7051,4,MAIN
CK 7052,4,MAIN
CK 7053,3,MAIN
CK 7054,1,MAIN
CK 7055,1,MAIN
CK 7056,15,MAIN
CK 7057,1,MAIN
CK 7058,1,MAIN
CK 7059,0,MAIN
CK 7060,15,MAIN
CK 7061,2,MAIN
CK 7062,0,MAIN
CK 7063,4,MAIN
CK 7064,0,MAIN
CK 7065,0,MAIN
CK 7066,0,MAIN
CK 7067,1,MAIN
CK 7068,5,MAIN
CK 7069,5,MAIN
CK 7070,5,MAIN
CK 7071,0,MAIN
CK 7072,5,MAIN
CK 7073,5,MAIN
CK 7074,5,MAIN
CK 7075,10,MAIN
CK 7076,0,MAIN
CK 7077,2,MAIN
CK 7078,2,MAIN
CK 7079,0,MAIN
CK 7080,4,MAIN
CK 7081,1,MAIN
CK 7082,1,MAIN
CK 7083,1,MAIN
CK 7084,0,MAIN
CK 7085,5,MAIN
CK 7086,9,MAIN
CK 7087,15,MAIN
CK 7088,0,MAIN
CK 7089,5,MAIN
CK 7090,5,MAIN
CK 7091,5,MAIN
CK 7092,5,MAIN
CK 7093,4,MAIN
CK 7094,4,MAIN
CK 7095,9,MAIN
CK 7096,2,MAIN
CK 7097,2,MAIN
CK 7098,1,MAIN
CK 7099,1,MAIN
CK 7100,5,MAIN
CK 7101,9,MAIN
CK 7102,2,MAIN
CK 7103,2,MAIN
CK 7104,0,MAIN
CK 7105,3,MAIN
CK 7106,3,MAIN
CK 7107,0,MAIN
CK 7108,4,MAIN
CK 7109,4,MAIN
CK 7110,3,MAIN
CK 7111,2,MAIN
CK 7112,0,MAIN
CK 7113,4,MAIN
CK 7114,10,MAIN
CK 7115,4,MAIN
CK 7116,1,MAIN
CK 7117,0,MAIN
CK 7118,15,MAIN
CK 7119,0,MAIN
CK 7120,8,MAIN
CK 7121,3,MAIN
CK 7122,8,MAIN
CK 7123,3,MAIN
CK 7124,5,MAIN
CK 7125,0,MAIN
CK 7126,2,MAIN
CK 7127,0,MAIN
CK 7128,0,MAIN
CK 7129,5,MAIN
CK 7130,0,MAIN
CK 7131,0,MAIN
CK 7132,0,MAIN
CK 7133,6,MAIN
CK 7134,4,MAIN
CK 7135,4,MAIN
CK 7136,0,MAIN
CK 7137,0,MAIN
CK 7138,0,MAIN
CK 7139,0,MAIN
CK 7140,3,MAIN
CK 7141,4,MAIN
CK 7142,10,MAIN
CK 7143,4,MAIN
CK 7144,0,MAIN
CK 7145,12,MAIN
CK 7146,0,MAIN
CK 7147,0,MAIN
CK 7148,11,MAIN
CK 7149,2,MAIN
CK 7150,0,MAIN
CK 7151,0,MAIN
CK 7152,7,MAIN
CK 7153,1,MAIN
CK 7154,15,MAIN
CK 7155,0,MAIN
CK 7156,0,MAIN
CK 7157,0,MAIN
CK 7158,0,MAIN
CK 7159,0,MAIN
CK 7160,0,MAIN
CK 7161,0,MAIN
CK 7162,0,MAIN
CK 7163,0,MAIN
CK 7164,0,MAIN
CK 7165,0,MAIN
CK 7166,0,MAIN
CK 7167,0,MAIN
CK 7168,2,MAIN
CK 7169,0,MAIN
CK 7170,1,MAIN
CK 7171,0,MAIN
CK 7172,0,MAIN
CK 7173,2,MAIN
CK 7174,0,MAIN
CK 7175,0,MAIN
CK 7176,0,MAIN
CK 7177,0,MAIN
CK 7178,0,MAIN
CK 7179,0,MAIN
CK 7180,0,MAIN
CK 7181,5,MAIN
CK 7182,5,MAIN
CK 7183,7,MAIN
CK 7184,0,MAIN
CK 7185,15,MAIN
CK 7186,2,MAIN
CK 7187,15,MAIN
CK 7188,15,MAIN
CK 7189,4,MAIN
CK 7190,4,MAIN
CK 7191,4,MAIN
CK 7192,4,MAIN
CK 7193,0,MAIN
CK 7194,1,MAIN
CK 7195,0,MAIN
CK 7196,2,MAIN
CK 7197,2,MAIN
CK 7198,0,MAIN
CK 7199,0,MAIN
CK 7200,0,MAIN
CK 7201,0,MAIN
CK 7202,0,MAIN
CK 7203,3,MAIN
CK 7204,1,MAIN
CK 7205,1,MAIN
CK 7206,0,MAIN
CK 7207,1,MAIN
CK 7208,0,MAIN
CK 7209,0,MAIN
CK 7210,0,MAIN
CK 7211,0,MAIN
CK 7212,0,MAIN
CK 7213,0,MAIN
CK 7214,0,MAIN
CK 7215,0,MAIN
CK 7216,1,MAIN
CK 7217,0,MAIN
CK 7218,1,MAIN
CK 7219,1,MAIN
CK 7220,1,MAIN
CK 7221,2,MAIN
CK 7222,2,MAIN
CK 7223,2,MAIN
CK 7224,3,MAIN
CK 7225,3,MAIN
CK 7226,2,MAIN
CK 7227,2,MAIN
CK 7228,4,MAIN
CK 7229,0,MAIN
CK 7230,1,MAIN
CK 7231,7,MAIN
CK 7232,0,MAIN
CK 7233,3,MAIN
CK 7234,7,MAIN
CK 7235,9,MAIN
CK 7236,1,MAIN
CK 7237,4,MAIN
CK 7238,4,MAIN
CK 7239,2,MAIN
CK 7240,2,MAIN
CK 7241,4,MAIN
CK 7242,4,MAIN
CK 7243,0,MAIN
CK 7244,0,MAIN
CK 7245,0,MAIN
CK 7246,0,MAIN
CK 7247,1,MAIN
CK 7248,0,MAIN
CK 7249,1,MAIN
CK 7250,0,MAIN
CK 7251,1,MAIN
CK 7252,0,MAIN
CK 7253,1,MAIN
CK 7254,0,MAIN
CK 7255,1,MAIN
CK 7256,0,MAIN
CK 7257,1,MAIN
CK 7258,0,MAIN
CK 7259,0,MAIN
CK 7260,0,MAIN
CK 7261,1,MAIN
CK 7262,0,MAIN
CK 7263,0,MAIN
CK 7264,1,MAIN
CK 7265,0,MAIN
CK 7266,0,MAIN
CK 7267,0,MAIN
CK 7268,0,MAIN
CK 7269,0,MAIN
CK 7270,1,MAIN
CK 7271,1,MAIN
CK 7272,1,MAIN
CK 7273,1,MAIN
CK 7274,3,MAIN
CK 7275,2,MAIN
CK 7276,5,MAIN
CK 7277,8,MAIN
CK 7278,0,MAIN
CK 7279,9,MAIN
CK 7280,9,MAIN
CK 7281,0,MAIN
CK 7282,1,MAIN
CK 7283,1,MAIN
CK 7284,1,MAIN
CK 7285,0,MAIN
CK 7286,4,MAIN
CK 7287,4,MAIN
CK 7288,0,MAIN
CK 7289,0,MAIN
CK 7290,2,MAIN
CK 7291,3,MAIN
CK 7292,4,MAIN
CK 7293,0,MAIN
CK 7294,4,MAIN
CK 7295,0,MAIN
CK 7296,7,MAIN
CK 7297,8,MAIN
CK 7298,8,MAIN
CK 7299,1,MAIN
CK 7300,5,MAIN
CK 7301,9,MAIN
CK 7302,9,MAIN
CK 7303,10,MAIN
CK 7304,15,MAIN
CK 7305,2,MAIN
CK 7306,15,MAIN
CK 7307,2,MAIN
CK 7308,2,MAIN
CK 7309,10,MAIN
CK 7310,10,MAIN
CK 7311,15,MAIN
CK 7312,4,MAIN
CK 7313,2,MAIN
CK 7314,5,MAIN
CK 7315,5,MAIN
CK 7316,14,MAIN
CK 7317,2,MAIN
CK 7318,2,MAIN
CK 7319,3,MAIN
CK 7320,15,MAIN
CK 7321,4,MAIN
CK 7322,2,MAIN
CK 7323,0,MAIN
CK 7324,2,MAIN
CK 7325,2,MAIN
CK 7326,1,MAIN
CK 7327,1,MAIN
CK 7328,0,MAIN
CK 7329,0,MAIN
CK 7330,7,MAIN
CK 7331,7,MAIN
CK 7332,7,MAIN
CK 7333,7,MAIN
CK 7334,6,MAIN
CK 7335,7,MAIN
CK 7336,7,MAIN
CK 7337,6,MAIN
CK 7338,5,MAIN
CK 7339,5,MAIN
CK 7340,5,MAIN
CK 7341,5,MAIN
CK 7342,0,MAIN
CK 7343,4,MAIN
CK 7344,5,MAIN
CK 7345,8,MAIN
CK 7346,2,MAIN
CK 7347,4,MAIN
CK 7348,1,MAIN
CK 7349,1,MAIN
CK 7350,5,MAIN
CK 7351,8,MAIN
CK 7352,1,MAIN
CK 7353,1,MAIN
CK 7354,3,MAIN
CK 7355,3,MAIN
CK 7356,3,MAIN
CK 7357,3,MAIN
CK 7358,0,MAIN
CK 7359,1,MAIN
CK 7360,1,MAIN
CK 7361,0,MAIN
CK 7362,3,MAIN
CK 7363,3,MAIN
CK 7364,3,MAIN
CK 7365,3,MAIN
CK 7366,0,MAIN
CK 7367,3,MAIN
CK 7368,3,MAIN
CK 7369,3,MAIN
CK 7370,3,MAIN
CK 7371,3,MAIN
CK 7372,0,MAIN
CK 7373,3,MAIN
CK 7374,3,MAIN
CK 7375,3,MAIN
CK 7376,3,MAIN
CK 7377,3,MAIN
CK 7378,0,MAIN
CK 7379,2,MAIN
CK 7380,2,MAIN
CK 7381,2,MAIN
CK 7382,2,MAIN
CK 7383,0,MAIN
CK 7384,3,MAIN
CK 7385,1,MAIN
CK 7386,1,MAIN
CK 7387,1,MAIN
CK 7388,1,MAIN
CK 7389,0,MAIN
CK 7390,3,MAIN
CK 7391,3,MAIN
CK 7392,3,MAIN
CK 7393,3,MAIN
CK 7394,0,MAIN
CK 7395,2,MAIN
CK 7396,0,MAIN
CK 7397,2,MAIN
CK 7398,2,MAIN
CK 7399,0,MAIN
CK 7400,1,MAIN
CK 7401,6,MAIN
CK 7402,0,MAIN
CK 7403,0,MAIN
CK 7404,1,MAIN
CK 7405,0,MAIN
CK 7406,1,MAIN
CK 7407,0,MAIN
CK 7408,2,MAIN
CK 7409,0,MAIN
CK 7410,0,MAIN
CK 7411,0,MAIN
CK 7412,1,MAIN
CK 7413,0,MAIN
CK 7414,3,MAIN
CK 7415,0,MAIN
CK 7416,7,MAIN
CK 7417,0,MAIN
CK 7418,10,MAIN
CK 7419,6,MAIN
CK 7420,5,MAIN
CK 7421,5,MAIN
CK 7422,5,MAIN
CK 7423,5,MAIN
CK 7424,4,MAIN
CK 7425,9,MAIN
CK 7426,2,MAIN
CK 7427,2,MAIN
CK 7428,1,MAIN
CK 7429,1,MAIN
CK 7430,5,MAIN
CK 7431,9,MAIN
CK 7432,0,MAIN
CK 7433,6,MAIN
CK 7434,6,MAIN
CK 7435,5,MAIN
CK 7436,15,MAIN
CK 7437,6,MAIN
CK 7438,13,MAIN
CK 7439,2,MAIN
CK 7440,1,MAIN
CK 7441,1,MAIN
CK 7442,12,MAIN
CK 7443,5,MAIN
CK 7444,5,MAIN
CK 7445,0,MAIN
CK 7446,5,MAIN
CK 7447,5,MAIN
CK 7448,0,MAIN
CK 7449,4,MAIN
CK 7450,0,MAIN
CK 7451,10,MAIN
CK 7452,5,MAIN
CK 7453,0,MAIN
CK 7454,2,MAIN
CK 7455,2,MAIN
CK 7456,0,MAIN
CK 7457,4,MAIN
CK 7458,1,MAIN
CK 7459,1,MAIN
CK 7460,0,MAIN
CK 7461,5,MAIN
CK 7462,0,MAIN
CK 7463,1,MAIN
CK 7464,1,MAIN
CK 7465,0,MAIN
CK 7466,4,MAIN
CK 7467,2,MAIN
CK 7468,0,MAIN
CK 7469,0,MAIN
CK 7470,0,MAIN
CK 7471,0,MAIN
CK 7472,0,MAIN
CK 7473,0,MAIN
CK 7474,2,MAIN
CK 7475,2,MAIN
CK 7476,2,MAIN
CK 7477,5,MAIN
CK 7478,5,MAIN
CK 7479,0,MAIN
CK 7480,5,MAIN
CK 7481,5,MAIN
CK 7482,0,MAIN
CK 7483,4,MAIN
CK 7484,0,MAIN
CK 7485,10,MAIN
CK 7486,5,MAIN
CK 7487,0,MAIN
CK 7488,2,MAIN
CK 7489,2,MAIN
CK 7490,0,MAIN
CK 7491,4,MAIN
CK 7492,1,MAIN
CK 7493,1,MAIN
CK 7494,0,MAIN
CK 7495,5,MAIN
CK 7496,0,MAIN
CK 7497,4,MAIN
CK 7498,4,MAIN
CK 7499,0,MAIN
CK 7500,0,MAIN
CK 7501,0,MAIN
CK 7502,1,MAIN
CK 7503,1,MAIN
CK 7504,1,MAIN
CK 7505,1,MAIN
CK 7506,0,MAIN
CK 7507,1,MAIN
CK 7508,1,MAIN
CK 7509,1,MAIN
CK 7510,0,MAIN
CK 7511,1,MAIN
CK 7512,1,MAIN
CK 7513,1,MAIN
CK 7514,1,MAIN
CK 7515,1,MAIN
CK 7516,1,MAIN
CK 7517,0,MAIN
CK 7518,1,MAIN
CK 7519,1,MAIN
CK 7520,1,MAIN
CK 7521,1,MAIN
CK 7522,1,MAIN
CK 7523,0,MAIN
CK 7524,1,MAIN
CK 7525,1,MAIN
CK 7526,1,MAIN
CK 7527,1,MAIN
CK 7528,0,MAIN
CK 7529,1,MAIN
CK 7530,1,MAIN
CK 7531,1,MAIN
CK 7532,1,MAIN
CK 7533,1,MAIN
CK 7534,1,MAIN
CK 7535,1,MAIN
CK 7536,0,MAIN
CK 7537,1,MAIN
CK 7538,1,MAIN
CK 7539,1,MAIN
CK 7540,1,MAIN
CK 7541,1,MAIN
CK 7542,0,MAIN
CK 7543,1,MAIN
CK 7544,1,MAIN
CK 7545,1,MAIN
CK 7546,1,MAIN
CK 7547,1,MAIN
CK 7548,0,MAIN
CK 7549,1,MAIN
CK 7550,1,MAIN
CK 7551,1,MAIN
CK 7552,1,MAIN
CK 7553,1,MAIN
CK 7554,1,MAIN
CK 7555,1,MAIN
CK 7556,0,MAIN
CK 7557,1,MAIN
CK 7558,1,MAIN
CK 7559,1,MAIN
CK 7560,1,MAIN
CK 7561,1,MAIN
CK 7562,1,MAIN
CK 7563,0,MAIN
CK 7564,1,MAIN
CK 7565,0,MAIN
CK 7566,1,MAIN
CK 7567,0,MAIN
CK 7568,0,MAIN
CK 7569,0,MAIN
CK 7570,0,MAIN
CK 7571,1,MAIN
CK 7572,0,MAIN
CK 7573,1,MAIN
CK 7574,0,MAIN
CK 7575,1,MAIN
CK 7576,1,MAIN
CK 7577,0,MAIN
CK 7578,0,MAIN
CK 7579,1,MAIN
CK 7580,1,MAIN
CK 7581,1,MAIN
CK 7582,0,MAIN
CK 7583,0,MAIN
CK 7584,1,MAIN
CK 7585,0,MAIN
CK 7586,5,MAIN
CK 7587,9,MAIN
CK 7588,9,MAIN
CK 7589,3,MAIN
CK 7590,9,MAIN
CK 7591,5,MAIN
CK 7592,2,MAIN
CK 7593,5,MAIN
CK 7594,9,MAIN
CK 7595,9,MAIN
CK 7596,3,MAIN
CK 7597,9,MAIN
CK 7598,5,MAIN
CK 7599,2,MAIN
CK 7600,0,MAIN
CK 7601,4,MAIN
CK 7602,4,MAIN
CK 7603,11,MAIN
CK 7604,0,MAIN
CK 7605,11,MAIN
CK 7606,0,MAIN
CK 7607,4,MAIN
CK 7608,4,MAIN
CK 7609,4,MAIN
CK 7610,2,MAIN
CK 7611,4,MAIN
CK 7612,4,MAIN
CK 7613,4,MAIN
CK 7614,4,MAIN
CK 7615,4,MAIN
CK 7616,8,MAIN
CK 7617,5,MAIN
CK 7618,3,MAIN
CK 7619,3,MAIN
CK 7620,3,MAIN
CK 7621,0,MAIN
CK 7622,2,MAIN
CK 7623,0,MAIN
CK 7624,1,MAIN
CK 7625,0,MAIN
CK 7626,3,MAIN
CK 7627,2,MAIN
CK 7628,3,MAIN
CK 7629,1,MAIN
CK 7630,1,MAIN
CK 7631,1,MAIN
CK 7632,1,MAIN
CK 7633,0,MAIN
CK 7634,4,MAIN
CK 7635,4,MAIN
CK 7636,2,MAIN
CK 7637,0,MAIN
CK 7638,2,MAIN
CK 7639,5,MAIN
CK 7640,5,MAIN
CK 7641,5,MAIN
CK 7642,5,MAIN
CK 7643,5,MAIN
CK 7644,0,MAIN
CK 7645,5,MAIN
CK 7646,5,MAIN
CK 7647,5,MAIN
CK 7648,5,MAIN
CK 7649,5,MAIN
CK 7650,0,MAIN
CK 7651,9,MAIN
CK 7652,3,MAIN
CK 7653,5,MAIN
CK 7654,2,MAIN
CK 7655,0,MAIN
CK 7656,8,MAIN
CK 7657,9,MAIN
CK 7658,9,MAIN
CK 7659,4,MAIN
CK 7660,4,MAIN
CK 7661,4,MAIN
CK 7662,4,MAIN
CK 7663,0,MAIN
CK 7664,4,MAIN
CK 7665,9,MAIN
CK 7666,5,MAIN
CK 7667,9,MAIN
CK 7668,9,MAIN
CK 7669,9,MAIN
CK 7670,0,MAIN
CK 7671,2,MAIN
CK 7672,2,MAIN
CK 7673,2,MAIN
CK 7674,2,MAIN
CK 7675,2,MAIN
CK 7676,0,MAIN
CK 7677,5,MAIN
CK 7678,4,MAIN
CK 7679,1,MAIN
CK 7680,1,MAIN
CK 7681,1,MAIN
CK 7682,1,MAIN
CK 7683,1,MAIN
CK 7684,0,MAIN
CK 7685,4,MAIN
CK 7686,3,MAIN
CK 7687,9,MAIN
CK 7688,5,MAIN
CK 7689,9,MAIN
CK 7690,9,MAIN
CK 7691,9,MAIN
CK 7692,0,MAIN
CK 7693,0,MAIN
CK 7694,0,MAIN
CK 7695,0,MAIN
CK 7696,8,MAIN
CK 7697,2,MAIN
CK 7698,0,MAIN
CK 7699,2,MAIN
CK 7700,9,MAIN
CK 7701,2,MAIN
CK 7702,0,MAIN
CK 7703,0,MAIN
CK 7704,9,MAIN
CK 7705,0,MAIN
CK 7706,8,MAIN
CK 7707,0,MAIN
CK 7708,8,MAIN
CK 7709,0,MAIN
CK 7710,5,MAIN
CK 7711,9,MAIN
CK 7712,13,MAIN
CK 7713,3,MAIN
CK 7714,15,MAIN
CK 7715,5,MAIN
CK 7716,6,MAIN
CK 7717,6,MAIN
CK 7718,5,MAIN
CK 7719,3,MAIN
CK 7720,6,MAIN
CK 7721,2,MAIN
CK 7722,6,MAIN
CK 7723,0,MAIN
CK 7724,5,MAIN
CK 7725,8,MAIN
CK 7726,8,MAIN
CK 7727,3,MAIN
CK 7728,8,MAIN
CK 7729,5,MAIN
CK 7730,8,MAIN
CK 7731,2,MAIN
CK 7732,15,MAIN
CK 7733,15,MAIN
CK 7734,0,MAIN
CK 7735,15,MAIN
CK 7736,0,MAIN
CK 7737,15,MAIN
CK 7738,0,MAIN
CK 7739,15,MAIN
CK 7740,0,MAIN
CK 7741,15,MAIN
CK 7742,0,MAIN
CK 7743,15,MAIN
CK 7744,0,MAIN
CK 7745,2,MAIN
CK 7746,10,MAIN
CK 7747,0,MAIN
CK 7748,2,MAIN
CK 7749,0,MAIN
CK 7750,1,MAIN
CK 7751,0,MAIN
CK 7752,15,MAIN
CK 7753,0,MAIN
CK 7754,2,MAIN
CK 7755,2,MAIN
CK 7756,2,MAIN
CK 7757,1,MAIN
CK 7758,9,MAIN
CK 7759,0,MAIN
CK 7760,0,MAIN
CK 7761,0,MAIN
CK 7762,0,MAIN
CK 7763,0,MAIN
CK 7764,0,MAIN
CK 7765,0,MAIN
CK 7766,0,MAIN
CK 7767,0,MAIN
CK 7768,0,MAIN
CK 7769,0,MAIN
CK 7770,0,MAIN
CK 7771,0,MAIN
CK 7772,0,MAIN
CK 7773,0,MAIN
CK 7774,0,MAIN
CK 7775,0,MAIN
CK 7776,0,MAIN
CK 7777,0,MAIN
CK 7778,0,MAIN
CK 7779,1,MAIN
CK 7780,0,MAIN
CK 7781,0,MAIN
CK 7782,0,MAIN
CK 7783,0,MAIN
CK 7784,0,MAIN
CK 7785,0,MAIN
CK 7786,2,MAIN
CK 7787,2,MAIN
CK 7788,2,MAIN
CK 7789,0,MAIN
CK 7790,2,MAIN
CK 7791,1,MAIN
CK 7792,0,MAIN
CK 7793,0,MAIN
CK 7794,0,MAIN
CK 7795,2,MAIN
CK 7796,2,MAIN
CK 7797,0,MAIN
CK 7798,1,MAIN
CK 7799,0,MAIN
CK 7800,0,MAIN
CK 7801,0,MAIN
CK 7802,2,MAIN
CK 7803,0,MAIN
CK 7804,2,MAIN
CK 7805,0,MAIN
CK 7806,0,MAIN
CK 7807,0,MAIN
CK 7808,0,MAIN
CK 7809,0,MAIN
CK 7810,0,MAIN
CK 7811,0,MAIN
CK 7812,0,MAIN
CK 7813,0,MAIN
CK 7814,0,MAIN
CK 7815,0,MAIN
CK 7816,0,MAIN
CK 7817,0,MAIN
CK 7818,0,MAIN
CK 7819,0,MAIN
CK 7820,0,MAIN
CK 7821,0,MAIN
CK 7822,0,MAIN
CK 7823,0,MAIN
CK 7824,0,MAIN
CK 7825,0,MAIN
CK 7826,0,MAIN
CK 7827,0,MAIN
CK 7828,0,MAIN
CK 7829,0,MAIN
CK 7830,0,MAIN
CK 7831,1,MAIN
CK 7832,1,MAIN
CK 7833,1,MAIN
CK 7834,1,MAIN
CK 7835,1,MAIN
CK 7836,1,MAIN
CK 7837,1,MAIN
CK 7838,1,MAIN
CK 7839,1,MAIN
CK 7840,0,MAIN
CK 7841,0,MAIN
CK 7842,0,MAIN
CK 7843,0,MAIN
CK 7844,0,MAIN
CK 7845,2,MAIN
CK 7846,0,MAIN
CK 7847,1,MAIN
CK 7848,3,MAIN
CK 7849,2,MAIN
CK 7850,3,MAIN
CL 0002RD,0,MAIN
CL 0004RY,0,MAIN
CL 0005Y,0,MAIN
CL 0007RY,0,MAIN
CL 0009C,15,MAIN
CL 0159-6010,0,MAIN
CL 0193RY,0,MAIN
CL 0205Z,0,MAIN
CL 0448Z,0,MAIN
CL 0521C,15,MAIN
CL 0522C,15,MAIN
CL 0538,0,MAIN
CL 0542C,15,MAIN
CL 0634,0,MAIN
CL 0649Z,0,MAIN
CL 0670,0,MAIN
CL 0697,1,MAIN
CL 0698,3,MAIN
CL 06980-12V,0,MAIN
CL 0737S,0,MAIN
CL 0738RY,0,MAIN
CL 10000,0,MAIN
CL 10001,0,MAIN
CL 10002C,15,MAIN
CL 10003,0,MAIN
CL 10004,0,MAIN
CL 10005,0,MAIN
CL 10006,0,MAIN
CL 10007,0,MAIN
CL 10008,0,MAIN
CL 10009,0,MAIN
CL 1000C,11,MAIN
CL 10017,3,MAIN
CL 10018,8,MAIN
CL 10019,2,MAIN
CL 1001C,15,MAIN
CL 10020,1,MAIN
CL 10021,1,MAIN
CL 10022,1,MAIN
CL 10023,1,MAIN
CL 10024,1,MAIN
CL 10027,0,MAIN
CL 10028,4,MAIN
CL 10029,1,MAIN
CL 1002C,10,MAIN
CL 10031,1,MAIN
CL 10032,1,MAIN
CL 1003-24V,0,MAIN
CL 10034,1,MAIN
CL 10035,3,MAIN
CL 10036,0,MAIN
CL 10038,0,MAIN
CL 10039,0,MAIN
CL 1003C,0,MAIN
CL 1004,0,MAIN
CL 10040,0,MAIN
CL 10041,0,MAIN
CL 10042V,0,MAIN
CL 10044,0,MAIN
CL 10045,0,MAIN
CL 1005-24V,0,MAIN
CL 1006,0,MAIN
CL 1007-24VC,15,MAIN
CL 1007C,0,MAIN
CL 1008,0,MAIN
CL 1009,0,MAIN
CL 1010C,15,MAIN
CL 1011C,9,MAIN
CL 1012,0,MAIN
CL 1013,0,MAIN
CL 1016,0,MAIN
CL 1017,0,MAIN
CL 1018,0,MAIN
CL 1021,0,MAIN
CL 1022,0,MAIN
CL 1023,0,MAIN
CL 1024,0,MAIN
CL 1025,0,MAIN
CL 1027,0,MAIN
CL 1029,0,MAIN
CL 1031,0,MAIN
CL 1033,0,MAIN
CL 1034C,15,MAIN
CL 1035,0,MAIN
CL 1039,0,MAIN
CL 1040,0,MAIN
CL 1042,0,MAIN
CL 10421RY,0,MAIN
CL 1043,0,MAIN
CL 1047C,15,MAIN
CL 1048,0,MAIN
CL 1050,0,MAIN
CL 1051,0,MAIN
CL 1052,0,MAIN
CL 1054C,15,MAIN
CL 1056,0,MAIN
CL 10607,0,MAIN
CL 1062,0,MAIN
CL 10722RZ,0,MAIN
CL 11018RZ,0,MAIN
CL 1117HC,15,MAIN
CL 1118-8HC,15,MAIN
CL 1121,0,MAIN
CL 1122,0,MAIN
CL 1123C,15,MAIN
CL 1136,0,MAIN
CL 1136C,15,MAIN
CL 1136OI,0,MAIN
CL 1139,1,MAIN
CL 1142,0,MAIN
CL 1150,0,MAIN
CL 1161,0,MAIN
CL 1167,0,MAIN
CL 1172,7,MAIN
CL 1176,0,MAIN
CL 1178,0,MAIN
CL 1200,0,MAIN
CL 1233RY,0,MAIN
CL 15207,2,MAIN
CL 1606C,15,MAIN
CL 1607C,0,MAIN
CL 1609Z,0,MAIN
CL 1611C,12,MAIN
CL 1612C,15,MAIN
CL 1613C,15,MAIN
CL 1614C,2,MAIN
CL 1616C,15,MAIN
CL 1617C,15,MAIN
CL 1619C,0,MAIN
CL 1620C,15,MAIN
CL 1621C,15,MAIN
CL 1622C,0,MAIN
CL 1623C,0,MAIN
CL 1640C,15,MAIN
CL 1650,0,MAIN
CL 1651C,0,MAIN
CL 1653C,0,MAIN
CL 1654C,15,MAIN
CL 1661C,15,MAIN
CL 1662C,15,MAIN
CL 1664C,15,MAIN
CL 1666C,13,MAIN
CL 1668,0,MAIN
CL 1669C,0,MAIN
CL 1671C,15,MAIN
CL 1673Y,0,MAIN
CL 1678C,0,MAIN
CL 1679C,15,MAIN
CL 1683,0,MAIN
CL 1759C,0,MAIN
CL 1760C,15,MAIN
CL 1767C,0,MAIN
CL 1768C,15,MAIN
CL 1769C,0,MAIN
CL 1771C,0,MAIN
CL 1773C,0,MAIN
CL 1774C,0,MAIN
CL 1775C,15,MAIN
CL 1776C,15,MAIN
CL 1777C,15,MAIN
CL 1778C,15,MAIN
CL 1780-24C,0,MAIN
CL 1780C,0,MAIN
CL 1783,0,MAIN
CL 1786C,0,MAIN
CL 1791C,15,MAIN
CL 1792C,15,MAIN
CL 1793,0,MAIN
CL 1794C,0,MAIN
CL 1900C,0,MAIN
CL 1912C,0,MAIN
CL 1913C,0,MAIN
CL 1914C,0,MAIN
CL 1924,0,MAIN
CL 1927RE,0,MAIN
CL 1930C,15,MAIN
CL 1931,0,MAIN
CL 20051RE,0,MAIN
CL 20144C,0,MAIN
CL 20145C,0,MAIN
CL 20151C,0,MAIN
CL 20243RE,0,MAIN
CL 2511RY,0,MAIN
CL 27000RY,0,MAIN
CL 29002,0,MAIN
CL 3015R,0,MAIN
CL 3619,0,MAIN
CL 3690,0,MAIN
CL 3698,0,MAIN
CL 3700,0,MAIN
CL 3701,0,MAIN
CL 4000C,15,MAIN
CL 4001C,0,MAIN
CL 40077C,15,MAIN
CL 40078C,0,MAIN
CL 40080C,0,MAIN
CL 40081C,15,MAIN
CL 40122C,15,MAIN
CL 40124C,15,MAIN
CL 40126C,0,MAIN
CL 40128C,0,MAIN
CL 40132C,15,MAIN
CL 40133C,2,MAIN
CL 40134C,0,MAIN
CL 40135C,15,MAIN
CL 4341,0,MAIN
CL 4343,0,MAIN
CL 4419C,0,MAIN
CL 4420Y,0,MAIN
CL 4434,1,MAIN
CL 4469,0,MAIN
CL 4471,0,MAIN
CL 4473,1,MAIN
CL 4477S,0,MAIN
CL 4485,0,MAIN
CL 4602,0,MAIN
CL 4604,0,MAIN
CL 4604S,0,MAIN
CL 4605,0,MAIN
CL 4609,0,MAIN
CL 4618,0,MAIN
CL 4627C,0,MAIN
CL 4665S,0,MAIN
CL 4667Y,0,MAIN
CL 4682RY,0,MAIN
CL 4683S,0,MAIN
CL 4691C,0,MAIN
CL 4696C,15,MAIN
CL 4704S,0,MAIN
CL 4717C,0,MAIN
CL 47262,0,MAIN
CL 4775S,0,MAIN
CL 4785,0,MAIN
CL 4792C,15,MAIN
CL 4816S,0,MAIN
CL 4854,0,MAIN
CL 4896Y,0,MAIN
CL 4963S,0,MAIN
CL 4969RY,0,MAIN
CL 4975Y,0,MAIN
CL 50000C,0,MAIN
CL 50009C,15,MAIN
CL 5706S,0,MAIN
CL 6011,0,MAIN
CL 6121C,15,MAIN
CL 6122C,0,MAIN
CL 6124C,0,MAIN
CL 6621,0,MAIN
CL 7308Z,0,MAIN
CL 7309Y,0,MAIN
CL 7310,0,MAIN
CL 7803S,0,MAIN
CL 8044S,0,MAIN
CL 8052,0,MAIN
CL 8104C,15,MAIN
CL 9709,0,MAIN
CL 9709-E,0,MAIN
CL 9709S,0,MAIN
CL 9718,0,MAIN
CL 9719-E,0,MAIN
CL 9720-E,0,MAIN
CL 9723-E,0,MAIN
CL 9725,2,MAIN
CL 9725-E,15,MAIN
CL 9727-E,0,MAIN
CL 9728-E,0,MAIN
CL 9730,0,MAIN
CL 9730-E,0,MAIN
CL 9732-E,15,MAIN
CL 9733,0,MAIN
CL 9734,0,MAIN
CL 9735,0,MAIN
CL 9736,0,MAIN
CL 9737,0,MAIN
CL 9740,0,MAIN
CL 9749,0,MAIN
CL 9749S,0,MAIN
CL 9750,0,MAIN
CL 9752S,0,MAIN
CL 9752V,0,MAIN
CL 9753,0,MAIN
CL 9754,0,MAIN
CL 9755V,0,MAIN
CL 9758Q-31,0,MAIN
CL 9758Q-31-24V,0,MAIN
CL 9760Q-31,0,MAIN
CL 9761-31S,0,MAIN
CL 9761V-31-24V,0,MAIN
CL 9773,0,MAIN
CL 9774,0,MAIN
CL 9775Q,0,MAIN
CL 9776Q,0,MAIN
CL 9778,0,MAIN
CL 9900,0,MAIN
CL 9901,0,MAIN
CL 9902,0,MAIN
CL 9904,0,MAIN
CL 9905,0,MAIN
CL 9915,0,MAIN
CL 9924RY,0,MAIN
CL 9925RZ,0,MAIN
CL 9929RZ,0,MAIN
CL 9934S,0,MAIN
CL 9935,0,MAIN
CL 9937,0,MAIN
CL 9940,0,MAIN
CL 9943,0,MAIN
CL 9944Q,0,MAIN
CL 9945Q,0,MAIN
CL 9947Z,0,MAIN
CL 9948Q,0,MAIN
CL 9949Q,0,MAIN
CL 9950Q,0,MAIN
CL 9950S,0,MAIN
CL 9951C,15,MAIN
CL 9952,0,MAIN
CL 9954,0,MAIN
CL 9964,1,MAIN
CM 0068C,15,MAIN
CM 0069C,15,MAIN
CM 0070C,15,MAIN
CM 0071,0,MAIN
CM 0072,0,MAIN
CM 0073,0,MAIN
CM 0074,0,MAIN
CM 1012C,15,MAIN
CM 1014C,15,MAIN
CM 1212C,15,MAIN
CM 1213,1,MAIN
CM 1214,1,MAIN
CM 1215,1,MAIN
CN 001214PFC,15,MAIN
CN 0802,0,MAIN
CN 0803-12V,0,MAIN
CN 0803-24V,0,MAIN
CN 0805-12V,0,MAIN
CN 0805-24V,0,MAIN
CN 0818-12V,0,MAIN
CN 0834-12V,0,MAIN
CN 0834-24V,0,MAIN
CN 0865,0,MAIN
CN 0867,0,MAIN
CN 0871-12V,0,MAIN
CN 10012UPC,15,MAIN
CN 1620PFA,0,MAIN
CN 1635PFC,15,MAIN
CN 20000XC,15,MAIN
CN 20001XC,15,MAIN
CN 20002XC,15,MAIN
CN 20003XC,15,MAIN
CN 20004XC,15,MAIN
CN 20005XC,15,MAIN
CN 20006XC,15,MAIN
CN 20007XC,15,MAIN
CN 20008XC,15,MAIN
CN 20009XC,15,MAIN
CN 20010XC,15,MAIN
CN 20011XC,15,MAIN
CN 20015XC,15,MAIN
CN 20016XC,15,MAIN
CN 20022PFC,15,MAIN
CN 20023PFC,15,MAIN
CN 20024PFC,15,MAIN
CN 20025PF,0,MAIN
CN 20026PFC,15,MAIN
CN 20028PFC,15,MAIN
CN 20029PFC,0,MAIN
CN 20030PF,0,MAIN
CN 20031PFC,15,MAIN
CN 20032PFC,15,MAIN
CN 20034PF,0,MAIN
CN 20035PFC,7,MAIN
CN 20038PF,0,MAIN
CN 20039PF,1,MAIN
CN 20041PFC,0,MAIN
CN 20042PF,0,MAIN
CN 20044PFC,15,MAIN
CN 20046PFC,14,MAIN
CN 20047PF,0,MAIN
CN 20048PFC,15,MAIN
CN 20049PFC,15,MAIN
CN 20050PFC,15,MAIN
CN 20051PF,0,MAIN
CN 20053PF,0,MAIN
CN 20054PFC,0,MAIN
CN 20055PFC,14,MAIN
CN 20056PF,0,MAIN
CN 20057PF,0,MAIN
CN 20058PF,0,MAIN
CN 20059PF,0,MAIN
CN 20060PFC,15,MAIN
CN 20062PFC,15,MAIN
CN 20063PFC,15,MAIN
CN 20064PFC,15,MAIN
CN 20066PFC,15,MAIN
CN 20067PFC,0,MAIN
CN 20068PFC,5,MAIN
CN 20069PFC,15,MAIN
CN 20070PFC,15,MAIN
CN 20072PFC,0,MAIN
CN 20073PF,0,MAIN
CN 20089PF,0,MAIN
CN 21004C,0,MAIN
CN 22001PFC,15,MAIN
CN 22002PFC,0,MAIN
CN 22003PFC,0,MAIN
CN 22004PFC,0,MAIN
CN 22005PFC,15,MAIN
CN 22006PFC,15,MAIN
CN 22008PFC,0,MAIN
CN 22009PFC,15,MAIN
CN 22010PFC,15,MAIN
CN 22011PFC,0,MAIN
CN 22012PFC,15,MAIN
CN 22013PFC,15,MAIN
CN 22014PFC,15,MAIN
CN 22016PFC,15,MAIN
CN 22017PFC,0,MAIN
CN 22018PFC,15,MAIN
CN 22019PFC,15,MAIN
CN 22020PFC,0,MAIN
CN 22021PFC,0,MAIN
CN 22022PFC,15,MAIN
CN 22023PFC,15,MAIN
CN 22024PFC,15,MAIN
CN 22025PFC,0,MAIN
CN 22026PFC,9,MAIN
CN 22028PFC,0,MAIN
CN 22029PFC,0,MAIN
CN 22030PFC,0,MAIN
CN 22034PFC,15,MAIN
CN 22037PFC,15,MAIN
CN 22039PFC,15,MAIN
CN 22041PF,0,MAIN
CN 22042PFC,15,MAIN
CN 22044PFC,15,MAIN
CN 22046PFC,15,MAIN
CN 22047PFC,0,MAIN
CN 22048PFC,15,MAIN
CN 22049PFC,12,MAIN
CN 22050PFC,15,MAIN
CN 22051PFC,15,MAIN
CN 22052PFC,15,MAIN
CN 22053PFC,15,MAIN
CN 22054PFC,15,MAIN
CN 22056PFC,15,MAIN
CN 22057PFC,11,MAIN
CN 22058PFC,15,MAIN
CN 22059PFC,15,MAIN
CN 22061PFC,15,MAIN
CN 22062PFC,15,MAIN
CN 22063PFC,15,MAIN
CN 22064PFC,15,MAIN
CN 22066PFC,15,MAIN
CN 22068PFC,11,MAIN
CN 22072PFC,15,MAIN
CN 22074PFC,15,MAIN
CN 22078PFC,15,MAIN
CN 22079PFC,15,MAIN
CN 22080PFC,15,MAIN
CN 22081PF,0,MAIN
CN 22082PFC,15,MAIN
CN 22083PFC,15,MAIN
CN 22085PF,0,MAIN
CN 22086PF,0,MAIN
CN 22087PF,0,MAIN
CN 22088PFC,15,MAIN
CN 22089PFC,15,MAIN
CN 22090PFC,15,MAIN
CN 22092PF,0,MAIN
CN 22093PF,0,MAIN
CN 22094PFC,2,MAIN
CN 22095PFC,15,MAIN
CN 22096PFC,15,MAIN
CN 22097PFC,15,MAIN
CN 22098PFC,15,MAIN
CN 22099PFC,0,MAIN
CN 22100PFC,15,MAIN
CN 22102PFC,15,MAIN
CN 22103PFC,15,MAIN
CN 22104PFC,15,MAIN
CN 22106PFC,15,MAIN
CN 22107PFC,15,MAIN
CN 22109PF,0,MAIN
CN 22110PF,0,MAIN
CN 22111PFC,11,MAIN
CN 22112PF,0,MAIN
CN 22113PF,0,MAIN
CN 22115PFC,15,MAIN
CN 22116PFC,15,MAIN
CN 22117PFC,15,MAIN
CN 22118PFC,15,MAIN
CN 22119PFC,15,MAIN
CN 22120PFC,15,MAIN
CN 22121PF,0,MAIN
CN 22122PFC,15,MAIN
CN 22123PFC,15,MAIN
CN 22124PFC,0,MAIN
CN 22125PFC,0,MAIN
CN 22126PFC,15,MAIN
CN 22128PFC,15,MAIN
CN 22129PF,0,MAIN
CN 22130PFC,0,MAIN
CN 22131PFC,0,MAIN
CN 22132PFC,15,MAIN
CN 22133PFC,15,MAIN
CN 22134PF,0,MAIN
CN 22135PFC,15,MAIN
CN 22136PF,0,MAIN
CN 22137PF,0,MAIN
CN 22142PF,0,MAIN
CN 22143PFC,15,MAIN
CN 22144PF,0,MAIN
CN 22145PF,0,MAIN
CN 22146PF,0,MAIN
CN 22147PF,0,MAIN
CN 22148PF,0,MAIN
CN 22149PF,0,MAIN
CN 22150PFC,15,MAIN
CN 22151PFC,15,MAIN
CN 22152PFC,15,MAIN
CN 22153PFC,15,MAIN
CN 22154PF,0,MAIN
CN 22156PF,0,MAIN
CN 22157PFC,15,MAIN
CN 22158PF,0,MAIN
CN 22159PF,0,MAIN
CN 22160PFC,15,MAIN
CN 22161PFC,15,MAIN
CN 22162PFC,15,MAIN
CN 22164PF,0,MAIN
CN 22165PF,0,MAIN
CN 22166PF,0,MAIN
CN 22167PFC,0,MAIN
CN 22168PF,0,MAIN
CN 22169PF,0,MAIN
CN 22170PF,0,MAIN
CN 22172PF,0,MAIN
CN 22173PFC,15,MAIN
CN 22300PFC,15,MAIN
CN 22302PFC,15,MAIN
CN 22303PFC,2,MAIN
CN 22304PF,0,MAIN
CN 22305PF,0,MAIN
CN 22306PF,0,MAIN
CN 22307PFC,15,MAIN
CN 22308PFC,15,MAIN
CN 22312PF,0,MAIN
CN 22328PF,8,MAIN
CN 22329PF,0,MAIN
CN 22330PF,0,MAIN
CN 22331PF,2,MAIN
CN 22332PF,3,MAIN
CN 22351PF,0,MAIN
CN 22379PF,0,MAIN
CN 30001PFC,15,MAIN
CN 30003PFC,15,MAIN
CN 30004PF,0,MAIN
CN 30005PFC,15,MAIN
CN 30006PFC,15,MAIN
CN 30007PFC,15,MAIN
CN 30008PFC,15,MAIN
CN 30009PFC,15,MAIN
CN 3000PFC,8,MAIN
CN 30010PFC,15,MAIN
CN 30011PFC,0,MAIN
CN 30013PFC,15,MAIN
CN 30014PFC,15,MAIN
CN 30015PFC,15,MAIN
CN 30016PFC,15,MAIN
CN 30017PFC,15,MAIN
CN 30019PFC,15,MAIN
CN 30020PFC,15,MAIN
CN 30021PFC,15,MAIN
CN 30022PFC,15,MAIN
CN 30024PFC,15,MAIN
CN 30025PFC,15,MAIN
CN 30026PFC,15,MAIN
CN 30027PFC,15,MAIN
CN 30028PFC,15,MAIN
CN 30029PFC,15,MAIN
CN 3002PFC,15,MAIN
CN 30030PFC,15,MAIN
CN 30031PFC,15,MAIN
CN 30032PFC,15,MAIN
CN 30033PFC,15,MAIN
CN 30035PFC,15,MAIN
CN 30036PFC,15,MAIN
CN 30037PFC,13,MAIN
CN 30038PFC,15,MAIN
CN 30039PF,0,MAIN
CN 3003PFC,15,MAIN
CN 30040PFC,15,MAIN
CN 30041PFC,15,MAIN
CN 30042PFC,15,MAIN
CN 30043PFC,15,MAIN
CN 30044PFC,15,MAIN
CN 30045PFC,15,MAIN
CN 30047PFC,15,MAIN
CN 30048PFC,15,MAIN
CN 30049PFC,0,MAIN
CN 3004PFC,15,MAIN
CN 30050PFC,15,MAIN
CN 30051PFC,15,MAIN
CN 30052PFC,15,MAIN
CN 30053PFC,15,MAIN
CN 30054PFC,15,MAIN
CN 30055PFC,15,MAIN
CN 30057PFC,15,MAIN
CN 30058PFC,15,MAIN
CN 30059PFC,15,MAIN
CN 3005PFC,15,MAIN
CN 30060PFC,15,MAIN
CN 30061PF,0,MAIN
CN 30062PFC,15,MAIN
CN 30063PFC,15,MAIN
CN 30064PFC,15,MAIN
CN 30066PFC,15,MAIN
CN 30070PFC,15,MAIN
CN 30071PFC,15,MAIN
CN 30072PFC,15,MAIN
CN 30073PFC,0,MAIN
CN 30075PFC,15,MAIN
CN 30076PFC,15,MAIN
CN 30077PFC,15,MAIN
CN 30078PF,0,MAIN
CN 30079PFC,15,MAIN
CN 30081PFC,15,MAIN
CN 30082PFC,15,MAIN
CN 30083PFC,15,MAIN
CN 30084PFC,15,MAIN
CN 30086PFC,15,MAIN
CN 30087PF,0,MAIN
CN 30088PFC,15,MAIN
CN 30089PFC,0,MAIN
CN 3008PFC,15,MAIN
CN 30091PFC,15,MAIN
CN 30092PFC,14,MAIN
CN 30093PFC,15,MAIN
CN 30094PFC,15,MAIN
CN 30096PFC,15,MAIN
CN 30097PFC,0,MAIN
CN 30098PFC,15,MAIN
CN 30099PFC,15,MAIN
CN 3009PFC,15,MAIN
CN 30100PFC,15,MAIN
CN 30101PFC,15,MAIN
CN 30102PFC,15,MAIN
CN 30103PFC,15,MAIN
CN 30105PFC,15,MAIN
CN 30106PFC,0,MAIN
CN 30107PFC,15,MAIN
CN 30108PFC,0,MAIN
CN 30109PFC,15,MAIN
CN 30110PFC,15,MAIN
CN 30111PF,0,MAIN
CN 30113PFC,14,MAIN
CN 30114PFC,15,MAIN
CN 30115PFC,0,MAIN
CN 30116PFC,15,MAIN
CN 30117PF,0,MAIN
CN 30118PFC,15,MAIN
CN 30119PFC,0,MAIN
CN 3011PFXC,15,MAIN
CN 30121PFC,15,MAIN
CN 30122PFC,15,MAIN
CN 30125PFC,15,MAIN
CN 30126PFC,15,MAIN
CN 30127PFC,15,MAIN
CN 30128PFC,15,MAIN
CN 30129PFC,15,MAIN
CN 30130PFC,15,MAIN
CN 30131PFC,15,MAIN
CN 30132PFC,15,MAIN
CN 30133PFC,15,MAIN
CN 30134PFC,15,MAIN
CN 30135PFC,15,MAIN
CN 30136PFC,15,MAIN
CN 30137PFC,15,MAIN
CN 30138PFC,15,MAIN
CN 30139PFC,15,MAIN
CN 30140PF,0,MAIN
CN 30141PFC,15,MAIN
CN 30142PFC,15,MAIN
CN 30143PFC,15,MAIN
CN 30144PFC,15,MAIN
CN 30145PFC,15,MAIN
CN 30148PFC,15,MAIN
CN 30149PFC,15,MAIN
CN 3014PFC,15,MAIN
CN 30150PFC,15,MAIN
CN 30152PFC,0,MAIN
CN 30153PFC,15,MAIN
CN 30155PFC,15,MAIN
CN 30157PFC,0,MAIN
CN 30158PFC,15,MAIN
CN 30160PFC,15,MAIN
CN 30162PFC,15,MAIN
CN 30163PFC,15,MAIN
CN 30164PFC,15,MAIN
CN 30165PFC,15,MAIN
CN 30167PFC,15,MAIN
CN 30169PFC,15,MAIN
CN 3016PFC,15,MAIN
CN 30170PFC,15,MAIN
CN 30171PFC,15,MAIN
CN 30172PFC,15,MAIN
CN 30173PFC,15,MAIN
CN 30174PFC,15,MAIN
CN 30175PFC,15,MAIN
CN 30176PFC,15,MAIN
CN 30177PFC,15,MAIN
CN 30178PFC,15,MAIN
CN 30179PFC,15,MAIN
CN 3017PFC,15,MAIN
CN 30180PFC,0,MAIN
CN 30182PFC,15,MAIN
CN 30183PFC,15,MAIN
CN 30185PFC,15,MAIN
CN 30187PFC,0,MAIN
CN 30188PFC,15,MAIN
CN 30189PFC,15,MAIN
CN 30190PFC,15,MAIN
CN 30191PFC,8,MAIN
CN 30193PFC,15,MAIN
CN 30196PFC,15,MAIN
CN 30197PFC,15,MAIN
CN 30198PF,0,MAIN
CN 30198PFC,0,MAIN
CN 30199PFC,15,MAIN
CN 3019PFC,0,MAIN
CN 30202PFC,15,MAIN
CN 30203PFC,0,MAIN
CN 30206PFC,15,MAIN
CN 30207PFC,15,MAIN
CN 30208PFC,10,MAIN
CN 30209PFC,8,MAIN
CN 3020PFC,15,MAIN
CN 30210PFC,15,MAIN
CN 30211PFC,15,MAIN
CN 30212PFC,15,MAIN
CN 30213PFC,0,MAIN
CN 30214PFC,15,MAIN
CN 30215PFC,15,MAIN
CN 30218PFC,0,MAIN
CN 30219PFC,15,MAIN
CN 30220PFC,15,MAIN
CN 30222PFC,0,MAIN
CN 30223PFC,0,MAIN
CN 30226PFC,15,MAIN
CN 30229PFC,15,MAIN
CN 3022PFC,15,MAIN
CN 30230PFC,15,MAIN
CN 30231PFC,0,MAIN
CN 30234PFC,15,MAIN
CN 30235PFC,15,MAIN
CN 3023PFXC,15,MAIN
CN 30240PFC,0,MAIN
CN 30241PFC,15,MAIN
CN 30249PFC,15,MAIN
CN 3024PFC,15,MAIN
CN 30250PFC,0,MAIN
CN 30257PFC,15,MAIN
CN 30258PFC,15,MAIN
CN 30259PFC,0,MAIN
CN 3025PFC,11,MAIN
CN 30262PFC,0,MAIN
CN 30266PFC,0,MAIN
CN 30267PFC,0,MAIN
CN 3026PFC,15,MAIN
CN 30271PFC,15,MAIN
CN 3027PFC,15,MAIN
CN 30284PFC,15,MAIN
CN 3028PFC,0,MAIN
CN 30292PFC,0,MAIN
CN 30293PFC,15,MAIN
CN 30294PFC,15,MAIN
CN 30296PFC,15,MAIN
CN 30297PFC,0,MAIN
CN 30299PFC,0,MAIN
CN 3029PFC,15,MAIN
CN 3030PFC,15,MAIN
CN 3032PF,0,MAIN
CN 3033PFC,15,MAIN
CN 3034PFXC,15,MAIN
CN 3036PFC,15,MAIN
CN 3039PFXC,15,MAIN
CN 3041PF,0,MAIN
CN 3042PFC,15,MAIN
CN 3045PFC,15,MAIN
CN 3046PFC,15,MAIN
CN 3048PFC,3,MAIN
CN 3049PFC,15,MAIN
CN 3050PFC,15,MAIN
CN 3051PFC,15,MAIN
CN 3052PFC,15,MAIN
CN 3053PFC,15,MAIN
CN 3054PFC,15,MAIN
CN 3055PFC,15,MAIN
CN 3056PFC,15,MAIN
CN 3057PFC,15,MAIN
CN 3058PFC,15,MAIN
CN 3060PFC,15,MAIN
CN 3061PFC,15,MAIN
CN 3063PFC,15,MAIN
CN 3066PFC,15,MAIN
CN 3067PF,0,MAIN
CN 3070PFC,15,MAIN
CN 3071PFC,0,MAIN
CN 3072PFC,15,MAIN
CN 3073PFC,15,MAIN
CN 3074PFC,0,MAIN
CN 3075PFC,15,MAIN
CN 3076PFC,15,MAIN
CN 3077PFC,15,MAIN
CN 3078PFC,15,MAIN
CN 3079PFXC,15,MAIN
CN 3080PFC,7,MAIN
CN 3081PFC,15,MAIN
CN 3082PFC,15,MAIN
CN 3084PFXC,15,MAIN
CN 3085PFXC,15,MAIN
CN 3086PFC,15,MAIN
CN 3087PFC,15,MAIN
CN 3089PFC,15,MAIN
CN 3092PFC,15,MAIN
CN 3093PFC,15,MAIN
CN 3094PFC,15,MAIN
CN 3097PFC,15,MAIN
CN 3098PFC,14,MAIN
CN 3099PFC,15,MAIN
CN 3100PFC,15,MAIN
CN 3101PFC,15,MAIN
CN 3102PFC,15,MAIN
CN 3103PFXC,15,MAIN
CN 3105PFC,15,MAIN
CN 3106PF,0,MAIN
CN 3107PF,1,MAIN
CN 3108PFC,15,MAIN
CN 3109PFC,15,MAIN
CN 3110PFC,15,MAIN
CN 3111PFC,15,MAIN
CN 3112PFC,15,MAIN
CN 3115PFC,15,MAIN
CN 3116PFC,15,MAIN
CN 3117PFC,15,MAIN
CN 3119PFC,15,MAIN
CN 3123PF,0,MAIN
CN 3124PF,0,MAIN
CN 3125PF,0,MAIN
CN 3128PF,0,MAIN
CN 3129PF,0,MAIN
CN 3130PF,0,MAIN
CN 3132PF,0,MAIN
CN 3133PF,0,MAIN
CN 3134PF,0,MAIN
CN 3135PF,0,MAIN
CN 3136PF,0,MAIN
CN 3137PF,0,MAIN
CN 3139PF,0,MAIN
CN 3140PFC,15,MAIN
CN 3144PF,0,MAIN
CN 3145PF,0,MAIN
CN 3146PF,0,MAIN
CN 3147PF,0,MAIN
CN 3149PF,0,MAIN
CN 3150PF,0,MAIN
CN 3152PFC,15,MAIN
CN 3153PFC,15,MAIN
CN 3154PF,0,MAIN
CN 3155PF,0,MAIN
CN 3156PF,0,MAIN
CN 3157PF,0,MAIN
CN 3159PFC,15,MAIN
CN 3160PFC,15,MAIN
CN 3163PF,0,MAIN
CN 3164PF,0,MAIN
CN 3165PF,0,MAIN
CN 3167PF,0,MAIN
CN 3171PFC,15,MAIN
CN 3173PF,0,MAIN
CN 3174PF,0,MAIN
CN 3177PF,0,MAIN
CN 3183PF,0,MAIN
CN 3184PF,0,MAIN
CN 3185PF,0,MAIN
CN 3187PF,0,MAIN
CN 3189PF,0,MAIN
CN 3191PF,0,MAIN
CN 3192PF,0,MAIN
CN 3193PFC,15,MAIN
CN 3194PF,0,MAIN
CN 3195PF,0,MAIN
CN 3196PF,0,MAIN
CN 3197PF,0,MAIN
CN 3198PF,0,MAIN
CN 3199PF,0,MAIN
CN 3201PF,0,MAIN
CN 3203PF,0,MAIN
CN 3205PF,0,MAIN
CN 3206PFC,15,MAIN
CN 3207PF,0,MAIN
CN 3208PF,0,MAIN
CN 3210PF,0,MAIN
CN 3211PF,0,MAIN
CN 3212PF,0,MAIN
CN 3213PF,0,MAIN
CN 3216PF,0,MAIN
CN 3217PF,0,MAIN
CN 3220PFC,15,MAIN
CN 3222PF,0,MAIN
CN 3224PF,0,MAIN
CN 3225PF,0,MAIN
CN 3226PF,0,MAIN
CN 3227PF,0,MAIN
CN 3228PF,0,MAIN
CN 3229PF,0,MAIN
CN 3230PF,0,MAIN
CN 3231PF,0,MAIN
CN 3232PF,0,MAIN
CN 3232PFC,5,MAIN
CN 3233PF,0,MAIN
CN 3234PF,0,MAIN
CN 3235PF,0,MAIN
CN 3236PF,0,MAIN
CN 3237PFXC,15,MAIN
CN 3238PFC,15,MAIN
CN 3239PFXC,15,MAIN
CN 3240PFXC,15,MAIN
CN 3241PF,0,MAIN
CN 3242PF,0,MAIN
CN 3243PF,0,MAIN
CN 3245PFC,15,MAIN
CN 3246PFC,15,MAIN
CN 3247PFC,15,MAIN
CN 3248PFC,15,MAIN
CN 3251PF,0,MAIN
CN 3252PF,0,MAIN
CN 3253PFC,15,MAIN
CN 3254PFC,15,MAIN
CN 3255PFXC,15,MAIN
CN 3256PF,0,MAIN
CN 3257PFXC,15,MAIN
CN 3258PFC,15,MAIN
CN 3259PFXC,15,MAIN
CN 3260PF,0,MAIN
CN 3261PFC,15,MAIN
CN 3263PFXC,15,MAIN
CN 3264PFC,15,MAIN
CN 3265PFC,15,MAIN
CN 3266PF,0,MAIN
CN 3267PFC,15,MAIN
CN 3268PFC,15,MAIN
CN 3269PFC,9,MAIN
CN 3270PF,0,MAIN
CN 3272PF,0,MAIN
CN 3273PF,0,MAIN
CN 3274PFC,15,MAIN
CN 3275PFC,15,MAIN
CN 3276PF,0,MAIN
CN 3277PF,0,MAIN
CN 3278PFC,15,MAIN
CN 3279PFC,15,MAIN
CN 3281PFXC,15,MAIN
CN 3282PFC,15,MAIN
CN 3284PFXC,15,MAIN
CN 3285PFC,15,MAIN
CN 3286PFC,15,MAIN
CN 3287PFC,15,MAIN
CN 3289PFC,15,MAIN
CN 3290PFC,15,MAIN
CN 3291PF,0,MAIN
CN 3292PFC,15,MAIN
CN 3294PFC,15,MAIN
CN 3295PFC,15,MAIN
CN 3297PFC,15,MAIN
CN 3298PFC,15,MAIN
CN 3299PFC,15,MAIN
CN 3300PFC,15,MAIN
CN 3303PF,0,MAIN
CN 3304PFC,15,MAIN
CN 3305PF,0,MAIN
CN 3306PF,0,MAIN
CN 3307PF,0,MAIN
CN 3309PF,0,MAIN
CN 3310PF,0,MAIN
CN 3311PF,0,MAIN
CN 3314PFC,15,MAIN
CN 3315PF,0,MAIN
CN 3318PFC,1,MAIN
CN 3319PF,0,MAIN
CN 3320PFC,15,MAIN
CN 3321PF,0,MAIN
CN 3323PFXC,15,MAIN
CN 3324PF,0,MAIN
CN 3327PF,0,MAIN
CN 3328PF,0,MAIN
CN 3329PF,0,MAIN
CN 3330PF,0,MAIN
CN 3331PFC,15,MAIN
CN 3332PF,0,MAIN
CN 3333PF,0,MAIN
CN 3334PF,0,MAIN
CN 3335PF,0,MAIN
CN 3336PF,0,MAIN
CN 3339PF,0,MAIN
CN 3340PF,0,MAIN
CN 3341PF,0,MAIN
CN 3343PFC,15,MAIN
CN 3345PFC,15,MAIN
CN 3347PFC,15,MAIN
CN 3348PFC,15,MAIN
CN 3349PFC,15,MAIN
CN 3353PF,0,MAIN
CN 3354PFC,8,MAIN
CN 3356PF,0,MAIN
CN 3357PFXC,15,MAIN
CN 3359PF,0,MAIN
CN 3360PFC,15,MAIN
CN 3361PFC,15,MAIN
CN 3362PFC,15,MAIN
CN 3365PF,0,MAIN
CN 3366PF,0,MAIN
CN 3367PFC,15,MAIN
CN 3368PF,0,MAIN
CN 3369PF,0,MAIN
CN 3370PF,0,MAIN
CN 3371PF,0,MAIN
CN 3372PF,0,MAIN
CN 3373PF,0,MAIN
CN 3376PF,0,MAIN
CN 3377PFC,15,MAIN
CN 3378PFC,15,MAIN
CN 3379PFXC,15,MAIN
CN 3380PF,0,MAIN
CN 3381PFC,15,MAIN
CN 3382PFC,6,MAIN
CN 3383PFC,15,MAIN
CN 3384PFC,15,MAIN
CN 3385PFXC,15,MAIN
CN 3386PFXC,15,MAIN
CN 3390PFC,15,MAIN
CN 3391PFXC,15,MAIN
CN 3392PFC,15,MAIN
CN 3393PFC,15,MAIN
CN 3394PFC,15,MAIN
CN 3395PFC,15,MAIN
CN 3396PFC,15,MAIN
CN 3397PFC,15,MAIN
CN 3399PFC,15,MAIN
CN 3401PF,0,MAIN
CN 3402PF,0,MAIN
CN 3405PFC,15,MAIN
CN 3407PF,0,MAIN
CN 3408PF,0,MAIN
CN 3411PF,0,MAIN
CN 3412PF,0,MAIN
CN 3413PF,0,MAIN
CN 3414PF,0,MAIN
CN 3416PF,0,MAIN
CN 3418PF,0,MAIN
CN 3420PFC,15,MAIN
CN 3422PFC,15,MAIN
CN 3423PFC,15,MAIN
CN 3424PFXC,15,MAIN
CN 3431PFC,15,MAIN
CN 3432PF,0,MAIN
CN 3434PF,0,MAIN
CN 3435PF,0,MAIN
CN 3436PF,0,MAIN
CN 3437PF,0,MAIN
CN 3438PFC,15,MAIN
CN 3439PFC,15,MAIN
CN 3441PF,0,MAIN
CN 3442PF,0,MAIN
CN 3443PFXC,15,MAIN
CN 3444PF,0,MAIN
CN 3445PFXC,15,MAIN
CN 3452PF,0,MAIN
CN 3456PF,0,MAIN
CN 3457PFC,15,MAIN
CN 3460PF,0,MAIN
CN 3461PF,0,MAIN
CN 3462PFC,15,MAIN
CN 3463PF,0,MAIN
CN 3464PFC,15,MAIN
CN 3466PF,0,MAIN
CN 3467PFC,15,MAIN
CN 3468PFC,15,MAIN
CN 3472PFC,15,MAIN
CN 3474PFXC,15,MAIN
CN 3477PF,0,MAIN
CN 3478PFXC,15,MAIN
CN 3479PF,0,MAIN
CN 3480PFC,15,MAIN
CN 3481PFC,15,MAIN
CN 3484PF,0,MAIN
CN 3485PF,0,MAIN
CN 3486PF,0,MAIN
CN 3490PFXC,15,MAIN
CN 3491PFXC,15,MAIN
CN 3492PF,0,MAIN
CN 3493PFC,15,MAIN
CN 3494PF,0,MAIN
CN 3495PF,0,MAIN
CN 3496PF,0,MAIN
CN 3497PF,0,MAIN
CN 3498PF,0,MAIN
CN 3500PFC,15,MAIN
CN 3504PF,0,MAIN
CN 3506PFC,15,MAIN
CN 3507PFC,15,MAIN
CN 3508PF,0,MAIN
CN 3511PF,0,MAIN
CN 3512PF,0,MAIN
CN 3513PFC,15,MAIN
CN 3514PF,0,MAIN
CN 3515PF,0,MAIN
CN 3518PF,0,MAIN
CN 3519PFC,15,MAIN
CN 3520PF,0,MAIN
CN 3523PFC,15,MAIN
CN 3525PFC,15,MAIN
CN 3526PF,0,MAIN
CN 3529PF,0,MAIN
CN 3530PF,0,MAIN
CN 3532PFC,15,MAIN
CN 3533PF,0,MAIN
CN 3534PF,0,MAIN
CN 3536PFC,15,MAIN
CN 3537PF,0,MAIN
CN 3538PF,0,MAIN
CN 3539PF,0,MAIN
CN 3540PF,0,MAIN
CN 3542PF,0,MAIN
CN 3545PF,0,MAIN
CN 3548PF,0,MAIN
CN 3550PF,0,MAIN
CN 3552PFC,15,MAIN
CN 3553PF,0,MAIN
CN 3554PFC,15,MAIN
CN 3555PF,0,MAIN
CN 3557PFC,15,MAIN
CN 3558PF,0,MAIN
CN 3560PF,0,MAIN
CN 3561PF,0,MAIN
CN 3562PF,0,MAIN
CN 3566PF,0,MAIN
CN 3569PFXC,15,MAIN
CN 3570PFC,15,MAIN
CN 3571PFC,15,MAIN
CN 3573PFC,15,MAIN
CN 3574PF,0,MAIN
CN 3575PFXC,15,MAIN
CN 3576PFC,15,MAIN
CN 3578PFC,15,MAIN
CN 3579PFC,15,MAIN
CN 3580PFXC,15,MAIN
CN 3581PFC,15,MAIN
CN 3582PFC,15,MAIN
CN 3584PF,0,MAIN
CN 3585PFC,15,MAIN
CN 3586PFC,15,MAIN
CN 3587PFC,15,MAIN
CN 3588PFC,15,MAIN
CN 3589PFC,15,MAIN
CN 3590PFC,15,MAIN
CN 3591PFC,15,MAIN
CN 3592PFC,15,MAIN
CN 3593PFC,15,MAIN
CN 3594PFC,15,MAIN
CN 3595PF,0,MAIN
CN 3596PFC,15,MAIN
CN 3598PFC,15,MAIN
CN 3599PFC,15,MAIN
CN 3600PFC,15,MAIN
CN 3601PF,0,MAIN
CN 3602PF,0,MAIN
CN 3606PF,0,MAIN
CN 3608PF,0,MAIN
CN 3611PF,0,MAIN
CN 3612PF,0,MAIN
CN 3612PFC,0,MAIN
CN 3613PFC,15,MAIN
CN 3616PF,0,MAIN
CN 3617PF,0,MAIN
CN 3618PFC,15,MAIN
CN 3623PF,0,MAIN
CN 3626PF,0,MAIN
CN 3628PFXC,15,MAIN
CN 3630PFXC,15,MAIN
CN 3632PF,0,MAIN
CN 3633PF,0,MAIN
CN 3633PFC,1,MAIN
CN 3634PFC,15,MAIN
CN 3635PFC,15,MAIN
CN 3636PFXC,15,MAIN
CN 3639PFXC,15,MAIN
CN 3640PF,0,MAIN
CN 3641PF,0,MAIN
CN 3642PFC,15,MAIN
CN 3643PFC,15,MAIN
CN 3649PFC,15,MAIN
CN 3656PFXC,15,MAIN
CN 3657PFC,15,MAIN
CN 3658PFXC,15,MAIN
CN 3664PFC,15,MAIN
CN 3666PFXC,15,MAIN
CN 3667PFXC,15,MAIN
CN 3668PFC,15,MAIN
CN 3669PFC,15,MAIN
CN 3672PFXC,15,MAIN
CN 3674PFC,15,MAIN
CN 3675PFXC,15,MAIN
CN 3678PFXC,15,MAIN
CN 3680PFXC,15,MAIN
CN 3682PFC,15,MAIN
CN 3684PFXC,15,MAIN
CN 3687PFC,15,MAIN
CN 3688PFXC,15,MAIN
CN 3689PFC,15,MAIN
CN 3690PFC,15,MAIN
CN 3691PFXC,15,MAIN
CN 3692PFXC,15,MAIN
CN 3693PFC,15,MAIN
CN 3694PFXC,15,MAIN
CN 3695PFXC,15,MAIN
CN 3698PF,0,MAIN
CN 3699PFC,13,MAIN
CN 3700PFC,15,MAIN
CN 3701PF,0,MAIN
CN 3702PF,0,MAIN
CN 3703PF,0,MAIN
CN 3704PF,0,MAIN
CN 3706PF,0,MAIN
CN 3707PF,0,MAIN
CN 3708PF,0,MAIN
CN 3709PF,0,MAIN
CN 3710PF,0,MAIN
CN 3711PF,0,MAIN
CN 3713PF,0,MAIN
CN 3714PF,0,MAIN
CN 3715PF,0,MAIN
CN 3716PF,0,MAIN
CN 3717PF,0,MAIN
CN 3718PF,0,MAIN
CN 3719PF,0,MAIN
CN 3720PF,0,MAIN
CN 3721PF,0,MAIN
CN 3722PF,0,MAIN
CN 3723PF,0,MAIN
CN 3724PF,0,MAIN
CN 3725PF,0,MAIN
CN 3727PF,0,MAIN
CN 3728PF,0,MAIN
CN 3731PFC,15,MAIN
CN 3732PF,0,MAIN
CN 3733PFXC,15,MAIN
CN 3734PF,0,MAIN
CN 3735PF,0,MAIN
CN 3736PF,0,MAIN
CN 3737PFC,15,MAIN
CN 3738PFXC,15,MAIN
CN 3739PFC,15,MAIN
CN 3741PF,0,MAIN
CN 3746PFC,15,MAIN
CN 3747PFC,15,MAIN
CN 3749PFC,14,MAIN
CN 3751PF,0,MAIN
CN 3752PF,0,MAIN
CN 3753PFC,15,MAIN
CN 3754PFC,1,MAIN
CN 3755PFC,15,MAIN
CN 3760PFXC,15,MAIN
CN 3761PFC,15,MAIN
CN 3762PFC,15,MAIN
CN 3764PFC,15,MAIN
CN 3765PFC,15,MAIN
CN 3766PFXC,15,MAIN
CN 3767PFXC,15,MAIN
CN 3768PFC,15,MAIN
CN 3771PFC,15,MAIN
CN 3772PFC,15,MAIN
CN 3773PFXC,15,MAIN
CN 3774PFXC,15,MAIN
CN 3775PFC,15,MAIN
CN 3776PFXC,15,MAIN
CN 3777PF,0,MAIN
CN 3778PFC,15,MAIN
CN 3782PFXC,15,MAIN
CN 3783PFXC,15,MAIN
CN 3784PFC,7,MAIN
CN 3785PFXC,15,MAIN
CN 3786PFXC,15,MAIN
CN 3787PFXC,15,MAIN
CN 3788PFC,15,MAIN
CN 3789PFXC,15,MAIN
CN 3790PFXC,15,MAIN
CN 3791PFXC,15,MAIN
CN 3792PFC,15,MAIN
CN 3793PFC,14,MAIN
CN 3794PFXC,15,MAIN
CN 3795PFXC,15,MAIN
CN 3797PFC,15,MAIN
CN 3798PFC,0,MAIN
CN 3799PFC,15,MAIN
CN 3802PFXC,15,MAIN
CN 3803PFC,0,MAIN
CN 3806PF,0,MAIN
CN 3808PF,0,MAIN
CN 3809PF,0,MAIN
CN 3811PF,0,MAIN
CN 3815PF,0,MAIN
CN 3817PF,0,MAIN
CN 3818PF,0,MAIN
CN 3819PF,0,MAIN
CN 3820PF,0,MAIN
CN 3821PF,0,MAIN
CN 3824PF,0,MAIN
CN 3825PF,0,MAIN
CN 3826PF,0,MAIN
CN 3827PF,0,MAIN
CN 3828PF,0,MAIN
CN 3830PF,0,MAIN
CN 3831PF,0,MAIN
CN 3834PF,0,MAIN
CN 3835PF,0,MAIN
CN 3836PF,0,MAIN
CN 3837PF,0,MAIN
CN 3839PF,0,MAIN
CN 3840PF,0,MAIN
CN 3841PF,0,MAIN
CN 3842PF,0,MAIN
CN 3843PF,0,MAIN
CN 3844PF,0,MAIN
CN 3845PF,0,MAIN
CN 3846PF,0,MAIN
CN 3851PF,0,MAIN
CN 3853PF,0,MAIN
CN 3855PFC,15,MAIN
CN 3861PF,0,MAIN
CN 3862PFC,15,MAIN
CN 3863PFC,0,MAIN
CN 3864PFC,15,MAIN
CN 3865PFC,0,MAIN
CN 3866PFC,15,MAIN
CN 3867PFC,15,MAIN
CN 3868PFC,15,MAIN
CN 3869PFC,15,MAIN
CN 3870PFC,15,MAIN
CN 3871PFC,15,MAIN
CN 3872PFC,15,MAIN
CN 3875PFC,7,MAIN
CN 3876PFC,15,MAIN
CN 3877PFC,15,MAIN
CN 3878PFC,15,MAIN
CN 3880PFC,15,MAIN
CN 3881PFXC,15,MAIN
CN 3882PFC,15,MAIN
CN 3884PFC,15,MAIN
CN 3885PFC,15,MAIN
CN 3886PFC,15,MAIN
CN 3887PFC,15,MAIN
CN 3888PFXC,15,MAIN
CN 3889PFC,15,MAIN
CN 3890PF,2,MAIN
CN 3891PFC,15,MAIN
CN 3892PFC,15,MAIN
CN 3893PFXC,15,MAIN
CN 3894PFC,15,MAIN
CN 3895PFC,15,MAIN
CN 3896PFC,15,MAIN
CN 3897PFXC,15,MAIN
CN 3898PFC,15,MAIN
CN 3899PFC,15,MAIN
CN 3902PFC,8,MAIN
CN 3903PF,0,MAIN
CN 3905PF,0,MAIN
CN 3909PF,0,MAIN
CN 3911PFXC,15,MAIN
CN 3912PF,0,MAIN
CN 3913PF,0,MAIN
CN 3916PF,0,MAIN
CN 3917PF,0,MAIN
CN 3918PF,0,MAIN
CN 3919PF,0,MAIN
CN 3922PF,0,MAIN
CN 3923PF,0,MAIN
CN 3924PF,0,MAIN
CN 3925PF,0,MAIN
CN 3926PF,0,MAIN
CN 3927PF,0,MAIN
CN 3928PF,0,MAIN
CN 3929PF,0,MAIN
CN 3930PF,0,MAIN
CN 3932PFC,15,MAIN
CN 3934PF,0,MAIN
CN 3936PFXC,15,MAIN
CN 3937PFC,15,MAIN
CN 3938PF,0,MAIN
CN 3939PF,0,MAIN
CN 3940PF,0,MAIN
CN 3941PF,0,MAIN
CN 3942PFC,15,MAIN
CN 3944PFC,15,MAIN
CN 3945PF,0,MAIN
CN 3946PFC,15,MAIN
CN 3947PFC,15,MAIN
CN 3948PFC,15,MAIN
CN 3949PFC,15,MAIN
CN 3951PF,0,MAIN
CN 3959PFC,15,MAIN
CN 3963PF,0,MAIN
CN 3965PFC,15,MAIN
CN 3966PF,0,MAIN
CN 3967PFC,15,MAIN
CN 3968PFC,15,MAIN
CN 3970PF,0,MAIN
CN 3971PF,0,MAIN
CN 3972PF,0,MAIN
CN 3973PF,0,MAIN
CN 3974PFC,15,MAIN
CN 3975PFC,15,MAIN
CN 3976PFC,15,MAIN
CN 3977PFC,15,MAIN
CN 3978PFC,15,MAIN
CN 3979PFC,15,MAIN
CN 3981PFC,15,MAIN
CN 3982PFC,15,MAIN
CN 3983PFC,15,MAIN
CN 3985PFC,15,MAIN
CN 3986PFC,15,MAIN
CN 3987PFC,15,MAIN
CN 3988PFC,15,MAIN
CN 3989PFC,15,MAIN
CN 3991PFC,15,MAIN
CN 3992PFC,15,MAIN
CN 3993PFC,15,MAIN
CN 3994PFC,15,MAIN
CN 3995PFC,15,MAIN
CN 3996PFC,15,MAIN
CN 3997PFC,15,MAIN
CN 3998PFC,15,MAIN
CN 4000PF,0,MAIN
CN 4003PF,0,MAIN
CN 4008PFC,15,MAIN
CN 4009PF,0,MAIN
CN 4011PFC,15,MAIN
CN 4012PFC,15,MAIN
CN 4013PFC,15,MAIN
CN 4014PF,0,MAIN
CN 4017PF,0,MAIN
CN 4019PF,0,MAIN
CN 4020PF,0,MAIN
CN 4021PF,0,MAIN
CN 4023PF,0,MAIN
CN 4024PFC,0,MAIN
CN 4026PF,0,MAIN
CN 4027PF,0,MAIN
CN 4028PF,0,MAIN
CN 4032PF,0,MAIN
CN 4034PF,0,MAIN
CN 40353PFC,15,MAIN
CN 4035PF,0,MAIN
CN 40363PFC,15,MAIN
CN 4036PFC,9,MAIN
CN 4037PF,0,MAIN
CN 4038PF,0,MAIN
CN 40401PFC,15,MAIN
CN 4044PF,0,MAIN
CN 4045PF,0,MAIN
CN 40465PFC,15,MAIN
CN 4052PF,0,MAIN
CN 4053PF,0,MAIN
CN 40541PFC,15,MAIN
CN 40542PFC,15,MAIN
CN 40546PFC,15,MAIN
CN 4054PFC,15,MAIN
CN 40552PFC,15,MAIN
CN 4055PFC,15,MAIN
CN 40560PFC,15,MAIN
CN 40563PFC,15,MAIN
CN 40568PFC,0,MAIN
CN 4056PF,0,MAIN
CN 40571PFC,15,MAIN
CN 4057PF,0,MAIN
CN 40588PFC,15,MAIN
CN 4058PF,0,MAIN
CN 4059PF,0,MAIN
CN 40603PFC,15,MAIN
CN 40606PFC,15,MAIN
CN 40608PFC,15,MAIN
CN 4060PF,0,MAIN
CN 40610PFC,15,MAIN
CN 4063PFC,15,MAIN
CN 4064PF,0,MAIN
CN 4065PF,0,MAIN
CN 4066PFC,15,MAIN
CN 4069PFC,15,MAIN
CN 40702PFC,15,MAIN
CN 40703PFC,15,MAIN
CN 40731PFC,15,MAIN
CN 40732PFC,15,MAIN
CN 40735PFC,15,MAIN
CN 40739PFC,15,MAIN
CN 4073PF,0,MAIN
CN 40740PFC,15,MAIN
CN 4074PF,0,MAIN
CN 4076PF,0,MAIN
CN 4077PF,0,MAIN
CN 40795PFC,15,MAIN
CN 40796PFC,15,MAIN
CN 4079PF,0,MAIN
CN 40817PFC,15,MAIN
CN 40820PFC,15,MAIN
CN 40822PFC,15,MAIN
CN 40824PFC,15,MAIN
CN 40827PFC,15,MAIN
CN 40828PFC,0,MAIN
CN 40829PFC,15,MAIN
CN 4083PFC,15,MAIN
CN 4084PFC,15,MAIN
CN 4085PF,0,MAIN
CN 4086PF,0,MAIN
CN 4087PF,0,MAIN
CN 4088PF,0,MAIN
CN 40901PFC,15,MAIN
CN 40906PFC,15,MAIN
CN 40907PFC,15,MAIN
CN 40945PFC,15,MAIN
CN 40975PFC,15,MAIN
CN 4097PFC,15,MAIN
CN 40986PFC,15,MAIN
CN 4099PF,0,MAIN
CN 41000PFC,15,MAIN
CN 41009PFC,15,MAIN
CN 41014PFC,15,MAIN
CN 4102PFC,15,MAIN
CN 4103PFC,15,MAIN
CN 4104PFC,15,MAIN
CN 4105PF,0,MAIN
CN 4106PFC,15,MAIN
CN 4109PF,0,MAIN
CN 4115PFC,15,MAIN
CN 4116PF,0,MAIN
CN 4117PF,0,MAIN
CN 4118PFC,15,MAIN
CN 4119PFC,15,MAIN
CN 41202PFC,15,MAIN
CN 4120PFC,0,MAIN
CN 41211PFC,15,MAIN
CN 41213PFC,15,MAIN
CN 41215PFC,15,MAIN
CN 41217PFC,15,MAIN
CN 4123PF,0,MAIN
CN 4125PF,0,MAIN
CN 4126PF,0,MAIN
CN 4127PFC,15,MAIN
CN 4128PFC,15,MAIN
CN 4129PF,0,MAIN
CN 4130PF,0,MAIN
CN 4132PF,0,MAIN
CN 4133PF,0,MAIN
CN 4135PF,0,MAIN
CN 4136PF,0,MAIN
CN 4137PFC,15,MAIN
CN 4138PF,0,MAIN
CN 41405PFC,15,MAIN
CN 41414PFC,15,MAIN
CN 41416PFC,15,MAIN
CN 41417PFC,15,MAIN
CN 4141PF,0,MAIN
CN 4144PF,0,MAIN
CN 4145PFC,15,MAIN
CN 4148PF,0,MAIN
CN 4150PF,0,MAIN
CN 4150PFC,6,MAIN
CN 4151PF,0,MAIN
CN 4152PFC,15,MAIN
CN 4153PFC,15,MAIN
CN 4157PF,0,MAIN
CN 41606PFC,15,MAIN
CN 4160PFC,8,MAIN
CN 41610PFC,15,MAIN
CN 41611PFC,15,MAIN
CN 41612PFC,15,MAIN
CN 41615PFC,15,MAIN
CN 4161PF,0,MAIN
CN 4163PFC,15,MAIN
CN 4164PF,0,MAIN
CN 4165PFC,15,MAIN
CN 4167PF,0,MAIN
CN 4168PFC,15,MAIN
CN 4171PFC,15,MAIN
CN 4172PFXC,15,MAIN
CN 4173PFC,15,MAIN
CN 4174PFC,15,MAIN
CN 4175PF,0,MAIN
CN 4178PF,0,MAIN
CN 4179PF,0,MAIN
CN 4183PF,0,MAIN
CN 4184PFC,15,MAIN
CN 4185PF,0,MAIN
CN 4187PF,0,MAIN
CN 4189PFC,15,MAIN
CN 4190PF,0,MAIN
CN 4191PF,0,MAIN
CN 4192PFC,15,MAIN
CN 4193PF,0,MAIN
CN 4194PF,0,MAIN
CN 4196PF,0,MAIN
CN 4199PF,0,MAIN
CN 4200PF,0,MAIN
CN 4201PFC,0,MAIN
CN 4203PF,0,MAIN
CN 4205PF,0,MAIN
CN 4206PF,0,MAIN
CN 4207PF,0,MAIN
CN 4208PF,0,MAIN
CN 4209PF,0,MAIN
CN 4210PF,0,MAIN
CN 4211PFC,15,MAIN
CN 4212PF,0,MAIN
CN 4213PFC,9,MAIN
CN 4214PFC,15,MAIN
CN 4215PF,0,MAIN
CN 4216PFC,15,MAIN
CN 4217PF,0,MAIN
CN 4218PF,0,MAIN
CN 4219PF,0,MAIN
CN 4221PF,0,MAIN
CN 4222PFC,15,MAIN
CN 4224PFC,15,MAIN
CN 4226PFC,15,MAIN
CN 4227PFC,15,MAIN
CN 4229PFC,15,MAIN
CN 4230PFC,15,MAIN
CN 4231PF,0,MAIN
CN 4232PFC,15,MAIN
CN 4233PFC,15,MAIN
CN 4236PFC,15,MAIN
CN 4237PFC,12,MAIN
CN 4238PFC,15,MAIN
CN 4239PFC,15,MAIN
CN 4240PFC,15,MAIN
CN 4241PFC,15,MAIN
CN 4242PFC,15,MAIN
CN 4243PFC,15,MAIN
CN 4245PF,0,MAIN
CN 4246PFC,15,MAIN
CN 42472PFC,15,MAIN
CN 4247PF,0,MAIN
CN 4248PF,0,MAIN
CN 4250PFC,15,MAIN
CN 4252PFC,15,MAIN
CN 4253PFC,15,MAIN
CN 4254PFC,15,MAIN
CN 4255PF,0,MAIN
CN 4256PF,0,MAIN
CN 4257PF,0,MAIN
CN 4258PFC,15,MAIN
CN 4259PF,0,MAIN
CN 4261PF,0,MAIN
CN 4262PF,0,MAIN
CN 4266PFC,15,MAIN
CN 4267PFC,0,MAIN
CN 4268PF,0,MAIN
CN 4269PF,0,MAIN
CN 4273PF,0,MAIN
CN 4274PF,0,MAIN
CN 4276PF,0,MAIN
CN 4277PFC,15,MAIN
CN 4279PF,0,MAIN
CN 4282PFC,15,MAIN
CN 4284PFC,15,MAIN
CN 4285PF,0,MAIN
CN 4289PF,0,MAIN
CN 4290PF,0,MAIN
CN 4291PFC,15,MAIN
CN 4292PF,0,MAIN
CN 4293PFC,15,MAIN
CN 4294PF,0,MAIN
CN 4295PFC,15,MAIN
CN 4298PFC,15,MAIN
CN 4299PFC,15,MAIN
CN 4300PF,0,MAIN
CN 4302PFC,15,MAIN
CN 4303PF,0,MAIN
CN 4304PF,0,MAIN
CN 4306PFC,15,MAIN
CN 4307PFC,15,MAIN
CN 4309PFC,15,MAIN
CN 4310PFC,15,MAIN
CN 4311PFC,6,MAIN
CN 4312PFC,0,MAIN
CN 4313PFC,15,MAIN
CN 4314PF,0,MAIN
CN 4319PF,0,MAIN
CN 4320PF,0,MAIN
CN 4321PFC,15,MAIN
CN 4322PFC,15,MAIN
CN 4324PF,0,MAIN
CN 4326PFC,15,MAIN
CN 4327PF,0,MAIN
CN 4328PFC,15,MAIN
CN 4330PF,0,MAIN
CN 4331PFC,15,MAIN
CN 4332PF,0,MAIN
CN 4334PF,0,MAIN
CN 4335PF,0,MAIN
CN 4336PF,0,MAIN
CN 4343PF,0,MAIN
CN 4344PF,0,MAIN
CN 4345PFC,15,MAIN
CN 4347PF,0,MAIN
CN 4348PF,0,MAIN
CN 4349PF,0,MAIN
CN 4351PF,0,MAIN
CN 4353PF,0,MAIN
CN 4354PF,0,MAIN
CN 4356PF,0,MAIN
CN 4357PF,0,MAIN
CN 4358PF,0,MAIN
CN 4359PF,0,MAIN
CN 4360PF,0,MAIN
CN 4361PFC,15,MAIN
CN 4362PF,0,MAIN
CN 4363PF,0,MAIN
CN 4365PFC,15,MAIN
CN 4367PFC,15,MAIN
CN 4368PFC,0,MAIN
CN 4369PFC,15,MAIN
CN 4372PF,0,MAIN
CN 4374PF,0,MAIN
CN 4375PFC,1,MAIN
CN 4379PFC,15,MAIN
CN 4380PFC,0,MAIN
CN 4381PFC,15,MAIN
CN 4384PF,0,MAIN
CN 4385PF,0,MAIN
CN 4389PFC,15,MAIN
CN 4390PFC,15,MAIN
CN 4392PFC,15,MAIN
CN 4393PFC,15,MAIN
CN 4394PF,0,MAIN
CN 4395PFC,15,MAIN
CN 4396PF,0,MAIN
CN 4397PF,0,MAIN
CN 4398PF,0,MAIN
CN 4402PFC,15,MAIN
CN 4404PFC,15,MAIN
CN 4405PF,0,MAIN
CN 4406PF,0,MAIN
CN 4407PF,0,MAIN
CN 4408PF,0,MAIN
CN 4409PF,0,MAIN
CN 4410PF,0,MAIN
CN 4412PF,0,MAIN
CN 4413PFC,15,MAIN
CN 4414PF,0,MAIN
CN 4417PF,0,MAIN
CN 4420PF,0,MAIN
CN 4421PFC,15,MAIN
CN 4422PF,0,MAIN
CN 4423PFC,15,MAIN
CN 4424PFC,15,MAIN
CN 4426PF,0,MAIN
CN 4429PFC,15,MAIN
CN 4431PFC,15,MAIN
CN 4432PF,0,MAIN
CN 4433PFC,15,MAIN
CN 4434PFC,15,MAIN
CN 4435PFC,15,MAIN
CN 4436PFC,15,MAIN
CN 4438PFC,15,MAIN
CN 4439PFC,15,MAIN
CN 4440PFC,15,MAIN
CN 4441PFC,15,MAIN
CN 4442PFC,15,MAIN
CN 4445PFC,15,MAIN
CN 4446PFC,12,MAIN
CN 4447PFC,15,MAIN
CN 4448PFC,15,MAIN
CN 4451PF,0,MAIN
CN 4454PFC,15,MAIN
CN 4456PF,0,MAIN
CN 4458PF,0,MAIN
CN 4459PFC,15,MAIN
CN 4460PFC,15,MAIN
CN 4461PFC,15,MAIN
CN 4462PFC,0,MAIN
CN 4463PF,0,MAIN
CN 4469PFC,15,MAIN
CN 4471PFC,15,MAIN
CN 4473PFC,15,MAIN
CN 4474PF,0,MAIN
CN 4475PFC,15,MAIN
CN 4477PF,0,MAIN
CN 4479PF,0,MAIN
CN 4480PFC,15,MAIN
CN 4484PF,0,MAIN
CN 4486PFC,15,MAIN
CN 4487PFC,15,MAIN
CN 4489PF,0,MAIN
CN 4501PF,0,MAIN
CN 4503PFC,15,MAIN
CN 4505PF,0,MAIN
CN 4510PF,0,MAIN
CN 4511PF,0,MAIN
CN 4512PF,0,MAIN
CN 4513PFC,15,MAIN
CN 4516PFC,15,MAIN
CN 4519PFC,15,MAIN
CN 4526PFC,9,MAIN
CN 4527PF,0,MAIN
CN 4531PFC,15,MAIN
CN 4536PFC,15,MAIN
CN 4537PFC,15,MAIN
CN 4538PF,0,MAIN
CN 4540PFC,15,MAIN
CN 4544PFC,15,MAIN
CN 4548PFC,15,MAIN
CN 4549PFC,15,MAIN
CN 4550PFC,15,MAIN
CN 4552PFC,0,MAIN
CN 4554PFC,0,MAIN
CN 4555PFC,15,MAIN
CN 4556PF,0,MAIN
CN 4557PF,0,MAIN
CN 4559PF,0,MAIN
CN 4560PFC,15,MAIN
CN 4561PF,0,MAIN
CN 4562PFC,15,MAIN
CN 4565PFC,15,MAIN
CN 4566PF,0,MAIN
CN 4567PF,0,MAIN
CN 4568PF,0,MAIN
CN 4569PFC,15,MAIN
CN 4570PFC,15,MAIN
CN 4571PFC,15,MAIN
CN 4572PF,0,MAIN
CN 4575PF,0,MAIN
CN 4576PFC,15,MAIN
CN 4579PFC,15,MAIN
CN 4580PFC,15,MAIN
CN 4585PF,0,MAIN
CN 4586PFC,15,MAIN
CN 4587PF,0,MAIN
CN 4588PFXC,0,MAIN
CN 4590PFC,15,MAIN
CN 4593PF,0,MAIN
CN 4594PF,0,MAIN
CN 4596PF,0,MAIN
CN 4598PF,0,MAIN
CN 4599PF,0,MAIN
CN 4600PF,0,MAIN
CN 4601PF,0,MAIN
CN 4602PFC,15,MAIN
CN 4604PFC,15,MAIN
CN 4605PFC,15,MAIN
CN 4606PFC,15,MAIN
CN 4608PF,0,MAIN
CN 4609PF,0,MAIN
CN 4612PFXC,15,MAIN
CN 4614PFC,15,MAIN
CN 4615PFC,15,MAIN
CN 4616PFC,7,MAIN
CN 4617PFC,15,MAIN
CN 4618PF,0,MAIN
CN 4620PFC,15,MAIN
CN 4621PFC,15,MAIN
CN 4622PFC,15,MAIN
CN 4623PFC,15,MAIN
CN 4624PFC,15,MAIN
CN 4625PFC,15,MAIN
CN 4626PFXC,15,MAIN
CN 4627PFC,15,MAIN
CN 4628PFC,15,MAIN
CN 4629PFC,15,MAIN
CN 4630PF,0,MAIN
CN 4631PF,0,MAIN
CN 4633PF,0,MAIN
CN 4634PF,0,MAIN
CN 4635PFC,15,MAIN
CN 4637PF,0,MAIN
CN 4638PF,0,MAIN
CN 4640PF,0,MAIN
CN 4641PF,0,MAIN
CN 4643PFC,0,MAIN
CN 4644PFC,15,MAIN
CN 4645PFC,0,MAIN
CN 4647PF,0,MAIN
CN 4648PFC,15,MAIN
CN 4650PF,0,MAIN
CN 4651PFC,0,MAIN
CN 4652PF,0,MAIN
CN 4653PF,0,MAIN
CN 4654PF,0,MAIN
CN 4655PFC,0,MAIN
CN 4656PF,0,MAIN
CN 4657PF,0,MAIN
CN 4658PFC,3,MAIN
CN 4659PFC,6,MAIN
CN 4660PFXC,15,MAIN
CN 4662PFC,15,MAIN
CN 4664PFC,15,MAIN
CN 4665PF,0,MAIN
CN 4666PF,0,MAIN
CN 4667PF,0,MAIN
CN 4668PFC,15,MAIN
CN 4669PF,0,MAIN
CN 4670PF,0,MAIN
CN 4671PF,0,MAIN
CN 4673PFC,0,MAIN
CN 4676PFC,15,MAIN
CN 4677PFC,8,MAIN
CN 4678PFC,15,MAIN
CN 4679PF,0,MAIN
CN 4680PF,0,MAIN
CN 4681PFC,15,MAIN
CN 4682PFC,15,MAIN
CN 4683PF,0,MAIN
CN 4684PFC,12,MAIN
CN 4685PF,0,MAIN
CN 4686PF,0,MAIN
CN 4687PF,0,MAIN
CN 4688PFC,15,MAIN
CN 4689PFC,15,MAIN
CN 4690PFC,15,MAIN
CN 4691PF,0,MAIN
CN 4692PFC,0,MAIN
CN 4693PFC,3,MAIN
CN 4694PF,0,MAIN
CN 4695PFC,15,MAIN
CN 4696PFC,15,MAIN
CN 4697PFC,15,MAIN
CN 4698PF,0,MAIN
CN 4699PFC,15,MAIN
CN 4700PF,0,MAIN
CN 4701PF,0,MAIN
CN 4702PFC,15,MAIN
CN 4704PFC,15,MAIN
CN 4706PF,0,MAIN
CN 4707PFC,15,MAIN
CN 4709PFC,15,MAIN
CN 4711PFC,15,MAIN
CN 4712PFC,15,MAIN
CN 4718PFC,15,MAIN
CN 4719PFC,15,MAIN
CN 4720PFC,15,MAIN
CN 4722PFC,15,MAIN
CN 4724PFC,15,MAIN
CN 4726PFC,15,MAIN
CN 4727PFC,15,MAIN
CN 4728PFC,15,MAIN
CN 4729PFC,15,MAIN
CN 4730PFXC,15,MAIN
CN 4732PFC,15,MAIN
CN 4733PFC,12,MAIN
CN 4734PF,0,MAIN
CN 4736PF,0,MAIN
CN 4738PFC,15,MAIN
CN 4739PFC,15,MAIN
CN 4740PFC,15,MAIN
CN 4741PFC,15,MAIN
CN 4742PFC,15,MAIN
CN 4743PF,0,MAIN
CN 4744PFC,15,MAIN
CN 4747PF,0,MAIN
CN 4748PF,0,MAIN
CN 4749PFC,15,MAIN
CN 4750PF,0,MAIN
CN 4751PF,0,MAIN
CN 4756PFC,15,MAIN
CN 4758PFC,15,MAIN
CN 4759PFC,15,MAIN
CN 4761PFC,15,MAIN
CN 4762PFC,15,MAIN
CN 4763PFC,15,MAIN
CN 4765PFC,15,MAIN
CN 4766PFC,15,MAIN
CN 4768PFC,15,MAIN
CN 4771PF,0,MAIN
CN 4772PF,0,MAIN
CN 4773PFC,14,MAIN
CN 4774PFC,0,MAIN
CN 4775PFC,9,MAIN
CN 4777PF,0,MAIN
CN 4779PFC,15,MAIN
CN 4780PFC,15,MAIN
CN 4781PF,0,MAIN
CN 4782PFC,8,MAIN
CN 4783PFC,15,MAIN
CN 4784PFC,15,MAIN
CN 4785PFC,0,MAIN
CN 4786PFC,15,MAIN
CN 4787PFC,15,MAIN
CN 4789PFC,15,MAIN
CN 4791PFC,1,MAIN
CN 4793PFC,15,MAIN
CN 4795PF,0,MAIN
CN 4798PFC,15,MAIN
CN 4802PFC,15,MAIN
CN 4803PFC,10,MAIN
CN 4806PFC,15,MAIN
CN 4807PF,0,MAIN
CN 4808PFC,15,MAIN
CN 4810PFC,15,MAIN
CN 4811PFC,15,MAIN
CN 4812PFC,15,MAIN
CN 4814PFC,15,MAIN
CN 4815PF,0,MAIN
CN 4816PF,0,MAIN
CN 4817PFC,0,MAIN
CN 4819PF,0,MAIN
CN 4821PFC,15,MAIN
CN 4823PF,0,MAIN
CN 4825PFC,15,MAIN
CN 4826PFC,15,MAIN
CN 4827PF,0,MAIN
CN 4831PF,0,MAIN
CN 4834PF,0,MAIN
CN 4837PFC,15,MAIN
CN 4838PFXC,15,MAIN
CN 4839PFC,15,MAIN
CN 4841PF,0,MAIN
CN 4846PFC,15,MAIN
CN 4848PFC,15,MAIN
CN 4852PFC,1,MAIN
CN 4855PF,0,MAIN
CN 4856PF,0,MAIN
CN 4857PFC,15,MAIN
CN 4859PF,0,MAIN
CN 4860PF,0,MAIN
CN 4862PF,0,MAIN
CN 4866PF,0,MAIN
CN 4867PF,0,MAIN
CN 4868PF,0,MAIN
CN 4879PFC,15,MAIN
CN 4881PFC,15,MAIN
CN 4882PFC,15,MAIN
CN 4883PFC,15,MAIN
CN 4885PFC,15,MAIN
CN 4886PF,0,MAIN
CN 4890PFC,15,MAIN
CN 4891PFC,15,MAIN
CN 4892PFC,15,MAIN
CN 4893PFC,15,MAIN
CN 4894PFC,15,MAIN
CN 4895PFXC,15,MAIN
CN 4896PFC,0,MAIN
CN 4897PFC,15,MAIN
CN 4898PFC,15,MAIN
CN 4899PFC,15,MAIN
CN 4900PFXC,15,MAIN
CN 4901PFC,0,MAIN
CN 4902PFC,9,MAIN
CN 4904PFC,15,MAIN
CN 4907PF,0,MAIN
CN 4912PFC,15,MAIN
CN 4913PFC,15,MAIN
CN 4914PFC,15,MAIN
CN 4915PFC,8,MAIN
CN 4917PFC,15,MAIN
CN 4918PFC,15,MAIN
CN 4919PFC,15,MAIN
CN 4920PFC,15,MAIN
CN 4921PFC,15,MAIN
CN 4923PFC,15,MAIN
CN 4924PFC,15,MAIN
CN 4925PFC,15,MAIN
CN 4927PFC,15,MAIN
CN 4929PFC,15,MAIN
CN 4930PFC,15,MAIN
CN 4931PFC,15,MAIN
CN 4932PFC,15,MAIN
CN 4933PFC,15,MAIN
CN 4934PFC,15,MAIN
CN 4935PFC,15,MAIN
CN 4936PF,0,MAIN
CN 4938PFXC,15,MAIN
CN 4939PFXC,15,MAIN
CN 4941PFC,15,MAIN
CN 4943PFC,15,MAIN
CN 4944PFC,8,MAIN
CN 4945PFC,15,MAIN
CN 4946PFC,15,MAIN
CN 4947PF,0,MAIN
CN 4949PFXC,15,MAIN
CN 4950PFC,15,MAIN
CN 4951PFC,15,MAIN
CN 4953PFC,15,MAIN
CN 4954PFC,15,MAIN
CN 4956PFC,15,MAIN
CN 4957PFC,15,MAIN
CN 4959PFC,15,MAIN
CN 4961PFC,15,MAIN
CN 4963PFC,15,MAIN
CN 4965PFC,15,MAIN
CN 4966PFC,15,MAIN
CN 4967PFC,15,MAIN
CN 4968PFC,15,MAIN
CN 4969PFXC,15,MAIN
CN 4970PFC,15,MAIN
CN 4972PFC,15,MAIN
CN 4973PFC,4,MAIN
CN 4975PFC,15,MAIN
CN 4977PFC,15,MAIN
CN 4978PFC,15,MAIN
CN 4980PFC,15,MAIN
CN 4981PFC,15,MAIN
CN 4982PFC,15,MAIN
CN 4983PFC,15,MAIN
CN 4984PFC,2,MAIN
CN 4984PFXC,15,MAIN
CN 4985PFC,15,MAIN
CN 4986PFC,15,MAIN
CN 4988PFC,15,MAIN
CN 4990PF,0,MAIN
CN 4991PFC,15,MAIN
CN 4992PF,0,MAIN
CN 4993PFC,15,MAIN
CN 4994PFC,15,MAIN
CN 4995PFC,12,MAIN
CN 4997PFC,15,MAIN
CN 70007C,15,MAIN
CN 70008C,15,MAIN
CN 70009C,15,MAIN
CN 70010C,15,MAIN
CN 70011C,15,MAIN
CN 70012C,15,MAIN
CN 70013C,15,MAIN
CN 70014C,0,MAIN
CN 70015C,15,MAIN
CN 70016C,0,MAIN
CN 70017C,15,MAIN
CN 70018C,15,MAIN
CN 70019C,0,MAIN
CN 70020C,15,MAIN
CN 70021C,15,MAIN
CN 70022C,15,MAIN
CN 70023C,15,MAIN
CN 70024C,0,MAIN
CN 70025C,0,MAIN
CN 70026C,15,MAIN
CN 70027C,0,MAIN
CN 70028C,0,MAIN
CN 70029C,0,MAIN
CN 70030C,15,MAIN
CN 70031C,0,MAIN
CN 70032C,0,MAIN
CN 70033C,0,MAIN
CN 70-61024,0,MAIN
CN 70-61224,0,MAIN
CN CUT OUT,0,MAIN
CO 0002OI,0,MAIN
CO 0003RD,0,MAIN
CO 0005RD,0,MAIN
CO 0010,0,MAIN
CO 0011C,15,MAIN
CO 0017RD,0,MAIN
CO 0019R,0,MAIN
CO 0020GLC,15,MAIN
CO 0021R,0,MAIN
CO 0023GLC,15,MAIN
CO 0023Q,5,MAIN
CO 0024GLC,15,MAIN
CO 0024Q,15,MAIN
CO 0025Q,15,MAIN
CO 0025Z,0,MAIN
CO 0034Y,0,MAIN
CO 0038C,8,MAIN
CO 0038Q,15,MAIN
CO 0040C,15,MAIN
CO 0040Q,2,MAIN
CO 0041,0,MAIN
CO 0041C,15,MAIN
CO 0042,0,MAIN
CO 0042C,8,MAIN
CO 0042Q,15,MAIN
CO 0043C,0,MAIN
CO 0043Q,7,MAIN
CO 0044Q,4,MAIN
CO 0052RW,0,MAIN
CO 0054RD,0,MAIN
CO 0061RW,0,MAIN
CO 0071,0,MAIN
CO 0071C,15,MAIN
CO 0072,0,MAIN
CO 0073C,15,MAIN
CO 0073Q,8,MAIN
CO 0074,0,MAIN
CO 0074C,15,MAIN
CO 0074Q,10,MAIN
CO 0075Q,3,MAIN
CO 0076C,15,MAIN
CO 0076Q,15,MAIN
CO 0078C,0,MAIN
CO 0078Q,3,MAIN
CO 0104JC,15,MAIN
CO 0146DZ,0,MAIN
CO 0146RW,0,MAIN
CO 0146ZI,0,MAIN
CO 0150RW,0,MAIN
CO 0152RW,0,MAIN
CO 0152Y,0,MAIN
CO 0156RW,0,MAIN
CO 0156Z,0,MAIN
CO 0158RY,0,MAIN
CO 0162RW,0,MAIN
CO 0164RW,0,MAIN
CO 0164Z,0,MAIN
CO 0171RW,0,MAIN
CO 0190Z,0,MAIN
CO 0193RW,0,MAIN
CO 0311RW,0,MAIN
CO 0312RW,0,MAIN
CO 0324RY,0,MAIN
CO 0328RW,0,MAIN
CO 0338RE,0,MAIN
CO 04080,15,MAIN
CO 04080C,15,MAIN
CO 0418RW,0,MAIN
CO 0420RW,0,MAIN
CO 0420Z,0,MAIN
CO 0424RW,0,MAIN
CO 0426RW,0,MAIN
CO 04292,0,MAIN
CO 04292C,0,MAIN
CO 0430RW,0,MAIN
CO 10000RW,0,MAIN
CO 10005RZ,0,MAIN
CO 10011RW,0,MAIN
CO 10012RW,0,MAIN
CO 10016C,15,MAIN
CO 10017RW,0,MAIN
CO 10028RY,0,MAIN
CO 10039Z,0,MAIN
CO 10045RZ,0,MAIN
CO 10048RW,0,MAIN
CO 10053RW,0,MAIN
CO 10059RY,0,MAIN
CO 10066RY,0,MAIN
CO 10068X,0,MAIN
CO 10070RW,0,MAIN
CO 10071RW,0,MAIN
CO 10073RW,0,MAIN
CO 10076C,15,MAIN
CO 10076V,0,MAIN
CO 10079RW,0,MAIN
CO 10082JC,15,MAIN
CO 10092RW,0,MAIN
CO 10096RW,0,MAIN
CO 10098RW,0,MAIN
CO 10099RY,0,MAIN
CO 10105Z,0,MAIN
CO 10107ZI,0,MAIN
CO 10110RD,0,MAIN
CO 10112RW,0,MAIN
CO 101200C,15,MAIN
CO 10120C,15,MAIN
CO 101210C,15,MAIN
CO 101220C,15,MAIN
CO 101230C,15,MAIN
CO 101240C,15,MAIN
CO 10124RW,0,MAIN
CO 101260C,15,MAIN
CO 101270C,15,MAIN
CO 101280C,15,MAIN
CO 101290C,15,MAIN
CO 101300C,15,MAIN
CO 101310C,0,MAIN
CO 10131RW,0,MAIN
CO 101320C,15,MAIN
CO 101330C,15,MAIN
CO 101390C,15,MAIN
CO 101410C,15,MAIN
CO 10142RW,0,MAIN
CO 10142RZ,0,MAIN
CO 101440C,15,MAIN
CO 101450C,15,MAIN
CO 101460C,15,MAIN
CO 101470C,1,MAIN
CO 101480C,15,MAIN
CO 101490C,15,MAIN
CO 10150RW,0,MAIN
CO 101510C,15,MAIN
CO 101530C,15,MAIN
CO 101540C,15,MAIN
CO 10156Z,0,MAIN
CO 101580C,15,MAIN
CO 101610C,15,MAIN
CO 101620C,15,MAIN
CO 101630C,15,MAIN
CO 101640C,15,MAIN
CO 101650C,0,MAIN
CO 101651C,15,MAIN
CO 101700C,15,MAIN
CO 101710C,3,MAIN
CO 101720C,15,MAIN
CO 101730C,15,MAIN
CO 10174ZI,0,MAIN
CO 10175RZ,0,MAIN
CO 10175Z,0,MAIN
CO 101820C,15,MAIN
CO 101821C,15,MAIN
CO 101822C,15,MAIN
CO 10185AC,1,MAIN
CO 10186RW,0,MAIN
CO 10186ZI,0,MAIN
CO 10199RW,0,MAIN
CO 10207Z,1,MAIN
CO 10210RW,0,MAIN
CO 10210Z,0,MAIN
CO 10214ZI,0,MAIN
CO 10218T,7,MAIN
CO 10219Z,0,MAIN
CO 10220RW,0,MAIN
CO 10223RW,0,MAIN
CO 10224Z,0,MAIN
CO 10232RW,0,MAIN
CO 10236C,15,MAIN
CO 10241GLC,15,MAIN
CO 10242ZI,0,MAIN
CO 10243RW,0,MAIN
CO 10243Z,0,MAIN
CO 10246C,15,MAIN
CO 102530AC,15,MAIN
CO 102541AC,15,MAIN
CO 10256RW,0,MAIN
CO 102580AC,15,MAIN
CO 102580PC,15,MAIN
CO 102580Z,0,MAIN
CO 102581AC,15,MAIN
CO 10258RD,0,MAIN
CO 1027,0,MAIN
CO 10275RW,0,MAIN
CO 1027Z,15,MAIN
CO 10285RY,0,MAIN
CO 103090C,15,MAIN
CO 10309RW,0,MAIN
CO 103100C,15,MAIN
CO 10316RW,0,MAIN
CO 10317Z,0,MAIN
CO 10328RW,0,MAIN
CO 10343V,0,MAIN
CO 10359RD,0,MAIN
CO 10362Z,0,MAIN
CO 10370RW,0,MAIN
CO 10371DZ,0,MAIN
CO 10371RW,0,MAIN
CO 10371Z,0,MAIN
CO 10374RW,0,MAIN
CO 10374Z,0,MAIN
CO 10379T,15,MAIN
CO 10379Z,0,MAIN
CO 10384RW,0,MAIN
CO 10386C,15,MAIN
CO 10387C,15,MAIN
CO 10387V,0,MAIN
CO 10388RD,0,MAIN
CO 10395RW,0,MAIN
CO 10403C,0,MAIN
CO 10403RW,0,MAIN
CO 10410DZ,0,MAIN
CO 10410GLC,15,MAIN
CO 10412DZ,0,MAIN
CO 10412GLC,15,MAIN
CO 10412Z,0,MAIN
CO 10421JC,15,MAIN
CO 10437C,15,MAIN
CO 10441AC,15,MAIN
CO 10447T,0,MAIN
CO 10448C,15,MAIN
CO 10449C,15,MAIN
CO 10454JC,15,MAIN
CO 10456Z,0,MAIN
CO 10458C,15,MAIN
CO 10458Z,0,MAIN
CO 10460AC,0,MAIN
CO 10508C,15,MAIN
CO 105104C,15,MAIN
CO 105109C,15,MAIN
CO 105111C,15,MAIN
CO 105111DZ,0,MAIN
CO 105115C,15,MAIN
CO 105115V,0,MAIN
CO 105116C,15,MAIN
CO 105116DZ,0,MAIN
CO 105117C,0,MAIN
CO 105118C,1,MAIN
CO 105120C,15,MAIN
CO 105122C,0,MAIN
CO 105123C,2,MAIN
CO 105130C,0,MAIN
CO 105162C,15,MAIN
CO 10520C,15,MAIN
CO 10520DZ,0,MAIN
CO 10522C,15,MAIN
CO 10524RW,0,MAIN
CO 10524Z,0,MAIN
CO 10528C,15,MAIN
CO 10529AC,15,MAIN
CO 10535RW,0,MAIN
CO 10535Z,0,MAIN
CO 10539C,15,MAIN
CO 10540LC,5,MAIN
CO 10541AC,15,MAIN
CO 10547C,0,MAIN
CO 10549C,15,MAIN
CO 10549X,0,MAIN
CO 10552C,15,MAIN
CO 10554JC,15,MAIN
CO 10555JC,15,MAIN
CO 10555Z,0,MAIN
CO 10556C,0,MAIN
CO 10565C,15,MAIN
CO 10568RW,0,MAIN
CO 10570GLC,12,MAIN
CO 10571C,0,MAIN
CO 10572C,15,MAIN
CO 10572DZ,0,MAIN
CO 10572Z,0,MAIN
CO 10573C,15,MAIN
CO 10576C,15,MAIN
CO 10580RW,0,MAIN
CO 10581GLC,0,MAIN
CO 10582RW,0,MAIN
CO 10584RW,0,MAIN
CO 10587RW,0,MAIN
CO 10587Z,0,MAIN
CO 10593GLC,0,MAIN
CO 10593Z,0,MAIN
CO 10596AC,15,MAIN
CO 10596Z,0,MAIN
CO 10597AC,15,MAIN
CO 10598GLC,0,MAIN
CO 10599T,15,MAIN
CO 1060,0,MAIN
CO 10602C,15,MAIN
CO 10602DZ,0,MAIN
CO 10602Z,0,MAIN
CO 10604C,15,MAIN
CO 10607C,15,MAIN
CO 10609JC,15,MAIN
CO 10609Z,0,MAIN
CO 10616Z,0,MAIN
CO 10617RF,0,MAIN
CO 10620C,15,MAIN
CO 10620F,2,MAIN
CO 10624GLC,15,MAIN
CO 10631RW,0,MAIN
CO 10631ZI,0,MAIN
CO 10633RW,0,MAIN
CO 10633Z,0,MAIN
CO 10639RW,0,MAIN
CO 10640RW,0,MAIN
CO 10647JC,11,MAIN
CO 10648JC,15,MAIN
CO 10663AC,15,MAIN
CO 10663PC,15,MAIN
CO 10663Z,0,MAIN
CO 10664Z,0,MAIN
CO 10675RW,0,MAIN
CO 10675ZI,0,MAIN
CO 10677RW,0,MAIN
CO 10677Z,0,MAIN
CO 10679RW,2,MAIN
CO 10679Z,0,MAIN
CO 10685DC,15,MAIN
CO 10685DZ,0,MAIN
CO 10686C,15,MAIN
CO 10686Z,0,MAIN
CO 10689Z,0,MAIN
CO 10691RY,0,MAIN
CO 10693C,3,MAIN
CO 10699Z,0,MAIN
CO 10700Z,0,MAIN
CO 10703AN,0,MAIN
CO 10703C,15,MAIN
CO 10711RW,0,MAIN
CO 10712AC,15,MAIN
CO 10715AC,15,MAIN
CO 10717C,15,MAIN
CO 10722JC,15,MAIN
CO 10723C,15,MAIN
CO 10726AC,15,MAIN
CO 10730AC,15,MAIN
CO 10733Z,0,MAIN
CO 10734C,15,MAIN
CO 10736C,15,MAIN
CO 10736Z,0,MAIN
CO 10739C,15,MAIN
CO 10741Z,0,MAIN
CO 10751RZ,0,MAIN
CO 10755RW,0,MAIN
CO 10755Z,0,MAIN
CO 10759C,15,MAIN
CO 10760JC,15,MAIN
CO 10760Z,0,MAIN
CO 10763C,15,MAIN
CO 10763Z,0,MAIN
CO 10768C,15,MAIN
CO 10773T,15,MAIN
CO 10778JC,15,MAIN
CO 10778JV,0,MAIN
CO 10778V,0,MAIN
CO 10788C,15,MAIN
CO 10791C,15,MAIN
CO 10793C,15,MAIN
CO 10793Z,0,MAIN
CO 10797C,15,MAIN
CO 10797DZ,0,MAIN
CO 10800C,15,MAIN
CO 10800Z,0,MAIN
CO 10801C,15,MAIN
CO 10801Z,0,MAIN
CO 10802C,15,MAIN
CO 10802DZ,0,MAIN
CO 10807JC,15,MAIN
CO 10807Z,0,MAIN
CO 10808JC,15,MAIN
CO 10822AN,0,MAIN
CO 10822C,15,MAIN
CO 10824JC,15,MAIN
CO 10827RW,0,MAIN
CO 10828Z,0,MAIN
CO 10829C,15,MAIN
CO 10833RW,0,MAIN
CO 10834C,15,MAIN
CO 10834DZ,0,MAIN
CO 10834Z,0,MAIN
CO 10835C,15,MAIN
CO 10837C,15,MAIN
CO 10837Z,0,MAIN
CO 10840C,15,MAIN
CO 10842AC,15,MAIN
CO 10842PC,15,MAIN
CO 10844RZ,0,MAIN
CO 10845AC,15,MAIN
CO 10849T,15,MAIN
CO 10851AC,15,MAIN
CO 10852AC,15,MAIN
CO 10854C,15,MAIN
CO 10855C,15,MAIN
CO 10856C,15,MAIN
CO 10856DZ,0,MAIN
CO 10857C,0,MAIN
CO 10858AC,15,MAIN
CO 10861AC,15,MAIN
CO 10863JC,15,MAIN
CO 10864JC,15,MAIN
CO 10864Z,0,MAIN
CO 10865JC,15,MAIN
CO 10868C,15,MAIN
CO 10868V,0,MAIN
CO 10869C,15,MAIN
CO 10870JC,15,MAIN
CO 10871C,15,MAIN
CO 10873C,15,MAIN
CO 10874JC,15,MAIN
CO 10874JV,0,MAIN
CO 10874Z,0,MAIN
CO 10875C,15,MAIN
CO 10877C,15,MAIN
CO 10877Z,0,MAIN
CO 10879C,0,MAIN
CO 10880C,15,MAIN
CO 10881RD,0,MAIN
CO 10882JC,15,MAIN
CO 10882Z,0,MAIN
CO 10886C,15,MAIN
CO 10891RW,0,MAIN
CO 10891Z,0,MAIN
CO 10900C,15,MAIN
CO 10902C,15,MAIN
CO 10903C,15,MAIN
CO 10904C,15,MAIN
CO 10904X,0,MAIN
CO 10905C,15,MAIN
CO 10905X,0,MAIN
CO 10906C,15,MAIN
CO 10906X,0,MAIN
CO 10907C,15,MAIN
CO 10907X,0,MAIN
CO 10908C,15,MAIN
CO 10909C,15,MAIN
CO 10916C,15,MAIN
CO 10920C,15,MAIN
CO 10920X,0,MAIN
CO 10921C,15,MAIN
CO 10921X,0,MAIN
CO 10922C,15,MAIN
CO 10923C,15,MAIN
CO 10923X,0,MAIN
CO 10925C,15,MAIN
CO 10925X,0,MAIN
CO 10926C,15,MAIN
CO 10926X,0,MAIN
CO 10927C,15,MAIN
CO 10927X,0,MAIN
CO 10930C,15,MAIN
CO 10939C,1,MAIN
CO 10943AN,3,MAIN
CO 10947C,15,MAIN
CO 10947X,0,MAIN
CO 10954AN,0,MAIN
CO 10954C,15,MAIN
CO 10956C,15,MAIN
CO 10957C,15,MAIN
CO 10957X,0,MAIN
CO 10958C,15,MAIN
CO 10959C,15,MAIN
CO 10965C,11,MAIN
CO 10967C,15,MAIN
CO 10968C,15,MAIN
CO 10970C,15,MAIN
CO 10973C,15,MAIN
CO 10975AN,0,MAIN
CO 10975C,15,MAIN
CO 10976AN,0,MAIN
CO 10976C,15,MAIN
CO 10979C,15,MAIN
CO 10980C,15,MAIN
CO 10984C,15,MAIN
CO 10985C,15,MAIN
CO 10985X,0,MAIN
CO 10991C,15,MAIN
CO 10993C,15,MAIN
CO 10995AN,2,MAIN
CO 10999X,0,MAIN
CO 1100,0,MAIN
CO 11009JC,0,MAIN
CO 1100JC,15,MAIN
CO 11011C,15,MAIN
CO 11013C,15,MAIN
CO 11017C,15,MAIN
CO 11018N,0,MAIN
CO 1102,0,MAIN
CO 11021C,15,MAIN
CO 11022RW,0,MAIN
CO 11023C,15,MAIN
CO 11023Z,0,MAIN
CO 11024C,0,MAIN
CO 11025C,10,MAIN
CO 11025DZ,0,MAIN
CO 11026JC,15,MAIN
CO 11026Z,0,MAIN
CO 11027C,15,MAIN
CO 11027Z,0,MAIN
CO 11028C,15,MAIN
CO 11028DZ,0,MAIN
CO 11029Z,0,MAIN
CO 1102JC,0,MAIN
CO 1102Z,0,MAIN
CO 11030OI,0,MAIN
CO 11032V,0,MAIN
CO 11033C,8,MAIN
CO 11033Z,0,MAIN
CO 11034C,15,MAIN
CO 11034DZ,0,MAIN
CO 11035T,15,MAIN
CO 11036C,15,MAIN
CO 11037C,15,MAIN
CO 11038RW,0,MAIN
CO 11039T,15,MAIN
CO 11039Z,0,MAIN
CO 1103JC,1,MAIN
CO 11040C,15,MAIN
CO 11044JC,15,MAIN
CO 11045O,0,MAIN
CO 11046T,15,MAIN
CO 11047T,15,MAIN
CO 11048JC,15,MAIN
CO 11049C,15,MAIN
CO 11049DZ,0,MAIN
CO 11063AC,15,MAIN
CO 11064DZ,0,MAIN
CO 11064Z,0,MAIN
CO 11068LC,15,MAIN
CO 11069Z,0,MAIN
CO 11070C,0,MAIN
CO 11073Y,0,MAIN
CO 11074C,15,MAIN
CO 11075C,15,MAIN
CO 11076C,15,MAIN
CO 11077RZ,0,MAIN
CO 11078C,15,MAIN
CO 11078Z,0,MAIN
CO 11079LC,15,MAIN
CO 11079Z,0,MAIN
CO 11080Z,0,MAIN
CO 11083C,15,MAIN
CO 11085N,0,MAIN
CO 11086Y,0,MAIN
CO 11087Y,0,MAIN
CO 11088C,11,MAIN
CO 11089X,0,MAIN
CO 11090AN,0,MAIN
CO 11090C,15,MAIN
CO 11093ZI,0,MAIN
CO 11095V,0,MAIN
CO 11096RY,0,MAIN
CO 11097RY,0,MAIN
CO 11099C,15,MAIN
CO 11100V,4,MAIN
CO 11102RW,0,MAIN
CO 11105Z,0,MAIN
CO 11106C,15,MAIN
CO 11107C,15,MAIN
CO 11107Z,0,MAIN
CO 11110C,15,MAIN
CO 11112C,15,MAIN
CO 11113C,15,MAIN
CO 11119G,0,MAIN
CO 11119RW,0,MAIN
CO 11120C,15,MAIN
CO 11121JC,15,MAIN
CO 11121Z,0,MAIN
CO 11122JC,15,MAIN
CO 11123Z,0,MAIN
CO 11124DZ,0,MAIN
CO 11124Z,0,MAIN
CO 11126C,8,MAIN
CO 11131G,0,MAIN
CO 11132C,15,MAIN
CO 11134RZ,0,MAIN
CO 11135C,15,MAIN
CO 11136N,10,MAIN
CO 11136RN,0,MAIN
CO 11137C,10,MAIN
CO 11138C,0,MAIN
CO 11139C,15,MAIN
CO 11140G,0,MAIN
CO 11141Z,0,MAIN
CO 11142Z,0,MAIN
CO 11143Z,0,MAIN
CO 11145C,15,MAIN
CO 11146C,15,MAIN
CO 11147JC,15,MAIN
CO 11147Z,0,MAIN
CO 11148RW,0,MAIN
CO 11149C,15,MAIN
CO 11149RW,0,MAIN
CO 11150RO,0,MAIN
CO 11151C,15,MAIN
CO 11153C,15,MAIN
CO 11154C,15,MAIN
CO 11155C,15,MAIN
CO 11155Z,0,MAIN
CO 11156C,15,MAIN
CO 11156Z,0,MAIN
CO 11157C,15,MAIN
CO 11159T,15,MAIN
CO 11160C,15,MAIN
CO 11160Z,0,MAIN
CO 11161T,15,MAIN
CO 11162T,15,MAIN
CO 11163C,15,MAIN
CO 11165C,15,MAIN
CO 11166RZ,0,MAIN
CO 11167MC,0,MAIN
CO 11167MC-KTC,15,MAIN
CO 11168G,0,MAIN
CO 11168MAC,0,MAIN
CO 11168MC,0,MAIN
CO 11168MC-KTAC,15,MAIN
CO 11168MC-KTC,15,MAIN
CO 11169F,0,MAIN
CO 11169MAC,0,MAIN
CO 11169MC,0,MAIN
CO 11169MC-KTAC,15,MAIN
CO 11169MC-KTC,15,MAIN
CO 11170MC,0,MAIN
CO 11170MC-KTC,15,MAIN
CO 11172MC,0,MAIN
CO 11172MC-KTC,15,MAIN
CO 11173F,0,MAIN
CO 11175RW,0,MAIN
CO 11176RW,0,MAIN
CO 11177RW,0,MAIN
CO 11178JC,15,MAIN
CO 11179RZ,0,MAIN
CO 11182C,15,MAIN
CO 11182Z,0,MAIN
CO 11183RZ,0,MAIN
CO 11183ZI,0,MAIN
CO 11184F,0,MAIN
CO 11184MC,0,MAIN
CO 11184MC-KTC,15,MAIN
CO 11185G,0,MAIN
CO 11185MC,0,MAIN
CO 11185MC-KTC,15,MAIN
CO 11187C,15,MAIN
CO 11189Z,0,MAIN
CO 11190C,15,MAIN
CO 11191C,15,MAIN
CO 11192C,15,MAIN
CO 11192X,0,MAIN
CO 11193C,15,MAIN
CO 11194C,15,MAIN
CO 11194X,15,MAIN
CO 11196ZI,0,MAIN
CO 11200C,15,MAIN
CO 11207C,15,MAIN
CO 11209C,15,MAIN
CO 11210C,15,MAIN
CO 11211C,15,MAIN
CO 11212C,15,MAIN
CO 11212Z,0,MAIN
CO 11213C,15,MAIN
CO 11214C,15,MAIN
CO 11216AN,0,MAIN
CO 11217C,15,MAIN
CO 11218C,15,MAIN
CO 11221C,15,MAIN
CO 11222C,15,MAIN
CO 11223C,15,MAIN
CO 11223KTC,10,MAIN
CO 11224C,15,MAIN
CO 11225Z,0,MAIN
CO 11226C,0,MAIN
CO 11227C,15,MAIN
CO 11227Z,0,MAIN
CO 11230C,15,MAIN
CO 11230X,0,MAIN
CO 11231C,15,MAIN
CO 11231X,0,MAIN
CO 11232AN,0,MAIN
CO 11234C,15,MAIN
CO 11234Z,0,MAIN
CO 11236C,15,MAIN
CO 11237C,15,MAIN
CO 11238C,15,MAIN
CO 11239C,15,MAIN
CO 11240C,15,MAIN
CO 11241C,15,MAIN
CO 11244C,15,MAIN
CO 11245C,15,MAIN
CO 11245V,0,MAIN
CO 11247C,15,MAIN
CO 11248C,15,MAIN
CO 11249C,15,MAIN
CO 11250C,15,MAIN
CO 11252C,2,MAIN
CO 11253C,15,MAIN
CO 11253Z,0,MAIN
CO 11256C,1,MAIN
CO 11258C,15,MAIN
CO 11259C,15,MAIN
CO 11261C,11,MAIN
CO 11263C,2,MAIN
CO 11266C,15,MAIN
CO 11266DZ,0,MAIN
CO 11267C,15,MAIN
CO 11269C,15,MAIN
CO 11270C,0,MAIN
CO 11272C,15,MAIN
CO 11273C,5,MAIN
CO 11274C,15,MAIN
CO 11275N,0,MAIN
CO 11277O,0,MAIN
CO 11278Z,0,MAIN
CO 11279C,5,MAIN
CO 11280C,15,MAIN
CO 11280Z,0,MAIN
CO 11281C,15,MAIN
CO 11282C,15,MAIN
CO 11285C,0,MAIN
CO 11286C,15,MAIN
CO 11287C,15,MAIN
CO 11289C,15,MAIN
CO 11289DZ,0,MAIN
CO 11290C,15,MAIN
CO 11292RZ,0,MAIN
CO 11293C,15,MAIN
CO 11294C,15,MAIN
CO 11297C,15,MAIN
CO 11298C,15,MAIN
CO 11301C,15,MAIN
CO 11301DZ,6,MAIN
CO 11301Z,0,MAIN
CO 11302DZ,0,MAIN
CO 11303C,15,MAIN
CO 11303Z,0,MAIN
CO 11304C,15,MAIN
CO 11306RZ,0,MAIN
CO 11307C,15,MAIN
CO 11308C,15,MAIN
CO 11310ZI,0,MAIN
CO 11311C,15,MAIN
CO 11312C,15,MAIN
CO 11312Z,0,MAIN
CO 11313C,15,MAIN
CO 11316C,15,MAIN
CO 11317C,15,MAIN
CO 11318C,0,MAIN
CO 11319C,15,MAIN
CO 11319V,0,MAIN
CO 11320C,15,MAIN
CO 11321C,15,MAIN
CO 11322RF,0,MAIN
CO 11323C,15,MAIN
CO 11324C,15,MAIN
CO 11325RZ,0,MAIN
CO 11325Z,0,MAIN
CO 11326C,15,MAIN
CO 11327Z,0,MAIN
CO 11328C,15,MAIN
CO 11329C,15,MAIN
CO 11330C,15,MAIN
CO 11331C,6,MAIN
CO 11332C,15,MAIN
CO 11334C,15,MAIN
CO 11335C,15,MAIN
CO 11336C,14,MAIN
CO 11337C,15,MAIN
CO 11338C,15,MAIN
CO 11339C,15,MAIN
CO 11340AN,0,MAIN
CO 11340C,15,MAIN
CO 11348C,15,MAIN
CO 11349C,15,MAIN
CO 11350C,15,MAIN
CO 11351C,15,MAIN
CO 11355RY,0,MAIN
CO 11356C,15,MAIN
CO 11357C,15,MAIN
CO 11358C,15,MAIN
CO 11359C,15,MAIN
CO 11360C,15,MAIN
CO 11360X,0,MAIN
CO 11361V,0,MAIN
CO 11362C,15,MAIN
CO 11363V,0,MAIN
CO 11366V,0,MAIN
CO 11367V,0,MAIN
CO 11368V,0,MAIN
CO 11369V,0,MAIN
CO 11370V,0,MAIN
CO 11371V,0,MAIN
CO 11372Z,0,MAIN
CO 11373C,15,MAIN
CO 11373Z,0,MAIN
CO 11374C,15,MAIN
CO 11375C,15,MAIN
CO 11376OI,0,MAIN
CO 11376Z,0,MAIN
CO 11378Z,0,MAIN
CO 11379Z,0,MAIN
CO 11380ZI,1,MAIN
CO 11381C,0,MAIN
CO 11382Z,0,MAIN
CO 11383Z,0,MAIN
CO 11384O,0,MAIN
CO 11385C,0,MAIN
CO 11385V,15,MAIN
CO 11386C,0,MAIN
CO 11386F,0,MAIN
CO 11388C,6,MAIN
CO 11389Z,1,MAIN
CO 11390Z,0,MAIN
CO 11392X,0,MAIN
CO 11392Z,0,MAIN
CO 11392ZI,0,MAIN
CO 11393Q,0,MAIN
CO 11394Q,0,MAIN
CO 11395Q,0,MAIN
CO 11396RF,0,MAIN
CO 11397X,0,MAIN
CO 11397Z,0,MAIN
CO 11398OI,0,MAIN
CO 11398ZI,0,MAIN
CO 11399Z,0,MAIN
CO 11401F,0,MAIN
CO 11402Z,0,MAIN
CO 11403C,15,MAIN
CO 11404C,15,MAIN
CO 11405C,0,MAIN
CO 11406Z,0,MAIN
CO 11407C,0,MAIN
CO 11408Z,0,MAIN
CO 11409C,15,MAIN
CO 11411Z,0,MAIN
CO 11412Z,0,MAIN
CO 11413Z,0,MAIN
CO 11413ZI,0,MAIN
CO 11414RZ,0,MAIN
CO 11414Z,0,MAIN
CO 11415V,0,MAIN
CO 11416C,15,MAIN
CO 11416ZI,0,MAIN
CO 11417Z,0,MAIN
CO 11418Z,0,MAIN
CO 11419Z,0,MAIN
CO 11420C,15,MAIN
CO 11421RZ,2,MAIN
CO 11422Z,0,MAIN
CO 11423ZI,0,MAIN
CO 11424Z,0,MAIN
CO 11427Z,0,MAIN
CO 11428C,15,MAIN
CO 11429Z,0,MAIN
CO 11430C,15,MAIN
CO 11431C,15,MAIN
CO 11432Z,0,MAIN
CO 11433Z,0,MAIN
CO 11434Z,0,MAIN
CO 11435C,15,MAIN
CO 11436C,11,MAIN
CO 11437Z,0,MAIN
CO 11437ZI,0,MAIN
CO 11438C,15,MAIN
CO 11440C,15,MAIN
CO 11441C,15,MAIN
CO 11442C,15,MAIN
CO 11443Y,0,MAIN
CO 11444V,15,MAIN
CO 11445V,0,MAIN
CO 11446C,15,MAIN
CO 11446V,15,MAIN
CO 11447Q,0,MAIN
CO 11447V,15,MAIN
CO 11448V,0,MAIN
CO 11449V,0,MAIN
CO 11450V,0,MAIN
CO 11451V,0,MAIN
CO 11452V,0,MAIN
CO 11453V,1,MAIN
CO 11454V,0,MAIN
CO 11455V,0,MAIN
CO 11456V,0,MAIN
CO 11457V,0,MAIN
CO 11458V,0,MAIN
CO 11459V,0,MAIN
CO 11460V,15,MAIN
CO 11461V,0,MAIN
CO 11462V,1,MAIN
CO 11463Q,0,MAIN
CO 11463V,15,MAIN
CO 11464V,0,MAIN
CO 11465V,0,MAIN
CO 11466Q,0,MAIN
CO 11467V,2,MAIN
CO 11468V,12,MAIN
CO 11469V,0,MAIN
CO 11470V,0,MAIN
CO 11471Q,0,MAIN
CO 11472C,15,MAIN
CO 11473V,1,MAIN
CO 11474V,0,MAIN
CO 11475Z,0,MAIN
CO 11476C,15,MAIN
CO 11477RZ,0,MAIN
CO 11478Z,0,MAIN
CO 11479Z,0,MAIN
CO 11480C,15,MAIN
CO 11480Z,0,MAIN
CO 11481C,15,MAIN
CO 11482C,15,MAIN
CO 11483C,15,MAIN
CO 11485C,15,MAIN
CO 11487OI,0,MAIN
CO 11488C,15,MAIN
CO 11489C,15,MAIN
CO 11490C,15,MAIN
CO 11491C,15,MAIN
CO 11493C,15,MAIN
CO 11494F,0,MAIN
CO 11495C,15,MAIN
CO 11496Z,0,MAIN
CO 11497C,15,MAIN
CO 11498C,15,MAIN
CO 11499C,15,MAIN
CO 11500C,15,MAIN
CO 11501C,15,MAIN
CO 11502Z,0,MAIN
CO 11504Z,0,MAIN
CO 11505Z,0,MAIN
CO 11506Z,0,MAIN
CO 11507Z,0,MAIN
CO 11509C,15,MAIN
CO 11510C,15,MAIN
CO 11513C,15,MAIN
CO 11514C,15,MAIN
CO 11515C,15,MAIN
CO 11516C,15,MAIN
CO 11517C,15,MAIN
CO 11519Z,0,MAIN
CO 11520Z,0,MAIN
CO 11521C,15,MAIN
CO 11521O,0,MAIN
CO 11521Z,0,MAIN
CO 11521ZI,0,MAIN
CO 11522C,15,MAIN
CO 11523X,0,MAIN
CO 11524C,15,MAIN
CO 11525Z,0,MAIN
CO 11526Z,0,MAIN
CO 11527O,0,MAIN
CO 11528Z,0,MAIN
CO 11529C,15,MAIN
CO 11531C,0,MAIN
CO 11532Z,0,MAIN
CO 11533C,15,MAIN
CO 11533Z,0,MAIN
CO 11533ZI,0,MAIN
CO 11534C,15,MAIN
CO 11536ZI,0,MAIN
CO 11537C,15,MAIN
CO 11538OI,0,MAIN
CO 11539C,15,MAIN
CO 11541C,15,MAIN
CO 11544Z,0,MAIN
CO 11546C,15,MAIN
CO 11546Z,0,MAIN
CO 11548Z,0,MAIN
CO 11549C,15,MAIN
CO 11551Z,0,MAIN
CO 11552C,15,MAIN
CO 11552Z,0,MAIN
CO 11553C,0,MAIN
CO 11554Z,0,MAIN
CO 11555Z,0,MAIN
CO 11556F,0,MAIN
CO 11556O,0,MAIN
CO 11556Z,0,MAIN
CO 11558C,12,MAIN
CO 11559Z,0,MAIN
CO 11560C,15,MAIN
CO 11561X,0,MAIN
CO 11562X,0,MAIN
CO 11563C,15,MAIN
CO 11564X,0,MAIN
CO 11565X,0,MAIN
CO 11566O,0,MAIN
CO 11566X,0,MAIN
CO 11567X,0,MAIN
CO 11568X,0,MAIN
CO 11568Z,0,MAIN
CO 11569ZI,0,MAIN
CO 11570V,0,MAIN
CO 11572C,15,MAIN
CO 11576C,15,MAIN
CO 11577C,15,MAIN
CO 11577X,0,MAIN
CO 11578C,15,MAIN
CO 11579V,0,MAIN
CO 11583F,0,MAIN
CO 11584C,15,MAIN
CO 11585Z,0,MAIN
CO 11586Z,0,MAIN
CO 11587AN,0,MAIN
CO 11587ZI,0,MAIN
CO 11588Z,0,MAIN
CO 11589F,0,MAIN
CO 11590C,15,MAIN
CO 11591Z,0,MAIN
CO 11592Z,0,MAIN
CO 11593Z,0,MAIN
CO 11594C,15,MAIN
CO 11594Z,0,MAIN
CO 11595C,15,MAIN
CO 11595ZI,0,MAIN
CO 11596C,15,MAIN
CO 11597C,15,MAIN
CO 11598C,0,MAIN
CO 11599RZ,0,MAIN
CO 11600RZ,0,MAIN
CO 11601C,15,MAIN
CO 11602C,15,MAIN
CO 11603Z,0,MAIN
CO 11604C,0,MAIN
CO 11605C,15,MAIN
CO 11606Z,0,MAIN
CO 11608DZ,0,MAIN
CO 11609,0,MAIN
CO 11609C,15,MAIN
CO 11610Z,0,MAIN
CO 11610ZI,0,MAIN
CO 11611V,0,MAIN
CO 11612Z,0,MAIN
CO 11613RZ,0,MAIN
CO 11613Z,0,MAIN
CO 11614Z,0,MAIN
CO 11615G,0,MAIN
CO 11616O,0,MAIN
CO 11616Z,0,MAIN
CO 11616ZI,0,MAIN
CO 11617OI,0,MAIN
CO 11618OI,0,MAIN
CO 11618ZI,0,MAIN
CO 11619Z,0,MAIN
CO 11620G,0,MAIN
CO 11622ZI,0,MAIN
CO 11624Z,0,MAIN
CO 11625C,0,MAIN
CO 11625RZ,0,MAIN
CO 11625ZI,0,MAIN
CO 11626Z,0,MAIN
CO 11627Z,0,MAIN
CO 11628C,15,MAIN
CO 11628X,0,MAIN
CO 11629Z,0,MAIN
CO 11630V,0,MAIN
CO 11632OI,0,MAIN
CO 11632Z,0,MAIN
CO 11633C,15,MAIN
CO 11633DZ,0,MAIN
CO 11634C,15,MAIN
CO 11634O,0,MAIN
CO 11634V,1,MAIN
CO 11635C,6,MAIN
CO 11635Z,0,MAIN
CO 11635ZI,0,MAIN
CO 11636V,0,MAIN
CO 11637C,15,MAIN
CO 11638Z,0,MAIN
CO 11639C,15,MAIN
CO 11640Z,0,MAIN
CO 11641Z,0,MAIN
CO 11643Z,0,MAIN
CO 11644Z,0,MAIN
CO 11646Z,0,MAIN
CO 11646ZI,0,MAIN
CO 11647Z,0,MAIN
CO 11648Z,0,MAIN
CO 11648ZI,0,MAIN
CO 11649Z,0,MAIN
CO 11650C,15,MAIN
CO 11651Z,0,MAIN
CO 11652Z,0,MAIN
CO 11652ZI,0,MAIN
CO 11653C,0,MAIN
CO 11653Z,0,MAIN
CO 11654C,15,MAIN
CO 11657DZ,0,MAIN
CO 11658ZI,0,MAIN
CO 11659Q,0,MAIN
CO 11660ZI,0,MAIN
CO 11661C,6,MAIN
CO 11662ZI,0,MAIN
CO 11663C,15,MAIN
CO 11665OI,0,MAIN
CO 11666C,15,MAIN
CO 11666DZ,0,MAIN
CO 11667DZ,0,MAIN
CO 11667Z,0,MAIN
CO 11667ZI,0,MAIN
CO 11668Z,0,MAIN
CO 11669O,0,MAIN
CO 11670Z,0,MAIN
CO 11671Z,0,MAIN
CO 11672G,0,MAIN
CO 11672Z,0,MAIN
CO 11673C,0,MAIN
CO 11674Z,0,MAIN
CO 11675C,15,MAIN
CO 11676O,0,MAIN
CO 11677O,0,MAIN
CO 11678O,0,MAIN
CO 11679O,0,MAIN
CO 11680ZI,0,MAIN
CO 11681Z,0,MAIN
CO 11682Q,0,MAIN
CO 11683F,0,MAIN
CO 11684C,0,MAIN
CO 11685C,15,MAIN
CO 11686C,15,MAIN
CO 11688C,15,MAIN
CO 11689C,15,MAIN
CO 11690C,15,MAIN
CO 11691C,15,MAIN
CO 11693C,15,MAIN
CO 11694C,0,MAIN
CO 11695Z,0,MAIN
CO 11696Z,0,MAIN
CO 11697Z,0,MAIN
CO 11698Z,0,MAIN
CO 11699ZI,0,MAIN
CO 11702V,0,MAIN
CO 11706RZ,0,MAIN
CO 11707Z,0,MAIN
CO 11708C,0,MAIN
CO 11709RZ,0,MAIN
CO 11710C,15,MAIN
CO 11711Z,0,MAIN
CO 11712Z,0,MAIN
CO 11714ZI,0,MAIN
CO 11715Z,0,MAIN
CO 11716C,15,MAIN
CO 11717RZ,0,MAIN
CO 11718AP,0,MAIN
CO 11719,0,MAIN
CO 11720ZI,0,MAIN
CO 11722Z,0,MAIN
CO 11723Z,0,MAIN
CO 11724Z,0,MAIN
CO 11725C,15,MAIN
CO 11726Y,0,MAIN
CO 11727Z,0,MAIN
CO 11729C,15,MAIN
CO 11731C,0,MAIN
CO 11732V,0,MAIN
CO 11733V,0,MAIN
CO 11735Z,0,MAIN
CO 11736Z,0,MAIN
CO 11737C,15,MAIN
CO 11738ZI,0,MAIN
CO 11743Z,0,MAIN
CO 11744OI,0,MAIN
CO 11746C,15,MAIN
CO 11747OI,0,MAIN
CO 11747ZI,0,MAIN
CO 11748G,0,MAIN
CO 11749G,0,MAIN
CO 11749V,1,MAIN
CO 11750G,0,MAIN
CO 11750V,0,MAIN
CO 11751C,0,MAIN
CO 11752C,0,MAIN
CO 11753C,15,MAIN
CO 11753Z,0,MAIN
CO 11754V,7,MAIN
CO 11755G,0,MAIN
CO 11756C,15,MAIN
CO 11757C,0,MAIN
CO 11757Z,0,MAIN
CO 11759F,0,MAIN
CO 11763RZ,0,MAIN
CO 11765C,0,MAIN
CO 11765Z,0,MAIN
CO 11765ZI,0,MAIN
CO 11766Z,0,MAIN
CO 11767Y,0,MAIN
CO 11769ZI,0,MAIN
CO 11771Z,0,MAIN
CO 11773C,15,MAIN
CO 11774C,15,MAIN
CO 11775C,15,MAIN
CO 11776C,0,MAIN
CO 11777Z,0,MAIN
CO 11778Y,0,MAIN
CO 11780C,15,MAIN
CO 11781ZI,0,MAIN
CO 11782C,15,MAIN
CO 11784Z,0,MAIN
CO 11785C,15,MAIN
CO 11787C,0,MAIN
CO 11788RZ,0,MAIN
CO 11789ZI,0,MAIN
CO 11790RZ,0,MAIN
CO 11791ZI,0,MAIN
CO 11792C,15,MAIN
CO 11793C,0,MAIN
CO 11793X,0,MAIN
CO 11794C,15,MAIN
CO 11795ZI,0,MAIN
CO 11796C,15,MAIN
CO 11797Z,0,MAIN
CO 11797ZI,0,MAIN
CO 11800C,15,MAIN
CO 11801Z,0,MAIN
CO 11802ZI,0,MAIN
CO 11803RZ,0,MAIN
CO 11804C,15,MAIN
CO 11805ZI,0,MAIN
CO 11806Z,0,MAIN
CO 11808C,0,MAIN
CO 11809Y,0,MAIN
CO 11810C,0,MAIN
CO 11811C,15,MAIN
CO 11812O,0,MAIN
CO 11813ZI,0,MAIN
CO 11814ZI,0,MAIN
CO 11815ZI,0,MAIN
CO 11816C,15,MAIN
CO 11817Z,0,MAIN
CO 11818Z,0,MAIN
CO 11819ZI,0,MAIN
CO 11821Z,0,MAIN
CO 11822ZI,0,MAIN
CO 11823RZ,0,MAIN
CO 11826C,15,MAIN
CO 11827C,15,MAIN
CO 11828C,15,MAIN
CO 11829C,15,MAIN
CO 11830C,15,MAIN
CO 11835RZ,0,MAIN
CO 11836RZ,0,MAIN
CO 11836Z,0,MAIN
CO 11841C,0,MAIN
CO 11844C,0,MAIN
CO 11845C,15,MAIN
CO 11846C,15,MAIN
CO 11850C,15,MAIN
CO 11854RZ,0,MAIN
CO 11855V,0,MAIN
CO 11856C,0,MAIN
CO 11858C,15,MAIN
CO 11859C,0,MAIN
CO 11860V,0,MAIN
CO 11861C,0,MAIN
CO 11863C,0,MAIN
CO 11864C,0,MAIN
CO 11865C,0,MAIN
CO 11866C,0,MAIN
CO 11867C,0,MAIN
CO 11871C,0,MAIN
CO 11872ZI,0,MAIN
CO 11873C,0,MAIN
CO 11874C,0,MAIN
CO 11875C,15,MAIN
CO 11878C,0,MAIN
CO 11879ZI,0,MAIN
CO 11882C,10,MAIN
CO 11885C,0,MAIN
CO 11887C,0,MAIN
CO 11889C,0,MAIN
CO 11890C,15,MAIN
CO 11918C,15,MAIN
CO 11919C,15,MAIN
CO 11920C,15,MAIN
CO 11921C,15,MAIN
CO 11922C,0,MAIN
CO 11923C,0,MAIN
CO 11924C,0,MAIN
CO 11925Z,0,MAIN
CO 11926Z,0,MAIN
CO 11927Z,0,MAIN
CO 11927ZI,0,MAIN
CO 11928ZI,0,MAIN
CO 11929ZI,0,MAIN
CO 11931Z,0,MAIN
CO 11932C,0,MAIN
CO 11936Z,0,MAIN
CO 11937Z,0,MAIN
CO 11938C,15,MAIN
CO 11940O,0,MAIN
CO 11941C,0,MAIN
CO 11942ZI,0,MAIN
CO 11943C,0,MAIN
CO 11950C,0,MAIN
CO 11951C,0,MAIN
CO 11952C,0,MAIN
CO 11958Z,0,MAIN
CO 11968C,0,MAIN
CO 11970RZ,0,MAIN
CO 11972C,4,MAIN
CO 11973Z,0,MAIN
CO 11996C,15,MAIN
CO 11999Z,0,MAIN
CO 12002Z,0,MAIN
CO 12008V,0,MAIN
CO 12009V,1,MAIN
CO 12011,1,MAIN
CO 12013Z,0,MAIN
CO 12018Z,0,MAIN
CO 12021ZI,0,MAIN
CO 12022Z,0,MAIN
CO 12023ZI,0,MAIN
CO 12028Z,0,MAIN
CO 12049Z,0,MAIN
CO 12050ZI,0,MAIN
CO 12053V,0,MAIN
CO 12054V,0,MAIN
CO 12055Q,0,MAIN
CO 12056Q,0,MAIN
CO 12057Z,0,MAIN
CO 12058V,0,MAIN
CO 12059Z,0,MAIN
CO 1206,0,MAIN
CO 12061,0,MAIN
CO 12062AP,0,MAIN
CO 12063,0,MAIN
CO 12064,0,MAIN
CO 12065,0,MAIN
CO 12066F,0,MAIN
CO 12067AP,0,MAIN
CO 12068V,0,MAIN
CO 12069,0,MAIN
CO 1206JC,15,MAIN
CO 12070KT,0,MAIN
CO 12072O,0,MAIN
CO 12073O,0,MAIN
CO 12074N,0,MAIN
CO 12075N,0,MAIN
CO 12076DZ,0,MAIN
CO 1208,0,MAIN
CO 12088,0,MAIN
CO 12089,0,MAIN
CO 12090,0,MAIN
CO 12091,0,MAIN
CO 12092,0,MAIN
CO 12093,0,MAIN
CO 12100F,0,MAIN
CO 12102V,0,MAIN
CO 1214,15,MAIN
CO 1214C,15,MAIN
CO 1215,0,MAIN
CO 12156Z,0,MAIN
CO 12158Z,0,MAIN
CO 1216,0,MAIN
CO 1216C,15,MAIN
CO 1222,0,MAIN
CO 1222DC,15,MAIN
CO 1233,0,MAIN
CO 1233JC,15,MAIN
CO 1264O,0,MAIN
CO 1278,0,MAIN
CO 1283,0,MAIN
CO 1289,0,MAIN
CO 1327,0,MAIN
CO 1351,0,MAIN
CO 1367,6,MAIN
CO 1390,0,MAIN
CO 1392,0,MAIN
CO 1412,0,MAIN
CO 1460,0,MAIN
CO 1644,0,MAIN
CO 1694,0,MAIN
CO 1694C,0,MAIN
CO 1696,0,MAIN
CO 1697,0,MAIN
CO 1697C,0,MAIN
CO 1715,0,MAIN
CO 1738,0,MAIN
CO 1815,0,MAIN
CO 1822,0,MAIN
CO 1822C,15,MAIN
CO 1825,0,MAIN
CO 1845,0,MAIN
CO 1850,0,MAIN
CO 1852,0,MAIN
CO 1910,0,MAIN
CO 1914,0,MAIN
CO 1919,0,MAIN
CO 1921,0,MAIN
CO 1929,0,MAIN
CO 1940,0,MAIN
CO 1948,0,MAIN
CO 1948ZI,0,MAIN
CO 20000C,0,MAIN
CO 20001C,0,MAIN
CO 20002C,15,MAIN
CO 20003C,15,MAIN
CO 20004C,0,MAIN
CO 20006C,0,MAIN
CO 20007C,0,MAIN
CO 20008C,0,MAIN
CO 20009C,0,MAIN
CO 20010C,0,MAIN
CO 20011C,2,MAIN
CO 20013F,0,MAIN
CO 20029C,2,MAIN
CO 20051GLC,15,MAIN
CO 20066C,0,MAIN
CO 20067C,0,MAIN
CO 20069C,0,MAIN
CO 20071C,15,MAIN
CO 20073C,0,MAIN
CO 20076C,0,MAIN
CO 20077C,0,MAIN
CO 20078C,0,MAIN
CO 20080C,1,MAIN
CO 20081C,0,MAIN
CO 20082C,15,MAIN
CO 20087C,15,MAIN
CO 20091C,15,MAIN
CO 20094F,0,MAIN
CO 20109GLC,15,MAIN
CO 20110GLC,15,MAIN
CO 2011C,15,MAIN
CO 2011V,15,MAIN
CO 20120C,15,MAIN
CO 20122GLC,15,MAIN
CO 20144C,15,MAIN
CO 20145C,15,MAIN
CO 20145Z,0,MAIN
CO 2014Z,0,MAIN
CO 20151C,15,MAIN
CO 20161RY,0,MAIN
CO 20177GLC,15,MAIN
CO 20178GLC,15,MAIN
CO 20179GLC,15,MAIN
CO 20182GLC,15,MAIN
CO 20191C,0,MAIN
CO 20192LC,0,MAIN
CO 20193LC,0,MAIN
CO 20195C,15,MAIN
CO 20208GLC,15,MAIN
CO 20210GLC,15,MAIN
CO 20214C,0,MAIN
CO 20215C,15,MAIN
CO 20216C,15,MAIN
CO 20218RW,0,MAIN
CO 2021V,0,MAIN
CO 2022R,0,MAIN
CO 20237GLC,15,MAIN
CO 20247GLC,15,MAIN
CO 20335C,15,MAIN
CO 20339C,15,MAIN
CO 20347C,15,MAIN
CO 2039Z,0,MAIN
CO 20412T,15,MAIN
CO 20446C,15,MAIN
CO 20448GLC,15,MAIN
CO 20452C,15,MAIN
CO 20454C,15,MAIN
CO 20455C,15,MAIN
CO 20456C,15,MAIN
CO 20456V,0,MAIN
CO 20458C,15,MAIN
CO 2051V,0,MAIN
CO 2065V,0,MAIN
CO 2069S,0,MAIN
CO 20730C,15,MAIN
CO 20731C,15,MAIN
CO 20741C,15,MAIN
CO 20744T,15,MAIN
CO 20746C,15,MAIN
CO 20752O,0,MAIN
CO 20754C,15,MAIN
CO 20755C,15,MAIN
CO 20758C,15,MAIN
CO 20759C,15,MAIN
CO 20760Z,0,MAIN
CO 20761AN,0,MAIN
CO 20761C,15,MAIN
CO 20763Z,0,MAIN
CO 20765C,15,MAIN
CO 20766AN,0,MAIN
CO 20766C,15,MAIN
CO 20768C,0,MAIN
CO 20768O,0,MAIN
CO 20769C,15,MAIN
CO 20772C,4,MAIN
CO 20775C,15,MAIN
CO 2077V,3,MAIN
CO 21003C,8,MAIN
CO 21004C,15,MAIN
CO 21005C,0,MAIN
CO 21006C,15,MAIN
CO 21008C,15,MAIN
CO 21009C,15,MAIN
CO 21010C,15,MAIN
CO 21011C,15,MAIN
CO 21012C,15,MAIN
CO 21014AN,0,MAIN
CO 21014C,15,MAIN
CO 21016C,2,MAIN
CO 21017C,0,MAIN
CO 21018C,1,MAIN
CO 21026C,0,MAIN
CO 21132LC,15,MAIN
CO 21134C,15,MAIN
CO 21171C,0,MAIN
CO 21183T,15,MAIN
CO 21193AC,15,MAIN
CO 21200C,15,MAIN
CO 21222C,15,MAIN
CO 21223C,15,MAIN
CO 21224C,15,MAIN
CO 21225C,15,MAIN
CO 21468LC,15,MAIN
CO 21470JC,15,MAIN
CO 21471LC,15,MAIN
CO 21511LC,15,MAIN
CO 21515LC,0,MAIN
CO 21516JC,15,MAIN
CO 21519C,15,MAIN
CO 21520C,15,MAIN
CO 21525OI,0,MAIN
CO 21532LC,0,MAIN
CO 21570C,15,MAIN
CO 21571C,14,MAIN
CO 21577AC,15,MAIN
CO 21578AC,15,MAIN
CO 21579T,15,MAIN
CO 21584LC,15,MAIN
CO 21590C,2,MAIN
CO 21590Z,0,MAIN
CO 21603GLC,15,MAIN
CO 21625C,15,MAIN
CO 21625Z,0,MAIN
CO 21676LC,15,MAIN
CO 21685C,0,MAIN
CO 21744JC,15,MAIN
CO 21745C,1,MAIN
CO 22001C,15,MAIN
CO 22002C,15,MAIN
CO 22003C,15,MAIN
CO 22004C,3,MAIN
CO 22005C,15,MAIN
CO 22006C,15,MAIN
CO 22007C,0,MAIN
CO 22008C,15,MAIN
CO 22009C,15,MAIN
CO 22010C,15,MAIN
CO 22011C,15,MAIN
CO 22012C,15,MAIN
CO 22013C,15,MAIN
CO 22014C,15,MAIN
CO 22015C,0,MAIN
CO 22016C,15,MAIN
CO 22017C,15,MAIN
CO 22018C,15,MAIN
CO 22019AN,0,MAIN
CO 22019C,15,MAIN
CO 22020C,15,MAIN
CO 22021C,15,MAIN
CO 22022C,15,MAIN
CO 22025C,0,MAIN
CO 22026C,15,MAIN
CO 22030C,15,MAIN
CO 22030DZ,1,MAIN
CO 22031C,15,MAIN
CO 22031DZ,2,MAIN
CO 22032C,15,MAIN
CO 22032Z,0,MAIN
CO 22033C,15,MAIN
CO 22034C,15,MAIN
CO 22035C,0,MAIN
CO 22036C,7,MAIN
CO 22037C,15,MAIN
CO 22038C,15,MAIN
CO 22040C,15,MAIN
CO 22076N,2,MAIN
CO 2210,0,MAIN
CO 2210Z,0,MAIN
CO 22157C,15,MAIN
CO 22160LC,15,MAIN
CO 22180C,15,MAIN
CO 22208LC,15,MAIN
CO 22219C,15,MAIN
CO 22221C,15,MAIN
CO 22224C,15,MAIN
CO 22226C,15,MAIN
CO 22227C,15,MAIN
CO 22229C,15,MAIN
CO 22231ZI,0,MAIN
CO 22234C,15,MAIN
CO 22239C,15,MAIN
CO 2224C,15,MAIN
CO 2224N,15,MAIN
CO 22258C,15,MAIN
CO 22259C,15,MAIN
CO 22263C,15,MAIN
CO 2226RY,0,MAIN
CO 22274C,15,MAIN
CO 22275C,0,MAIN
CO 22276C,15,MAIN
CO 22277Z,0,MAIN
CO 2227RO,0,MAIN
CO 2227ZI,0,MAIN
CO 22285C,15,MAIN
CO 22289C,0,MAIN
CO 22301C,15,MAIN
CO 22302C,15,MAIN
CO 23003C,15,MAIN
CO 2311N,0,MAIN
CO 2312N,0,MAIN
CO 24003C,0,MAIN
CO 24004C,0,MAIN
CO 24005C,15,MAIN
CO 24006RZ,0,MAIN
CO 24006Z,0,MAIN
CO 2486AC,15,MAIN
CO 2486PC,15,MAIN
CO 25003C,15,MAIN
CO 25004C,15,MAIN
CO 25006RY,0,MAIN
CO 2511C,15,MAIN
CO 2577F,0,MAIN
CO 2577ZI,0,MAIN
CO 26010C,15,MAIN
CO 27000C,15,MAIN
CO 27001C,15,MAIN
CO 28000C,15,MAIN
CO 28000OI,0,MAIN
CO 28001C,15,MAIN
CO 28003C,15,MAIN
CO 28004C,15,MAIN
CO 29000C,15,MAIN
CO 29001C,15,MAIN
CO 29001DZ,0,MAIN
CO 29002C,15,MAIN
CO 29002DZ,15,MAIN
CO 29003C,15,MAIN
CO 29006C,15,MAIN
CO 29006DZ,0,MAIN
CO 29010C,15,MAIN
CO 29011C,15,MAIN
CO 29011DZ,0,MAIN
CO 29012C,15,MAIN
CO 29012DZ,0,MAIN
CO 29012Z,0,MAIN
CO 29013C,15,MAIN
CO 29014C,0,MAIN
CO 29016C,15,MAIN
CO 29016DZ,0,MAIN
CO 29016Z,0,MAIN
CO 29018C,15,MAIN
CO 29019C,15,MAIN
CO 29025C,15,MAIN
CO 29026C,14,MAIN
CO 29029C,15,MAIN
CO 29029Z,0,MAIN
CO 29030C,15,MAIN
CO 29032C,15,MAIN
CO 29033C,15,MAIN
CO 29034C,15,MAIN
CO 29036C,0,MAIN
CO 29036ZI,0,MAIN
CO 29037C,15,MAIN
CO 29042C,15,MAIN
CO 29043C,15,MAIN
CO 29043DZ,15,MAIN
CO 29043V,0,MAIN
CO 29045AP,0,MAIN
CO 29045C,15,MAIN
CO 29045DZ,15,MAIN
CO 29045OI,0,MAIN
CO 29045V,0,MAIN
CO 29047C,15,MAIN
CO 29048C,15,MAIN
CO 29049C,0,MAIN
CO 29051C,1,MAIN
CO 29052C,0,MAIN
CO 29053C,15,MAIN
CO 29054ZI,1,MAIN
CO 29055C,15,MAIN
CO 29055DZ,15,MAIN
CO 29055Q,0,MAIN
CO 29055V,0,MAIN
CO 29056C,0,MAIN
CO 29057C,15,MAIN
CO 29058Z,0,MAIN
CO 29063C,15,MAIN
CO 29064O,0,MAIN
CO 29065C,15,MAIN
CO 29066C,15,MAIN
CO 29067C,8,MAIN
CO 29068RZ,0,MAIN
CO 29069C,15,MAIN
CO 29070C,15,MAIN
CO 29071C,15,MAIN
CO 29072C,15,MAIN
CO 29073C,15,MAIN
CO 29074C,15,MAIN
CO 29075C,15,MAIN
CO 29076C,15,MAIN
CO 29078C,15,MAIN
CO 29079AN,0,MAIN
CO 29079C,15,MAIN
CO 29084C,15,MAIN
CO 29085C,15,MAIN
CO 29086C,15,MAIN
CO 29087C,15,MAIN
CO 29088C,15,MAIN
CO 29090Z,0,MAIN
CO 29091C,15,MAIN
CO 29092C,15,MAIN
CO 29093Z,0,MAIN
CO 29093ZI,0,MAIN
CO 29095O,0,MAIN
CO 29096C,15,MAIN
CO 29097C,15,MAIN
CO 29098C,15,MAIN
CO 29098Z,0,MAIN
CO 29099C,15,MAIN
CO 29099Z,0,MAIN
CO 29100C,15,MAIN
CO 29101X,0,MAIN
CO 29102C,15,MAIN
CO 29103C,15,MAIN
CO 29104C,15,MAIN
CO 29105C,15,MAIN
CO 29106C,15,MAIN
CO 29107C,13,MAIN
CO 29108C,15,MAIN
CO 29109C,15,MAIN
CO 29109Z,0,MAIN
CO 29110AN,0,MAIN
CO 29111C,15,MAIN
CO 29113C,15,MAIN
CO 29114C,15,MAIN
CO 29115C,0,MAIN
CO 29116C,15,MAIN
CO 29116X,0,MAIN
CO 29117C,15,MAIN
CO 29118C,15,MAIN
CO 29119C,15,MAIN
CO 29119ZI,0,MAIN
CO 29121C,15,MAIN
CO 29122C,15,MAIN
CO 29123C,15,MAIN
CO 29124C,15,MAIN
CO 29126C,15,MAIN
CO 29127C,15,MAIN
CO 29127O,0,MAIN
CO 29128X,0,MAIN
CO 29129Z,0,MAIN
CO 2912GLC,15,MAIN
CO 29130C,15,MAIN
CO 29131C,15,MAIN
CO 29132C,15,MAIN
CO 29133C,15,MAIN
CO 29134C,15,MAIN
CO 29135C,15,MAIN
CO 29136C,15,MAIN
CO 29137C,15,MAIN
CO 29138C,15,MAIN
CO 29139Z,0,MAIN
CO 29140C,10,MAIN
CO 29141C,15,MAIN
CO 29142C,13,MAIN
CO 29143Z,0,MAIN
CO 29144C,15,MAIN
CO 29144F,0,MAIN
CO 29145C,15,MAIN
CO 29146G,1,MAIN
CO 29147X,1,MAIN
CO 29149RZ,0,MAIN
CO 29149ZI,0,MAIN
CO 29151C,15,MAIN
CO 29151X,0,MAIN
CO 29151Z,0,MAIN
CO 29152Z,0,MAIN
CO 29153C,0,MAIN
CO 29153O,0,MAIN
CO 29154C,15,MAIN
CO 29155Z,0,MAIN
CO 29159AN,0,MAIN
CO 29159C,15,MAIN
CO 29160C,15,MAIN
CO 29161C,15,MAIN
CO 29161DZ,0,MAIN
CO 29162C,15,MAIN
CO 29163C,15,MAIN
CO 29163Z,0,MAIN
CO 29164C,15,MAIN
CO 29165G,0,MAIN
CO 29167C,15,MAIN
CO 29168C,15,MAIN
CO 29169C,0,MAIN
CO 29171C,15,MAIN
CO 29172C,15,MAIN
CO 29174Z,0,MAIN
CO 29175C,15,MAIN
CO 29176C,15,MAIN
CO 29179C,12,MAIN
CO 29181C,15,MAIN
CO 29182C,15,MAIN
CO 29184C,15,MAIN
CO 29185C,15,MAIN
CO 29186C,15,MAIN
CO 29188Z,0,MAIN
CO 29189OI,0,MAIN
CO 29190C,15,MAIN
CO 29191Z,0,MAIN
CO 29192ZI,0,MAIN
CO 29193C,15,MAIN
CO 29194C,15,MAIN
CO 29195C,15,MAIN
CO 29195Z,0,MAIN
CO 29196C,15,MAIN
CO 29196Z,0,MAIN
CO 29197C,15,MAIN
CO 29198C,15,MAIN
CO 29199C,15,MAIN
CO 29200C,15,MAIN
CO 29201C,15,MAIN
CO 29202Z,0,MAIN
CO 29202ZI,0,MAIN
CO 29204ZI,0,MAIN
CO 29205ZI,0,MAIN
CO 29206C,15,MAIN
CO 29207ZI,0,MAIN
CO 29208C,15,MAIN
CO 29208X,0,MAIN
CO 29209C,15,MAIN
CO 29210C,15,MAIN
CO 29210Z,0,MAIN
CO 29212G,0,MAIN
CO 29214Z,0,MAIN
CO 29215C,15,MAIN
CO 29216C,15,MAIN
CO 29216G,0,MAIN
CO 29217RZ,0,MAIN
CO 29218C,15,MAIN
CO 29219C,15,MAIN
CO 29220Z,0,MAIN
CO 29221C,15,MAIN
CO 29222C,15,MAIN
CO 29223O,0,MAIN
CO 29224Z,0,MAIN
CO 29225C,15,MAIN
CO 29225Z,0,MAIN
CO 29228C,15,MAIN
CO 29229C,0,MAIN
CO 29230C,15,MAIN
CO 29231Z,0,MAIN
CO 29232C,15,MAIN
CO 29232ZI,0,MAIN
CO 29233C,15,MAIN
CO 29235Z,0,MAIN
CO 29236ZI,0,MAIN
CO 29237C,15,MAIN
CO 29238C,15,MAIN
CO 29238DZ,15,MAIN
CO 29239C,15,MAIN
CO 29239DZ,15,MAIN
CO 29240C,15,MAIN
CO 29240DZ,0,MAIN
CO 29241C,9,MAIN
CO 29242C,6,MAIN
CO 29243C,15,MAIN
CO 29244C,0,MAIN
CO 29245G,1,MAIN
CO 29246G,0,MAIN
CO 29247RZ,0,MAIN
CO 29248X,0,MAIN
CO 29250C,0,MAIN
CO 29251C,15,MAIN
CO 29252C,15,MAIN
CO 29254C,15,MAIN
CO 29255C,15,MAIN
CO 29256Z,0,MAIN
CO 29258C,15,MAIN
CO 29259C,15,MAIN
CO 29260C,0,MAIN
CO 29261C,15,MAIN
CO 29261X,0,MAIN
CO 29262C,3,MAIN
CO 29264C,15,MAIN
CO 29266C,15,MAIN
CO 29268C,15,MAIN
CO 29268Z,0,MAIN
CO 29269ZI,0,MAIN
CO 29271Z,0,MAIN
CO 29272C,15,MAIN
CO 29273C,15,MAIN
CO 29274C,15,MAIN
CO 29274X,0,MAIN
CO 29275C,15,MAIN
CO 29276C,15,MAIN
CO 29277C,15,MAIN
CO 29278C,15,MAIN
CO 29279Z,0,MAIN
CO 29280RZ,0,MAIN
CO 29283RZ,0,MAIN
CO 29284O,0,MAIN
CO 29285Z,0,MAIN
CO 29286Z,0,MAIN
CO 29287G,0,MAIN
CO 29288RZ,0,MAIN
CO 29289RZ,0,MAIN
CO 29290RZ,0,MAIN
CO 29291G,0,MAIN
CO 29292C,1,MAIN
CO 29292ZI,10,MAIN
CO 29293Z,0,MAIN
CO 29294RG,0,MAIN
CO 29295O,0,MAIN
CO 29296G,0,MAIN
CO 29297C,15,MAIN
CO 29298C,15,MAIN
CO 29299Z,0,MAIN
CO 29300C,15,MAIN
CO 29301C,15,MAIN
CO 29302C,15,MAIN
CO 29302Z,0,MAIN
CO 29303C,15,MAIN
CO 29304C,15,MAIN
CO 29305DZ,0,MAIN
CO 29306C,15,MAIN
CO 29307Z,0,MAIN
CO 29309Z,0,MAIN
CO 29310Z,0,MAIN
CO 29311Z,0,MAIN
CO 29313C,0,MAIN
CO 29315C,15,MAIN
CO 29316C,15,MAIN
CO 29317C,15,MAIN
CO 29318C,15,MAIN
CO 29319C,15,MAIN
CO 29320C,15,MAIN
CO 29322C,15,MAIN
CO 29323X,0,MAIN
CO 29324C,15,MAIN
CO 29325C,15,MAIN
CO 29327C,15,MAIN
CO 29329Z,0,MAIN
CO 29330C,15,MAIN
CO 29330X,0,MAIN
CO 29331C,15,MAIN
CO 29332Z,0,MAIN
CO 29333Z,0,MAIN
CO 29334C,15,MAIN
CO 29335C,15,MAIN
CO 29335Z,0,MAIN
CO 29335ZI,0,MAIN
CO 29337C,15,MAIN
CO 29338C,15,MAIN
CO 29339C,15,MAIN
CO 29341C,15,MAIN
CO 29342O,0,MAIN
CO 29343C,15,MAIN
CO 29344C,12,MAIN
CO 29345V,0,MAIN
CO 29346V,0,MAIN
CO 29347C,15,MAIN
CO 29348RZ,0,MAIN
CO 29349RZ,0,MAIN
CO 29352V,0,MAIN
CO 29353V,0,MAIN
CO 29354V,0,MAIN
CO 29355V,0,MAIN
CO 29356V,0,MAIN
CO 29357V,0,MAIN
CO 29358V,0,MAIN
CO 29359V,0,MAIN
CO 29360V,0,MAIN
CO 29361V,0,MAIN
CO 29362V,0,MAIN
CO 29363V,0,MAIN
CO 29364V,0,MAIN
CO 29365V,0,MAIN
CO 29366V,0,MAIN
CO 29367V,0,MAIN
CO 29368V,0,MAIN
CO 29369V,0,MAIN
CO 29370V,0,MAIN
CO 29371V,0,MAIN
CO 29372V,0,MAIN
CO 29373V,0,MAIN
CO 29374V,0,MAIN
CO 29375V,0,MAIN
CO 29376V,0,MAIN
CO 29377V,0,MAIN
CO 29378V,0,MAIN
CO 29379V,0,MAIN
CO 29380V,0,MAIN
CO 29381V,0,MAIN
CO 29382V,0,MAIN
CO 29383V,0,MAIN
CO 29384V,0,MAIN
CO 29385Z,0,MAIN
CO 30000C,15,MAIN
CO 30001C,15,MAIN
CO 30002C,15,MAIN
CO 30003C,15,MAIN
CO 30004C,12,MAIN
CO 30005C,7,MAIN
CO 30006C,15,MAIN
CO 30009C,15,MAIN
CO 30009Z,0,MAIN
CO 30011C,15,MAIN
CO 30011Z,0,MAIN
CO 30012C,15,MAIN
CO 30013C,15,MAIN
CO 30014C,15,MAIN
CO 30014G,0,MAIN
CO 30015C,15,MAIN
CO 30016C,15,MAIN
CO 30017C,15,MAIN
CO 30018C,15,MAIN
CO 30019C,15,MAIN
CO 30020C,15,MAIN
CO 30021C,15,MAIN
CO 30022C,15,MAIN
CO 3005,0,MAIN
CO 3006,0,MAIN
CO 3015,0,MAIN
CO 3036AC,15,MAIN
CO 3057,0,MAIN
CO 3057AC,15,MAIN
CO 3142,0,MAIN
CO 3143,0,MAIN
CO 3201,0,MAIN
CO 3204,0,MAIN
CO 3210,0,MAIN
CO 3211,0,MAIN
CO 3375,0,MAIN
CO 3401,0,MAIN
CO 3407,0,MAIN
CO 3407AC,15,MAIN
CO 3450,0,MAIN
CO 3451,0,MAIN
CO 3452,0,MAIN
CO 3453,0,MAIN
CO 3454,0,MAIN
CO 3456,0,MAIN
CO 3457,0,MAIN
CO 35108C,15,MAIN
CO 35109C,15,MAIN
CO 35110C,15,MAIN
CO 35110V,0,MAIN
CO 35112AN,0,MAIN
CO 35112C,15,MAIN
CO 35113C,15,MAIN
CO 35114C,15,MAIN
CO 3561Z,0,MAIN
CO 3603RO,0,MAIN
CO 3605AC,15,MAIN
CO 3626AC,15,MAIN
CO 3626Z,0,MAIN
CO 3773,0,MAIN
CO 4000,0,MAIN
CO 4003,0,MAIN
CO 4010,0,MAIN
CO 4017,0,MAIN
CO 4018C,15,MAIN
CO 4019,0,MAIN
CO 4019C,1,MAIN
CO 4020,15,MAIN
CO 4021,0,MAIN
CO 4023,0,MAIN
CO 4024,0,MAIN
CO 4025,1,MAIN
CO 4025C,1,MAIN
CO 4027,0,MAIN
CO 4028,6,MAIN
CO 4029V,0,MAIN
CO 4030C,9,MAIN
CO 4030Q,5,MAIN
CO 4030V,1,MAIN
CO 4032V,0,MAIN
CO 4033,0,MAIN
CO 4033V,3,MAIN
CO 4034,2,MAIN
CO 4034C,0,MAIN
CO 4035,0,MAIN
CO 4036C,15,MAIN
CO 4037,0,MAIN
CO 4038Q,0,MAIN
CO 4038V,0,MAIN
CO 4039,15,MAIN
CO 4040,15,MAIN
CO 4041SD,15,MAIN
CO 4042,15,MAIN
CO 4043V,0,MAIN
CO 4047,0,MAIN
CO 4050,0,MAIN
CO 4051,0,MAIN
CO 4051C,0,MAIN
CO 4052,0,MAIN
CO 4052C,0,MAIN
CO 4052Z,0,MAIN
CO 4056C,15,MAIN
CO 4056V,15,MAIN
CO 4057V,0,MAIN
CO 4060,0,MAIN
CO 4061C,15,MAIN
CO 4065V,0,MAIN
CO 4066,0,MAIN
CO 4068V,2,MAIN
CO 4069,15,MAIN
CO 4070,0,MAIN
CO 4070C,15,MAIN
CO 4070Q,0,MAIN
CO 4072,0,MAIN
CO 4072V,0,MAIN
CO 4074,0,MAIN
CO 4075SD,15,MAIN
CO 4076,10,MAIN
CO 4077,15,MAIN
CO 4077OI,0,MAIN
CO 4078,15,MAIN
CO 4078C,15,MAIN
CO 4079,15,MAIN
CO 4079C,15,MAIN
CO 4081,13,MAIN
CO 4081C,15,MAIN
CO 4082,15,MAIN
CO 4082C,0,MAIN
CO 4083,0,MAIN
CO 4083C,0,MAIN
CO 4083Y,0,MAIN
CO 4084,8,MAIN
CO 4084C,15,MAIN
CO 4086,1,MAIN
CO 4086C,0,MAIN
CO 4087,0,MAIN
CO 4088,2,MAIN
CO 4088C,0,MAIN
CO 4089,0,MAIN
CO 4090,15,MAIN
CO 4091,7,MAIN
CO 4091C,15,MAIN
CO 4093,0,MAIN
CO 4095,15,MAIN
CO 4095C,15,MAIN
CO 4096,0,MAIN
CO 4096C,15,MAIN
CO 4098,2,MAIN
CO 4098C,2,MAIN
CO 4099,0,MAIN
CO 4099C,15,MAIN
CO 4104,0,MAIN
CO 4105,0,MAIN
CO 4106C,15,MAIN
CO 4107,0,MAIN
CO 4108,15,MAIN
CO 4108C,15,MAIN
CO 4109,0,MAIN
CO 4110V,1,MAIN
CO 4111,0,MAIN
CO 4115V,0,MAIN
CO 4116,15,MAIN
CO 4116C,15,MAIN
CO 4117,15,MAIN
CO 4117C,0,MAIN
CO 4119,11,MAIN
CO 4120,1,MAIN
CO 4121,0,MAIN
CO 4124,0,MAIN
CO 4129,0,MAIN
CO 4130,0,MAIN
CO 4132,0,MAIN
CO 4137,0,MAIN
CO 4141,0,MAIN
CO 4143,0,MAIN
CO 4144,0,MAIN
CO 4148,15,MAIN
CO 4148C,15,MAIN
CO 4149,0,MAIN
CO 4149C,15,MAIN
CO 4150,0,MAIN
CO 4151,0,MAIN
CO 4153,0,MAIN
CO 4156C,0,MAIN
CO 4156O,0,MAIN
CO 4199,0,MAIN
CO 42015V,0,MAIN
CO 42017V,0,MAIN
CO 42021V,1,MAIN
CO 42031V,2,MAIN
CO 42033V,0,MAIN
CO 42038Q,0,MAIN
CO 42038V,9,MAIN
CO 42040V,0,MAIN
CO 4204V,0,MAIN
CO 42070V,4,MAIN
CO 42081V,0,MAIN
CO 42085V,0,MAIN
CO 42118V,0,MAIN
CO 42120Q,0,MAIN
CO 42120V,15,MAIN
CO 42141V,0,MAIN
CO 42310V,0,MAIN
CO 42314V,0,MAIN
CO 4252,0,MAIN
CO 4253,0,MAIN
CO 4254,0,MAIN
CO 4255,0,MAIN
CO 4256,0,MAIN
CO 4257,0,MAIN
CO 4260,0,MAIN
CO 4261,0,MAIN
CO 4261C,15,MAIN
CO 4263,0,MAIN
CO 4269,5,MAIN
CO 4270,0,MAIN
CO 4270O,0,MAIN
CO 4270Z,0,MAIN
CO 4271,15,MAIN
CO 4272,2,MAIN
CO 4274,0,MAIN
CO 4276V,0,MAIN
CO 4277,15,MAIN
CO 4278,0,MAIN
CO 4279,0,MAIN
CO 4280,0,MAIN
CO 4280C,1,MAIN
CO 4281C,15,MAIN
CO 4283,0,MAIN
CO 4284,0,MAIN
CO 4286,0,MAIN
CO 4289V,0,MAIN
CO 4290,0,MAIN
CO 4290S,0,MAIN
CO 4293,0,MAIN
CO 4294,0,MAIN
CO 4295,0,MAIN
CO 4296,0,MAIN
CO 4297,0,MAIN
CO 4300,0,MAIN
CO 4300C,0,MAIN
CO 4300YR,0,MAIN
CO 4301,15,MAIN
CO 4301C,15,MAIN
CO 4302,15,MAIN
CO 4302C,15,MAIN
CO 4303,0,MAIN
CO 4304,0,MAIN
CO 4304C,0,MAIN
CO 4305,0,MAIN
CO 4305C,15,MAIN
CO 4306,15,MAIN
CO 4306C,11,MAIN
CO 4307,6,MAIN
CO 4307C,15,MAIN
CO 4308,10,MAIN
CO 4308C,15,MAIN
CO 4310,0,MAIN
CO 4311,4,MAIN
CO 4311C,1,MAIN
CO 4312,0,MAIN
CO 4314,15,MAIN
CO 4314C,15,MAIN
CO 4314Y,0,MAIN
CO 4318,12,MAIN
CO 4318C,4,MAIN
CO 4322,0,MAIN
CO 4323,0,MAIN
CO 4323Y,0,MAIN
CO 4325,1,MAIN
CO 4325C,0,MAIN
CO 4326,15,MAIN
CO 4326DC,15,MAIN
CO 4327,0,MAIN
CO 4327C,0,MAIN
CO 4328,0,MAIN
CO 4328C,15,MAIN
CO 4329,0,MAIN
CO 4329C,0,MAIN
CO 4330,0,MAIN
CO 4331,0,MAIN
CO 4332,0,MAIN
CO 4332C,15,MAIN
CO 4333,0,MAIN
CO 4334,15,MAIN
CO 4335,15,MAIN
CO 4335C,15,MAIN
CO 4336,0,MAIN
CO 4336C,15,MAIN
CO 4342,1,MAIN
CO 4347,15,MAIN
CO 4347C,15,MAIN
CO 4349,0,MAIN
CO 4350,0,MAIN
CO 4351,0,MAIN
CO 4352,0,MAIN
CO 4355,0,MAIN
CO 4356C,15,MAIN
CO 4359,0,MAIN
CO 4359C,15,MAIN
CO 4360,0,MAIN
CO 4362,11,MAIN
CO 4362C,15,MAIN
CO 4363,0,MAIN
CO 4364,0,MAIN
CO 4365,0,MAIN
CO 4369C,15,MAIN
CO 4371,0,MAIN
CO 4375,0,MAIN
CO 4375C,15,MAIN
CO 4377,0,MAIN
CO 4378,1,MAIN
CO 4378C,6,MAIN
CO 4379,0,MAIN
CO 4379C,0,MAIN
CO 4381,0,MAIN
CO 4384,15,MAIN
CO 4384C,15,MAIN
CO 4390,0,MAIN
CO 4390C,15,MAIN
CO 4394,0,MAIN
CO 4396,0,MAIN
CO 4398,15,MAIN
CO 4399,0,MAIN
CO 4400,0,MAIN
CO 4401,0,MAIN
CO 44010V,0,MAIN
CO 44012V,0,MAIN
CO 44014V,0,MAIN
CO 4402,0,MAIN
CO 4403,0,MAIN
CO 4404,0,MAIN
CO 4404C,15,MAIN
CO 4405,2,MAIN
CO 4406,0,MAIN
CO 4407,0,MAIN
CO 4407C,0,MAIN
CO 44082V,0,MAIN
CO 4409,0,MAIN
CO 4410,0,MAIN
CO 4412,0,MAIN
CO 44122V,0,MAIN
CO 44123V,0,MAIN
CO 4417,0,MAIN
CO 4418,15,MAIN
CO 4418C,15,MAIN
CO 4419,15,MAIN
CO 4419C,15,MAIN
CO 4420,15,MAIN
CO 4420C,15,MAIN
CO 4421,0,MAIN
CO 44210V,0,MAIN
CO 4422,0,MAIN
CO 44220V,0,MAIN
CO 4423,0,MAIN
CO 44234V,0,MAIN
CO 4424,15,MAIN
CO 4424C,15,MAIN
CO 4425C,15,MAIN
CO 4426,0,MAIN
CO 4427,0,MAIN
CO 4428,0,MAIN
CO 4429,0,MAIN
CO 4430,0,MAIN
CO 4431,0,MAIN
CO 4432,0,MAIN
CO 44320V,0,MAIN
CO 44334V,0,MAIN
CO 44338V,0,MAIN
CO 44339V,0,MAIN
CO 4433C,15,MAIN
CO 4434,15,MAIN
CO 44340V,0,MAIN
CO 4434C,15,MAIN
CO 4435,5,MAIN
CO 4435C,15,MAIN
CO 4435V,0,MAIN
CO 44382V,0,MAIN
CO 4440,15,MAIN
CO 4440C,15,MAIN
CO 4443,0,MAIN
CO 4447,0,MAIN
CO 4448,0,MAIN
CO 4450,0,MAIN
CO 4451,0,MAIN
CO 4453,0,MAIN
CO 4454,0,MAIN
CO 4455,0,MAIN
CO 4456,0,MAIN
CO 4457,0,MAIN
CO 4458,0,MAIN
CO 4460,9,MAIN
CO 4460C,0,MAIN
CO 4462,0,MAIN
CO 4467,0,MAIN
CO 4467C,15,MAIN
CO 4468,15,MAIN
CO 4468C,15,MAIN
CO 4469,15,MAIN
CO 4469C,15,MAIN
CO 4470,0,MAIN
CO 4471,8,MAIN
CO 4471C,10,MAIN
CO 4472,0,MAIN
CO 4473,15,MAIN
CO 4474,0,MAIN
CO 4474C,15,MAIN
CO 4474Z,0,MAIN
CO 4475,15,MAIN
CO 4475C,15,MAIN
CO 4476,0,MAIN
CO 4477,15,MAIN
CO 4477C,15,MAIN
CO 4478,8,MAIN
CO 4478C,15,MAIN
CO 4479,6,MAIN
CO 4479C,15,MAIN
CO 4480,0,MAIN
CO 4480C,0,MAIN
CO 4481,0,MAIN
CO 4482,15,MAIN
CO 4484,15,MAIN
CO 4485,15,MAIN
CO 4485C,15,MAIN
CO 4486,0,MAIN
CO 4486C,15,MAIN
CO 4487,15,MAIN
CO 4487C,15,MAIN
CO 4488,0,MAIN
CO 4488C,15,MAIN
CO 4489,0,MAIN
CO 4489C,15,MAIN
CO 4490,0,MAIN
CO 4490C,15,MAIN
CO 4491,15,MAIN
CO 4492,15,MAIN
CO 4492C,15,MAIN
CO 4493,15,MAIN
CO 4493C,15,MAIN
CO 4494,15,MAIN
CO 4494C,15,MAIN
CO 4495,0,MAIN
CO 4496,0,MAIN
CO 4497,0,MAIN
CO 4497C,15,MAIN
CO 4498,0,MAIN
CO 4498C,15,MAIN
CO 4499,3,MAIN
CO 4499C,15,MAIN
CO 45039V,0,MAIN
CO 45041V,0,MAIN
CO 4506,0,MAIN
CO 45069V,1,MAIN
CO 4506C,15,MAIN
CO 4507,0,MAIN
CO 45071V,0,MAIN
CO 45073V,0,MAIN
CO 45077V,0,MAIN
CO 45079V,0,MAIN
CO 4508,0,MAIN
CO 45081V,0,MAIN
CO 45083V,0,MAIN
CO 45085V,0,MAIN
CO 4508C,15,MAIN
CO 4509,0,MAIN
CO 45090V,0,MAIN
CO 45092V,0,MAIN
CO 45097V,0,MAIN
CO 4510C,15,MAIN
CO 4510PC,15,MAIN
CO 45120C,15,MAIN
CO 45120Q,0,MAIN
CO 45120V,0,MAIN
CO 45121Q,9,MAIN
CO 45121V,15,MAIN
CO 45122C,15,MAIN
CO 45122V,15,MAIN
CO 45123V,0,MAIN
CO 45124V,0,MAIN
CO 45125V,0,MAIN
CO 45126V,0,MAIN
CO 45128V,0,MAIN
CO 45129V,0,MAIN
CO 4513,0,MAIN
CO 45131V,0,MAIN
CO 4514,0,MAIN
CO 45141Q,5,MAIN
CO 45141V,15,MAIN
CO 4514C,15,MAIN
CO 4514PC,0,MAIN
CO 4515,0,MAIN
CO 4515C,0,MAIN
CO 4516,0,MAIN
CO 4516C,0,MAIN
CO 4519,0,MAIN
CO 4519Y,0,MAIN
CO 45204V,0,MAIN
CO 4521,0,MAIN
CO 45210V,0,MAIN
CO 45212V,0,MAIN
CO 45218V,0,MAIN
CO 45222V,0,MAIN
CO 45225V,0,MAIN
CO 45226V,0,MAIN
CO 45228V,0,MAIN
CO 4522C,0,MAIN
CO 45234Q,4,MAIN
CO 45234V,2,MAIN
CO 45236V,0,MAIN
CO 45238V,0,MAIN
CO 4529,0,MAIN
CO 45311V,0,MAIN
CO 45319V,0,MAIN
CO 45321V,0,MAIN
CO 45322V,0,MAIN
CO 45323V,0,MAIN
CO 45330V,0,MAIN
CO 45339V,0,MAIN
CO 45347V,0,MAIN
CO 4536,0,MAIN
CO 45368V,0,MAIN
CO 4536C,11,MAIN
CO 4538,4,MAIN
CO 45382V,0,MAIN
CO 4538C,7,MAIN
CO 45392V,0,MAIN
CO 4540C,15,MAIN
CO 4541,0,MAIN
CO 4541C,2,MAIN
CO 4543,0,MAIN
CO 4544,15,MAIN
CO 4546,15,MAIN
CO 4547C,15,MAIN
CO 4548,0,MAIN
CO 4549,0,MAIN
CO 4568,0,MAIN
CO 4569,0,MAIN
CO 4570,13,MAIN
CO 4571,0,MAIN
CO 4572,0,MAIN
CO 4573,15,MAIN
CO 4573JC,15,MAIN
CO 4574,15,MAIN
CO 4574JC,15,MAIN
CO 4575,14,MAIN
CO 4575C,15,MAIN
CO 4576,0,MAIN
CO 4576C,0,MAIN
CO 4577,15,MAIN
CO 4577C,15,MAIN
CO 4578,0,MAIN
CO 4579,0,MAIN
CO 4579C,15,MAIN
CO 4579Z,0,MAIN
CO 4581,15,MAIN
CO 4584,0,MAIN
CO 4584C,15,MAIN
CO 4585,15,MAIN
CO 4585C,15,MAIN
CO 4585Q,15,MAIN
CO 4592,0,MAIN
CO 4593,0,MAIN
CO 4595,0,MAIN
CO 4595C,0,MAIN
CO 4596,5,MAIN
CO 4597,0,MAIN
CO 4600,0,MAIN
CO 4600C,15,MAIN
CO 4602,13,MAIN
CO 46026DKV,0,MAIN
CO 46028DKV,0,MAIN
CO 46029DKV,0,MAIN
CO 4602C,15,MAIN
CO 46033DKV,0,MAIN
CO 46036DKV,0,MAIN
CO 46038DKV,0,MAIN
CO 46039,0,MAIN
CO 4604,0,MAIN
CO 46041DKV,0,MAIN
CO 46043V,0,MAIN
CO 46045DKV,0,MAIN
CO 46047DKV,0,MAIN
CO 46048DKV,0,MAIN
CO 46050DKV,0,MAIN
CO 46053DKV,0,MAIN
CO 46057V,1,MAIN
CO 46063V,0,MAIN
CO 46065V,8,MAIN
CO 46069DKV,0,MAIN
CO 4607,0,MAIN
CO 46073DKV,0,MAIN
CO 46077DKV,0,MAIN
CO 4608,1,MAIN
CO 46081DKV,0,MAIN
CO 46082V,0,MAIN
CO 4608C,7,MAIN
CO 4609,0,MAIN
CO 46097DKV,0,MAIN
CO 46100DKV,0,MAIN
CO 4611,0,MAIN
CO 4611C,15,MAIN
CO 4611DKV,15,MAIN
CO 46121C,15,MAIN
CO 46121DKV,15,MAIN
CO 46121V,0,MAIN
CO 46122C,15,MAIN
CO 46122DKV,15,MAIN
CO 46122V,0,MAIN
CO 46123DKV,0,MAIN
CO 46124DKV,0,MAIN
CO 46125DKOV,0,MAIN
CO 46125DKV,14,MAIN
CO 46126DKV,0,MAIN
CO 46129DKV,0,MAIN
CO 46131DKV,0,MAIN
CO 46132Q,15,MAIN
CO 46132V,15,MAIN
CO 4615C,15,MAIN
CO 4615DKV,15,MAIN
CO 4616,0,MAIN
CO 4617,0,MAIN
CO 4617C,15,MAIN
CO 4617DKV,15,MAIN
CO 4618,15,MAIN
CO 4618C,15,MAIN
CO 4618DKQ,1,MAIN
CO 4618DKV,1,MAIN
CO 4619DKV,0,MAIN
CO 46202DKV,0,MAIN
CO 46204DKV,0,MAIN
CO 46210C,0,MAIN
CO 46210V,15,MAIN
CO 46212V,0,MAIN
CO 46215DKV,0,MAIN
CO 46218V,1,MAIN
CO 4621C,15,MAIN
CO 4621DKV,6,MAIN
CO 46220DKV,0,MAIN
CO 46222V,15,MAIN
CO 46225DKV,1,MAIN
CO 46226V,1,MAIN
CO 46228DKV,0,MAIN
CO 4622C,15,MAIN
CO 4623,0,MAIN
CO 46230V,0,MAIN
CO 46231DKV,0,MAIN
CO 46234C,15,MAIN
CO 46234Q,15,MAIN
CO 46234V,15,MAIN
CO 46235C,15,MAIN
CO 46235V,0,MAIN
CO 46236DKV,0,MAIN
CO 46238DKV,0,MAIN
CO 4623C,15,MAIN
CO 4623DKV,0,MAIN
CO 4625,0,MAIN
CO 4626,15,MAIN
CO 4626C,15,MAIN
CO 4627,15,MAIN
CO 4627C,15,MAIN
CO 4628,0,MAIN
CO 46282C,0,MAIN
CO 46282V,0,MAIN
CO 4630DKQ,5,MAIN
CO 4630DKV,6,MAIN
CO 46311DKV,14,MAIN
CO 46322S,0,MAIN
CO 4634C,0,MAIN
CO 4634DKQ,15,MAIN
CO 4634DKV,15,MAIN
CO 46356V,0,MAIN
CO 4637,2,MAIN
CO 4637C,15,MAIN
CO 4639,0,MAIN
CO 4640,0,MAIN
CO 46403V,11,MAIN
CO 4641,1,MAIN
CO 4643,15,MAIN
CO 4643C,15,MAIN
CO 4644,5,MAIN
CO 4645,4,MAIN
CO 4645C,14,MAIN
CO 4646,1,MAIN
CO 4646C,15,MAIN
CO 4647,15,MAIN
CO 4647C,15,MAIN
CO 4649,0,MAIN
CO 46500JC,0,MAIN
CO 46500V,2,MAIN
CO 4651,0,MAIN
CO 46510V,0,MAIN
CO 4652,15,MAIN
CO 46520V,1,MAIN
CO 4652C,15,MAIN
CO 4653,0,MAIN
CO 46530V,0,MAIN
CO 4653C,15,MAIN
CO 4654,3,MAIN
CO 46540JC,15,MAIN
CO 46540V,15,MAIN
CO 4655,0,MAIN
CO 46550Q,0,MAIN
CO 46550V,0,MAIN
CO 46551V,0,MAIN
CO 46552V,0,MAIN
CO 46553V,0,MAIN
CO 46554V,0,MAIN
CO 4656,0,MAIN
CO 4656DKV,0,MAIN
CO 4659,1,MAIN
CO 4659C,0,MAIN
CO 4660,10,MAIN
CO 4660C,15,MAIN
CO 4661,0,MAIN
CO 4661DKV,0,MAIN
CO 4663,15,MAIN
CO 4663C,15,MAIN
CO 4664,15,MAIN
CO 4665,0,MAIN
CO 4666,15,MAIN
CO 4666C,15,MAIN
CO 4667,15,MAIN
CO 4667C,15,MAIN
CO 4668DKV,0,MAIN
CO 4671,0,MAIN
CO 4672,9,MAIN
CO 4672C,7,MAIN
CO 4673,0,MAIN
CO 4675,0,MAIN
CO 4675DKV,0,MAIN
CO 4676,0,MAIN
CO 4678,0,MAIN
CO 4678C,0,MAIN
CO 4679DKV,0,MAIN
CO 4680DKV,0,MAIN
CO 4681,0,MAIN
CO 4681S,0,MAIN
CO 4682,0,MAIN
CO 4683,0,MAIN
CO 4685,0,MAIN
CO 4687,1,MAIN
CO 4687C,15,MAIN
CO 4688,0,MAIN
CO 4688C,14,MAIN
CO 4689,0,MAIN
CO 4690DKQ,0,MAIN
CO 4691,0,MAIN
CO 4691C,15,MAIN
CO 4693,0,MAIN
CO 4694,0,MAIN
CO 4694DKV,0,MAIN
CO 4695C,15,MAIN
CO 4696,0,MAIN
CO 46963,0,MAIN
CO 46963C,0,MAIN
CO 4696C,15,MAIN
CO 4698,0,MAIN
CO 4698C,0,MAIN
CO 4699,2,MAIN
CO 4700,0,MAIN
CO 4700C,15,MAIN
CO 4702,0,MAIN
CO 4702C,15,MAIN
CO 4704,0,MAIN
CO 4705,9,MAIN
CO 4705C,0,MAIN
CO 4706,0,MAIN
CO 4706C,1,MAIN
CO 4707,0,MAIN
CO 4707C,0,MAIN
CO 4708,0,MAIN
CO 4708C,15,MAIN
CO 4709,15,MAIN
CO 4709C,15,MAIN
CO 4710,15,MAIN
CO 4710804,0,MAIN
CO 4710C,15,MAIN
CO 4711,15,MAIN
CO 4711463,0,MAIN
CO 4711469,0,MAIN
CO 4711502,0,MAIN
CO 4711516,0,MAIN
CO 4711520,0,MAIN
CO 4711524,0,MAIN
CO 4711542,0,MAIN
CO 4711564,0,MAIN
CO 4711C,15,MAIN
CO 4712,0,MAIN
CO 4712C,15,MAIN
CO 4713,0,MAIN
CO 4713C,15,MAIN
CO 4714,0,MAIN
CO 4714Y,0,MAIN
CO 4715,0,MAIN
CO 4716,0,MAIN
CO 4717,0,MAIN
CO 4717C,15,MAIN
CO 4718,3,MAIN
CO 4719,0,MAIN
CO 4720,15,MAIN
CO 4720C,15,MAIN
CO 4722,0,MAIN
CO 4723,0,MAIN
CO 4724,0,MAIN
CO 47240JC,0,MAIN
CO 47240JV,0,MAIN
CO 47240Q,0,MAIN
CO 47240V,15,MAIN
CO 47242JC,15,MAIN
CO 47242V,13,MAIN
CO 47244JC,15,MAIN
CO 47244V,15,MAIN
CO 47246JC,15,MAIN
CO 47246V,0,MAIN
CO 4725,0,MAIN
CO 4726,3,MAIN
CO 47260C,15,MAIN
CO 47260V,15,MAIN
CO 47262V,8,MAIN
CO 4727,0,MAIN
CO 4728,0,MAIN
CO 4729,0,MAIN
CO 4730,0,MAIN
CO 4731,0,MAIN
CO 4732,15,MAIN
CO 4732C,0,MAIN
CO 4733,0,MAIN
CO 4734,0,MAIN
CO 4735,0,MAIN
CO 4736,0,MAIN
CO 4737,0,MAIN
CO 4738,0,MAIN
CO 4738C,0,MAIN
CO 4739,1,MAIN
CO 4739C,15,MAIN
CO 4740,0,MAIN
CO 4741,0,MAIN
CO 4741C,0,MAIN
CO 4742,10,MAIN
CO 4742C,0,MAIN
CO 4743,6,MAIN
CO 4744,0,MAIN
CO 4744C,0,MAIN
CO 4745,0,MAIN
CO 4745C,0,MAIN
CO 4746,8,MAIN
CO 4746C,0,MAIN
CO 4747,15,MAIN
CO 4747C,0,MAIN
CO 4748,0,MAIN
CO 4749,0,MAIN
CO 4750,0,MAIN
CO 4751,0,MAIN
CO 4752,9,MAIN
CO 4753,3,MAIN
CO 4753C,15,MAIN
CO 4754,0,MAIN
CO 4755,0,MAIN
CO 4756,0,MAIN
CO 4757,0,MAIN
CO 4758,0,MAIN
CO 4759C,14,MAIN
CO 4760,0,MAIN
CO 4761,0,MAIN
CO 4762,15,MAIN
CO 4762C,0,MAIN
CO 4763,0,MAIN
CO 4764,0,MAIN
CO 4765,0,MAIN
CO 4766,0,MAIN
CO 4766C,0,MAIN
CO 4767,0,MAIN
CO 4769,0,MAIN
CO 4771,0,MAIN
CO 4772,0,MAIN
CO 4773,0,MAIN
CO 4774,0,MAIN
CO 4775,0,MAIN
CO 4775C,15,MAIN
CO 4776C,15,MAIN
CO 4778,0,MAIN
CO 4778C,15,MAIN
CO 4779,0,MAIN
CO 4780,0,MAIN
CO 4782,0,MAIN
CO 4783,0,MAIN
CO 4785,0,MAIN
CO 4785C,15,MAIN
CO 4787,0,MAIN
CO 4788,0,MAIN
CO 4789,0,MAIN
CO 4790,0,MAIN
CO 4791,0,MAIN
CO 4792,0,MAIN
CO 4794,0,MAIN
CO 4795,0,MAIN
CO 4796,0,MAIN
CO 4797,0,MAIN
CO 4798,0,MAIN
CO 4799,0,MAIN
CO 4800,15,MAIN
CO 4802,1,MAIN
CO 4803,15,MAIN
CO 4803C,15,MAIN
CO 4804,1,MAIN
CO 4804C,0,MAIN
CO 4805,2,MAIN
CO 4808,0,MAIN
CO 4809,0,MAIN
CO 4810,9,MAIN
CO 4813,0,MAIN
CO 4815C,15,MAIN
CO 4816,15,MAIN
CO 4816C,15,MAIN
CO 4818,0,MAIN
CO 4819,15,MAIN
CO 4819C,15,MAIN
CO 4819OI,0,MAIN
CO 4820,0,MAIN
CO 4820C,0,MAIN
CO 4821,2,MAIN
CO 4821C,15,MAIN
CO 4822,15,MAIN
CO 4822C,15,MAIN
CO 4823,0,MAIN
CO 4823C,7,MAIN
CO 4824,0,MAIN
CO 4825,0,MAIN
CO 4825C,15,MAIN
CO 4826,0,MAIN
CO 4828,0,MAIN
CO 4828C,15,MAIN
CO 4829,0,MAIN
CO 4832,0,MAIN
CO 4833,0,MAIN
CO 4834,0,MAIN
CO 4835,0,MAIN
CO 4840,0,MAIN
CO 4842,0,MAIN
CO 4843,0,MAIN
CO 4844,0,MAIN
CO 4845,0,MAIN
CO 4846,0,MAIN
CO 4847,0,MAIN
CO 4848,0,MAIN
CO 4848C,15,MAIN
CO 4850,0,MAIN
CO 4850C,15,MAIN
CO 4851,0,MAIN
CO 4852,0,MAIN
CO 4853,0,MAIN
CO 4854,0,MAIN
CO 4854C,15,MAIN
CO 4858,0,MAIN
CO 4859,15,MAIN
CO 4860,15,MAIN
CO 48600V,6,MAIN
CO 4860C,15,MAIN
CO 4861,0,MAIN
CO 4862,0,MAIN
CO 4862C,0,MAIN
CO 4864,15,MAIN
CO 4864C,15,MAIN
CO 4866,15,MAIN
CO 4866C,0,MAIN
CO 4868,1,MAIN
CO 4868C,0,MAIN
CO 4870,1,MAIN
CO 4870C,0,MAIN
CO 4872,0,MAIN
CO 4872C,0,MAIN
CO 4872Y,0,MAIN
CO 4874,0,MAIN
CO 4874C,0,MAIN
CO 4875,0,MAIN
CO 4875C,0,MAIN
CO 4877,0,MAIN
CO 4877C,0,MAIN
CO 4881,0,MAIN
CO 4881C,0,MAIN
CO 4883,15,MAIN
CO 4883C,15,MAIN
CO 4885,15,MAIN
CO 4885C,0,MAIN
CO 4886,0,MAIN
CO 4887,0,MAIN
CO 4888,0,MAIN
CO 4889,0,MAIN
CO 4890,15,MAIN
CO 4891,0,MAIN
CO 4892,0,MAIN
CO 4893,15,MAIN
CO 4894,0,MAIN
CO 4895,0,MAIN
CO 4896,0,MAIN
CO 4896C,15,MAIN
CO 4897,2,MAIN
CO 4898,0,MAIN
CO 4899,0,MAIN
CO 4901,0,MAIN
CO 4904,0,MAIN
CO 4909,15,MAIN
CO 4909C,0,MAIN
CO 4910,0,MAIN
CO 4910AC,15,MAIN
CO 4911,0,MAIN
CO 4911AC,15,MAIN
CO 4913,0,MAIN
CO 4914,0,MAIN
CO 4914AC,15,MAIN
CO 4916,0,MAIN
CO 4916AC,15,MAIN
CO 4917,0,MAIN
CO 4917AC,15,MAIN
CO 4918,0,MAIN
CO 4918AC,15,MAIN
CO 4919,0,MAIN
CO 4919AC,15,MAIN
CO 4920,0,MAIN
CO 4920AC,15,MAIN
CO 4921,0,MAIN
CO 4927,0,MAIN
CO 4928,0,MAIN
CO 4933,0,MAIN
CO 4934,0,MAIN
CO 4937,0,MAIN
CO 4937C,15,MAIN
CO 4939,0,MAIN
CO 4940,10,MAIN
CO 4945,15,MAIN
CO 4950,0,MAIN
CO 4952,0,MAIN
CO 4953,0,MAIN
CO 4954,0,MAIN
CO 4955,0,MAIN
CO 4956,0,MAIN
CO 4960,0,MAIN
CO 4961,0,MAIN
CO 4962,0,MAIN
CO 4963,0,MAIN
CO 4964,0,MAIN
CO 4965,0,MAIN
CO 4969,0,MAIN
CO 4969AC,15,MAIN
CO 4970,0,MAIN
CO 4971,0,MAIN
CO 4972,0,MAIN
CO 4975,0,MAIN
CO 4975AC,15,MAIN
CO 4976,0,MAIN
CO 4976AC,15,MAIN
CO 4978,0,MAIN
CO 4979,0,MAIN
CO 4979AC,15,MAIN
CO 4980,0,MAIN
CO 4981,0,MAIN
CO 4982,0,MAIN
CO 4987,0,MAIN
CO 4987AC,15,MAIN
CO 4990,0,MAIN
CO 4991,0,MAIN
CO 4993,0,MAIN
CO 4995,0,MAIN
CO 4996AC,15,MAIN
CO 49976TK,0,MAIN
CO 49977TK,0,MAIN
CO 49978TK,0,MAIN
CO 5017,0,MAIN
CO 5017S,0,MAIN
CO 5038,0,MAIN
CO 5046S,0,MAIN
CO 5072,0,MAIN
CO 5072C,15,MAIN
CO 5073,15,MAIN
CO 5073C,0,MAIN
CO 5073SI,0,MAIN
CO 5074,0,MAIN
CO 5076,0,MAIN
CO 5077,2,MAIN
CO 5077C,0,MAIN
CO 5082Z,0,MAIN
CO 5095,0,MAIN
CO 5104C,15,MAIN
CO 5111,0,MAIN
CO 5111Y,0,MAIN
CO 5301,1,MAIN
CO 5311,0,MAIN
CO 5311Z,0,MAIN
CO 5312,0,MAIN
CO 5322,0,MAIN
CO 5333,0,MAIN
CO 5336,0,MAIN
CO 5350,0,MAIN
CO 5351,0,MAIN
CO 5352,0,MAIN
CO 5354,15,MAIN
CO 5355,15,MAIN
CO 5356,0,MAIN
CO 5359,0,MAIN
CO 5367,0,MAIN
CO 54039V,0,MAIN
CO 5413,0,MAIN
CO 5415,0,MAIN
CO 5417KT,0,MAIN
CO 5424,0,MAIN
CO 5424C,0,MAIN
CO 5436Y,0,MAIN
CO 55019V,1,MAIN
CO 55418V,0,MAIN
CO 5600,0,MAIN
CO 56288V,0,MAIN
CO 56419V,0,MAIN
CO 56429V,0,MAIN
CO 56466V,3,MAIN
CO 5650,0,MAIN
CO 5652,0,MAIN
CO 5653,0,MAIN
CO 5706Y,0,MAIN
CO 5708,0,MAIN
CO 5708Y,0,MAIN
CO 5727,0,MAIN
CO 5742,0,MAIN
CO 5746Y,0,MAIN
CO 5748S,0,MAIN
CO 5790S,0,MAIN
CO 5791Y,0,MAIN
CO 58110RW,0,MAIN
CO 58110ZI,0,MAIN
CO 58111C,15,MAIN
CO 58112C,15,MAIN
CO 58113C,15,MAIN
CO 58114C,15,MAIN
CO 58115RZ,0,MAIN
CO 58116RZ,0,MAIN
CO 58117G,0,MAIN
CO 6003C,15,MAIN
CO 6003DZ,0,MAIN
CO 6005SRY,0,MAIN
CO 6006,0,MAIN
CO 6008,0,MAIN
CO 6012,0,MAIN
CO 6013RY,0,MAIN
CO 6020,0,MAIN
CO 6020C,15,MAIN
CO 6021,0,MAIN
CO 6022Y,0,MAIN
CO 6023,0,MAIN
CO 6025,0,MAIN
CO 6033Z,0,MAIN
CO 6034,0,MAIN
CO 6035,0,MAIN
CO 6035RW,0,MAIN
CO 6036,0,MAIN
CO 6037,0,MAIN
CO 6048RW,0,MAIN
CO 6069Z,0,MAIN
CO 6090RD,0,MAIN
CO 6093,0,MAIN
CO 6094,0,MAIN
CO 6094RW,0,MAIN
CO 6095,0,MAIN
CO 6095C,15,MAIN
CO 6102,0,MAIN
CO 6106,0,MAIN
CO 6118RW,0,MAIN
CO 6130DC,15,MAIN
CO 6130DZ,0,MAIN
CO 6160RW,0,MAIN
CO 6173,0,MAIN
CO 6173C,15,MAIN
CO 6178RW,0,MAIN
CO 6184RW,0,MAIN
CO 6201,0,MAIN
CO 6242,0,MAIN
CO 6321,0,MAIN
CO 6321C,0,MAIN
CO 6323,0,MAIN
CO 6328,0,MAIN
CO 6328O,0,MAIN
CO 6332S,0,MAIN
CO 6334,0,MAIN
CO 6357,0,MAIN
CO 6620,0,MAIN
CO 6624,0,MAIN
CO 6625,0,MAIN
CO 6626,0,MAIN
CO 6627,0,MAIN
CO 6628,0,MAIN
CO 6629,15,MAIN
CO 6629C,0,MAIN
CO 6630,1,MAIN
CO 6631,0,MAIN
CO 6631C,15,MAIN
CO 6632,0,MAIN
CO 6632C,0,MAIN
CO 6634,0,MAIN
CO 6642,1,MAIN
CO 6642C,0,MAIN
CO 6649,15,MAIN
CO 6649C,0,MAIN
CO 6651,0,MAIN
CO 6655,0,MAIN
CO 6656,0,MAIN
CO 6657C,0,MAIN
CO 6658C,0,MAIN
CO 6664,15,MAIN
CO 6665,15,MAIN
CO 6667,0,MAIN
CO 6668,0,MAIN
CO 6669,0,MAIN
CO 6672,2,MAIN
CO 6673,2,MAIN
CO 6674,15,MAIN
CO 6674Z,0,MAIN
CO 6675,0,MAIN
CO 6676,0,MAIN
CO 6677,0,MAIN
CO 6679,0,MAIN
CO 6681,0,MAIN
CO 6681Y,0,MAIN
CO 6687,0,MAIN
CO 6697,0,MAIN
CO 7058V,0,MAIN
CO 7064V,0,MAIN
CO 7076V,0,MAIN
CO 7077V,0,MAIN
CO 7170,6,MAIN
CO 7170C,15,MAIN
CO 7171,0,MAIN
CO 7172,0,MAIN
CO 7172S,0,MAIN
CO 7176,15,MAIN
CO 7176C,15,MAIN
CO 7181,0,MAIN
CO 7189,0,MAIN
CO 7200RD,0,MAIN
CO 7207Y,0,MAIN
CO 7210Y,0,MAIN
CO 7213Y,0,MAIN
CO 7225S,0,MAIN
CO 7227,0,MAIN
CO 7229F,0,MAIN
CO 7229Y,0,MAIN
CO 7240S,0,MAIN
CO 7246Y,0,MAIN
CO 7301,0,MAIN
CO 7303,0,MAIN
CO 7303C,0,MAIN
CO 7304,0,MAIN
CO 7304C,15,MAIN
CO 7306,0,MAIN
CO 7312C,15,MAIN
CO 7316,0,MAIN
CO 7320,0,MAIN
CO 7320C,15,MAIN
CO 7321,12,MAIN
CO 7351,0,MAIN
CO 7360,1,MAIN
CO 7360C,15,MAIN
CO 7361,0,MAIN
CO 7401,0,MAIN
CO 7402,0,MAIN
CO 7409,0,MAIN
CO 7409C,15,MAIN
CO 7416,0,MAIN
CO 7416C,15,MAIN
CO 7425RY,0,MAIN
CO 7429RZ,0,MAIN
CO 7444Y,0,MAIN
CO 7445,0,MAIN
CO 7445S,0,MAIN
CO 7445Y,0,MAIN
CO 7463,0,MAIN
CO 7463Y,0,MAIN
CO 7466RD,0,MAIN
CO 7470S,0,MAIN
CO 7492,0,MAIN
CO 7499Y,0,MAIN
CO 7534Y,0,MAIN
CO 7557RY,0,MAIN
CO 7598,0,MAIN
CO 7641S,0,MAIN
CO 7681,0,MAIN
CO 7683,0,MAIN
CO 7701C,15,MAIN
CO 7702,0,MAIN
CO 7702C,15,MAIN
CO 7712,0,MAIN
CO 7712C,0,MAIN
CO 7715Y,0,MAIN
CO 7730S,0,MAIN
CO 7731,0,MAIN
CO 7803,4,MAIN
CO 7803C,15,MAIN
CO 7804,1,MAIN
CO 7819,0,MAIN
CO 7819C,15,MAIN
CO 7820,0,MAIN
CO 7820C,0,MAIN
CO 7822,1,MAIN
CO 7822C,0,MAIN
CO 7844S,0,MAIN
CO 7846,0,MAIN
CO 7865S,0,MAIN
CO 7882C,0,MAIN
CO 7935,0,MAIN
CO 7935C,15,MAIN
CO 7952,0,MAIN
CO 7954,0,MAIN
CO 7972S,0,MAIN
CO 7991,0,MAIN
CO 7992,0,MAIN
CO 7993,0,MAIN
CO 7994,0,MAIN
CO 7996Y,0,MAIN
CO 8017,15,MAIN
CO 8018,0,MAIN
CO 8023C,0,MAIN
CO 8024,0,MAIN
CO 8025,0,MAIN
CO 8027,0,MAIN
CO 8027C,0,MAIN
CO 8028,0,MAIN
CO 8028C,0,MAIN
CO 8034,3,MAIN
CO 8044,0,MAIN
CO 8044C,15,MAIN
CO 8045,1,MAIN
CO 8045C,0,MAIN
CO 8051Y,0,MAIN
CO 8052C,0,MAIN
CO 8053,0,MAIN
CO 8053S,0,MAIN
CO 8061C,0,MAIN
CO 8067,15,MAIN
CO 8067C,15,MAIN
CO 8069,0,MAIN
CO 8069C,0,MAIN
CO 8085,0,MAIN
CO 8085C,1,MAIN
CO 8088,1,MAIN
CO 8088C,15,MAIN
CO 8091,0,MAIN
CO 8100,0,MAIN
CO 8103,0,MAIN
CO 8104,0,MAIN
CO 8105,0,MAIN
CO 8107,0,MAIN
CO 8109,0,MAIN
CO 8112,4,MAIN
CO 8112O,4,MAIN
CO 8112OI,0,MAIN
CO 8112S,0,MAIN
CO 8117C,0,MAIN
CO 8126,0,MAIN
CO 8133,0,MAIN
CO 8139S,0,MAIN
CO 8144,2,MAIN
CO 8144-24Y,0,MAIN
CO 8144C,0,MAIN
CO 8147,0,MAIN
CO 8147C,15,MAIN
CO 8148C,15,MAIN
CO 8151S,0,MAIN
CO 8152,0,MAIN
CO 8152Z,0,MAIN
CO 8173,0,MAIN
CO 8174,0,MAIN
CO 8174C,15,MAIN
CO 8182,0,MAIN
CO 8202,0,MAIN
CO 8203,0,MAIN
CO 8203C,6,MAIN
CO 8208,0,MAIN
CO 8215,0,MAIN
CO 8225,0,MAIN
CO 8227,0,MAIN
CO 8228,0,MAIN
CO 8231C,0,MAIN
CO 8233,0,MAIN
CO 8234,0,MAIN
CO 8242,0,MAIN
CO 8242C,0,MAIN
CO 8243C,0,MAIN
CO 8244,1,MAIN
CO 8244C,15,MAIN
CO 8252,15,MAIN
CO 8252C,15,MAIN
CO 8253,15,MAIN
CO 8253C,15,MAIN
CO 8256,0,MAIN
CO 8262,0,MAIN
CO 8263,0,MAIN
CO 8279,0,MAIN
CO 8280,0,MAIN
CO 8290,0,MAIN
CO 8294,0,MAIN
CO 8295,15,MAIN
CO 8295C,15,MAIN
CO 8296,0,MAIN
CO 8296O,0,MAIN
CO 8298,0,MAIN
CO 8353,0,MAIN
CO 8387,0,MAIN
CO 8399,0,MAIN
CO 8399Y,0,MAIN
CO 8607,0,MAIN
CO 8617,0,MAIN
CO 8628C,15,MAIN
CO 8631,0,MAIN
CO 8635,0,MAIN
CO 8675,0,MAIN
CO 8676,0,MAIN
CO 8688,0,MAIN
CO 8689,0,MAIN
CO 8702C,15,MAIN
CO 8722,0,MAIN
CO 8725,0,MAIN
CO 8728,0,MAIN
CO 8733,0,MAIN
CO 8777,0,MAIN
CO 8798,0,MAIN
CO 8890,0,MAIN
CO 8925,0,MAIN
CO 8926,0,MAIN
CO 8926G,0,MAIN
CO 8926Z,0,MAIN
CO 8947,0,MAIN
CO 8948Z,0,MAIN
CO 8952,0,MAIN
CO 8974,0,MAIN
CO 9016Y,0,MAIN
CO 9026,0,MAIN
CO 9026S,0,MAIN
CO 9056,0,MAIN
CO 9077,0,MAIN
CO 9096,0,MAIN
CO 9096S,0,MAIN
CO 9103,0,MAIN
CO 9103DC,13,MAIN
CO 9105,0,MAIN
CO 9114,0,MAIN
CO 9114DC,15,MAIN
CO 9120C,15,MAIN
CO 9137,0,MAIN
CO 9140,0,MAIN
CO 9149Z,0,MAIN
CO 9173S,0,MAIN
CO 9203,0,MAIN
CO 9264,0,MAIN
CO 9283,0,MAIN
CO 9283S,0,MAIN
CO 9285,0,MAIN
CO 9285C,15,MAIN
CO 9285V,0,MAIN
CO 9288Y,0,MAIN
CO 9513,0,MAIN
CO 9513Y,0,MAIN
CO 9515,0,MAIN
CO 9537,0,MAIN
CO 9537C,15,MAIN
CO 9563,0,MAIN
CO 9563S,0,MAIN
CO 9580Y,0,MAIN
CO 9652Y,0,MAIN
CO 9663,0,MAIN
CO 9663S,0,MAIN
CO 9669Y,0,MAIN
CO 9684,0,MAIN
CO 9689,0,MAIN
CO 9774Z,0,MAIN
CO 9775C,15,MAIN
CO 9776C,15,MAIN
CO 9777C,15,MAIN
CO 9779C,15,MAIN
CO 9781C,15,MAIN
CO YC 144TD,0,MAIN
CO YC 180C,0,MAIN
CO YC 181C,15,MAIN
CO YC 2462C,0,MAIN
CO YC 2488TD,0,MAIN
CP 0705,0,MAIN
CP 0706,0,MAIN
CP 1000C,0,MAIN
CP 1001C,15,MAIN
CP 1002,0,MAIN
CP 1026,0,MAIN
CP 1027,0,MAIN
CP 1029,0,MAIN
CP 1030,0,MAIN
CP 1031,0,MAIN
CP 1036,0,MAIN
CP 1037,0,MAIN
CP 1038,0,MAIN
CP 1039,0,MAIN
CP 1040,0,MAIN
CP 1041,0,MAIN
CP 1043,0,MAIN
CP 1044,0,MAIN
CP 1045,0,MAIN
CP 1046,0,MAIN
CP 1049,0,MAIN
CP 1050,0,MAIN
CP 1051,0,MAIN
CP 1053,0,MAIN
CP 1055,4,MAIN
CP 1056,3,MAIN
CP 1057,11,MAIN
CP 1058,5,MAIN
CP 1060,0,MAIN
CP 1061,1,MAIN
CP 1063,1,MAIN
CP 1064,4,MAIN
CP 1065,1,MAIN
CP 1066,0,MAIN
CP 1067,0,MAIN
CP 1068,0,MAIN
CP 1069,0,MAIN
CP 1070,0,MAIN
CP 1071,0,MAIN
CP 1072,0,MAIN
CP 1073,0,MAIN
CP 1074,0,MAIN
CP 5005,0,MAIN
CP 5006-20,0,MAIN
CR 1001C,0,MAIN
CR 1002C,0,MAIN
CR 1003C,0,MAIN
CR 1004C,0,MAIN
CR 1005C,0,MAIN
CR 1007C,0,MAIN
CR 1009C,0,MAIN
CR 1010C,0,MAIN
CR 1011C,0,MAIN
CR 1012C,0,MAIN
CR 1013C,0,MAIN
CR 1014C,0,MAIN
CR 1015C,0,MAIN
CR 1016C,0,MAIN
CR 1018C,0,MAIN
CR 1019C,0,MAIN
CR 1020C,0,MAIN
CR 1021C,0,MAIN
CR 1044C,0,MAIN
CR 1045C,0,MAIN
CR 1046C,0,MAIN
CR 1047C,0,MAIN
CR 1049C,0,MAIN
CR 1050C,0,MAIN
CR 1051C,0,MAIN
CR 1052C,0,MAIN
CR 1053C,0,MAIN
CR 1054C,0,MAIN
CR 1055C,0,MAIN
CR 1056C,0,MAIN
CR 1057C,0,MAIN
CR 1058C,0,MAIN
CR 1060C,0,MAIN
CR 1062C,0,MAIN
CR 1065C,0,MAIN
CR 1066C,0,MAIN
CR 1068C,0,MAIN
CR 1070C,0,MAIN
CT 0001,15,MAIN
CT 0100,0,MAIN
CT 0101,0,MAIN
CT 0102,0,MAIN
CT 0103,0,MAIN
CT 0104,0,MAIN
CT 0105,0,MAIN
CT 0107,0,MAIN
CT 0108,0,MAIN
CT 0109,0,MAIN
CT 0110,0,MAIN
CT 0111,0,MAIN
CT 0112,0,MAIN
CT 0113,0,MAIN
CT 0117,0,MAIN
CT 0121,0,MAIN
CT 0122,0,MAIN
CT 0123,0,MAIN
CT 0124,0,MAIN
CV 0001,0,MAIN
CV 0002,0,MAIN
CV 326001,0,MAIN
CV 334084,0,MAIN
CV 334649,0,MAIN
CV 334652,0,MAIN
CV 334653,0,MAIN
CV 334654,0,MAIN
CV 334655,0,MAIN
CV 346008,0,MAIN
CV 346009,0,MAIN
CV 346013,0,MAIN
CV 346014,0,MAIN
CV 346016,0,MAIN
CV 346017,0,MAIN
CV 346019,0,MAIN
CV 346021,0,MAIN
CV 346024,0,MAIN
CV 346025,0,MAIN
CV 346027,0,MAIN
CV 346042,0,MAIN
CV 346223,0,MAIN
CV 346466,0,MAIN
CV 346488,0,MAIN
CV 346588,0,MAIN
CV 346688,0,MAIN
CV 384205,0,MAIN
DC 0001C,12,MAIN
DC 0002C,0,MAIN
DC 1000,0,MAIN
DC 1002,0,MAIN
DC 1003,0,MAIN
DC 1004,0,MAIN
DC 1005C,0,MAIN
DC 1006C,0,MAIN
DC 1007,0,MAIN
DC 1008,0,MAIN
DC 1009,5,MAIN
DF 1001,3,MAIN
DF 1004,6,MAIN
DF 1006,4,MAIN
DF 1008,0,MAIN
DH 0038,15,MAIN
DH 0050,15,MAIN
DT 0038,0,MAIN
DT 0050,0,MAIN
DT 0075,0,MAIN
DT 0398,0,MAIN
DT 0399,0,MAIN
DT 0765,0,MAIN
DT 0814,0,MAIN
DT 0835,0,MAIN
DT 0837,0,MAIN
DT 0875,0,MAIN
DT 0876,0,MAIN
DT 127LBLS,0,MAIN
DT 127LSS,0,MAIN
EB 00001C,15,MAIN
EB 00002C,15,MAIN
EC 0002C,15,MAIN
EC 0003C,15,MAIN
EC 0004C,15,MAIN
EC 0005C,15,MAIN
EC 0006C,15,MAIN
EC 0007C,15,MAIN
EC 0008C,15,MAIN
EC 0009C,0,MAIN
EV 0002,0,MAIN
EV 0024ATC,15,MAIN
EV 0050AC,0,MAIN
EV 0050P,15,MAIN
EV 0060 BOTTOM,0,MAIN
EV 0060AC,1,MAIN
EV 0060P,15,MAIN
EV 0070AC,0,MAIN
EV 0070P,15,MAIN
EV 0082PFC,15,MAIN
EV 0090PFC,15,MAIN
EV 0093PFC,15,MAIN
EV 0099PFC,15,MAIN
EV 0100PFC,0,MAIN
EV 0110PFC,15,MAIN
EV 0111PFC,15,MAIN
EV 0113AC,0,MAIN
EV 0119PFXC,0,MAIN
EV 0122PFXC,15,MAIN
EV 0123PFC,0,MAIN
EV 0130PFC,0,MAIN
EV 0131PFC,0,MAIN
EV 0133PFC,0,MAIN
EV 0134PFXC,15,MAIN
EV 0136PFC,15,MAIN
EV 0137PFXC,15,MAIN
EV 0138PFXC,15,MAIN
EV 0139PFXC,1,MAIN
EV 0140PFC,2,MAIN
EV 0144PFXC,15,MAIN
EV 0145PFC,15,MAIN
EV 0146PFXC,15,MAIN
EV 0149PFXC,15,MAIN
EV 0150PFC,1,MAIN
EV 0151PF,0,MAIN
EV 0152PFC,15,MAIN
EV 0153PFC,15,MAIN
EV 0154PFXC,15,MAIN
EV 0155PFC,15,MAIN
EV 0156PFC,0,MAIN
EV 0157PFXC,15,MAIN
EV 0159PFXC,15,MAIN
EV 0160PFC,15,MAIN
EV 0162PFXC,15,MAIN
EV 0163PFXC,15,MAIN
EV 0165PFXC,15,MAIN
EV 0167PFC,15,MAIN
EV 0170PFXC,15,MAIN
EV 0171PFC,15,MAIN
EV 0174PFXC,15,MAIN
EV 0175PFXC,15,MAIN
EV 0177PFC,15,MAIN
EV 0179PFC,15,MAIN
EV 0184PFC,15,MAIN
EV 0187PFXC,15,MAIN
EV 0188PFXC,15,MAIN
EV 0194PFC,15,MAIN
EV 0199A,0,MAIN
EV 0204,0,MAIN
EV 04030PFXC,15,MAIN
EV 0416,0,MAIN
EV 0417,0,MAIN
EV 0417-1,0,MAIN
EV 0460L,0,MAIN
EV 0460R,0,MAIN
EV 0500R,0,MAIN
EV 0511R,0,MAIN
EV 0512R,0,MAIN
EV 0701LBAC,0,MAIN
EV 0701SBAC,2,MAIN
EV 0808-12V,0,MAIN
EV 0808-24V,0,MAIN
EV 0826-12V,0,MAIN
EV 0826-24V,0,MAIN
EV 0880,0,MAIN
EV 0880-5,0,MAIN
EV 0890-12V,0,MAIN
EV 0890-24V,0,MAIN
EV 0915,0,MAIN
EV 0935,0,MAIN
EV 0936,0,MAIN
EV 0937,0,MAIN
EV 0938,0,MAIN
EV 0938-24V,0,MAIN
EV 0939,0,MAIN
EV 0942,0,MAIN
EV 0983-12V,0,MAIN
EV 0983-24V,0,MAIN
EV 0992-12V,0,MAIN
EV 0992-24V,0,MAIN
EV 1000PFC,15,MAIN
EV 10107AC,0,MAIN
EV 1068PFXC,15,MAIN
EV 12370PFXC,15,MAIN
EV 12411PFXC,15,MAIN
EV 16121PFXC,15,MAIN
EV 168194PFC,15,MAIN
EV 182403AC,11,MAIN
EV 2000PFXC,15,MAIN
EV 201713PFC,8,MAIN
EV 20299AC,8,MAIN
EV 20380PFXC,15,MAIN
EV 206121PFC,0,MAIN
EV 206122PFXC,15,MAIN
EV 206126PFXC,15,MAIN
EV 206128PFXC,15,MAIN
EV 206129PFC,15,MAIN
EV 2350PFC,1,MAIN
EV 2355AC,9,MAIN
EV 2450PFC,0,MAIN
EV 2500PFC,8,MAIN
EV 2628,0,MAIN
EV 2721PFC,0,MAIN
EV 2725A,0,MAIN
EV 2730AC,15,MAIN
EV 2731PFC,15,MAIN
EV 2732PFC,7,MAIN
EV 2733PFC,0,MAIN
EV 2734PFC,0,MAIN
EV 2737PFXC,7,MAIN
EV 2860AC,0,MAIN
EV 2970PFXC,15,MAIN
EV 3000AC,0,MAIN
EV 3000PFC SLAB,15,MAIN
EV 3001PFC,15,MAIN
EV 3001PFC SLAB,15,MAIN
EV 3004PFC,0,MAIN
EV 3006PFC,1,MAIN
EV 3009PFC,15,MAIN
EV 3012PFC,9,MAIN
EV 3016PFC,14,MAIN
EV 3150AC,15,MAIN
EV 3153PFXC,15,MAIN
EV 3154PFC,15,MAIN
EV 3155AC,0,MAIN
EV 3156AC,2,MAIN
EV 3250AC,0,MAIN
EV 3271PFXC,0,MAIN
EV 3273PFC,0,MAIN
EV 3276PFC,15,MAIN
EV 3279PFXC,0,MAIN
EV 33010PFXC,15,MAIN
EV 3390PFC,15,MAIN
EV 3405AC,0,MAIN
EV 3480PFXC,0,MAIN
EV 3490PFXC,15,MAIN
EV 35010PFC,15,MAIN
EV 35050PFXC,15,MAIN
EV 3510AC,15,MAIN
EV 3512A,1,MAIN
EV 3512AC,15,MAIN
EV 3513A,0,MAIN
EV 3520AC,15,MAIN
EV 3600AC,0,MAIN
EV 3605AC,0,MAIN
EV 3611PFC,2,MAIN
EV 3639PFC,15,MAIN
EV 3640PFC,15,MAIN
EV 3700AC,0,MAIN
EV 3701AC,0,MAIN
EV 3752PFC,0,MAIN
EV 3800AC,15,MAIN
EV 3810AC,15,MAIN
EV 3910PFC,15,MAIN
EV 3911PFC,0,MAIN
EV 4000PFC SLAB,15,MAIN
EV 4002AC,1,MAIN
EV 4003AC,0,MAIN
EV 4005AC,15,MAIN
EV 4006AC,0,MAIN
EV 40077PFC,0,MAIN
EV 4007AC,12,MAIN
EV 40082PFC,0,MAIN
EV 40083AC,2,MAIN
EV 40086AC,15,MAIN
EV 4012AC,15,MAIN
EV 4020AT,0,MAIN
EV 4021PFXC,0,MAIN
EV 4102PFC,0,MAIN
EV 4103AC,0,MAIN
EV 4177ATC,15,MAIN
EV 4178PFXC,15,MAIN
EV 4200A,0,MAIN
EV 4210PFC,0,MAIN
EV 4301PFC,3,MAIN
EV 4302PFC,15,MAIN
EV 4304PFC,5,MAIN
EV 4308PFC,14,MAIN
EV 4445PF,0,MAIN
EV 4446PFC,15,MAIN
EV 4447PFXC,15,MAIN
EV 4448PF,0,MAIN
EV 4644790PFC,15,MAIN
EV 464880PFC,15,MAIN
EV 4798681PFC,1,MAIN
EV 4798681PFXC,15,MAIN
EV 4798683PFC,4,MAIN
EV 4798689PFC,0,MAIN
EV 4798693PFC,15,MAIN
EV 4798694PFC,15,MAIN
EV 4798697PFXC,0,MAIN
EV 4798698PFC,15,MAIN
EV 4798699PFXC,15,MAIN
EV 4798700ATC,15,MAIN
EV 4798701ATC,0,MAIN
EV 4798704PFXC,15,MAIN
EV 4798705PFXC,15,MAIN
EV 4798706PFC,0,MAIN
EV 4798707PFXC,15,MAIN
EV 4798708PFC,15,MAIN
EV 4798709PFXC,15,MAIN
EV 4798710PFC,15,MAIN
EV 4798711PFXC,15,MAIN
EV 4798712PFXC,15,MAIN
EV 4798713PFXC,11,MAIN
EV 4798715PFXC,15,MAIN
EV 4798716PFC,9,MAIN
EV 4798720PFC,5,MAIN
EV 4798721PFC,15,MAIN
EV 4798723PFC,12,MAIN
EV 4798725PFC,4,MAIN
EV 4798726PFXC,15,MAIN
EV 4798728PFXC,15,MAIN
EV 4798729PFC,15,MAIN
EV 4798730PFXC,15,MAIN
EV 4798731PFC,0,MAIN
EV 4798732PFC,15,MAIN
EV 4798734PFC,1,MAIN
EV 4798735PFC,15,MAIN
EV 4798740PFXC,15,MAIN
EV 4798743PFC,11,MAIN
EV 4798745PFXC,0,MAIN
EV 4798746PFC,15,MAIN
EV 4798749PFC,15,MAIN
EV 4798751PFC,15,MAIN
EV 4798753PFC,15,MAIN
EV 4798754PFC,15,MAIN
EV 4798755PFC,15,MAIN
EV 4798756PFC,0,MAIN
EV 4820PF,0,MAIN
EV 4864999PFXC,15,MAIN
EV 4870PFXC,0,MAIN
EV 4880PFC,15,MAIN
EV 4882168PFXC,15,MAIN
EV 4882817PFXC,15,MAIN
EV 5006PFXC,15,MAIN
EV 5007PFC,15,MAIN
EV 50533,0,MAIN
EV 50552,0,MAIN
EV 50670KTZ,0,MAIN
EV 50936,0,MAIN
EV 5105AC,15,MAIN
EV 51309,0,MAIN
EV 51808,0,MAIN
EV 51808KT,0,MAIN
EV 51808KTZ,0,MAIN
EV 51809,0,MAIN
EV 5191ATC,0,MAIN
EV 5192ATC,1,MAIN
EV 51946,0,MAIN
EV 52030KT,0,MAIN
EV 52104,0,MAIN
EV 52114,0,MAIN
EV 52114KT,0,MAIN
EV 52115,0,MAIN
EV 5318ATC,15,MAIN
EV 5321ATC,15,MAIN
EV 5325AT,0,MAIN
EV 5326ATC,15,MAIN
EV 5497AC,6,MAIN
EV 5498AC,2,MAIN
EV 5504AC,15,MAIN
EV 5510AC,1,MAIN
EV 5515AC,15,MAIN
EV 5517AC,0,MAIN
EV 5520PFC,15,MAIN
EV 5524PFC,15,MAIN
EV 5525PFC,0,MAIN
EV 5900,0,MAIN
EV 59G05AC,15,MAIN
EV 60030PFC,15,MAIN
EV 60101PFC,15,MAIN
EV 60102PFC,4,MAIN
EV 61520PFC,0,MAIN
EV 6153PF,0,MAIN
EV 61686,0,MAIN
EV 6175PF,0,MAIN
EV 6176PF,0,MAIN
EV 61J10AC,5,MAIN
EV 61P10AC,8,MAIN
EV 6203PF,0,MAIN
EV 6204PF,0,MAIN
EV 62086PFXC,15,MAIN
EV 62105PFXC,15,MAIN
EV 62141,0,MAIN
EV 62142,0,MAIN
EV 62181,0,MAIN
EV 62188,0,MAIN
EV 62197,0,MAIN
EV 62199AC,15,MAIN
EV 62201PFC,15,MAIN
EV 6225PF,0,MAIN
EV 6261PF,0,MAIN
EV 6264PF,0,MAIN
EV 62689PFXC,15,MAIN
EV 62692PFC,13,MAIN
EV 62696PFC,15,MAIN
EV 62705PFC,15,MAIN
EV 62717PFC,15,MAIN
EV 6273PF,0,MAIN
EV 6275PFXC,15,MAIN
EV 62898PFC,15,MAIN
EV 62903PFC,15,MAIN
EV 62C60PFXC,15,MAIN
EV 6339PF,0,MAIN
EV 6511PFXC,0,MAIN
EV 6513PFC,15,MAIN
EV 6515PFC,14,MAIN
EV 6519PFXC,15,MAIN
EV 6552PF,0,MAIN
EV 6581PFXC,15,MAIN
EV 6585PFC,12,MAIN
EV 6596PFC,15,MAIN
EV 6621PFXC,0,MAIN
EV 6622PFXC,0,MAIN
EV 6651PFC,4,MAIN
EV 6662PFC,13,MAIN
EV 6667PF,0,MAIN
EV 6677PFXC,0,MAIN
EV 6678PFXC,15,MAIN
EV 6679PFC,15,MAIN
EV 6680PFC,0,MAIN
EV 6693PFXC,0,MAIN
EV 6699PF,1,MAIN
EV 6700PFC,15,MAIN
EV 6701PFC,15,MAIN
EV 6709PFC,15,MAIN
EV 6711PFC,0,MAIN
EV 6713-E715,0,MAIN
EV 67275761,0,MAIN
EV 6727-A756,0,MAIN
EV 6738PFXC,15,MAIN
EV 6739PFXC,0,MAIN
EV 6740PFC,0,MAIN
EV 6746PFC,5,MAIN
EV 6751PFC,15,MAIN
EV 6752PFXC,15,MAIN
EV 6791PFC,1,MAIN
EV 6794PFXC,15,MAIN
EV 6796PFXC,15,MAIN
EV 6797PFC,15,MAIN
EV 6800EPFC,0,MAIN
EV 6810PFXC,7,MAIN
EV 6811PFC,15,MAIN
EV 6819PFC,15,MAIN
EV 6880PFC,0,MAIN
EV 6882PFXC,15,MAIN
EV 6900PFXC,9,MAIN
EV 6905ATC,15,MAIN
EV 6929PFC,15,MAIN
EV 6944PFC,15,MAIN
EV 6947PFXC,15,MAIN
EV 6951PFC,15,MAIN
EV 6956PFC,15,MAIN
EV 6959PFC,0,MAIN
EV 6962PFXC,15,MAIN
EV 6967PFC,15,MAIN
EV 6971PFC,15,MAIN
EV 71-8100,0,MAIN
EV 71-8101,0,MAIN
EV 7991,0,MAIN
EV 7992ATC,15,MAIN
EV 7993ATC,15,MAIN
EV 7994,0,MAIN
EV 7997PFXC,15,MAIN
EV 8000PFXC,1,MAIN
EV 8003PFXC,15,MAIN
EV 8005PFXC,15,MAIN
EV 8007PFXC,15,MAIN
EV 8008PFXC,15,MAIN
EV 8009PFXC,15,MAIN
EV 8015PFXC,15,MAIN
EV 8333-B876,0,MAIN
EV 8373-896,0,MAIN
EV 8373-896-H,0,MAIN
EV 8430-715,0,MAIN
EV 8433-896,0,MAIN
EV 8433-896S,0,MAIN
EV 8473-896,0,MAIN
EV 8533B896,0,MAIN
EV 8600,0,MAIN
EV 9000,0,MAIN
EV 9330-A715,0,MAIN
EV 9370715,0,MAIN
EV 939448PFC,15,MAIN
EV 939501PFC,15,MAIN
EV 939502PFC,0,MAIN
EV 939503PFC,15,MAIN
EV 939504PFC,15,MAIN
EV 939505PFXC,15,MAIN
EV 939507PFC,15,MAIN
EV 939508PFXC,8,MAIN
EV 939510PFC,15,MAIN
EV 939512PFXC,15,MAIN
EV 939513PFXC,8,MAIN
EV 939514PFXC,15,MAIN
EV 939515PFC,15,MAIN
EV 939516PFC,15,MAIN
EV 939517PFXC,15,MAIN
EV 939518PFC,15,MAIN
EV 939519PFC,15,MAIN
EV 939520PFC,15,MAIN
EV 939521PFC,15,MAIN
EV 939522PFC,15,MAIN
EV 939524PFXC,15,MAIN
EV 939526PFC,6,MAIN
EV 939530ATC,15,MAIN
EV 939531PFXC,15,MAIN
EV 939533PFXC,15,MAIN
EV 939534PFXC,5,MAIN
EV 939536PFXC,15,MAIN
EV 939537PFC,15,MAIN
EV 939538PFC,15,MAIN
EV 939539PFXC,15,MAIN
EV 939541PFC,15,MAIN
EV 939542PFXC,15,MAIN
EV 939543PFC,15,MAIN
EV 939544PFC,1,MAIN
EV 939545PFC,14,MAIN
EV 939546PFC,15,MAIN
EV 939547PFC,0,MAIN
EV 939548PFXC,15,MAIN
EV 939549PFC,15,MAIN
EV 939550PFC,15,MAIN
EV 939551PFC,0,MAIN
EV 939553PF,0,MAIN
EV 939555PFC,0,MAIN
EV 939557PFC,0,MAIN
EV 939561PFXC,0,MAIN
EV 939563PFXC,15,MAIN
EV 939564PFC,15,MAIN
EV 939565PFC,15,MAIN
EV 939567PFC,0,MAIN
EV 939568PFXC,15,MAIN
EV 939570PFC,0,MAIN
EV 939571PFXC,15,MAIN
EV 939572PFC,15,MAIN
EV 939573PFC,15,MAIN
EV 939574PFXC,15,MAIN
EV 939576PFXC,15,MAIN
EV 939577PFXC,15,MAIN
EV 939578PFXC,15,MAIN
EV 939581PFC,15,MAIN
EV 939582PFC,15,MAIN
EV 939583PFC,0,MAIN
EV 939584PFC,15,MAIN
EV 939585PFXC,15,MAIN
EV 939586PFC,15,MAIN
EV 939587PFC,15,MAIN
EV 939588PFC,15,MAIN
EV 939589PFC,15,MAIN
EV 939590PFXC,15,MAIN
EV 939592PFC,0,MAIN
EV 939593PFC,15,MAIN
EV 939597PFC,15,MAIN
EV 939598PFXC,15,MAIN
EV 939599PFXC,15,MAIN
EV 939600PFXC,0,MAIN
EV 939601PFXC,15,MAIN
EV 939602PFC,15,MAIN
EV 939604PFXC,15,MAIN
EV 939606PFXC,15,MAIN
EV 939607PFXC,15,MAIN
EV 939608PFXC,15,MAIN
EV 939609PFC,15,MAIN
EV 939610PFC,15,MAIN
EV 939611PFC,15,MAIN
EV 939612PFC,15,MAIN
EV 939613PFC,15,MAIN
EV 939614PFXC,15,MAIN
EV 939615PFC,0,MAIN
EV 939616PFC,6,MAIN
EV 939618PFC,15,MAIN
EV 939620PFC,15,MAIN
EV 939621PFC,15,MAIN
EV 939622PFC,15,MAIN
EV 939623PFC,15,MAIN
EV 939624PFC,15,MAIN
EV 939625PFC,8,MAIN
EV 939626PFC,9,MAIN
EV 939627ATC,0,MAIN
EV 939629PFC,0,MAIN
EV 939630PFXC,15,MAIN
EV 939631PFC,15,MAIN
EV 939632PFXC,15,MAIN
EV 939633PFC,2,MAIN
EV 939637AC,15,MAIN
EV 939638AC,15,MAIN
EV 939639PFXC,7,MAIN
EV 939640PFC,0,MAIN
EV 939641PFC,15,MAIN
EV 939648PFXC,15,MAIN
EV 939649PFC,4,MAIN
EV 939650PFXC,15,MAIN
EV 939653PFC,15,MAIN
EV 939654PFC,15,MAIN
EV 939655PFC,15,MAIN
EV 939656PFC,12,MAIN
EV 939657PFC,0,MAIN
EV 939658PFXC,15,MAIN
EV 939659PFC,0,MAIN
EV 939660PFC,15,MAIN
EV 939661PFC,15,MAIN
EV 939662PFC,0,MAIN
EV 939663AC,0,MAIN
EV 939664PFC,15,MAIN
EV 939665PFXC,15,MAIN
EV 939666PFC,15,MAIN
EV 939667PFXC,0,MAIN
EV 939668PFC,15,MAIN
EV 939669PFC,15,MAIN
EV 939670PFC,15,MAIN
EV 939671PFC,15,MAIN
EV 939673PFC,15,MAIN
EV 939674PFC,15,MAIN
EV 939675PFC,15,MAIN
EV 939676PFC,15,MAIN
EV 939678PFC,15,MAIN
EV 939679PFXC,15,MAIN
EV 939680PFXC,15,MAIN
EV 939681PFC,15,MAIN
EV 939682PFC,9,MAIN
EV 939683PFC,15,MAIN
EV 939684PFC,15,MAIN
EV 939685PFC,15,MAIN
EV 939686PFC,15,MAIN
EV 939687PFC,15,MAIN
EV 939688PFXC,15,MAIN
EV 939689PFC,15,MAIN
EV 939690PFC,15,MAIN
EV 939691PFC,15,MAIN
EV 939692PFC,15,MAIN
EV 939693PFC,15,MAIN
EV 939695PFC,15,MAIN
EV 939696AC,15,MAIN
EV 939697AC,14,MAIN
EV 939698AC,15,MAIN
EV 939699AC,15,MAIN
EV 939701PFC,15,MAIN
EV 939702PFC,15,MAIN
EV 939703PFC,15,MAIN
EV 939704PFC,15,MAIN
EV 939705PFC,15,MAIN
EV 939706PFC,15,MAIN
EV 93970715KT,0,MAIN
EV 939707PFC,15,MAIN
EV 939710PFC,15,MAIN
EV 939710PFDC,15,MAIN
EV 939711PFC,4,MAIN
EV 939712PFC,15,MAIN
EV 939713PFXC,15,MAIN
EV 939714PFC,15,MAIN
EV 939715PFXC,15,MAIN
EV 939716PFC,15,MAIN
EV 939718PFXC,15,MAIN
EV 939719PFC,15,MAIN
EV 939720PFC,15,MAIN
EV 939721PFXC,15,MAIN
EV 939722PFC,15,MAIN
EV 939724PFC,15,MAIN
EV 939725PFXC,15,MAIN
EV 939726PFC,15,MAIN
EV 939727PFXC,15,MAIN
EV 939729PFC,15,MAIN
EV 939730PFXC,15,MAIN
EV 939731PFC,15,MAIN
EV 939733PFXC,15,MAIN
EV 939734PFC,15,MAIN
EV 939735PFC,15,MAIN
EV 939736PFXC,15,MAIN
EV 939737PFXC,15,MAIN
EV 939738PFC,15,MAIN
EV 939740PFC,15,MAIN
EV 939741PFC,15,MAIN
EV 939742PFC,15,MAIN
EV 939743PFC,15,MAIN
EV 939744PFC,15,MAIN
EV 939745PFC,15,MAIN
EV 939746PFC,15,MAIN
EV 939747PFC,0,MAIN
EV 939748PFC,0,MAIN
EV 939749PFC,15,MAIN
EV 939751PFC,15,MAIN
EV 939752PFC,15,MAIN
EV 939754PFC,15,MAIN
EV 939755PFC,15,MAIN
EV 939757PFXC,15,MAIN
EV 939758PFC,15,MAIN
EV 939759PFC,15,MAIN
EV 939760PFC,15,MAIN
EV 939762PFC,15,MAIN
EV 939763PFC,15,MAIN
EV 939764AC,0,MAIN
EV 939765PFC,15,MAIN
EV 939766PFC,15,MAIN
EV 939767PFC,15,MAIN
EV 939768PFC,15,MAIN
EV 939769PFC,15,MAIN
EV 939771PFC,15,MAIN
EV 939772PFC,15,MAIN
EV 939775PFC,15,MAIN
EV 939776PFC,0,MAIN
EV 939777PFC,15,MAIN
EV 939778PFC,15,MAIN
EV 939779PFC,15,MAIN
EV 939780PFC,15,MAIN
EV 939781PFC,15,MAIN
EV 939782PFC,15,MAIN
EV 939783PFC,15,MAIN
EV 939784PFC,15,MAIN
EV 939785PFC,15,MAIN
EV 939786PFC,15,MAIN
EV 939787PFC,15,MAIN
EV 939788PFC,15,MAIN
EV 939789PFC,1,MAIN
EV 939791PFC,15,MAIN
EV 939792PFC,15,MAIN
EV 939793PFA,0,MAIN
EV 939794PFC,13,MAIN
EV 939795PFC,15,MAIN
EV 939796PFC,15,MAIN
EV 939797PFC,15,MAIN
EV 939798PFC,15,MAIN
EV 939799PFC,15,MAIN
EV 939800PFC,15,MAIN
EV 939801PFC,15,MAIN
EV 939802PFC,15,MAIN
EV 939805PFC,15,MAIN
EV 939806PFC,0,MAIN
EV 939807PFXC,15,MAIN
EV 939808PFC,15,MAIN
EV 939809PFC,15,MAIN
EV 939817PFC,15,MAIN
EV 939821PFC,15,MAIN
EV 939822PFC,15,MAIN
EV 939827PFC,15,MAIN
EV 939831PFC,0,MAIN
EV 939832PFC,15,MAIN
EV 939833PFC,15,MAIN
EV 939834PFC,15,MAIN
EV 939835PFC,15,MAIN
EV 939836PFC,15,MAIN
EV 939837PFXC,15,MAIN
EV 939838PFC,15,MAIN
EV 939839PFC,15,MAIN
EV 939840PFXC,15,MAIN
EV 939841PF,0,MAIN
EV 939843PFC,15,MAIN
EV 939844PFC,15,MAIN
EV 939845PFC,15,MAIN
EV 939846PFC,15,MAIN
EV 939847PFC,15,MAIN
EV 939848PFC,0,MAIN
EV 939850PFXC,0,MAIN
EV 939852PFC,15,MAIN
EV 939854PFC,15,MAIN
EV 939856PFC,15,MAIN
EV 939857PFC,15,MAIN
EV 939859PFXC,15,MAIN
EV 939860PFXC,15,MAIN
EV 939861PFXC,15,MAIN
EV 939862PFXC,15,MAIN
EV 939863PFXC,15,MAIN
EV 939865PFXC,15,MAIN
EV 939866PFXC,15,MAIN
EV 939867PFXC,0,MAIN
EV 939868PFXC,15,MAIN
EV 939869PFXC,15,MAIN
EV 939870PFXC,15,MAIN
EV 939871PFC,1,MAIN
EV 939871PFXC,15,MAIN
EV 939872PFC,15,MAIN
EV 939873PFC,15,MAIN
EV 939874PFC,15,MAIN
EV 939875PFC,15,MAIN
EV 939877PFC,15,MAIN
EV 939878PFC,15,MAIN
EV 939879PFC,0,MAIN
EV 939880PFC,15,MAIN
EV 939881PFC,15,MAIN
EV 939882PFXC,15,MAIN
EV 939883PFC,15,MAIN
EV 939884PFC,15,MAIN
EV 939885PFC,15,MAIN
EV 939888PFC,15,MAIN
EV 939889PFXC,15,MAIN
EV 939890PFC,15,MAIN
EV 939891PFC,15,MAIN
EV 939892PFC,15,MAIN
EV 939894PFC,14,MAIN
EV 939897PFC,11,MAIN
EV 939898PFXC,15,MAIN
EV 939899PFXC,15,MAIN
EV 939901PFXC,1,MAIN
EV 939902PFXC,9,MAIN
EV 939903PF,0,MAIN
EV 939905PFC,9,MAIN
EV 939906PFC,0,MAIN
EV 939907PFXC,15,MAIN
EV 939908PFXC,11,MAIN
EV 939910PFXC,15,MAIN
EV 939911PFXC,15,MAIN
EV 939912PFC,15,MAIN
EV 939913PFXC,0,MAIN
EV 939914PFC,15,MAIN
EV 939915PFC,0,MAIN
EV 939916PFC,15,MAIN
EV 939917PFXC,15,MAIN
EV 939918PFXC,15,MAIN
EV 939919PFC,15,MAIN
EV 939920PFC,15,MAIN
EV 939921PFC,15,MAIN
EV 939923PFC,15,MAIN
EV 939924PFC,15,MAIN
EV 939925PFA,0,MAIN
EV 939927PFXC,15,MAIN
EV 939928PFC,15,MAIN
EV 939929PFXC,15,MAIN
EV 939930PFC,15,MAIN
EV 939931PFXC,15,MAIN
EV 939932PFXC,1,MAIN
EV 939933PFXC,0,MAIN
EV 939934PFXC,15,MAIN
EV 939935PFXC,15,MAIN
EV 939936PFXC,15,MAIN
EV 939937PFXC,15,MAIN
EV 939938PFC,0,MAIN
EV 939939PFC,15,MAIN
EV 939940PFC,15,MAIN
EV 939941PFC,15,MAIN
EV 939943PFC,15,MAIN
EV 939945PFC,15,MAIN
EV 939946PFC,15,MAIN
EV 939947PF,0,MAIN
EV 939948PFC,15,MAIN
EV 939949KTC,15,MAIN
EV 939949PFC,15,MAIN
EV 939950PFC,15,MAIN
EV 939953PFC,15,MAIN
EV 939954PFC,15,MAIN
EV 939956PFC,15,MAIN
EV 939963PFC,15,MAIN
EV 939965PFC,15,MAIN
EV 939966PFC,15,MAIN
EV 939967PF,0,MAIN
EV 939970PFC,15,MAIN
EV 939971PFC,14,MAIN
EV 939972PFC,15,MAIN
EV 939974PFC,7,MAIN
EV 939975PFC,15,MAIN
EV 939976PFC,15,MAIN
EV 939977PFC,15,MAIN
EV 939978PFC,15,MAIN
EV 939979PFC,15,MAIN
EV 939980PFC,15,MAIN
EV 939983PFC,15,MAIN
EV 939984PFC,15,MAIN
EV 939985PFC,15,MAIN
EV 939986PFC,15,MAIN
EV 939987PFC,15,MAIN
EV 939988PFC,15,MAIN
EV 939989PFC,15,MAIN
EV 939990PFC,15,MAIN
EV 939991PFC,15,MAIN
EV 939992PFC,15,MAIN
EV 939993PFC,15,MAIN
EV 939994PFC,15,MAIN
EV 939995PFC,15,MAIN
EV 939996PFC,15,MAIN
EV 939998PFC,15,MAIN
EV 939999PFC,15,MAIN
EV 9400003PFC,15,MAIN
EV 940000PFC,15,MAIN
EV 940001PFC,15,MAIN
EV 940004PFC,15,MAIN
EV 940005PFC,15,MAIN
EV 940006PFC,15,MAIN
EV 940007PFC,0,MAIN
EV 940008PFC,15,MAIN
EV 940009PFC,15,MAIN
EV 940010PFC,15,MAIN
EV 9400119PFC,15,MAIN
EV 940011PFC,15,MAIN
EV 940013PFC,15,MAIN
EV 940014PFC,0,MAIN
EV 940015PFC,0,MAIN
EV 940016PFC,15,MAIN
EV 940018PFC,15,MAIN
EV 940019PFC,0,MAIN
EV 940020PFC,15,MAIN
EV 940022PFC,15,MAIN
EV 940023PFC,15,MAIN
EV 940024PFC,15,MAIN
EV 940025PFC,0,MAIN
EV 940026PFC,15,MAIN
EV 940027PFC,15,MAIN
EV 940028PFC,15,MAIN
EV 940029PFC,15,MAIN
EV 940031PFC,0,MAIN
EV 940032PFC,15,MAIN
EV 940033PFC,15,MAIN
EV 940034PFC,15,MAIN
EV 940036PFC,10,MAIN
EV 940037PFC,15,MAIN
EV 940039PFC,15,MAIN
EV 940040PFC,15,MAIN
EV 940041PFC,15,MAIN
EV 940043PFC,15,MAIN
EV 940044PFC,15,MAIN
EV 940045PFC,1,MAIN
EV 940046PFC,15,MAIN
EV 940047PFC,15,MAIN
EV 940048PFC,15,MAIN
EV 940049PFC,15,MAIN
EV 940051PFC,15,MAIN
EV 940052PFC,15,MAIN
EV 940053PFC,15,MAIN
EV 940055PFC,15,MAIN
EV 940056PFC,15,MAIN
EV 940057PFC,15,MAIN
EV 940059PF,0,MAIN
EV 940060PFC,0,MAIN
EV 940061PFC,15,MAIN
EV 940063PFC,15,MAIN
EV 940064PFC,15,MAIN
EV 940067PFC,0,MAIN
EV 940068PFC,6,MAIN
EV 940069PFC,15,MAIN
EV 940070PFC,15,MAIN
EV 940071PFC,0,MAIN
EV 940072PF,0,MAIN
EV 940073PFC,15,MAIN
EV 940074PFC,15,MAIN
EV 940075PFC,15,MAIN
EV 940076PFC,0,MAIN
EV 940077PFC,4,MAIN
EV 940078PFC,15,MAIN
EV 940079PFC,15,MAIN
EV 940080PF,0,MAIN
EV 940081PFC,3,MAIN
EV 940082PFC,15,MAIN
EV 940083PFC,15,MAIN
EV 940084PFC,0,MAIN
EV 940085PFC,15,MAIN
EV 940086PFC,15,MAIN
EV 940087PFC,15,MAIN
EV 940088PFC,15,MAIN
EV 940089PFC,15,MAIN
EV 940090PFC,15,MAIN
EV 940091PFC,15,MAIN
EV 940092PFC,15,MAIN
EV 940093PFC,15,MAIN
EV 940094PFC,15,MAIN
EV 940095PFC,15,MAIN
EV 940097PFC,15,MAIN
EV 940098PFC,15,MAIN
EV 940100PFC,3,MAIN
EV 940101PFC,15,MAIN
EV 940102PFC,15,MAIN
EV 940103PF,0,MAIN
EV 940104PFC,0,MAIN
EV 940105PFC,15,MAIN
EV 940106PFC,15,MAIN
EV 940107PFC,15,MAIN
EV 940108PFC,15,MAIN
EV 940109PFC,0,MAIN
EV 940110PFC,15,MAIN
EV 940111PF,0,MAIN
EV 940112PFC,7,MAIN
EV 940113PFC,0,MAIN
EV 940114PFC,15,MAIN
EV 940115PFC,15,MAIN
EV 940116PFC,15,MAIN
EV 940118PFC,15,MAIN
EV 940119PFC,15,MAIN
EV 940120PFC,15,MAIN
EV 940121PFC,15,MAIN
EV 940123PFC,15,MAIN
EV 940124PFC,15,MAIN
EV 940125PF,0,MAIN
EV 940126PFC,15,MAIN
EV 940127PFC,15,MAIN
EV 940128KTC,15,MAIN
EV 940128PFC,15,MAIN
EV 940129PF,0,MAIN
EV 940132PFC,15,MAIN
EV 940133PFC,15,MAIN
EV 940134PFC,15,MAIN
EV 940135PFC,15,MAIN
EV 940136PFC,10,MAIN
EV 940137PFC,15,MAIN
EV 940138PFC,15,MAIN
EV 940139PFC,15,MAIN
EV 940141PFC,15,MAIN
EV 940142PFC,15,MAIN
EV 940143PFC,15,MAIN
EV 940144KTC,15,MAIN
EV 940144PFC,15,MAIN
EV 940146PFC,15,MAIN
EV 940147PFC,15,MAIN
EV 940149PFC,15,MAIN
EV 940151PFC,15,MAIN
EV 940153PFC,15,MAIN
EV 940154PFC,15,MAIN
EV 940155PFC,15,MAIN
EV 940156PFC,15,MAIN
EV 940157PFC,15,MAIN
EV 940159PFC,15,MAIN
EV 940160PFC,15,MAIN
EV 940161PFC,15,MAIN
EV 940162PFC,15,MAIN
EV 940163PFC,15,MAIN
EV 940164PFC,15,MAIN
EV 940165PFC,15,MAIN
EV 940166KTC,9,MAIN
EV 940166PFC,15,MAIN
EV 940167PFC,15,MAIN
EV 940168C,0,MAIN
EV 940169PFC,0,MAIN
EV 940170PF,0,MAIN
EV 940171PF,0,MAIN
EV 940172C,15,MAIN
EV 940173C,15,MAIN
EV 940175C,15,MAIN
EV 940176ATC,0,MAIN
EV 940177C,15,MAIN
EV 940178C,15,MAIN
EV 940181PFC,15,MAIN
EV 940183PFC,15,MAIN
EV 940184PFC,15,MAIN
EV 940185PFC,15,MAIN
EV 940186PF,0,MAIN
EV 940187PFC,15,MAIN
EV 9409170PFC,15,MAIN
EV 9409171PFC,15,MAIN
EV 9409173C,15,MAIN
EV 9409174PFC,15,MAIN
EV 9409175PFC,15,MAIN
EV 9409176PF,0,MAIN
EV 9409177PF,0,MAIN
EV 9409178PFC,15,MAIN
EV 9409179PFC,15,MAIN
EV 9409181PFC,15,MAIN
EV 9409182PFC,15,MAIN
EV 9409183PFC,15,MAIN
EV 9409184PFC,0,MAIN
EV 9409185PFC,15,MAIN
EV 9409186PFC,15,MAIN
EV 9409187C,6,MAIN
EV 9409188C,15,MAIN
EV 9409189C,0,MAIN
EV 9409190C,15,MAIN
EV 9409191C,15,MAIN
EV 9409192PFC,15,MAIN
EV 9409193PFC,0,MAIN
EV 9409194C,0,MAIN
EV 9409195C,0,MAIN
EV 9409196PFC,15,MAIN
EV 9409197C,15,MAIN
EV 9409200C,15,MAIN
EV 9409201PF,0,MAIN
EV 9409204C,15,MAIN
EV 9409205C,0,MAIN
EV 9409206PFC,15,MAIN
EV 9409207,0,MAIN
EV 9409208,0,MAIN
EV 9409209,0,MAIN
EV 9409210,0,MAIN
EV 9409211,0,MAIN
EV 9409212,0,MAIN
EV 9409213,0,MAIN
EV 9409214PFC,15,MAIN
EV 9409215C,15,MAIN
EV 9409217,0,MAIN
EV 9409218,0,MAIN
EV 9409219,0,MAIN
EV 9409220PFC,15,MAIN
EV 9409221,0,MAIN
EV 9409224C,15,MAIN
EV 9409226PFC,15,MAIN
EV 9409227PFC,15,MAIN
EV 9409228PFC,15,MAIN
EV 9409229PFC,15,MAIN
EV 9409230PF,0,MAIN
EV 9409230PFC,0,MAIN
EV 9409231PFC,15,MAIN
EV 9409232PFC,15,MAIN
EV 9409235PFC,15,MAIN
EV 9409237PFC,15,MAIN
EV 9409239PFC,15,MAIN
EV 9409241,0,MAIN
EV 9409242,0,MAIN
EV 9409243PFC,15,MAIN
EV 9409244PFC,15,MAIN
EV 9409246,0,MAIN
EV 9409247PFC,15,MAIN
EV 9409248PFC,0,MAIN
EV 9409250PFC,15,MAIN
EV 9409251PFC,15,MAIN
EV 9409253,0,MAIN
EV 9409254PFC,15,MAIN
EV 9409255PFC,15,MAIN
EV 9409256PF,0,MAIN
EV 9409257PF,0,MAIN
EV 9409258PFC,7,MAIN
EV 9409259PFC,15,MAIN
EV 9409260PFC,9,MAIN
EV 9409261,0,MAIN
EV 9409262PFC,15,MAIN
EV 9409264PFC,0,MAIN
EV 9409265PFC,0,MAIN
EV 9409266PFC,15,MAIN
EV 9409267PF,0,MAIN
EV 9409268PF,0,MAIN
EV 9409269PFC,15,MAIN
EV 9409270PFC,15,MAIN
EV 9409273PFC,15,MAIN
EV 9409274PFC,13,MAIN
EV 9409275PFC,15,MAIN
EV 9409276PFC,15,MAIN
EV 9409277PFC,15,MAIN
EV 9409278PFC,15,MAIN
EV 9409279PFC,5,MAIN
EV 9409281PFC,15,MAIN
EV 9409282PFC,15,MAIN
EV 9409283PFC,15,MAIN
EV 9409284PFC,15,MAIN
EV 9409285PFC,15,MAIN
EV 9409286PFC,0,MAIN
EV 9409288PF,0,MAIN
EV 9409288PFC,0,MAIN
EV 9409290PFC,15,MAIN
EV 9409291PFC,15,MAIN
EV 9409292PFC,15,MAIN
EV 9409297PFC,15,MAIN
EV 9409298,0,MAIN
EV 9409299PFC,15,MAIN
EV 9409300PFC,15,MAIN
EV 9409301PFC,15,MAIN
EV 9409302PF,0,MAIN
EV 9409303PF,0,MAIN
EV 9409305PFC,15,MAIN
EV 9409306PFC,15,MAIN
EV 9409307PFC,15,MAIN
EV 9409308PF,0,MAIN
EV 9409310PF,0,MAIN
EV 9409313PFC,15,MAIN
EV 9409314PFC,0,MAIN
EV 9409315PFC,15,MAIN
EV 9409316PFC,15,MAIN
EV 9409317PF,0,MAIN
EV 9409318PF,0,MAIN
EV 9409320PFC,15,MAIN
EV 9409321PFC,15,MAIN
EV 9409323PFC,0,MAIN
EV 9409326PFC,15,MAIN
EV 9409328PFC,0,MAIN
EV 9409329PFC,15,MAIN
EV 9409330PFC,15,MAIN
EV 9409332PFC,15,MAIN
EV 9409334PFC,15,MAIN
EV 9409336PFC,15,MAIN
EV 9409339PFC,15,MAIN
EV 9409340PFC,15,MAIN
EV 9409341PFC,15,MAIN
EV 9409342PFC,15,MAIN
EV 9409343PFC,15,MAIN
EV 9409344PF,0,MAIN
EV 9409347PF,0,MAIN
EV 9409348PF,0,MAIN
EV 9409350PFC,0,MAIN
EV 9409351PFC,15,MAIN
EV 9409352PFC,15,MAIN
EV 9409353PFC,15,MAIN
EV 9409354PF,15,MAIN
EV 9409355PFC,0,MAIN
EV 9409356PFC,15,MAIN
EV 9409357PFC,4,MAIN
EV 9409358PFC,15,MAIN
EV 9409359PFC,15,MAIN
EV 9409360PFC,0,MAIN
EV 9409361PFC,15,MAIN
EV 9409362PFC,14,MAIN
EV 9409363PFC,15,MAIN
EV 9409364PFC,15,MAIN
EV 9409365PFC,0,MAIN
EV 9409366PFC,15,MAIN
EV 9409367PFC,15,MAIN
EV 9409368PFC,15,MAIN
EV 9409369PF,0,MAIN
EV 9409371PFC,15,MAIN
EV 9409372PF,0,MAIN
EV 9409373PFC,15,MAIN
EV 9409374PFC,15,MAIN
EV 9409375PFC,0,MAIN
EV 9409376PFC,15,MAIN
EV 9409377PFC,0,MAIN
EV 9409378PFC,15,MAIN
EV 9409379PFC,0,MAIN
EV 9409380PFC,0,MAIN
EV 9409381PFC,0,MAIN
EV 9409382PFC,0,MAIN
EV 9409383PFC,0,MAIN
EV 9409384PFC,0,MAIN
EV 9409385PFC,0,MAIN
EV 9409386PFC,0,MAIN
EV 9409387PFC,0,MAIN
EV 9409388PFC,0,MAIN
EV 9409389PFC,0,MAIN
EV 9409390PFC,0,MAIN
EV 9409391PFC,0,MAIN
EV 9409392PFC,0,MAIN
EV 9409393PF,0,MAIN
EV 9409394PFC,15,MAIN
EV 9409395PFC,15,MAIN
EV 9409397PFC,0,MAIN
EV 9409398PFC,0,MAIN
EV 9409400PFC,15,MAIN
EV 9409402PFC,0,MAIN
EV 9409403PFC,15,MAIN
EV 9409404PFC,0,MAIN
EV 9409405PFC,15,MAIN
EV 9409406PFC,0,MAIN
EV 9409407PFC,6,MAIN
EV 9409409PFC,0,MAIN
EV 9409411PFC,11,MAIN
EV 9409413PFC,15,MAIN
EV 9409415PFC,0,MAIN
EV 9409416PFC,14,MAIN
EV 9409421PFC,0,MAIN
EV 9409425PFC,6,MAIN
EV 9409426PFC,0,MAIN
EV 9409433PFC,0,MAIN
EV 9409435PFC,10,MAIN
EV 9409449PFC,0,MAIN
EV 9409452PFC,15,MAIN
EV 9409453PFC,0,MAIN
EV 9409454PFC,0,MAIN
EV 9409456PFC,0,MAIN
EV 9409462PFC,15,MAIN
EV 9409463PFC,15,MAIN
EV 9409464PFC,15,MAIN
EV 9409469PFC,0,MAIN
EV 9409474PFC,0,MAIN
EV 9409478PFC,0,MAIN
EV 9409481PFC,13,MAIN
EV 9409483PFC,0,MAIN
EV 9409486PFC,15,MAIN
EV 9409488PFC,15,MAIN
EV 9409489PFC,15,MAIN
EV 9409490PFC,0,MAIN
EV 9409491PFC,15,MAIN
EV 9409492PFC,0,MAIN
EV 9409494PFC,0,MAIN
EV 9409495PFC,1,MAIN
EV 9409496PFC,15,MAIN
EV 9409497PFC,15,MAIN
EV 9409498PFC,0,MAIN
EV 9409499PF,0,MAIN
EV 9409508PFC,0,MAIN
EV 9409509PFC,0,MAIN
EV 9409510PFC,0,MAIN
EV 9409512PFC,0,MAIN
EV 9409535PF,0,MAIN
EV 9430B715,0,MAIN
EV 9450,0,MAIN
EV 9701,0,MAIN
EV 9778PFC,15,MAIN
EV 9779PFC,15,MAIN
EX 0853C,15,MAIN
EX 10000C,15,MAIN
EX 10003C,15,MAIN
EX 10006C,15,MAIN
EX 1000C,15,MAIN
EX 10013C,15,MAIN
EX 10014,0,MAIN
EX 10015,0,MAIN
EX 10016,0,MAIN
EX 10024C,1,MAIN
EX 10028C,15,MAIN
EX 10029C,0,MAIN
EX 10033C,15,MAIN
EX 10034C,15,MAIN
EX 10036C,15,MAIN
EX 10038C,15,MAIN
EX 10039C,15,MAIN
EX 10040C,15,MAIN
EX 10041C,15,MAIN
EX 10042C,15,MAIN
EX 10046C,15,MAIN
EX 10047C,15,MAIN
EX 10048C,15,MAIN
EX 10051C,15,MAIN
EX 10052C,15,MAIN
EX 10062C,15,MAIN
EX 10063C,15,MAIN
EX 10064C,15,MAIN
EX 10065C,15,MAIN
EX 10066C,15,MAIN
EX 10067C,15,MAIN
EX 10068C,15,MAIN
EX 10069C,15,MAIN
EX 10070C,15,MAIN
EX 10072C,15,MAIN
EX 10073C,15,MAIN
EX 10074C,15,MAIN
EX 10076C,15,MAIN
EX 10077C,15,MAIN
EX 10078C,15,MAIN
EX 10079C,15,MAIN
EX 10080C,3,MAIN
EX 10081C,15,MAIN
EX 10086C,0,MAIN
EX 10087C,15,MAIN
EX 10088C,15,MAIN
EX 10090C,15,MAIN
EX 10091C,15,MAIN
EX 10092C,15,MAIN
EX 10093C,15,MAIN
EX 10094C,15,MAIN
EX 10095C,15,MAIN
EX 10096C,15,MAIN
EX 10097C,15,MAIN
EX 10101C,0,MAIN
EX 10103C,15,MAIN
EX 10104C,3,MAIN
EX 10105C,0,MAIN
EX 10106C,15,MAIN
EX 10107C,15,MAIN
EX 10108C,15,MAIN
EX 10109C,0,MAIN
EX 10110C,15,MAIN
EX 10111C,15,MAIN
EX 10112C,15,MAIN
EX 10113C,15,MAIN
EX 10114C,15,MAIN
EX 10115C,15,MAIN
EX 10116C,15,MAIN
EX 10118C,15,MAIN
EX 10122C,15,MAIN
EX 10123C,15,MAIN
EX 10124C,15,MAIN
EX 10125C,15,MAIN
EX 10126C,15,MAIN
EX 10127C,15,MAIN
EX 10128C,15,MAIN
EX 10129C,15,MAIN
EX 10130C,15,MAIN
EX 10131C,15,MAIN
EX 10133C,15,MAIN
EX 10134C,15,MAIN
EX 10136C,15,MAIN
EX 10137C,0,MAIN
EX 10138C,15,MAIN
EX 10139C,15,MAIN
EX 10140C,2,MAIN
EX 10141C,0,MAIN
EX 10142C,15,MAIN
EX 10143C,15,MAIN
EX 10144C,15,MAIN
EX 10145C,15,MAIN
EX 10147C,15,MAIN
EX 10148C,15,MAIN
EX 10149C,15,MAIN
EX 10151C,15,MAIN
EX 10154C,15,MAIN
EX 10155C,15,MAIN
EX 10157C,15,MAIN
EX 10158C,15,MAIN
EX 10159C,15,MAIN
EX 10160C,15,MAIN
EX 10161C,15,MAIN
EX 10162C,0,MAIN
EX 10163C,15,MAIN
EX 10164C,15,MAIN
EX 10165C,15,MAIN
EX 10166C,15,MAIN
EX 10167C,15,MAIN
EX 10168C,15,MAIN
EX 10169C,15,MAIN
EX 10170C,15,MAIN
EX 10172C,0,MAIN
EX 10173C,6,MAIN
EX 10174C,15,MAIN
EX 10176C,15,MAIN
EX 10177C,15,MAIN
EX 10178C,15,MAIN
EX 10179C,15,MAIN
EX 10180C,15,MAIN
EX 10181C,15,MAIN
EX 10182C,8,MAIN
EX 10184C,0,MAIN
EX 10185C,15,MAIN
EX 10186C,15,MAIN
EX 10187C,15,MAIN
EX 10188C,15,MAIN
EX 10189C,15,MAIN
EX 10190C,15,MAIN
EX 10191C,0,MAIN
EX 10192C,15,MAIN
EX 10193C,15,MAIN
EX 10194C,15,MAIN
EX 10196C,15,MAIN
EX 10197C,0,MAIN
EX 10198C,15,MAIN
EX 10200C,15,MAIN
EX 10201C,15,MAIN
EX 10203C,15,MAIN
EX 10204C,15,MAIN
EX 10206C,15,MAIN
EX 10207C,15,MAIN
EX 10208C,15,MAIN
EX 10209C,15,MAIN
EX 10210C,15,MAIN
EX 10211C,15,MAIN
EX 10212C,10,MAIN
EX 10213C,15,MAIN
EX 10215C,15,MAIN
EX 10216C,15,MAIN
EX 10217C,15,MAIN
EX 10218C,15,MAIN
EX 10219C,15,MAIN
EX 10221C,15,MAIN
EX 10222C,15,MAIN
EX 10223C,15,MAIN
EX 10224C,15,MAIN
EX 10225C,15,MAIN
EX 10226C,15,MAIN
EX 10227C,15,MAIN
EX 10228C,0,MAIN
EX 10230C,15,MAIN
EX 10233C,1,MAIN
EX 10234C,15,MAIN
EX 10235C,15,MAIN
EX 10236C,15,MAIN
EX 10238C,15,MAIN
EX 10239C,15,MAIN
EX 10240C,15,MAIN
EX 10241C,15,MAIN
EX 10243C,15,MAIN
EX 10244C,15,MAIN
EX 10245C,15,MAIN
EX 10247C,15,MAIN
EX 10248C,15,MAIN
EX 10249C,15,MAIN
EX 10250C,15,MAIN
EX 10252C,0,MAIN
EX 10253C,15,MAIN
EX 10254C,15,MAIN
EX 10256C,15,MAIN
EX 10257C,15,MAIN
EX 10259C,0,MAIN
EX 10260C,15,MAIN
EX 10263C,1,MAIN
EX 10264C,15,MAIN
EX 10265C,15,MAIN
EX 10266C,15,MAIN
EX 10267C,15,MAIN
EX 10269C,15,MAIN
EX 10271C,15,MAIN
EX 10273C,15,MAIN
EX 10274C,15,MAIN
EX 10275C,15,MAIN
EX 10276C,15,MAIN
EX 10277C,0,MAIN
EX 10279C,15,MAIN
EX 10280C,15,MAIN
EX 10281C,15,MAIN
EX 10282C,15,MAIN
EX 10283C,15,MAIN
EX 10285C,15,MAIN
EX 10286C,0,MAIN
EX 10287C,0,MAIN
EX 10288C,15,MAIN
EX 10289C,15,MAIN
EX 10290C,15,MAIN
EX 10292C,15,MAIN
EX 10293C,15,MAIN
EX 10294C,15,MAIN
EX 10295C,15,MAIN
EX 10296C,15,MAIN
EX 10298C,15,MAIN
EX 10299C,15,MAIN
EX 10302C,15,MAIN
EX 10303C,0,MAIN
EX 10304C,15,MAIN
EX 10305C,15,MAIN
EX 10307C,15,MAIN
EX 10308C,15,MAIN
EX 10309C,15,MAIN
EX 10311C,15,MAIN
EX 10312C,15,MAIN
EX 10313C,0,MAIN
EX 10314C,15,MAIN
EX 10315C,15,MAIN
EX 10317C,0,MAIN
EX 10319C,15,MAIN
EX 10322C,15,MAIN
EX 10325C,0,MAIN
EX 10326C,15,MAIN
EX 10327C,15,MAIN
EX 10328C,15,MAIN
EX 10329C,15,MAIN
EX 10331C,15,MAIN
EX 10332C,15,MAIN
EX 10333C,15,MAIN
EX 10334C,15,MAIN
EX 10335C,15,MAIN
EX 10336C,15,MAIN
EX 10337C,15,MAIN
EX 10339C,15,MAIN
EX 10340C,15,MAIN
EX 10341C,15,MAIN
EX 10342C,15,MAIN
EX 10344C,15,MAIN
EX 10347C,15,MAIN
EX 10349C,15,MAIN
EX 10350C,15,MAIN
EX 10351C,15,MAIN
EX 10352C,15,MAIN
EX 10353C,15,MAIN
EX 10355C,15,MAIN
EX 10356C,15,MAIN
EX 10357C,15,MAIN
EX 10358C,15,MAIN
EX 10359C,15,MAIN
EX 10360C,15,MAIN
EX 10361C,0,MAIN
EX 10362C,15,MAIN
EX 10363C,15,MAIN
EX 10364C,15,MAIN
EX 10365C,15,MAIN
EX 10366C,15,MAIN
EX 10367C,15,MAIN
EX 10369C,15,MAIN
EX 10370C,15,MAIN
EX 10372C,15,MAIN
EX 10376C,15,MAIN
EX 10378C,15,MAIN
EX 10380C,15,MAIN
EX 10381C,15,MAIN
EX 10382C,15,MAIN
EX 10383C,15,MAIN
EX 10384C,15,MAIN
EX 10385C,2,MAIN
EX 10386C,15,MAIN
EX 10387C,15,MAIN
EX 10388C,15,MAIN
EX 10389C,15,MAIN
EX 10391C,15,MAIN
EX 10392C,15,MAIN
EX 10393,0,MAIN
EX 10394C,15,MAIN
EX 10395C,15,MAIN
EX 10396C,15,MAIN
EX 10397C,15,MAIN
EX 10398C,15,MAIN
EX 10400C,15,MAIN
EX 10401C,15,MAIN
EX 10402C,15,MAIN
EX 10403C,15,MAIN
EX 10404C,15,MAIN
EX 10405C,15,MAIN
EX 10406C,15,MAIN
EX 10407C,15,MAIN
EX 10409C,15,MAIN
EX 10410C,15,MAIN
EX 10411C,15,MAIN
EX 10412C,15,MAIN
EX 10414C,15,MAIN
EX 10415C,15,MAIN
EX 10416C,15,MAIN
EX 10417C,15,MAIN
EX 10418C,15,MAIN
EX 10419C,15,MAIN
EX 10420C,15,MAIN
EX 10421C,15,MAIN
EX 10422C,15,MAIN
EX 10423C,15,MAIN
EX 10424C,15,MAIN
EX 10425C,15,MAIN
EX 10426C,15,MAIN
EX 10427C,15,MAIN
EX 10428C,15,MAIN
EX 10429C,0,MAIN
EX 10430C,0,MAIN
EX 10432C,15,MAIN
EX 10433C,15,MAIN
EX 10434C,15,MAIN
EX 10435C,15,MAIN
EX 10436C,15,MAIN
EX 10437C,15,MAIN
EX 10438C,15,MAIN
EX 10439C,15,MAIN
EX 10441C,15,MAIN
EX 10442C,15,MAIN
EX 10443C,15,MAIN
EX 10444C,0,MAIN
EX 10445C,15,MAIN
EX 10446C,15,MAIN
EX 10447C,15,MAIN
EX 10448C,15,MAIN
EX 10449C,15,MAIN
EX 10450C,15,MAIN
EX 10451C,15,MAIN
EX 10452C,15,MAIN
EX 10453C,0,MAIN
EX 10454C,15,MAIN
EX 10455C,15,MAIN
EX 10457C,15,MAIN
EX 10458C,15,MAIN
EX 10459C,15,MAIN
EX 10460C,15,MAIN
EX 10461C,15,MAIN
EX 10462C,15,MAIN
EX 10463C,0,MAIN
EX 10464C,15,MAIN
EX 10465C,15,MAIN
EX 10466C,15,MAIN
EX 10467C,15,MAIN
EX 10468C,15,MAIN
EX 10469C,15,MAIN
EX 10470C,15,MAIN
EX 10471C,15,MAIN
EX 10472C,2,MAIN
EX 10473C,0,MAIN
EX 10474C,15,MAIN
EX 10475C,15,MAIN
EX 10476C,9,MAIN
EX 10477C,15,MAIN
EX 10478C,15,MAIN
EX 10479C,15,MAIN
EX 10480C,15,MAIN
EX 10482C,15,MAIN
EX 10484C,15,MAIN
EX 10485C,15,MAIN
EX 10488C,15,MAIN
EX 10489C,15,MAIN
EX 10490C,15,MAIN
EX 10491C,15,MAIN
EX 10492C,15,MAIN
EX 10493C,15,MAIN
EX 10494C,15,MAIN
EX 10496C,15,MAIN
EX 10497C,0,MAIN
EX 10498C,15,MAIN
EX 10499C,15,MAIN
EX 10500C,15,MAIN
EX 10501C,15,MAIN
EX 10503C,15,MAIN
EX 10504C,0,MAIN
EX 10507C,10,MAIN
EX 10508SC,0,MAIN
EX 10509C,2,MAIN
EX 10510C,15,MAIN
EX 10511C,6,MAIN
EX 10512C,0,MAIN
EX 10513C,15,MAIN
EX 10514C,15,MAIN
EX 10515C,15,MAIN
EX 10516C,15,MAIN
EX 10517C,15,MAIN
EX 10518C,15,MAIN
EX 10519C,15,MAIN
EX 10520C,15,MAIN
EX 10521C,0,MAIN
EX 10522C,15,MAIN
EX 10523C,15,MAIN
EX 10524C,0,MAIN
EX 10525C,15,MAIN
EX 10526C,15,MAIN
EX 10527C,15,MAIN
EX 10528C,15,MAIN
EX 10529C,15,MAIN
EX 10531C,0,MAIN
EX 10532C,0,MAIN
EX 10533C,0,MAIN
EX 10534C,15,MAIN
EX 10536C,15,MAIN
EX 10537C,15,MAIN
EX 10538C,15,MAIN
EX 10539C,15,MAIN
EX 10540SC,0,MAIN
EX 10542C,15,MAIN
EX 10547C,15,MAIN
EX 10548C,15,MAIN
EX 10549C,15,MAIN
EX 10550C,15,MAIN
EX 10551C,15,MAIN
EX 10552,0,MAIN
EX 10553C,0,MAIN
EX 10554C,15,MAIN
EX 10555C,15,MAIN
EX 10556C,15,MAIN
EX 10557C,15,MAIN
EX 10558C,15,MAIN
EX 10560C,15,MAIN
EX 10561C,8,MAIN
EX 10562C,0,MAIN
EX 10563C,0,MAIN
EX 10564C,15,MAIN
EX 10565C,15,MAIN
EX 10567C,15,MAIN
EX 10568C,15,MAIN
EX 10569C,15,MAIN
EX 10570C,0,MAIN
EX 10571C,15,MAIN
EX 10572C,15,MAIN
EX 10574C,15,MAIN
EX 10577C,15,MAIN
EX 10578C,15,MAIN
EX 10579C,0,MAIN
EX 10580C,15,MAIN
EX 10581C,15,MAIN
EX 10582C,15,MAIN
EX 10583C,15,MAIN
EX 10584C,0,MAIN
EX 10585C,0,MAIN
EX 10586C,15,MAIN
EX 10587C,15,MAIN
EX 10589C,15,MAIN
EX 10590C,15,MAIN
EX 10591C,15,MAIN
EX 10593C,0,MAIN
EX 10594C,15,MAIN
EX 10595C,0,MAIN
EX 10596C,15,MAIN
EX 10597C,15,MAIN
EX 10598C,15,MAIN
EX 10599,0,MAIN
EX 10600C,0,MAIN
EX 10601C,15,MAIN
EX 10603,0,MAIN
EX 10606C,15,MAIN
EX 10607C,0,MAIN
EX 10608C,15,MAIN
EX 10609C,15,MAIN
EX 10610C,15,MAIN
EX 10611C,15,MAIN
EX 10612C,15,MAIN
EX 10614C,15,MAIN
EX 10615C,0,MAIN
EX 10616C,15,MAIN
EX 10621C,15,MAIN
EX 10622C,15,MAIN
EX 10623C,15,MAIN
EX 10624C,15,MAIN
EX 10625C,15,MAIN
EX 10626,0,MAIN
EX 10627C,15,MAIN
EX 10628C,15,MAIN
EX 10629C,9,MAIN
EX 10630C,15,MAIN
EX 10631C,15,MAIN
EX 10633C,15,MAIN
EX 10636C,15,MAIN
EX 10642C,15,MAIN
EX 10643C,15,MAIN
EX 10645C,15,MAIN
EX 10646,0,MAIN
EX 10647,0,MAIN
EX 10649C,15,MAIN
EX 10650C,0,MAIN
EX 10651C,15,MAIN
EX 10652C,15,MAIN
EX 10653C,15,MAIN
EX 10654C,15,MAIN
EX 10655C,15,MAIN
EX 10656C,15,MAIN
EX 10657C,15,MAIN
EX 10658C,15,MAIN
EX 10660C,15,MAIN
EX 10661,0,MAIN
EX 10662C,15,MAIN
EX 10663C,15,MAIN
EX 10664C,15,MAIN
EX 10665C,0,MAIN
EX 10666C,10,MAIN
EX 10667C,15,MAIN
EX 10668,0,MAIN
EX 10669C,15,MAIN
EX 10670C,15,MAIN
EX 10671C,15,MAIN
EX 10672C,15,MAIN
EX 10673C,15,MAIN
EX 10675C,15,MAIN
EX 10676C,15,MAIN
EX 10677C,15,MAIN
EX 10678C,15,MAIN
EX 10679C,15,MAIN
EX 10680C,0,MAIN
EX 10681C,15,MAIN
EX 10682C,15,MAIN
EX 10683C,15,MAIN
EX 10684C,15,MAIN
EX 10685C,15,MAIN
EX 10686C,0,MAIN
EX 10687C,15,MAIN
EX 10688C,15,MAIN
EX 10689,0,MAIN
EX 10690,0,MAIN
EX 10691C,15,MAIN
EX 10693C,15,MAIN
EX 10694C,15,MAIN
EX 10695C,15,MAIN
EX 10698C,0,MAIN
EX 10699C,15,MAIN
EX 10700C,15,MAIN
EX 10703C,4,MAIN
EX 10704C,0,MAIN
EX 10705C,15,MAIN
EX 10706C,15,MAIN
EX 10707C,15,MAIN
EX 10708C,15,MAIN
EX 10709C,15,MAIN
EX 10710C,0,MAIN
EX 10712C,15,MAIN
EX 10716C,15,MAIN
EX 10717C,15,MAIN
EX 10718C,15,MAIN
EX 10719,0,MAIN
EX 10720,0,MAIN
EX 10721C,15,MAIN
EX 10723,0,MAIN
EX 10725C,15,MAIN
EX 10726C,15,MAIN
EX 10727C,15,MAIN
EX 10728C,15,MAIN
EX 10730C,15,MAIN
EX 10731C,0,MAIN
EX 10732C,0,MAIN
EX 10733,0,MAIN
EX 10735C,15,MAIN
EX 10736C,15,MAIN
EX 10738C,15,MAIN
EX 10739C,15,MAIN
EX 10740,0,MAIN
EX 10740C,0,MAIN
EX 10741C,15,MAIN
EX 10742C,0,MAIN
EX 10743C,15,MAIN
EX 10744C,15,MAIN
EX 10745C,15,MAIN
EX 10746C,15,MAIN
EX 10747C,15,MAIN
EX 10748C,15,MAIN
EX 10750C,0,MAIN
EX 10751C,0,MAIN
EX 10752C,15,MAIN
EX 10753C,15,MAIN
EX 10754C,15,MAIN
EX 10756C,15,MAIN
EX 10757C,15,MAIN
EX 10758,0,MAIN
EX 10759C,15,MAIN
EX 10762C,15,MAIN
EX 10763C,15,MAIN
EX 10764C,15,MAIN
EX 10765C,15,MAIN
EX 10766C,15,MAIN
EX 10767C,0,MAIN
EX 10769C,15,MAIN
EX 10770C,15,MAIN
EX 10772C,15,MAIN
EX 10773C,0,MAIN
EX 10774C,15,MAIN
EX 10775C,15,MAIN
EX 10776C,15,MAIN
EX 10777C,0,MAIN
EX 10782C,0,MAIN
EX 10786C,0,MAIN
EX 10790C,0,MAIN
EX 10791C,15,MAIN
EX 10793C,15,MAIN
EX 10794C,15,MAIN
EX 10796C,0,MAIN
EX 10798C,15,MAIN
EX 10800C,0,MAIN
EX 10801C,0,MAIN
EX 10802C,0,MAIN
EX 10805C,0,MAIN
EX 10808C,0,MAIN
EX 10810C,0,MAIN
EX 10814C,0,MAIN
EX 10820C,15,MAIN
EX 10824C,15,MAIN
EX 10825C,0,MAIN
EX 10826C,15,MAIN
EX 10827C,2,MAIN
EX 10829C,3,MAIN
EX 10833C,0,MAIN
EX 10834C,15,MAIN
EX 10835C,15,MAIN
EX 10836C,15,MAIN
EX 10837C,15,MAIN
EX 10839C,15,MAIN
EX 10840C,15,MAIN
EX 10841C,15,MAIN
EX 10842C,15,MAIN
EX 10844,0,MAIN
EX 10845,0,MAIN
EX 10846,0,MAIN
EX 10847C,15,MAIN
EX 10848,10,MAIN
EX 10852C,0,MAIN
EX 10853C,15,MAIN
EX 10857C,0,MAIN
EX 10858C,4,MAIN
EX 10859C,0,MAIN
EX 10860C,15,MAIN
EX 10861C,0,MAIN
EX 10863C,0,MAIN
EX 10864,0,MAIN
EX 10865C,0,MAIN
EX 10866C,0,MAIN
EX 10867C,15,MAIN
EX 10870C,0,MAIN
EX 10879C,0,MAIN
EX 10890C,0,MAIN
EX 10896,1,MAIN
EX 10897,2,MAIN
EX 10898,0,MAIN
EX 10902C,0,MAIN
EX 10904C,0,MAIN
EX 1210C,15,MAIN
EX 1211C,0,MAIN
EX 1224C,15,MAIN
EX 1224KTC,15,MAIN
EX 1227C,15,MAIN
EX 1228KTC,15,MAIN
EX 1229C,15,MAIN
EX 1232C,15,MAIN
EX 1233C,15,MAIN
EX 1234C,15,MAIN
EX 1235C,15,MAIN
EX 1236C,15,MAIN
EX 1237C,3,MAIN
EX 1238C,15,MAIN
EX 1675KT,2,MAIN
EX 2000C,15,MAIN
EX 20100C,15,MAIN
EX 2098C,15,MAIN
EX 2301C,15,MAIN
EX 2503F,0,MAIN
EX 3000C,15,MAIN
EX 31053C,15,MAIN
EX 31134C,15,MAIN
EX 329433C,15,MAIN
EX 33010C,15,MAIN
EX 33410C,15,MAIN
EX 33411C,15,MAIN
EX 33412C,15,MAIN
EX 4000C,15,MAIN
EX 4101C,15,MAIN
EX 4103C,15,MAIN
EX 5019C,15,MAIN
EX 50811C,15,MAIN
EX 51268C,15,MAIN
EX 5151C,15,MAIN
EX 529439C,15,MAIN
EX 529442C,15,MAIN
EX 529443C,15,MAIN
EX 529444C,15,MAIN
EX 529445C,15,MAIN
EX 529446C,15,MAIN
EX 529447C,15,MAIN
EX 529448C,15,MAIN
EX 529449C,15,MAIN
EX 529450C,15,MAIN
EX 529451C,15,MAIN
EX 529452C,15,MAIN
EX 529453C,0,MAIN
EX 529454C,15,MAIN
EX 529454PC,15,MAIN
EX 529455C,15,MAIN
EX 529457C,0,MAIN
EX 529458C,15,MAIN
EX 529459C,15,MAIN
EX 529460C,15,MAIN
EX 529462C,15,MAIN
EX 529463C,15,MAIN
EX 529465C,15,MAIN
EX 529466C,15,MAIN
EX 529467C,15,MAIN
EX 529468C,15,MAIN
EX 529469C,15,MAIN
EX 529470C,15,MAIN
EX 529471C,15,MAIN
EX 529472C,15,MAIN
EX 529474C,15,MAIN
EX 529479C,15,MAIN
EX 529481C,15,MAIN
EX 529482C,0,MAIN
EX 529484C,15,MAIN
EX 529485C,15,MAIN
EX 529488C,15,MAIN
EX 529489C,15,MAIN
EX 529490C,14,MAIN
EX 529491C,15,MAIN
EX 529492C,15,MAIN
EX 529494C,15,MAIN
EX 529495C,15,MAIN
EX 529496C,0,MAIN
EX 529497C,15,MAIN
EX 529498C,15,MAIN
EX 529499C,15,MAIN
EX 529501C,9,MAIN
EX 529502C,15,MAIN
EX 529503C,0,MAIN
EX 529504C,15,MAIN
EX 529505C,15,MAIN
EX 529506C,0,MAIN
EX 529507C,15,MAIN
EX 529508C,15,MAIN
EX 529509C,0,MAIN
EX 529510C,15,MAIN
EX 529511C,15,MAIN
EX 529512C,0,MAIN
EX 529513C,15,MAIN
EX 529514C,15,MAIN
EX 529515C,15,MAIN
EX 529516C,15,MAIN
EX 529517C,15,MAIN
EX 529518C,15,MAIN
EX 5296C,15,MAIN
EX 5378C,15,MAIN
EX 5428C,15,MAIN
EX 5436C,0,MAIN
EX 5481C,15,MAIN
EX 5592C,0,MAIN
EX 5596C,15,MAIN
EX 5605C,15,MAIN
EX 5612C,15,MAIN
EX 5653C,15,MAIN
EX 5655C,15,MAIN
EX 5668C,15,MAIN
EX 5679C,15,MAIN
EX 5681C,15,MAIN
EX 5734C,15,MAIN
EX 5891C,15,MAIN
EX 5899C,15,MAIN
EX 5900C,15,MAIN
EX 5901C,15,MAIN
EX 5903C,15,MAIN
EX 6004C,15,MAIN
EX 6012C,15,MAIN
EX 6021C,15,MAIN
EX 6030C,15,MAIN
EX 6034C,15,MAIN
EX 6041C,15,MAIN
EX 6046C,0,MAIN
EX 6054C,15,MAIN
EX 6059C,15,MAIN
EX 6069C,15,MAIN
EX 6076C,15,MAIN
EX 6081C,15,MAIN
EX 6130F,0,MAIN
EX 6533F,15,MAIN
EX 6533FC,15,MAIN
EX 7000C,15,MAIN
EX 7001C,15,MAIN
EX 7003C,15,MAIN
EX 7008C,4,MAIN
EX 7009,0,MAIN
EX 7009FC,15,MAIN
EX 7010C,0,MAIN
EX 7010FC,15,MAIN
EX 7011C,15,MAIN
EX 7011FC,15,MAIN
EX 7012C,15,MAIN
EX 7012FC,15,MAIN
EX 7413PC,15,MAIN
EX 7414PC,0,MAIN
EX 7417PC,15,MAIN
EX 7418PC,0,MAIN
EX 7420PC,15,MAIN
EX 7423PC,0,MAIN
EX 9011C,15,MAIN
EX 9012C,15,MAIN
EX 9400C,15,MAIN
EX 9403C,15,MAIN
EX 9404C,15,MAIN
EX 9408,2,MAIN
EX 9408C,15,MAIN
EX 9414C,15,MAIN
EX 9415C,15,MAIN
EX 9417C,15,MAIN
EX 9418C,15,MAIN
EX 9419C,4,MAIN
EX 9420C,15,MAIN
EX 9425C,4,MAIN
EX 9433C,15,MAIN
EX 9433MSC,15,MAIN
EX 9435C,15,MAIN
EX 9441C,15,MAIN
EX 9447C,15,MAIN
EX 9448C,15,MAIN
EX 9449C,15,MAIN
EX 9459C,0,MAIN
EX 9461C,15,MAIN
EX 9462,0,MAIN
EX 9464C,0,MAIN
EX 9702C,15,MAIN
EX 9703C,0,MAIN
EX 9704C,15,MAIN
EX 9705C,15,MAIN
EX 9706C,0,MAIN
EX 9707C,15,MAIN
EX 9708C,15,MAIN
EX 9709C,15,MAIN
EX 9711C,15,MAIN
EX 9713C,13,MAIN
EX 9715C,15,MAIN
EX 9716C,15,MAIN
EX 9719C,15,MAIN
EX 9720C,15,MAIN
EX 9721C,15,MAIN
EX 9723C,15,MAIN
EX 9724C,15,MAIN
EX 9726C,3,MAIN
EX 9727C,15,MAIN
EX 9728C,15,MAIN
EX 9729C,15,MAIN
EX 9730C,15,MAIN
EX 9731C,15,MAIN
EX 9732C,15,MAIN
EX 9733C,15,MAIN
EX 9734C,15,MAIN
EX 9735C,15,MAIN
EX 9736C,15,MAIN
EX 9737C,15,MAIN
EX 9739C,15,MAIN
EX 9740C,15,MAIN
EX 9741C,15,MAIN
EX 9743C,15,MAIN
EX 9744C,15,MAIN
EX 9745C,15,MAIN
EX 9746C,15,MAIN
EX 9747C,15,MAIN
EX 9748C,5,MAIN
EX 9750C,15,MAIN
EX 9751C,15,MAIN
EX 9752C,15,MAIN
EX 9753C,15,MAIN
EX 9754C,15,MAIN
EX 9755C,15,MAIN
EX 9757C,15,MAIN
EX 9758C,15,MAIN
EX 9760C,15,MAIN
EX 9761C,15,MAIN
EX 9762C,9,MAIN
EX 9763C,10,MAIN
EX 9764C,15,MAIN
EX 9765C,15,MAIN
EX 9766C,15,MAIN
EX 9767C,15,MAIN
EX 9768C,15,MAIN
EX 9769C,6,MAIN
EX 9770C,15,MAIN
EX 9771C,15,MAIN
EX 9772C,15,MAIN
EX 9773C,15,MAIN
EX 9774C,15,MAIN
EX 9775C,15,MAIN
EX 9776C,15,MAIN
EX 9777C,15,MAIN
EX 9778C,15,MAIN
EX 9779C,15,MAIN
EX 9780C,15,MAIN
EX 9781C,0,MAIN
EX 9782C,15,MAIN
EX 9783C,15,MAIN
EX 9785C,15,MAIN
EX 9787C,0,MAIN
EX 9788C,15,MAIN
EX 9789C,15,MAIN
EX 9790C,15,MAIN
EX 9792,0,MAIN
EX AA00001C,0,MAIN
EX AA00003C,0,MAIN
EX AA00004C,0,MAIN
EX AA00005C,0,MAIN
EX AA00006C,0,MAIN
EX AA00007C,0,MAIN
EX AA00008C,0,MAIN
EX AA00009C,0,MAIN
EX AA00010C,0,MAIN
EX AA00011C,0,MAIN
EX AA00012C,0,MAIN
EX AA00013C,15,MAIN
EX AA00014C,0,MAIN
EX AC00001KTC,0,MAIN
EX AC00002C,0,MAIN
EX C00001C,0,MAIN
EX C00002C,0,MAIN
EX C00003C,0,MAIN
EX C00004C,0,MAIN
EX C00005C,0,MAIN
FA 50001C,15,MAIN
FA 50002,0,MAIN
FA 50003C,0,MAIN
FA 50005C,0,MAIN
FA 50006C,12,MAIN
FA 50007C,1,MAIN
FA 50008C,0,MAIN
FA 50010C,0,MAIN
FA 50011C,15,MAIN
FA 50012C,0,MAIN
FA 50013C,13,MAIN
FA 50014C,6,MAIN
FA 50019C,15,MAIN
FA 50020,0,MAIN
FA 50021,0,MAIN
FA 50023,0,MAIN
FA 50025C,0,MAIN
FA 50028C,15,MAIN
FA 50029C,7,MAIN
FA 50032C,15,MAIN
FA 50033C,15,MAIN
FA 50034C,15,MAIN
FA 50035C,5,MAIN
FA 50037C,3,MAIN
FA 50039C,0,MAIN
FA 50041C,14,MAIN
FA 50042,0,MAIN
FA 50044C,14,MAIN
FA 50045C,15,MAIN
FA 50046C,8,MAIN
FA 50048C,4,MAIN
FA 50051C,9,MAIN
FA 50052C,14,MAIN
FA 50055C,10,MAIN
FA 50057C,13,MAIN
FA 50058C,5,MAIN
FA 50065C,10,MAIN
FA 50066C,15,MAIN
FA 50067C,15,MAIN
FA 50068C,6,MAIN
FA 50069C,0,MAIN
FA 50070C,14,MAIN
FA 50071C,6,MAIN
FA 50073C,15,MAIN
FA 50074C,15,MAIN
FA 50075C,15,MAIN
FA 50076C,0,MAIN
FA 50077C,13,MAIN
FA 50078C,15,MAIN
FA 50079C,14,MAIN
FA 50080C,15,MAIN
FA 50081C,15,MAIN
FA 50082C,15,MAIN
FA 50083C,7,MAIN
FA 50087C,15,MAIN
FA 50091C,0,MAIN
FA 50092C,0,MAIN
FA 50094C,0,MAIN
FA 50096C,3,MAIN
FA 50097,0,MAIN
FA 50098C,9,MAIN
FA 50099C,8,MAIN
FA 50100C,1,MAIN
FA 50101C,7,MAIN
FA 50102C,5,MAIN
FA 50104C,4,MAIN
FA 50106C,15,MAIN
FA 50108C,14,MAIN
FA 50109C,4,MAIN
FA 50111C,14,MAIN
FA 50113C,0,MAIN
FA 50115C,3,MAIN
FA 50116C,1,MAIN
FA 50119C,15,MAIN
FA 50120C,15,MAIN
FA 50123,0,MAIN
FA 50124C,15,MAIN
FA 50125C,15,MAIN
FA 50126C,0,MAIN
FA 50127C,2,MAIN
FA 50128,0,MAIN
FA 50129C,13,MAIN
FA 50130C,10,MAIN
FA 50131C,15,MAIN
FA 50132C,0,MAIN
FA 50133,0,MAIN
FA 50135C,1,MAIN
FA 50141C,5,MAIN
FA 50142C,0,MAIN
FA 50143C,0,MAIN
FA 50144C,1,MAIN
FA 50145C,15,MAIN
FA 50146C,3,MAIN
FA 50149,0,MAIN
FA 50151,0,MAIN
FA 50152C,15,MAIN
FA 50153C,15,MAIN
FA 50154C,0,MAIN
FA 50155,0,MAIN
FA 50156,0,MAIN
FA 50157,0,MAIN
FA 50158,1,MAIN
FA 50158C,15,MAIN
FA 50159C,14,MAIN
FA 50160C,15,MAIN
FA 50161C,15,MAIN
FA 50162C,15,MAIN
FA 50163C,15,MAIN
FA 50164,0,MAIN
FA 50165C,15,MAIN
FA 50166C,0,MAIN
FA 50167C,15,MAIN
FA 50170C,8,MAIN
FA 50171C,0,MAIN
FA 50173C,15,MAIN
FA 50174,0,MAIN
FA 50175C,15,MAIN
FA 50176C,15,MAIN
FA 50177C,15,MAIN
FA 50178,0,MAIN
FA 50179,0,MAIN
FA 50180,0,MAIN
FA 50182C,12,MAIN
FA 50183C,15,MAIN
FA 50184,0,MAIN
FA 50185C,15,MAIN
FA 50186C,0,MAIN
FA 50187C,15,MAIN
FA 50188C,1,MAIN
FA 50189C,5,MAIN
FA 50190C,0,MAIN
FA 50191,0,MAIN
FA 50193C,15,MAIN
FA 50194C,15,MAIN
FA 50195C,11,MAIN
FA 50196C,10,MAIN
FA 50197C,0,MAIN
FA 50198C,8,MAIN
FA 50199,0,MAIN
FA 50200C,7,MAIN
FA 50202C,9,MAIN
FA 50203C,0,MAIN
FA 50204C,7,MAIN
FA 50205C,4,MAIN
FA 50207C,11,MAIN
FA 50208C,9,MAIN
FA 50209C,15,MAIN
FA 50210,0,MAIN
FA 50211,0,MAIN
FA 50212,0,MAIN
FA 50213C,15,MAIN
FA 50214,0,MAIN
FA 50215C,5,MAIN
FA 50216C,0,MAIN
FA 50217C,5,MAIN
FA 50218C,15,MAIN
FA 50219C,4,MAIN
FA 50220C,15,MAIN
FA 50221C,3,MAIN
FA 50222C,9,MAIN
FA 50223,0,MAIN
FA 50224C,0,MAIN
FA 50225C,0,MAIN
FA 50226C,5,MAIN
FA 50227C,0,MAIN
FA 50228C,0,MAIN
FA 50229,0,MAIN
FA 50230C,13,MAIN
FA 50231C,5,MAIN
FA 50232,0,MAIN
FA 50233C,1,MAIN
FA 50234C,5,MAIN
FA 50235C,0,MAIN
FA 50236,0,MAIN
FA 50237C,15,MAIN
FA 50238C,15,MAIN
FA 50239C,14,MAIN
FA 50240C,15,MAIN
FA 50241C,6,MAIN
FA 50242C,15,MAIN
FA 50243C,1,MAIN
FA 50244C,9,MAIN
FA 50246,0,MAIN
FA 50247,0,MAIN
FA 50248,0,MAIN
FA 50249,0,MAIN
FA 50250,0,MAIN
FA 50251,0,MAIN
FA 50252C,0,MAIN
FA 50253C,14,MAIN
FA 50254C,10,MAIN
FA 50255C,0,MAIN
FA 50256C,0,MAIN
FA 50257C,10,MAIN
FA 50258C,15,MAIN
FA 50259C,15,MAIN
FA 50260C,15,MAIN
FA 50261C,0,MAIN
FA 50262C,15,MAIN
FA 50263C,0,MAIN
FA 50264C,1,MAIN
FA 50265C,15,MAIN
FA 50266C,1,MAIN
FA 50267C,15,MAIN
FA 50268C,0,MAIN
FA 50269C,0,MAIN
FA 50270C,15,MAIN
FA 50271C,15,MAIN
FA 50272C,15,MAIN
FA 50273C,3,MAIN
FA 50274C,15,MAIN
FA 50276C,0,MAIN
FA 50277C,4,MAIN
FA 50278C,15,MAIN
FA 50279C,4,MAIN
FA 50280C,15,MAIN
FA 50281,0,MAIN
FA 50282C,0,MAIN
FA 50283C,0,MAIN
FA 50284C,0,MAIN
FA 50285C,0,MAIN
FA 50286C,15,MAIN
FA 50287C,0,MAIN
FA 50288C,15,MAIN
FA 50289C,0,MAIN
FA 50290C,0,MAIN
FA 50291C,0,MAIN
FA 50292C,15,MAIN
FA 50293C,15,MAIN
FA 50294C,0,MAIN
FA 50295C,0,MAIN
FA 50296C,0,MAIN
FA 50297C,15,MAIN
FA 50298C,0,MAIN
FA 50299C,0,MAIN
FA 50300C,0,MAIN
FA 50301C,0,MAIN
FA 50302C,15,MAIN
FA 50303C,0,MAIN
FA 50304C,1,MAIN
FA 50305C,0,MAIN
FA 50306C,0,MAIN
FA 50307C,10,MAIN
FA 50308C,4,MAIN
FA 50309C,15,MAIN
FA 50310C,0,MAIN
FA 50311C,15,MAIN
FA 50312C,1,MAIN
FA 50313C,0,MAIN
FA 50314C,0,MAIN
FA 50315C,0,MAIN
FA 50316C,1,MAIN
FA 50317C,2,MAIN
FA 50318C,0,MAIN
FA 50319C,0,MAIN
FA 50320C,0,MAIN
FA 50321C,15,MAIN
FA 50322C,15,MAIN
FA 50323C,15,MAIN
FA 50324C,15,MAIN
FA 50325C,15,MAIN
FA 50326C,0,MAIN
FA 50327C,10,MAIN
FA 50328C,15,MAIN
FA 50329C,1,MAIN
FA 50330C,2,MAIN
FA 50331C,8,MAIN
FA 50332C,0,MAIN
FA 50333C,8,MAIN
FA 50334C,10,MAIN
FA 50335C,6,MAIN
FA 50336C,1,MAIN
FA 50337C,15,MAIN
FA 50338C,15,MAIN
FA 50339C,3,MAIN
FA 50340C,0,MAIN
FA 50341,0,MAIN
FA 50341C,0,MAIN
FA 50342C,15,MAIN
FA 50343C,15,MAIN
FA 50344C,5,MAIN
FA 50345C,6,MAIN
FA 50346C,0,MAIN
FA 50347C,15,MAIN
FA 50348C,15,MAIN
FA 50349C,14,MAIN
FA 50350C,15,MAIN
FA 50351C,15,MAIN
FA 50352C,15,MAIN
FA 50353C,0,MAIN
FA 50354C,0,MAIN
FA 50355C,0,MAIN
FA 50356,0,MAIN
FA 50356C,15,MAIN
FA 50357C,0,MAIN
FA 50358C,15,MAIN
FA 50360C,0,MAIN
FA 50361C,5,MAIN
FA 50362C,3,MAIN
FA 50363,15,MAIN
FA 50363C,5,MAIN
FA 50364C,0,MAIN
FA 50365C,0,MAIN
FA 50366C,10,MAIN
FA 50367C,12,MAIN
FA 50368C,15,MAIN
FA 50369C,5,MAIN
FA 50370C,0,MAIN
FA 50371C,3,MAIN
FA 50372C,3,MAIN
FA 50373C,0,MAIN
FA 50374C,15,MAIN
FA 50375C,13,MAIN
FA 50376,0,MAIN
FA 50376C,1,MAIN
FA 50377C,6,MAIN
FA 50378,0,MAIN
FA 50378C,3,MAIN
FA 50379C,0,MAIN
FA 50380,0,MAIN
FA 50380C,7,MAIN
FA 50381C,10,MAIN
FA 50382C,15,MAIN
FA 50383C,2,MAIN
FA 50384C,0,MAIN
FA 50385,0,MAIN
FA 50385C,0,MAIN
FA 50386,0,MAIN
FA 50387,0,MAIN
FA 50387C,1,MAIN
FA 50389,0,MAIN
FA 50390C,0,MAIN
FA 50391C,15,MAIN
FA 50392C,0,MAIN
FA 50393C,0,MAIN
FA 50394C,0,MAIN
FA 50395C,9,MAIN
FA 50396C,13,MAIN
FA 50397C,15,MAIN
FA 50398,0,MAIN
FA 50398C,4,MAIN
FA 50399,0,MAIN
FA 50399C,0,MAIN
FA 50400C,3,MAIN
FA 50401C,15,MAIN
FA 50402,0,MAIN
FA 50402C,0,MAIN
FA 50403C,15,MAIN
FA 50404C,11,MAIN
FA 50405C,0,MAIN
FA 50406C,15,MAIN
FA 50407C,1,MAIN
FA 50408,0,MAIN
FA 50408C,2,MAIN
FA 50409C,8,MAIN
FA 50411C,0,MAIN
FA 50412C,5,MAIN
FA 50413C,9,MAIN
FA 50415C,15,MAIN
FA 50417C,15,MAIN
FA 50418C,8,MAIN
FA 50419C,0,MAIN
FA 50420C,14,MAIN
FA 50421,0,MAIN
FA 50422C,0,MAIN
FA 50423C,15,MAIN
FA 50424C,15,MAIN
FA 50425C,15,MAIN
FA 50426C,15,MAIN
FA 50427C,15,MAIN
FA 50428,0,MAIN
FA 50428C,2,MAIN
FA 50429C,15,MAIN
FA 50430,0,MAIN
FA 50430C,2,MAIN
FA 50431C,15,MAIN
FA 50432C,8,MAIN
FA 50433C,15,MAIN
FA 50434,0,MAIN
FA 50435C,15,MAIN
FA 50436C,3,MAIN
FA 50438C,15,MAIN
FA 50440C,4,MAIN
FA 50441C,0,MAIN
FA 50442,0,MAIN
FA 50442C,1,MAIN
FA 50444C,7,MAIN
FA 50445C,0,MAIN
FA 50446C,15,MAIN
FA 50447C,0,MAIN
FA 50448C,15,MAIN
FA 50449C,15,MAIN
FA 50450C,15,MAIN
FA 50451C,15,MAIN
FA 50452C,7,MAIN
FA 50453C,9,MAIN
FA 50454C,0,MAIN
FA 50455C,15,MAIN
FA 50456C,15,MAIN
FA 50457C,15,MAIN
FA 50460,0,MAIN
FA 50460C,15,MAIN
FA 50462C,13,MAIN
FA 50464C,4,MAIN
FA 50465C,9,MAIN
FA 50466,0,MAIN
FA 50467,0,MAIN
FA 50468C,2,MAIN
FA 50469C,1,MAIN
FA 50471C,0,MAIN
FA 50472,0,MAIN
FA 50473C,15,MAIN
FA 50474,0,MAIN
FA 50475C,11,MAIN
FA 50476,0,MAIN
FA 50477C,14,MAIN
FA 50478,0,MAIN
FA 50479,0,MAIN
FA 50480,0,MAIN
FA 50481C,7,MAIN
FA 50482C,15,MAIN
FA 50483C,8,MAIN
FA 50484,0,MAIN
FA 50485C,15,MAIN
FA 50486,0,MAIN
FA 50487,0,MAIN
FA 50488,0,MAIN
FA 50489C,5,MAIN
FA 50490C,4,MAIN
FA 50491C,15,MAIN
FA 50492C,6,MAIN
FA 50494,0,MAIN
FA 50495C,15,MAIN
FA 50496C,15,MAIN
FA 50497,0,MAIN
FA 50498C,7,MAIN
FA 50499C,15,MAIN
FA 50500C,15,MAIN
FA 50501C,13,MAIN
FA 50502C,0,MAIN
FA 50503C,11,MAIN
FA 50504C,0,MAIN
FA 50505,0,MAIN
FA 50506C,10,MAIN
FA 50507C,15,MAIN
FA 50508C,15,MAIN
FA 50509,0,MAIN
FA 50510C,15,MAIN
FA 50511C,4,MAIN
FA 50512C,9,MAIN
FA 50513,0,MAIN
FA 50513C,0,MAIN
FA 50514C,0,MAIN
FA 50515,0,MAIN
FA 50516,0,MAIN
FA 50517C,0,MAIN
FA 50518C,0,MAIN
FA 50519C,15,MAIN
FA 50520,0,MAIN
FA 50520C,0,MAIN
FA 50521C,15,MAIN
FA 50522C,15,MAIN
FA 50523C,12,MAIN
FA 50524C,13,MAIN
FA 50525C,15,MAIN
FA 50526C,0,MAIN
FA 50527,0,MAIN
FA 50528C,2,MAIN
FA 50529C,10,MAIN
FA 50530C,0,MAIN
FA 50532C,15,MAIN
FA 50534C,15,MAIN
FA 50535C,15,MAIN
FA 50536C,8,MAIN
FA 50537,0,MAIN
FA 50538C,15,MAIN
FA 50539,0,MAIN
FA 50540C,15,MAIN
FA 50541C,5,MAIN
FA 50542C,0,MAIN
FA 50543C,15,MAIN
FA 50544C,4,MAIN
FA 50545C,14,MAIN
FA 50546C,15,MAIN
FA 50547C,15,MAIN
FA 50549C,15,MAIN
FA 50550,0,MAIN
FA 50551C,5,MAIN
FA 50552C,6,MAIN
FA 50554,0,MAIN
FA 50555C,8,MAIN
FA 50556,0,MAIN
FA 50557C,15,MAIN
FA 50558C,15,MAIN
FA 50559C,15,MAIN
FA 50560C,0,MAIN
FA 50561,0,MAIN
FA 50562,0,MAIN
FA 50564C,11,MAIN
FA 50565C,0,MAIN
FA 50566C,15,MAIN
FA 50567,0,MAIN
FA 50567C,0,MAIN
FA 50568,0,MAIN
FA 50569C,15,MAIN
FA 50572C,15,MAIN
FA 50573C,0,MAIN
FA 50574C,0,MAIN
FA 50575,0,MAIN
FA 50575C,0,MAIN
FA 50576,0,MAIN
FA 50576C,12,MAIN
FA 50577,0,MAIN
FA 50578C,1,MAIN
FA 50579,0,MAIN
FA 50581,0,MAIN
FA 50581C,0,MAIN
FA 50582C,15,MAIN
FA 50583C,15,MAIN
FA 50584C,15,MAIN
FA 50585C,0,MAIN
FA 50586C,0,MAIN
FA 50587C,15,MAIN
FA 50588C,5,MAIN
FA 50589C,10,MAIN
FA 50590C,0,MAIN
FA 50592C,15,MAIN
FA 50593C,11,MAIN
FA 50594C,15,MAIN
FA 50595C,12,MAIN
FA 50596C,0,MAIN
FA 50597C,15,MAIN
FA 50598C,15,MAIN
FA 50599C,0,MAIN
FA 50600C,0,MAIN
FA 50601C,11,MAIN
FA 50602,2,MAIN
FA 50605,0,MAIN
FA 50605C,14,MAIN
FA 50606C,6,MAIN
FA 50607C,15,MAIN
FA 50608C,5,MAIN
FA 50609,0,MAIN
FA 50610C,0,MAIN
FA 50611,0,MAIN
FA 50611C,15,MAIN
FA 50612C,15,MAIN
FA 50613C,13,MAIN
FA 50614,2,MAIN
FA 50615C,15,MAIN
FA 50616C,12,MAIN
FA 50617C,0,MAIN
FA 50618C,15,MAIN
FA 50619C,15,MAIN
FA 50620,0,MAIN
FA 50621,0,MAIN
FA 50622C,0,MAIN
FA 50623C,0,MAIN
FA 50625C,0,MAIN
FA 50626C,0,MAIN
FA 50628C,15,MAIN
FA 50629C,0,MAIN
FA 50630C,10,MAIN
FA 50631C,15,MAIN
FA 50632C,0,MAIN
FA 50633C,15,MAIN
FA 50634C,15,MAIN
FA 50635C,13,MAIN
FA 50636C,15,MAIN
FA 50637C,15,MAIN
FA 50638C,13,MAIN
FA 50639C,0,MAIN
FA 50640C,4,MAIN
FA 50641,0,MAIN
FA 50642C,11,MAIN
FA 50643,0,MAIN
FA 50645,0,MAIN
FA 50646C,15,MAIN
FA 50648,0,MAIN
FA 50649C,10,MAIN
FA 50650C,1,MAIN
FA 50651,0,MAIN
FA 50652C,14,MAIN
FA 50653,0,MAIN
FA 50654C,0,MAIN
FA 50655,0,MAIN
FA 50655C,15,MAIN
FA 50656,0,MAIN
FA 50657,0,MAIN
FA 50657C,0,MAIN
FA 50659,2,MAIN
FA 50660,0,MAIN
FA 50661C,0,MAIN
FA 50662,0,MAIN
FA 50664,0,MAIN
FA 50665,0,MAIN
FA 50666C,11,MAIN
FA 50668C,15,MAIN
FA 50669C,0,MAIN
FA 50670C,13,MAIN
FA 50671,0,MAIN
FA 50672C,0,MAIN
FA 50673,0,MAIN
FA 50674C,15,MAIN
FA 50676C,15,MAIN
FA 50677,0,MAIN
FA 50679C,15,MAIN
FA 50680C,15,MAIN
FA 50682C,15,MAIN
FA 50683C,15,MAIN
FA 50684C,15,MAIN
FA 50685,0,MAIN
FA 50686C,15,MAIN
FA 50688C,7,MAIN
FA 50689C,14,MAIN
FA 50691,0,MAIN
FA 50691C,3,MAIN
FA 50692,6,MAIN
FA 50692C,0,MAIN
FA 50698,0,MAIN
FA 50699C,15,MAIN
FA 50700,0,MAIN
FA 50701,0,MAIN
FA 50702C,15,MAIN
FA 50703C,15,MAIN
FA 50705C,0,MAIN
FA 50706,0,MAIN
FA 50707C,15,MAIN
FA 50708C,14,MAIN
FA 50709,0,MAIN
FA 50710C,14,MAIN
FA 50711C,0,MAIN
FA 50712,0,MAIN
FA 50714,0,MAIN
FA 50716C,15,MAIN
FA 50717C,15,MAIN
FA 50718,0,MAIN
FA 50719C,0,MAIN
FA 50720,0,MAIN
FA 50721C,15,MAIN
FA 50722,0,MAIN
FA 50726,0,MAIN
FA 50727C,15,MAIN
FA 50728C,2,MAIN
FA 50729,0,MAIN
FA 50730,0,MAIN
FA 50732,0,MAIN
FA 50733,0,MAIN
FA 50736,0,MAIN
FA 50738,0,MAIN
FA 50740,0,MAIN
FA 50741,0,MAIN
FA 50743C,15,MAIN
FA 50744,0,MAIN
FA 50745,0,MAIN
FA 50746,0,MAIN
FA 50747C,12,MAIN
FA 50748,0,MAIN
FA 50749,0,MAIN
FA 50749C,3,MAIN
FA 50750C,0,MAIN
FA 50751,0,MAIN
FA 50752,0,MAIN
FA 50753,0,MAIN
FA 50755,0,MAIN
FA 50756,0,MAIN
FA 50757,0,MAIN
FA 50759,0,MAIN
FA 50760,0,MAIN
FA 50761,0,MAIN
FA 50762,0,MAIN
FA 50764,0,MAIN
FA 50765,1,MAIN
FA 50766,0,MAIN
FA 50768,0,MAIN
FA 50770C,15,MAIN
FA 50771C,0,MAIN
FA 50772,0,MAIN
FA 50773C,15,MAIN
FA 50774C,15,MAIN
FA 50775,0,MAIN
FA 50776C,15,MAIN
FA 50777C,12,MAIN
FA 50778,0,MAIN
FA 50784C,15,MAIN
FA 50788C,1,MAIN
FA 50789,0,MAIN
FA 50790C,15,MAIN
FA 50792C,15,MAIN
FA 50794C,0,MAIN
FA 50796C,15,MAIN
FA 50797C,15,MAIN
FA 50804C,15,MAIN
FA 50807C,0,MAIN
FA 50810C,15,MAIN
FA 50811C,4,MAIN
FA 50812,0,MAIN
FA 50813,0,MAIN
FA 50814C,15,MAIN
FA 50815C,15,MAIN
FA 50817C,15,MAIN
FA 50818,0,MAIN
FA 50819,0,MAIN
FA 50820,0,MAIN
FA 50821,0,MAIN
FA 50823C,11,MAIN
FA 50824C,15,MAIN
FA 50826C,0,MAIN
FA 50827C,15,MAIN
FA 50829,0,MAIN
FA 50830,0,MAIN
FA 50833,0,MAIN
FA 50834,0,MAIN
FA 50835,0,MAIN
FA 50836,0,MAIN
FA 50837,0,MAIN
FA 50838C,2,MAIN
FA 50840C,15,MAIN
FA 50842C,0,MAIN
FA 50846C,15,MAIN
FA 50847C,13,MAIN
FA 50848,0,MAIN
FA 50852,0,MAIN
FA 50853,0,MAIN
FA 50854,0,MAIN
FA 50855C,0,MAIN
FA 50856,0,MAIN
FA 50857C,0,MAIN
FA 50858C,0,MAIN
FA 50859C,0,MAIN
FA 50861C,0,MAIN
FA 50864C,0,MAIN
FA 50866C,15,MAIN
FA 50867C,0,MAIN
FA 50868,0,MAIN
FA 50870,0,MAIN
FA 50872,0,MAIN
FA 50873,0,MAIN
FA 50874,0,MAIN
FA 50875,0,MAIN
FA 50878,0,MAIN
FA 50878C,0,MAIN
FA 50879,0,MAIN
FA 50881C,15,MAIN
FA 50887,0,MAIN
FA 50887C,0,MAIN
FA 50894C,14,MAIN
FA 50895C,15,MAIN
FA 50896C,15,MAIN
FA 50897C,8,MAIN
FA 50902,2,MAIN
FA 50905,0,MAIN
FA 50905C,0,MAIN
FA 50906C,0,MAIN
FA 50908C,0,MAIN
FA 50909C,0,MAIN
FA 50915C,0,MAIN
FA 50917C,15,MAIN
FA 50920,0,MAIN
FA 50921C,0,MAIN
FA 50922C,15,MAIN
FA 50924C,15,MAIN
FA 50926C,14,MAIN
FA 50927,0,MAIN
FA 50928C,0,MAIN
FA 50929C,0,MAIN
FA 50931C,0,MAIN
FA 50932C,15,MAIN
FA 50934C,15,MAIN
FA 50938C,1,MAIN
FA 50945,0,MAIN
FA 50946C,13,MAIN
FA 50950C,15,MAIN
FA 50951,0,MAIN
FA 50952C,3,MAIN
FA 50954C,0,MAIN
FA 50957C,15,MAIN
FA 50971C,0,MAIN
FA 50972C,0,MAIN
FA 50973C,1,MAIN
FA 50974C,0,MAIN
FA 50997C,0,MAIN
FA 51001C,0,MAIN
FA 51007,4,MAIN
FA 51008,10,MAIN
FA 51014,1,MAIN
FA 51442C,0,MAIN
FA 51445,3,MAIN
FA 51445C,1,MAIN
FA 51446,2,MAIN
FA 51447,1,MAIN
FA 51448,1,MAIN
FA 70001C,12,MAIN
FA 70008C,3,MAIN
FA 70012C,0,MAIN
FA 70013,0,MAIN
FA 70014,0,MAIN
FA 70016C,10,MAIN
FA 70017,0,MAIN
FA 70018,0,MAIN
FA 70024,0,MAIN
FA 70024C,0,MAIN
FA 70025,0,MAIN
FA 70026,0,MAIN
FA 70028,1,MAIN
FA 70029C,0,MAIN
FA 70031C,7,MAIN
FA 70033C,0,MAIN
FA 70035,0,MAIN
FA 70036C,9,MAIN
FA 70037C,0,MAIN
FA 70038C,4,MAIN
FA 70041C,6,MAIN
FA 70042C,2,MAIN
FA 70045C,6,MAIN
FA 70049C,0,MAIN
FA 70051,0,MAIN
FA 70052C,13,MAIN
FA 70054C,15,MAIN
FA 70055,0,MAIN
FA 70056,0,MAIN
FA 70059,0,MAIN
FA 70060C,6,MAIN
FA 70062,0,MAIN
FA 70063C,2,MAIN
FA 70064C,1,MAIN
FA 70069C,12,MAIN
FA 70070C,0,MAIN
FA 70072,0,MAIN
FA 70074,0,MAIN
FA 70075,0,MAIN
FA 70076C,1,MAIN
FA 70078C,15,MAIN
FA 70079,0,MAIN
FA 70080C,8,MAIN
FA 70081,0,MAIN
FA 70083C,11,MAIN
FA 70084C,2,MAIN
FA 70086C,13,MAIN
FA 70087C,7,MAIN
FA 70088C,15,MAIN
FA 70089C,0,MAIN
FA 70090C,15,MAIN
FA 70092C,12,MAIN
FA 70094C,15,MAIN
FA 70095,0,MAIN
FA 70098C,4,MAIN
FA 70100C,15,MAIN
FA 70101C,4,MAIN
FA 70102C,12,MAIN
FA 70103C,15,MAIN
FA 70104C,2,MAIN
FA 70105C,9,MAIN
FA 70107C,9,MAIN
FA 70110C,0,MAIN
FA 70111C,7,MAIN
FA 70112C,13,MAIN
FA 70116C,10,MAIN
FA 70119C,15,MAIN
FA 70121C,14,MAIN
FA 70124C,15,MAIN
FA 70126C,1,MAIN
FA 70128C,15,MAIN
FA 70142C,13,MAIN
FA 70145,0,MAIN
FA 70147,0,MAIN
FA 70159,0,MAIN
FA 70160C,15,MAIN
FA 70166,0,MAIN
FA 70167C,15,MAIN
FA 70169C,0,MAIN
FA 70171C,14,MAIN
FA 70177C,12,MAIN
FA 70179C,0,MAIN
FA 70181C,15,MAIN
FA 70182C,0,MAIN
FA 70183,0,MAIN
FA 70184C,7,MAIN
FA 70189C,15,MAIN
FA 70194,1,MAIN
FA 70197C,15,MAIN
FA 70202C,3,MAIN
FA 70206,0,MAIN
FA 70208C,0,MAIN
FA 70210C,15,MAIN
FA 70211C,0,MAIN
FA 70213C,15,MAIN
FA 70215C,0,MAIN
FA 70219C,0,MAIN
FA 70221C,1,MAIN
FA 70242,0,MAIN
FA 70244C,8,MAIN
FA 70245C,3,MAIN
FA 70247C,4,MAIN
FA 70249C,1,MAIN
FA 70251C,0,MAIN
FA 70252C,1,MAIN
FA 70279C,0,MAIN
FA 70287C,15,MAIN
FA 70290C,4,MAIN
FA 70291C,15,MAIN
FA 70294C,11,MAIN
FA 70295C,0,MAIN
FA 70304C,1,MAIN
FA 70314C,0,MAIN
FA 70325C,0,MAIN
FA 70335,0,MAIN
FA 70400,0,MAIN
FA 70409,0,MAIN
FA 70422C,0,MAIN
FA 70423C,15,MAIN
FA 70424C,3,MAIN
FA 70425C,3,MAIN
FA 70441C,8,MAIN
FA 70456,0,MAIN
FA 70461,0,MAIN
FA 70463C,15,MAIN
FA 70474C,15,MAIN
FA 70481,0,MAIN
FA 70482,0,MAIN
FA 70492,0,MAIN
FA 70493C,15,MAIN
FA 70506C,0,MAIN
FA 70514,0,MAIN
FA 70528,0,MAIN
FA 70582,0,MAIN
FA 70589C,15,MAIN
FA 70595,0,MAIN
FA 70649,0,MAIN
FA 70707,0,MAIN
FA 70711,0,MAIN
FA 70774,0,MAIN
FA 70786C,15,MAIN
FA 70793C,15,MAIN
FA 70832C,0,MAIN
FA 70846,0,MAIN
FA 70852,0,MAIN
FA 70854C,15,MAIN
FA 70856C,15,MAIN
FA 70859C,12,MAIN
FA 70879,0,MAIN
FA 70905,0,MAIN
FA 70935C,14,MAIN
FA 70936C,9,MAIN
FA 70939C,15,MAIN
FA 70966,0,MAIN
FA 70966C,3,MAIN
FA 70967C,0,MAIN
FA 70980C,5,MAIN
FA 70981C,7,MAIN
FA 71757,0,MAIN
FA 71772C,15,MAIN
FA 71830,0,MAIN
FA 71840,0,MAIN
FA 71925C,0,MAIN
FA 72120,0,MAIN
FA 72120C,5,MAIN
FA 72124C,1,MAIN
FA 72130C,0,MAIN
FA 72131C,1,MAIN
FA 72137C,15,MAIN
FA 72280C,0,MAIN
FC 0001,0,MAIN
FC 3801,0,MAIN
FC 3803,0,MAIN
FC 3805,0,MAIN
FC 3807,0,MAIN
FC 3809,0,MAIN
FC 4000C,0,MAIN
FC 4001C,0,MAIN
FC 4002,0,MAIN
FH 0006U,15,MAIN
FH 0008U,15,MAIN
FH 0010U,15,MAIN
FH 3001,0,MAIN
FH 3002,0,MAIN
FI 1004C,15,MAIN
FI 1005C,15,MAIN
FI 1006C,15,MAIN
FI 1007C,15,MAIN
FI 1008C,15,MAIN
FI 1009C,0,MAIN
FI 1010C,15,MAIN
FI 1011C,0,MAIN
FI 1012C,15,MAIN
FI 1013C,15,MAIN
FI 1014C,15,MAIN
FI 1016C,15,MAIN
FI 1017C,15,MAIN
FI 1018C,15,MAIN
FI 1019C,15,MAIN
FI 1020C,15,MAIN
FI 1021AC,15,MAIN
FI 1022C,0,MAIN
FI 1023C,15,MAIN
FI 1024C,15,MAIN
FI 1026C,15,MAIN
FI 1027C,15,MAIN
FI 1028C,15,MAIN
FI 1029C,15,MAIN
FI 1030C,15,MAIN
FI 1032C,15,MAIN
FI 1033C,15,MAIN
FI 1035C,15,MAIN
FI 1036C,15,MAIN
FI 1037C,15,MAIN
FI 1038C,15,MAIN
FI 1039C,15,MAIN
FI 1040C,15,MAIN
FI 1041C,0,MAIN
FI 1042C,15,MAIN
FI 1044C,15,MAIN
FI 1045C,15,MAIN
FI 1046C,15,MAIN
FI 1047C,15,MAIN
FI 1050C,15,MAIN
FI 1051C,15,MAIN
FI 1052C,15,MAIN
FI 1053C,15,MAIN
FI 1054C,15,MAIN
FI 1055C,15,MAIN
FI 1056C,15,MAIN
FI 1058C,15,MAIN
FI 1059C,15,MAIN
FI 1060C,15,MAIN
FI 1061C,15,MAIN
FI 1062C,15,MAIN
FI 1063C,15,MAIN
FI 1064C,15,MAIN
FI 1065C,15,MAIN
FI 1066C,14,MAIN
FI 1067C,15,MAIN
FI 1068C,15,MAIN
FI 1069C,15,MAIN
FI 1071C,0,MAIN
FI 1072C,15,MAIN
FI 1073,0,MAIN
FI 1074C,15,MAIN
FI 1075C,15,MAIN
FI 1076C,15,MAIN
FI 1077C,15,MAIN
FI 1080C,15,MAIN
FI 1081C,15,MAIN
FI 1082,0,MAIN
FI 1083C,15,MAIN
FI 1084,0,MAIN
FI 1086C,15,MAIN
FI 1087C,15,MAIN
FI 1088C,15,MAIN
FI 1089C,15,MAIN
FI 1090C,15,MAIN
FI 1092C,15,MAIN
FI 1093C,15,MAIN
FI 1094C,15,MAIN
FI 1095C,15,MAIN
FI 1096C,15,MAIN
FI 1098C,15,MAIN
FI 1099C,15,MAIN
FI 1100C,15,MAIN
FI 1101C,15,MAIN
FI 1102C,7,MAIN
FI 1104C,15,MAIN
FI 1105C,15,MAIN
FI 1106,0,MAIN
FI 1107C,15,MAIN
FI 1108C,15,MAIN
FI 1109C,15,MAIN
FI 1111C,15,MAIN
FI 1112C,15,MAIN
FI 1113C,15,MAIN
FI 1114C,15,MAIN
FI 1115C,15,MAIN
FI 1116C,15,MAIN
FI 1117C,15,MAIN
FI 1118C,15,MAIN
FI 1119C,15,MAIN
FI 1120C,15,MAIN
FI 1121C,15,MAIN
FI 1122C,15,MAIN
FI 1123C,15,MAIN
FI 1124C,15,MAIN
FI 1126,0,MAIN
FI 1127,0,MAIN
FI 1129C,15,MAIN
FI 1130C,0,MAIN
FI 1131C,0,MAIN
FI 1134C,15,MAIN
FI 1135,0,MAIN
FI 1136C,15,MAIN
FI 1137C,15,MAIN
FI 1139C,15,MAIN
FI 1140,0,MAIN
FI 1141C,15,MAIN
FI 1142C,15,MAIN
FI 1143,0,MAIN
FI 1145,0,MAIN
FI 1146C,15,MAIN
FI 1147C,15,MAIN
FI 1148C,15,MAIN
FI 1149C,15,MAIN
FI 1150C,15,MAIN
FI 1151C,15,MAIN
FI 1152C,15,MAIN
FI 1154C,15,MAIN
FI 1155C,15,MAIN
FI 1157,0,MAIN
FI 1158C,15,MAIN
FI 1159C,15,MAIN
FI 1161C,15,MAIN
FI 1163,0,MAIN
FI 1164C,15,MAIN
FI 1165C,5,MAIN
FI 1166,0,MAIN
FI 1167C,15,MAIN
FI 1171C,15,MAIN
FI 1173C,15,MAIN
FI 1174C,15,MAIN
FI 1175C,12,MAIN
FI 1176C,15,MAIN
FI 1178C,15,MAIN
FI 1179,0,MAIN
FI 1180C,15,MAIN
FI 1181C,15,MAIN
FI 1182C,15,MAIN
FI 1183C,15,MAIN
FI 1184C,0,MAIN
FI 1185C,11,MAIN
FI 1186C,0,MAIN
FI 1187C,15,MAIN
FI 1188C,15,MAIN
FI 1189C,15,MAIN
FI 1190,0,MAIN
FI 1191C,15,MAIN
FI 1192C,15,MAIN
FI 1193C,15,MAIN
FI 1194C,15,MAIN
FI 1195C,15,MAIN
FI 1197C,15,MAIN
FI 1198C,15,MAIN
FI 1199C,15,MAIN
FI 1200C,15,MAIN
FI 1201C,15,MAIN
FI 1203C,15,MAIN
FI 1204C,15,MAIN
FI 1205C,15,MAIN
FI 1207C,15,MAIN
FI 1208C,15,MAIN
FI 1209C,15,MAIN
FI 1210,0,MAIN
FI 1211C,15,MAIN
FI 1212C,15,MAIN
FI 1213C,15,MAIN
FI 1215C,0,MAIN
FI 1216C,15,MAIN
FI 1217C,15,MAIN
FI 1219,0,MAIN
FI 1220C,15,MAIN
FI 1221C,15,MAIN
FI 1222,0,MAIN
FI 1223C,15,MAIN
FI 1224C,15,MAIN
FI 1225C,15,MAIN
FI 1228C,15,MAIN
FI 1231C,15,MAIN
FI 1232C,15,MAIN
FI 1234C,15,MAIN
FI 1235C,15,MAIN
FI 1236C,15,MAIN
FI 1238C,15,MAIN
FI 1239,0,MAIN
FI 1240C,15,MAIN
FI 1242C,15,MAIN
FI 1243C,15,MAIN
FI 1247C,15,MAIN
FI 1248C,15,MAIN
FI 1250C,15,MAIN
FI 1251C,15,MAIN
FI 1252C,15,MAIN
FI 1253C,15,MAIN
FI 1254C,15,MAIN
FI 1255C,15,MAIN
FI 1256C,0,MAIN
FI 1257C,15,MAIN
FI 1258C,15,MAIN
FI 1259C,15,MAIN
FI 1260C,15,MAIN
FI 1261C,15,MAIN
FI 1262C,15,MAIN
FI 1263C,15,MAIN
FI 1264C,15,MAIN
FI 1265C,15,MAIN
FI 1266C,15,MAIN
FI 1267C,8,MAIN
FI 1268C,15,MAIN
FI 1269C,15,MAIN
FI 1270C,15,MAIN
FI 1271C,15,MAIN
FI 1272C,15,MAIN
FI 1273C,15,MAIN
FI 1274C,15,MAIN
FI 1275C,15,MAIN
FI 1277C,15,MAIN
FI 1278C,15,MAIN
FI 1279C,15,MAIN
FI 1283C,15,MAIN
FI 1286C,15,MAIN
FI 1287C,15,MAIN
FI 1289C,15,MAIN
FI 1290C,15,MAIN
FI 1291C,15,MAIN
FI 1293C,15,MAIN
FI 1294C,15,MAIN
FI 1295C,15,MAIN
FI 1296C,15,MAIN
FI 1297C,15,MAIN
FI 1298C,2,MAIN
FI 1299,0,MAIN
FI 1300C,15,MAIN
FI 1301C,15,MAIN
FI 1302,0,MAIN
FI 1303C,15,MAIN
FI 1304C,15,MAIN
FI 1306C,15,MAIN
FI 1307C,15,MAIN
FI 1308C,15,MAIN
FI 1309C,15,MAIN
FI 1310,0,MAIN
FI 1311C,0,MAIN
FI 1312,0,MAIN
FI 1313C,0,MAIN
FI 1314C,10,MAIN
FI 1315,0,MAIN
FI 1317C,15,MAIN
FI 1318,0,MAIN
FI 1319C,15,MAIN
FI 1320C,15,MAIN
FI 1321C,15,MAIN
FI 1322C,15,MAIN
FI 1323,1,MAIN
FI 1324C,0,MAIN
FI 1325C,15,MAIN
FI 1326C,15,MAIN
FI 1328C,15,MAIN
FI 1330C,15,MAIN
FI 1331C,15,MAIN
FI 1332C,15,MAIN
FI 1333C,15,MAIN
FI 1334C,15,MAIN
FI 1335C,0,MAIN
FI 1336C,15,MAIN
FI 1337C,15,MAIN
FI 1338C,15,MAIN
FI 1339C,15,MAIN
FI 1340C,0,MAIN
FI 1341,7,MAIN
FI 1342C,15,MAIN
FI 1343C,0,MAIN
FI 1344,6,MAIN
FI 1345,0,MAIN
FI 1346C,15,MAIN
FI 1347C,15,MAIN
FI 1349C,14,MAIN
FI 1350C,10,MAIN
FI 1353C,15,MAIN
FI 1354C,15,MAIN
FI 1355C,15,MAIN
FI 1356C,15,MAIN
FI 1359C,15,MAIN
FI 1360C,15,MAIN
FI 1361C,15,MAIN
FI 1362C,15,MAIN
FI 1363,0,MAIN
FI 1366C,0,MAIN
FI 1368C,15,MAIN
FI 1370C,0,MAIN
FI 1371C,15,MAIN
FI 1374C,15,MAIN
FI 1376C,15,MAIN
FI 1377C,15,MAIN
FI 1378C,15,MAIN
FI 1380C,15,MAIN
FI 1381C,15,MAIN
FI 1382C,2,MAIN
FI 1383C,4,MAIN
FI 1384C,15,MAIN
FI 1386,0,MAIN
FI 1387,0,MAIN
FI 1388,0,MAIN
FI 1389,0,MAIN
FI 1391C,15,MAIN
FI 1393C,15,MAIN
FI 1394C,15,MAIN
FI 1395,0,MAIN
FI 1396C,0,MAIN
FI 1397,0,MAIN
FI 1398C,15,MAIN
FI 1399C,15,MAIN
FI 1400C,15,MAIN
FI 1401C,0,MAIN
FI 1402C,15,MAIN
FI 1403C,15,MAIN
FI 1404C,15,MAIN
FI 1405C,15,MAIN
FI 1406C,15,MAIN
FI 1407C,0,MAIN
FI 1408C,5,MAIN
FI 1409C,0,MAIN
FI 1410C,15,MAIN
FI 1411C,0,MAIN
FI 1412C,15,MAIN
FI 1413C,15,MAIN
FI 1419C,0,MAIN
FI 1420C,0,MAIN
FI 1422C,0,MAIN
FI 1437C,0,MAIN
FI 1438C,0,MAIN
FI 1439,5,MAIN
FI 1440,0,MAIN
FI 1444,3,MAIN
FI 1446,8,MAIN
FI 1447,1,MAIN
FI 1461,0,MAIN
FI 1462,0,MAIN
FI 1465,0,MAIN
FM 10000,9,MAIN
FT 0001C,15,MAIN
FT 0002C,15,MAIN
FT 0003C,15,MAIN
FT 0004C,15,MAIN
FT 0005C,15,MAIN
FT 0007C,0,MAIN
FT 0009C,0,MAIN
FT 0016,0,MAIN
FT 0024,11,MAIN
FT 0025,0,MAIN
FT 0030,0,MAIN
FT 0039,0,MAIN
FT 0045C,15,MAIN
FT 0046C,15,MAIN
FT 0047C,15,MAIN
FT 0048C,15,MAIN
FT 0049,0,MAIN
FT 0050,0,MAIN
FT 0051C,15,MAIN
FT 0052C,15,MAIN
FT 0053C,15,MAIN
FT 0054C,15,MAIN
FT 0055C,0,MAIN
FT 0056C,15,MAIN
FT 0057C,15,MAIN
FT 0058C,15,MAIN
FT 0059C,0,MAIN
FT 0060,0,MAIN
FT 0061C,0,MAIN
FT 0062C,15,MAIN
FT 0063,0,MAIN
FT 0064C,0,MAIN
FT 0065C,0,MAIN
FT 0066,0,MAIN
FT 0067,0,MAIN
FT 0068,0,MAIN
FT 0069,0,MAIN
FT 0070,0,MAIN
FT 0072C,0,MAIN
FT 0074C,15,MAIN
FT 0074RB,0,MAIN
FT 0075C,15,MAIN
FT 0075RB,0,MAIN
FT 0076C,15,MAIN
FT 0076RB,0,MAIN
FT 0077C,15,MAIN
FT 0077RB,0,MAIN
FT 0078C,15,MAIN
FT 0079C,15,MAIN
FT 0079RB,0,MAIN
FT 0080C,15,MAIN
FT 0080RB,0,MAIN
FT 0081C,15,MAIN
FT 0081RBC,15,MAIN
FT 0082C,15,MAIN
FT 0082RB,0,MAIN
FT 0083C,15,MAIN
FT 0083RB,0,MAIN
FT 0084C,15,MAIN
FT 0084RB,0,MAIN
FT 0085C,15,MAIN
FT 0085RB,0,MAIN
FT 0086C,15,MAIN
FT 0086RB,0,MAIN
FT 0087C,15,MAIN
FT 0087RB,0,MAIN
FT 0088C,15,MAIN
FT 0089C,15,MAIN
FT 0089RB,0,MAIN
FT 0090C,15,MAIN
FT 0090RB,0,MAIN
FT 0090SBC,15,MAIN
FT 0091C,15,MAIN
FT 0091RB,0,MAIN
FT 0092C,15,MAIN
FT 0092RB,0,MAIN
FT 0092SBC,15,MAIN
FT 0093C,15,MAIN
FT 0094C,15,MAIN
FT 0094SB,0,MAIN
FT 0095C,15,MAIN
FT 0096C,15,MAIN
FT 0097,0,MAIN
FT 0097SB,0,MAIN
FT 0098C,15,MAIN
FT 0098RB,0,MAIN
FT 0098SBC,15,MAIN
FT 0099C,15,MAIN
FT 0099RB,0,MAIN
FT 0100C,15,MAIN
FT 0100RB,0,MAIN
FT 0100SBC,15,MAIN
FT 0101C,15,MAIN
FT 0102C,15,MAIN
FT 0103C,15,MAIN
FT 0104C,15,MAIN
FT 0105C,15,MAIN
FT 0106C,0,MAIN
FT 0107C,0,MAIN
FT 0108C,0,MAIN
FT 0109C,0,MAIN
FT 0110C,0,MAIN
FT 0111C,15,MAIN
FT 0112,0,MAIN
FT 0113,0,MAIN
FT 0114,0,MAIN
FT 0115,0,MAIN
FT 0117,0,MAIN
FT 0118,0,MAIN
FT 0119,0,MAIN
FT 0120C,15,MAIN
FT 0121C,15,MAIN
FT 0122C,15,MAIN
FT 0123C,15,MAIN
FT 0124C,15,MAIN
FT 0135SB,0,MAIN
FT 0158,0,MAIN
FT 0161,0,MAIN
FT 0162,0,MAIN
FT 0168C,15,MAIN
FT 0169C,15,MAIN
FT 0172,0,MAIN
FT 0173,0,MAIN
FT 0174,0,MAIN
FT 0175,0,MAIN
FT 0176,0,MAIN
FT 0177,0,MAIN
FT 0178,0,MAIN
FT 0184,0,MAIN
FT 0185,0,MAIN
FT 0187,0,MAIN
FT 0188,0,MAIN
FT 0189,0,MAIN
FT 0192,0,MAIN
FT 0193,0,MAIN
FT 0194,0,MAIN
FT 0195,0,MAIN
FT 0196,0,MAIN
FT 0197,0,MAIN
FT 0198,0,MAIN
FT 0201,0,MAIN
FT 0202,0,MAIN
FT 0205C,15,MAIN
FT 0206C,15,MAIN
FT 0207,0,MAIN
FT 0209,0,MAIN
FT 0211,0,MAIN
FT 0212,0,MAIN
FT 0215,0,MAIN
FT 0216,0,MAIN
FT 0225C,0,MAIN
FT 0225SB,0,MAIN
FT 0226C,0,MAIN
FT 0235C,0,MAIN
FT 0236,0,MAIN
FT 0237,0,MAIN
FT 0238,0,MAIN
FT 0239,0,MAIN
FT 0240,0,MAIN
FT 0241,0,MAIN
FT 0242,0,MAIN
FT 0243,0,MAIN
FT 0244,0,MAIN
FT 0245,0,MAIN
FT 0246,0,MAIN
FT 0247,0,MAIN
FT 0248,0,MAIN
FT 0249,0,MAIN
FT 0250,0,MAIN
FT 0251,0,MAIN
FT 0252,0,MAIN
FT 0253,0,MAIN
FT 0254,0,MAIN
FT 0255,0,MAIN
FT 0256,0,MAIN
FT 0257,0,MAIN
FT 0258,0,MAIN
FT 0259,0,MAIN
FT 0260,0,MAIN
FT 0261,0,MAIN
FT 0262,0,MAIN
FT 0263,0,MAIN
FT 0264,0,MAIN
FT 0265,0,MAIN
FT 0266,0,MAIN
FT 0267,0,MAIN
FT 0268,0,MAIN
FT 0269,0,MAIN
FT 0270,0,MAIN
FT 0271,0,MAIN
FT 0272,0,MAIN
FT 0273,0,MAIN
FT 0274,0,MAIN
FT 0275,0,MAIN
FT 0276,0,MAIN
FT 0277,0,MAIN
FT 0278,0,MAIN
FT 0279,0,MAIN
FT 0280,0,MAIN
FT 0281,0,MAIN
FT 0282,0,MAIN
FT 0283,0,MAIN
FT 0284,0,MAIN
FT 0285,0,MAIN
FT 0286,0,MAIN
FT 0287,0,MAIN
FT 0288,0,MAIN
FT 0289,0,MAIN
FT 0290,0,MAIN
FT 0291,0,MAIN
FT 0292,0,MAIN
FT 0293,0,MAIN
FT 0294,0,MAIN
FT 0295,0,MAIN
FT 0296,0,MAIN
FT 0297,0,MAIN
FT 0298,0,MAIN
FT 0299,0,MAIN
FT 0300,0,MAIN
FT 0301,0,MAIN
FT 0302,0,MAIN
FT 0303-Y,0,MAIN
FT 0402-Y,0,MAIN
FT 0471C,15,MAIN
FT 0472C,7,MAIN
FT 0501,0,MAIN
FT 0502,0,MAIN
FT 0503,0,MAIN
FT 0504,0,MAIN
FT 0505,0,MAIN
FT 0506,0,MAIN
FT 0507,0,MAIN
FT 0508,0,MAIN
FT 0509,0,MAIN
FT 0510,0,MAIN
FT 0511,0,MAIN
FT 0512,0,MAIN
FT 0513,0,MAIN
FT 0514,0,MAIN
FT 0515,0,MAIN
FT 0516,0,MAIN
FT 0517,0,MAIN
FT 0518,0,MAIN
FT 0519,0,MAIN
FT 0520,0,MAIN
FT 0521,0,MAIN
FT 0522,0,MAIN
FT 0523,0,MAIN
FT 0524,0,MAIN
FT 0527,0,MAIN
FT 0528,0,MAIN
FT 0537,0,MAIN
FT 0538,0,MAIN
FT 0539,0,MAIN
FT 0541,0,MAIN
FT 0542,0,MAIN
FT 0543,0,MAIN
FT 05439Q,0,MAIN
FT 0544,0,MAIN
FT 05440,0,MAIN
FT 05440Q,15,MAIN
FT 05440S,3,MAIN
FT 05441,0,MAIN
FT 05442Q,15,MAIN
FT 05444,0,MAIN
FT 05444Q,0,MAIN
FT 05446,0,MAIN
FT 05446Q,0,MAIN
FT 05447,0,MAIN
FT 05448,0,MAIN
FT 0545,0,MAIN
FT 05450Y,0,MAIN
FT 05451Y,0,MAIN
FT 0546,0,MAIN
FT 0547,0,MAIN
FT 0548,0,MAIN
FT 0549,0,MAIN
FT 0550,0,MAIN
FT 0551,0,MAIN
FT 0552,0,MAIN
FT 0553C,15,MAIN
FT 0554C,15,MAIN
FT 0555C,15,MAIN
FT 0556C,0,MAIN
FT 0557C,15,MAIN
FT 0558C,15,MAIN
FT 0559C,15,MAIN
FT 0561,0,MAIN
FT 0562,0,MAIN
FT 0563,0,MAIN
FT 0564,0,MAIN
FT 0565,0,MAIN
FT 0566,0,MAIN
FT 0567,0,MAIN
FT 0568,0,MAIN
FT 0569,0,MAIN
FT 0603C,0,MAIN
FT 0604,0,MAIN
FT 0610C,0,MAIN
FT 0611C,0,MAIN
FT 0613,0,MAIN
FT 0614,0,MAIN
FT 0615,0,MAIN
FT 0616,0,MAIN
FT 0617,0,MAIN
FT 0618,0,MAIN
FT 0620,0,MAIN
FT 0623,0,MAIN
FT 0624,0,MAIN
FT 0626C,0,MAIN
FT 0627C,0,MAIN
FT 0631C,0,MAIN
FT 0634C,15,MAIN
FT 0635C,15,MAIN
FT 0636-1,0,MAIN
FT 0636C,15,MAIN
FT 0641,0,MAIN
FT 0642,0,MAIN
FT 0643,0,MAIN
FT 0644,0,MAIN
FT 0645,0,MAIN
FT 0646,0,MAIN
FT 0647,0,MAIN
FT 0648,0,MAIN
FT 0650C,0,MAIN
FT 0651,0,MAIN
FT 0652,0,MAIN
FT 0653,0,MAIN
FT 0654,0,MAIN
FT 0655,0,MAIN
FT 0656,0,MAIN
FT 0657,0,MAIN
FT 0701,0,MAIN
FT 0702,0,MAIN
FT 0703,0,MAIN
FT 0705,0,MAIN
FT 0706,0,MAIN
FT 0707,0,MAIN
FT 0708,0,MAIN
FT 0710,0,MAIN
FT 0711,0,MAIN
FT 0712,0,MAIN
FT 0713,0,MAIN
FT 0729,0,MAIN
FT 0730,0,MAIN
FT 0743,0,MAIN
FT 0763,0,MAIN
FT 0820C,15,MAIN
FT 0820KTC,15,MAIN
FT 0821C,15,MAIN
FT 0824C,0,MAIN
FT 0827KTC,15,MAIN
FT 0853C,15,MAIN
FT 0854-3M,0,MAIN
FT 0854C,15,MAIN
FT 0855C,15,MAIN
FT 0856C,15,MAIN
FT 0857KTC,15,MAIN
FT 0900C,0,MAIN
FT 0902C,0,MAIN
FT 0903C,0,MAIN
FT 0905C,0,MAIN
FT 0906C,15,MAIN
FT 0907C,15,MAIN
FT 0908,0,MAIN
FT 0920,0,MAIN
FT 0926SB,0,MAIN
FT 0927,0,MAIN
FT 0931C,15,MAIN
FT 0932C,15,MAIN
FT 0934,0,MAIN
FT 0953C,15,MAIN
FT 0958,0,MAIN
FT 1101C,15,MAIN
FT 1102C,15,MAIN
FT 1103C,15,MAIN
FT 1104C,0,MAIN
FT 1105,0,MAIN
FT 1106C,15,MAIN
FT 1111C,15,MAIN
FT 1112C,15,MAIN
FT 1113C,15,MAIN
FT 1114C,0,MAIN
FT 1115,0,MAIN
FT 1117,0,MAIN
FT 1121C,15,MAIN
FT 1122C,15,MAIN
FT 1123C,15,MAIN
FT 1124,0,MAIN
FT 1125,0,MAIN
FT 1126C,15,MAIN
FT 1201C,15,MAIN
FT 1202C,15,MAIN
FT 1203C,15,MAIN
FT 1204C,0,MAIN
FT 1211C,0,MAIN
FT 1212C,0,MAIN
FT 1213C,0,MAIN
FT 1221C,15,MAIN
FT 1222C,0,MAIN
FT 1223C,0,MAIN
FT 1224C,0,MAIN
FT 1301-3SBC,15,MAIN
FT 1301-3SRB,10,MAIN
FT 1301C,15,MAIN
FT 1301RB,0,MAIN
FT 1301SBC,15,MAIN
FT 1301SRBC,15,MAIN
FT 1302-3SBC,15,MAIN
FT 1302-3SRB,15,MAIN
FT 1302C,15,MAIN
FT 1302RB,0,MAIN
FT 1302SBC,15,MAIN
FT 1302SRB,15,MAIN
FT 1303-3SBC,15,MAIN
FT 1303-3SRB,6,MAIN
FT 1303C,15,MAIN
FT 1303RB,0,MAIN
FT 1303SBC,15,MAIN
FT 1303SRB,15,MAIN
FT 1304-3SB,0,MAIN
FT 1304C,15,MAIN
FT 1304RB,0,MAIN
FT 1304SBC,15,MAIN
FT 1304SRB,15,MAIN
FT 1305C,15,MAIN
FT 1306C,15,MAIN
FT 1306SBC,0,MAIN
FT 1307-3SB,0,MAIN
FT 1307-3SRB,15,MAIN
FT 1307RB,0,MAIN
FT 1307SBC,15,MAIN
FT 1307SRBC,15,MAIN
FT 1310C,15,MAIN
FT 1310SB,2,MAIN
FT 1311-3SB,0,MAIN
FT 1311-3SRBC,15,MAIN
FT 1311C,15,MAIN
FT 1311SBC,15,MAIN
FT 1312-3SB,0,MAIN
FT 1312-3SRB,0,MAIN
FT 1312C,15,MAIN
FT 1312SBC,15,MAIN
FT 1312SRB,7,MAIN
FT 1313-3SB,0,MAIN
FT 1313-3SRB,0,MAIN
FT 1313C,15,MAIN
FT 1313SBC,15,MAIN
FT 1313SRB,11,MAIN
FT 1314C,15,MAIN
FT 1314SB,12,MAIN
FT 1314SRB,15,MAIN
FT 1315C,0,MAIN
FT 1316,0,MAIN
FT 1317-3SB,0,MAIN
FT 1317C,15,MAIN
FT 1317RBC,15,MAIN
FT 1317SB,3,MAIN
FT 1317SRBC,15,MAIN
FT 1318SB,0,MAIN
FT 1321-3SBC,15,MAIN
FT 1321-3SRB,15,MAIN
FT 1321C,15,MAIN
FT 1321SBC,15,MAIN
FT 1321SD,0,MAIN
FT 1321SRBC,15,MAIN
FT 1322-1,3,MAIN
FT 1322-3SBC,15,MAIN
FT 1322-3SRB,1,MAIN
FT 1322C,15,MAIN
FT 1322SBC,15,MAIN
FT 1322SB-SDC,15,MAIN
FT 1322SD-3SBL,0,MAIN
FT 1322SRBC,15,MAIN
FT 1323-3SBC,15,MAIN
FT 1323-3SRBC,15,MAIN
FT 1323C,15,MAIN
FT 1323SBC,15,MAIN
FT 1323SB-SDC,15,MAIN
FT 1323SRB,15,MAIN
FT 1324-3SRB,0,MAIN
FT 1324C,15,MAIN
FT 1324SBC,15,MAIN
FT 1324SRB,15,MAIN
FT 1325C,15,MAIN
FT 1325SB,0,MAIN
FT 1326-1,0,MAIN
FT 1326C,15,MAIN
FT 1326SBC,15,MAIN
FT 1327-3SBC,0,MAIN
FT 1327-3SRB,15,MAIN
FT 1327SBC,15,MAIN
FT 1327SRBC,15,MAIN
FT 1328SBC,0,MAIN
FT 1330C,15,MAIN
FT 1330SB,0,MAIN
FT 1345SBC,0,MAIN
FT 1401C,15,MAIN
FT 1401SRBC,15,MAIN
FT 1402C,15,MAIN
FT 1402SBC,15,MAIN
FT 1402SRB,15,MAIN
FT 1403C,15,MAIN
FT 1403SRBC,0,MAIN
FT 1404C,15,MAIN
FT 1404SRB,15,MAIN
FT 1405,0,MAIN
FT 1407,0,MAIN
FT 1407RB,0,MAIN
FT 1407SB,0,MAIN
FT 1407SRB,15,MAIN
FT 1408,0,MAIN
FT 1410SB,0,MAIN
FT 1411C,15,MAIN
FT 1412C,15,MAIN
FT 1412SB,0,MAIN
FT 1413C,15,MAIN
FT 1413SB,2,MAIN
FT 1414C,15,MAIN
FT 1415,0,MAIN
FT 1416,0,MAIN
FT 1418,0,MAIN
FT 1421C,15,MAIN
FT 1421SRBC,15,MAIN
FT 1422C,15,MAIN
FT 1422SRB,15,MAIN
FT 1423C,15,MAIN
FT 1423SRBC,0,MAIN
FT 1424C,15,MAIN
FT 1424SRB,0,MAIN
FT 1425C,15,MAIN
FT 1425SRB,0,MAIN
FT 1427C,0,MAIN
FT 1427RB,0,MAIN
FT 1427SRB,15,MAIN
FT 1428,15,MAIN
FT 1430SB,0,MAIN
FT 1451C,15,MAIN
FT 1452C,15,MAIN
FT 1453C,15,MAIN
FT 1454C,15,MAIN
FT 1455C,15,MAIN
FT 1456C,0,MAIN
FT 1459,0,MAIN
FT 1501C,15,MAIN
FT 1502C,15,MAIN
FT 1503C,15,MAIN
FT 1504C,15,MAIN
FT 1505C,0,MAIN
FT 15069,0,MAIN
FT 1506C,0,MAIN
FT 15070,0,MAIN
FT 15071,0,MAIN
FT 15072,0,MAIN
FT 15073,0,MAIN
FT 15074,0,MAIN
FT 15075C,15,MAIN
FT 15076C,15,MAIN
FT 15077C,15,MAIN
FT 15078C,15,MAIN
FT 15079,6,MAIN
FT 15080,0,MAIN
FT 15081,0,MAIN
FT 15082,0,MAIN
FT 15083,0,MAIN
FT 15084,0,MAIN
FT 15085,0,MAIN
FT 15086,0,MAIN
FT 15087,1,MAIN
FT 15088,0,MAIN
FT 15089-1000,0,MAIN
FT 15090,0,MAIN
FT 15091SBC,15,MAIN
FT 15092SBC,15,MAIN
FT 15093SR,0,MAIN
FT 15094SR,0,MAIN
FT 15095RB,0,MAIN
FT 15096SRBC,15,MAIN
FT 15097SRBC,15,MAIN
FT 15098SRB,0,MAIN
FT 15099SR,0,MAIN
FT 15100SRB,0,MAIN
FT 15101,0,MAIN
FT 15103,0,MAIN
FT 15104,0,MAIN
FT 15105,0,MAIN
FT 15106,0,MAIN
FT 15107,6,MAIN
FT 15108,0,MAIN
FT 15109,0,MAIN
FT 1510C,15,MAIN
FT 15111,1,MAIN
FT 15113,0,MAIN
FT 15114,5,MAIN
FT 15115,0,MAIN
FT 15116,0,MAIN
FT 15117,2,MAIN
FT 15118,0,MAIN
FT 15119,0,MAIN
FT 15120,2,MAIN
FT 15121,0,MAIN
FT 15122,0,MAIN
FT 15123EZ,0,MAIN
FT 15124,0,MAIN
FT 15125,8,MAIN
FT 15126,0,MAIN
FT 15130,15,MAIN
FT 15131,15,MAIN
FT 15132,15,MAIN
FT 15133,6,MAIN
FT 15134,15,MAIN
FT 15135,15,MAIN
FT 15136,15,MAIN
FT 15137,15,MAIN
FT 15138,15,MAIN
FT 15139,15,MAIN
FT 15140,15,MAIN
FT 15141,15,MAIN
FT 15142,15,MAIN
FT 15143,15,MAIN
FT 15144,15,MAIN
FT 15145,15,MAIN
FT 15146,15,MAIN
FT 15147,15,MAIN
FT 15148,15,MAIN
FT 15149,15,MAIN
FT 15150,15,MAIN
FT 15151,15,MAIN
FT 15152,15,MAIN
FT 15153,15,MAIN
FT 15154,15,MAIN
FT 15155,5,MAIN
FT 15156,13,MAIN
FT 15159,2,MAIN
FT 15160,2,MAIN
FT 15162,1,MAIN
FT 15165,11,MAIN
FT 15166,5,MAIN
FT 15167,3,MAIN
FT 15168,7,MAIN
FT 15169,2,MAIN
FT 15170,0,MAIN
FT 15171,3,MAIN
FT 15174,5,MAIN
FT 15176,8,MAIN
FT 15177,3,MAIN
FT 15179,4,MAIN
FT 15181,15,MAIN
FT 15182,0,MAIN
FT 15183,8,MAIN
FT 15184,5,MAIN
FT 15185,4,MAIN
FT 15186,4,MAIN
FT 15187,5,MAIN
FT 15188,5,MAIN
FT 15189,5,MAIN
FT 15190,6,MAIN
FT 15191,0,MAIN
FT 15192,3,MAIN
FT 15193,2,MAIN
FT 15194,4,MAIN
FT 15195,3,MAIN
FT 15196,3,MAIN
FT 15197,0,MAIN
FT 15198,0,MAIN
FT 15199,1,MAIN
FT 15201,2,MAIN
FT 15202,2,MAIN
FT 15203,1,MAIN
FT 15204,1,MAIN
FT 15205,1,MAIN
FT 15206,2,MAIN
FT 15209,2,MAIN
FT 15211,0,MAIN
FT 15212,3,MAIN
FT 15213,6,MAIN
FT 15216,4,MAIN
FT 15218,9,MAIN
FT 15219,0,MAIN
FT 1521C,15,MAIN
FT 15221,3,MAIN
FT 15223,4,MAIN
FT 15224,2,MAIN
FT 15225,1,MAIN
FT 15226,5,MAIN
FT 15227,1,MAIN
FT 15229,4,MAIN
FT 1522C,15,MAIN
FT 15231,0,MAIN
FT 15233,1,MAIN
FT 15234,3,MAIN
FT 15235,0,MAIN
FT 15237,2,MAIN
FT 15238,2,MAIN
FT 15239,4,MAIN
FT 1523C,15,MAIN
FT 15240,6,MAIN
FT 15241,15,MAIN
FT 15242,0,MAIN
FT 15243,0,MAIN
FT 15244,1,MAIN
FT 15245,0,MAIN
FT 15247,1,MAIN
FT 15248,0,MAIN
FT 15249,0,MAIN
FT 1524C,15,MAIN
FT 15250,3,MAIN
FT 15251,1,MAIN
FT 15252,1,MAIN
FT 15256,1,MAIN
FT 15257,0,MAIN
FT 15258,0,MAIN
FT 15259,0,MAIN
FT 15260,0,MAIN
FT 15261,0,MAIN
FT 15262,0,MAIN
FT 15263,0,MAIN
FT 15264,0,MAIN
FT 1526C,0,MAIN
FT 15301EZ,5,MAIN
FT 15302EZ,15,MAIN
FT 15303EZ,15,MAIN
FT 15304EZ,15,MAIN
FT 15305EZ,15,MAIN
FT 15306EZ,10,MAIN
FT 15307EZ,5,MAIN
FT 15308EZ,5,MAIN
FT 15309EZ,7,MAIN
FT 1531,0,MAIN
FT 15310EZ,7,MAIN
FT 15311EZ,5,MAIN
FT 15312EZ,5,MAIN
FT 15313EZ,5,MAIN
FT 15314EZ,5,MAIN
FT 15315EZ,8,MAIN
FT 15316EZ,5,MAIN
FT 15317EZ,5,MAIN
FT 15318EZ,5,MAIN
FT 15319EZ,15,MAIN
FT 1532,0,MAIN
FT 15320EZ,15,MAIN
FT 15321EZ,15,MAIN
FT 15322EZ,15,MAIN
FT 15323EZ,8,MAIN
FT 15324EZ,7,MAIN
FT 15325EZ,12,MAIN
FT 15326EZ,9,MAIN
FT 15327EZ,6,MAIN
FT 15328EZ,5,MAIN
FT 15329EZ,5,MAIN
FT 1533,0,MAIN
FT 15330EZ,15,MAIN
FT 15331EZ,15,MAIN
FT 15332EZ,14,MAIN
FT 15333EZ,8,MAIN
FT 15334EZ,5,MAIN
FT 15335EZ,7,MAIN
FT 15336EZ,5,MAIN
FT 15337EZ,5,MAIN
FT 15338EZ,5,MAIN
FT 15339EZ,6,MAIN
FT 15340EZ,7,MAIN
FT 15341EZ,5,MAIN
FT 15342EZ,6,MAIN
FT 15343EZ,8,MAIN
FT 15344EZ,5,MAIN
FT 15345EZ,5,MAIN
FT 15346EZ,5,MAIN
FT 15347EZ,7,MAIN
FT 15348EZ,5,MAIN
FT 15349EZ,5,MAIN
FT 15350EZ,11,MAIN
FT 15351EZ,5,MAIN
FT 15352EZ,5,MAIN
FT 15353EZ,15,MAIN
FT 15354EZ,15,MAIN
FT 15355EZ,15,MAIN
FT 15356EZ,5,MAIN
FT 15357EZ,15,MAIN
FT 15358EZ,5,MAIN
FT 15359EZ,5,MAIN
FT 1536,0,MAIN
FT 15360EZ,15,MAIN
FT 15361EZ,10,MAIN
FT 15362EZ,5,MAIN
FT 15363EZ,6,MAIN
FT 15364EZ,5,MAIN
FT 15365EZ,6,MAIN
FT 15366EZ,5,MAIN
FT 15367EZ,8,MAIN
FT 15368EZ,5,MAIN
FT 15369EZ,5,MAIN
FT 15370EZ,5,MAIN
FT 15371EZ,5,MAIN
FT 15372EZ,9,MAIN
FT 15373EZ,5,MAIN
FT 15374EZ,5,MAIN
FT 15375EZ,5,MAIN
FT 15376EZ,5,MAIN
FT 15377EZ,7,MAIN
FT 15378EZ,5,MAIN
FT 15379EZ,5,MAIN
FT 15380EZ,12,MAIN
FT 15381EZ,7,MAIN
FT 15382EZ,4,MAIN
FT 15383EZ,15,MAIN
FT 15385EZ,4,MAIN
FT 15386EZ,10,MAIN
FT 15387EZ,10,MAIN
FT 15388EZ,6,MAIN
FT 15389EZ,0,MAIN
FT 15390EZ,0,MAIN
FT 15391EZ,0,MAIN
FT 15392EZ,0,MAIN
FT 15393EZ,0,MAIN
FT 15394EZ,0,MAIN
FT 15395EZ,0,MAIN
FT 15396EZ,0,MAIN
FT 15397EZ,0,MAIN
FT 15398EZ,0,MAIN
FT 15399EZ,0,MAIN
FT 15400EZ,0,MAIN
FT 15401EZ,0,MAIN
FT 15402EZ,0,MAIN
FT 15403EZ,0,MAIN
FT 15404EZ,0,MAIN
FT 15405EZ,0,MAIN
FT 15406EZ,0,MAIN
FT 15407EZ,0,MAIN
FT 15408EZ,0,MAIN
FT 15409EZ,0,MAIN
FT 15410EZ,0,MAIN
FT 15411EZ,0,MAIN
FT 15412EZ,0,MAIN
FT 15413EZ,0,MAIN
FT 15414EZ,0,MAIN
FT 15415EZ,0,MAIN
FT 15416EZ,0,MAIN
FT 15417EZ,0,MAIN
FT 15418EZ,0,MAIN
FT 15419EZ,0,MAIN
FT 15420EZ,0,MAIN
FT 15421EZ,0,MAIN
FT 15422EZ,0,MAIN
FT 15423EZ,0,MAIN
FT 15424EZ,0,MAIN
FT 15425EZ,0,MAIN
FT 15426EZ,0,MAIN
FT 15427EZ,0,MAIN
FT 15428EZ,0,MAIN
FT 15429EZ,0,MAIN
FT 1543,0,MAIN
FT 15430EZ,0,MAIN
FT 15431EZ,0,MAIN
FT 15432EZ,0,MAIN
FT 15433EZ,0,MAIN
FT 15434EZ,0,MAIN
FT 15435EZ,0,MAIN
FT 15436EZ,0,MAIN
FT 15437EZ,0,MAIN
FT 15438EZ,0,MAIN
FT 15439EZ,0,MAIN
FT 15440EZ,0,MAIN
FT 15441EZ,0,MAIN
FT 15442EZ,0,MAIN
FT 15443EZ,0,MAIN
FT 15444EZ,0,MAIN
FT 15445EZ,0,MAIN
FT 15446EZ,0,MAIN
FT 15447EZ,0,MAIN
FT 15448EZ,0,MAIN
FT 15449EZ,0,MAIN
FT 15450EZ,0,MAIN
FT 15451EZ,0,MAIN
FT 15452EZ,0,MAIN
FT 15453EZ,0,MAIN
FT 15454EZ,0,MAIN
FT 15455EZ,0,MAIN
FT 15456EZ,0,MAIN
FT 15457EZ,0,MAIN
FT 15458EZ,0,MAIN
FT 15459EZ,0,MAIN
FT 15460EZ,0,MAIN
FT 15461EZ,0,MAIN
FT 15462EZ,0,MAIN
FT 15463EZ,0,MAIN
FT 15464EZ,0,MAIN
FT 15465EZ,0,MAIN
FT 15466EZ,0,MAIN
FT 15467EZ,0,MAIN
FT 15468EZ,0,MAIN
FT 15469EZ,0,MAIN
FT 15470EZ,0,MAIN
FT 15471EZ,0,MAIN
FT 15472EZ,0,MAIN
FT 15473EZ,0,MAIN
FT 15474EZ,0,MAIN
FT 15475EZ,0,MAIN
FT 15476EZ,0,MAIN
FT 15477EZ,0,MAIN
FT 15478EZ,0,MAIN
FT 15479EZ,0,MAIN
FT 15480EZ,0,MAIN
FT 15481EZ,0,MAIN
FT 15482EZ,0,MAIN
FT 15483EZ,0,MAIN
FT 15484EZ,0,MAIN
FT 15485EZ,0,MAIN
FT 15486EZ,0,MAIN
FT 15487EZ,0,MAIN
FT 15488EZ,0,MAIN
FT 15489EZ,0,MAIN
FT 15490EZ,0,MAIN
FT 15491EZ,0,MAIN
FT 15492EZ,0,MAIN
FT 15493EZ,0,MAIN
FT 15494EZ,0,MAIN
FT 15495EZ,0,MAIN
FT 15496EZ,0,MAIN
FT 15497EZ,0,MAIN
FT 15498EZ,0,MAIN
FT 15499EZ,0,MAIN
FT 15500EZ,0,MAIN
FT 15501EZ,0,MAIN
FT 15502EZ,0,MAIN
FT 15503EZ,0,MAIN
FT 15504EZ,0,MAIN
FT 15505EZ,0,MAIN
FT 15506EZ,0,MAIN
FT 15507EZ,0,MAIN
FT 15508EZ,0,MAIN
FT 15509EZ,0,MAIN
FT 15510EZ,0,MAIN
FT 15511EZ,0,MAIN
FT 15512EZ,0,MAIN
FT 15513EZ,0,MAIN
FT 15514EZ,0,MAIN
FT 15515EZ,0,MAIN
FT 15516EZ,0,MAIN
FT 15517EZ,0,MAIN
FT 15518EZ,0,MAIN
FT 15519EZ,0,MAIN
FT 1551C,0,MAIN
FT 15520EZ,0,MAIN
FT 15521EZ,0,MAIN
FT 15522EZ,0,MAIN
FT 15523EZ,0,MAIN
FT 15524EZ,0,MAIN
FT 15525EZ,0,MAIN
FT 15526EZ,0,MAIN
FT 15527EZ,0,MAIN
FT 15528EZ,0,MAIN
FT 15529EZ,0,MAIN
FT 15530EZ,0,MAIN
FT 15531EZ,0,MAIN
FT 15532EZ,0,MAIN
FT 15533EZ,0,MAIN
FT 15534EZ,0,MAIN
FT 15535EZ,0,MAIN
FT 15536EZ,0,MAIN
FT 15537EZ,0,MAIN
FT 15538EZ,0,MAIN
FT 15539EZ,0,MAIN
FT 1553C,0,MAIN
FT 1555,0,MAIN
FT 1562C,0,MAIN
FT 1563C,0,MAIN
FT 1564,0,MAIN
FT 1565C,0,MAIN
FT 1573,0,MAIN
FT 1574,0,MAIN
FT 1575C,0,MAIN
FT 1576,0,MAIN
FT 1580,0,MAIN
FT 1582,0,MAIN
FT 1583,0,MAIN
FT 1591C,15,MAIN
FT 1592C,15,MAIN
FT 1593C,15,MAIN
FT 1594C,15,MAIN
FT 1595C,15,MAIN
FT 1596C,15,MAIN
FT 1597C,15,MAIN
FT 1601C,15,MAIN
FT 1602C,15,MAIN
FT 1603C,15,MAIN
FT 1604C,15,MAIN
FT 1605C,0,MAIN
FT 1611C,15,MAIN
FT 1612C,15,MAIN
FT 1613C,15,MAIN
FT 1614C,15,MAIN
FT 1621C,15,MAIN
FT 1622C,15,MAIN
FT 1680,0,MAIN
FT 1681,0,MAIN
FT 1682,0,MAIN
FT 1701,0,MAIN
FT 1701SB,0,MAIN
FT 1702,0,MAIN
FT 1702SB,0,MAIN
FT 1703,0,MAIN
FT 1703SB,5,MAIN
FT 1721C,15,MAIN
FT 1721SB,0,MAIN
FT 1722C,15,MAIN
FT 1722SB,1,MAIN
FT 1723C,15,MAIN
FT 1723SB,0,MAIN
FT 1761,0,MAIN
FT 1763,0,MAIN
FT 1793,0,MAIN
FT 1795C,0,MAIN
FT 1796,0,MAIN
FT 1797C,0,MAIN
FT 1801C,15,MAIN
FT 1801RB,0,MAIN
FT 1801SBC,15,MAIN
FT 1801SRB,0,MAIN
FT 1802C,15,MAIN
FT 1802RB,0,MAIN
FT 1802SBC,15,MAIN
FT 1802SRB,0,MAIN
FT 1803C,0,MAIN
FT 1803RB,0,MAIN
FT 1803SBC,15,MAIN
FT 1803SRB,0,MAIN
FT 1804RB,0,MAIN
FT 1810,0,MAIN
FT 1811C,15,MAIN
FT 1811RB,0,MAIN
FT 1812C,15,MAIN
FT 1812RB,0,MAIN
FT 1813C,15,MAIN
FT 1813RB,0,MAIN
FT 1814C,15,MAIN
FT 1814SRB,0,MAIN
FT 1816,0,MAIN
FT 1821C,0,MAIN
FT 1821RB,3,MAIN
FT 1821SB,1,MAIN
FT 1822RB,0,MAIN
FT 1822SB,1,MAIN
FT 1823RB,0,MAIN
FT 1823SB,0,MAIN
FT 1824RB,0,MAIN
FT 1833,0,MAIN
FT 1854-3M,0,MAIN
FT 1895C,0,MAIN
FT 1897C,4,MAIN
FT 1899,0,MAIN
FT 1901,0,MAIN
FT 1908C,15,MAIN
FT 1925-A,0,MAIN
FT 1926,0,MAIN
FT 1929,0,MAIN
FT 1929SB,0,MAIN
FT 1931SB,0,MAIN
FT 1932C,15,MAIN
FT 1932SB,0,MAIN
FT 1933C,15,MAIN
FT 1933SBC,0,MAIN
FT 1934C,15,MAIN
FT 1941,0,MAIN
FT 1952BL,0,MAIN
FT 1954C,15,MAIN
FT 1955C,15,MAIN
FT 1956,0,MAIN
FT 1957,0,MAIN
FT 1961,0,MAIN
FT 1963,0,MAIN
FT 1965C,15,MAIN
FT 1965SC,0,MAIN
FT 1966C,15,MAIN
FT 1966SC,15,MAIN
FT 1967C,15,MAIN
FT 1968C,15,MAIN
FT 1969C,0,MAIN
FT 1972C,15,MAIN
FT 1978,0,MAIN
FT 2020,0,MAIN
FT 2021,0,MAIN
FT 2022,0,MAIN
FT 2023,0,MAIN
FT 2023-12,0,MAIN
FT 2024C,15,MAIN
FT 2025C,15,MAIN
FT 2026,0,MAIN
FT 2027,0,MAIN
FT 2031,3,MAIN
FT 2031C,0,MAIN
FT 2032C,0,MAIN
FT 2035,0,MAIN
FT 2036,0,MAIN
FT 2037C,15,MAIN
FT 2038C,15,MAIN
FT 2039,0,MAIN
FT 2040,0,MAIN
FT 2041,0,MAIN
FT 2042,0,MAIN
FT 2044,0,MAIN
FT 2102,0,MAIN
FT 2102-3SB,0,MAIN
FT 2103,0,MAIN
FT 2103-3SB,0,MAIN
FT 2112,0,MAIN
FT 2113,0,MAIN
FT 21133SB,0,MAIN
FT 2122-1,0,MAIN
FT 2123,0,MAIN
FT 2132-1SB,0,MAIN
FT 2132-3SB,0,MAIN
FT 2133-3SB,0,MAIN
FT 2134-1SB,0,MAIN
FT 2134-3SB,0,MAIN
FT 2142-1SB,0,MAIN
FT 2142-3SBC,15,MAIN
FT 2142SBC,0,MAIN
FT 2143-1SB,0,MAIN
FT 2143-3SBC,15,MAIN
FT 2143SB,1,MAIN
FT 2144-3SB,0,MAIN
FT 2210C,15,MAIN
FT 224-Y,0,MAIN
FT 226-Y,0,MAIN
FT 227-YC,0,MAIN
FT 228-YC,0,MAIN
FT 229-YC,0,MAIN
FT 230-YC,0,MAIN
FT 2310,0,MAIN
FT 2315,0,MAIN
FT 231-YC,0,MAIN
FT 2320,2,MAIN
FT 2325,2,MAIN
FT 232-YC,0,MAIN
FT 2606C,15,MAIN
FT 2608C,15,MAIN
FT 2609C,15,MAIN
FT 2610C,0,MAIN
FT 2656,0,MAIN
FT 2658C,0,MAIN
FT 2660C,0,MAIN
FT 2670C,0,MAIN
FT 2675,0,MAIN
FT 2676C,0,MAIN
FT 2677C,15,MAIN
FT 2678C,15,MAIN
FT 2680C,15,MAIN
FT 2681C,15,MAIN
FT 2682C,15,MAIN
FT 2683C,15,MAIN
FT 2684C,12,MAIN
FT 2685C,15,MAIN
FT 2686C,15,MAIN
FT 2687C,2,MAIN
FT 2690C,0,MAIN
FT 2694,0,MAIN
FT 2781,0,MAIN
FT 2782,0,MAIN
FT 2801C,15,MAIN
FT 2802C,9,MAIN
FT 2901SBC,15,MAIN
FT 2901SRB,0,MAIN
FT 2902SBC,15,MAIN
FT 2902SRB,0,MAIN
FT 2903SBC,15,MAIN
FT 2903SRB,0,MAIN
FT 2904SBC,15,MAIN
FT 2905SBC,15,MAIN
FT 2906SBC,15,MAIN
FT 2906SRB,0,MAIN
FT 2907SBC,15,MAIN
FT 2907SRB,0,MAIN
FT 2908SBC,0,MAIN
FT 2909SBC,15,MAIN
FT 2921SB,0,MAIN
FT 2922SB,0,MAIN
FT 2923SB,0,MAIN
FT 2924SB,0,MAIN
FT 2925SB,0,MAIN
FT 2926SBC,0,MAIN
FT 2927SB,0,MAIN
FT 2928SB,0,MAIN
FT 2929SB,0,MAIN
FT 3001SB,0,MAIN
FT 3003SB,0,MAIN
FT 3006,15,MAIN
FT 3006C,15,MAIN
FT 3006RBC,15,MAIN
FT 3008,15,MAIN
FT 3008C,15,MAIN
FT 3008RBC,15,MAIN
FT 3010,15,MAIN
FT 3010C,15,MAIN
FT 3010RBC,15,MAIN
FT 3011,0,MAIN
FT 3012,15,MAIN
FT 3012C,15,MAIN
FT 3012RBC,15,MAIN
FT 3013C,15,MAIN
FT 3021,0,MAIN
FT 3023C,15,MAIN
FT 3031,0,MAIN
FT 3033C,15,MAIN
FT 3073,0,MAIN
FT 3076,0,MAIN
FT 3077,0,MAIN
FT 3083,0,MAIN
FT 3111,0,MAIN
FT 3113C,15,MAIN
FT 3121,0,MAIN
FT 3123C,15,MAIN
FT 3131,0,MAIN
FT 3133C,15,MAIN
FT 3171,0,MAIN
FT 3173,0,MAIN
FT 3174,0,MAIN
FT 3211C,0,MAIN
FT 3211SB,0,MAIN
FT 3213C,15,MAIN
FT 3213RB,0,MAIN
FT 3221C,0,MAIN
FT 3223C,15,MAIN
FT 3223RB,0,MAIN
FT 3231C,0,MAIN
FT 3231SB,8,MAIN
FT 3233C,15,MAIN
FT 3233RB,0,MAIN
FT 3243C,15,MAIN
FT 3243RB,0,MAIN
FT 3244,0,MAIN
FT 3245C,15,MAIN
FT 3263,0,MAIN
FT 3271,0,MAIN
FT 4013SB,0,MAIN
FT 4033SB,0,MAIN
FT 4063,0,MAIN
FT 4073,0,MAIN
FT 4073SB,0,MAIN
FT 4101C,15,MAIN
FT 4102C,10,MAIN
FT 4103,0,MAIN
FT 4104C,15,MAIN
FT 4111C,0,MAIN
FT 4114,0,MAIN
FT 4115,0,MAIN
FT 4116,0,MAIN
FT 4117,0,MAIN
FT 4121C,0,MAIN
FT 4213SB,0,MAIN
FT 4227C,15,MAIN
FT 4229C,0,MAIN
FT 4231C,0,MAIN
FT 4232C,0,MAIN
FT 4233SBC,0,MAIN
FT 4273,0,MAIN
FT 4301C,15,MAIN
FT 4302C,15,MAIN
FT 4303C,15,MAIN
FT 4304C,15,MAIN
FT 4307C,15,MAIN
FT 4308C,15,MAIN
FT 4311C,0,MAIN
FT 4312C,15,MAIN
FT 4313C,15,MAIN
FT 4314C,10,MAIN
FT 4317C,15,MAIN
FT 4318C,15,MAIN
FT 4321C,15,MAIN
FT 4322C,15,MAIN
FT 4323C,15,MAIN
FT 4324C,15,MAIN
FT 4327C,15,MAIN
FT 4328C,15,MAIN
FT 4330,0,MAIN
FT 4331,0,MAIN
FT 4860,15,MAIN
FT 4861,0,MAIN
FT 4862,15,MAIN
FT 4863,15,MAIN
FT 4864,15,MAIN
FT 5002,0,MAIN
FT 5003,0,MAIN
FT 5012,0,MAIN
FT 5012KT,0,MAIN
FT 5020,0,MAIN
FT 5101C,15,MAIN
FT 5102C,15,MAIN
FT 5103C,0,MAIN
FT 5104C,15,MAIN
FT 5107,0,MAIN
FT 5108,0,MAIN
FT 5111,0,MAIN
FT 5113,0,MAIN
FT 5114,0,MAIN
FT 5117,0,MAIN
FT 5118,0,MAIN
FT 5121C,0,MAIN
FT 5122C,0,MAIN
FT 5123C,3,MAIN
FT 5124,0,MAIN
FT 5127,0,MAIN
FT 5546,0,MAIN
FT 5581,0,MAIN
FT 5586,0,MAIN
FT 5587,0,MAIN
FT 5588,0,MAIN
FT 5602-1,0,MAIN
FT 5603-1,0,MAIN
FT 5604-1,0,MAIN
FT 5622-1,0,MAIN
FT 5624-1,0,MAIN
FT 5625-1,0,MAIN
FT 5626-1,0,MAIN
FT 5627-1,0,MAIN
FT 5801C,15,MAIN
FT 5802C,15,MAIN
FT 5803C,15,MAIN
FT 5804C,15,MAIN
FT 5809,0,MAIN
FT 5810,0,MAIN
FT 6012,0,MAIN
FT 6013C,15,MAIN
FT 6013RB,0,MAIN
FT 6013SBC,15,MAIN
FT 6013SRB,0,MAIN
FT 6022,0,MAIN
FT 6023C,15,MAIN
FT 6023RB,0,MAIN
FT 6023SBC,15,MAIN
FT 6023SRB,15,MAIN
FT 6033C,15,MAIN
FT 6033RB,0,MAIN
FT 6033SBC,15,MAIN
FT 6033SRB,3,MAIN
FT 6043C,15,MAIN
FT 6043RB,0,MAIN
FT 6043SBC,0,MAIN
FT 6043SRB,15,MAIN
FT 6053,0,MAIN
FT 6054,0,MAIN
FT 6055,0,MAIN
FT 6056,0,MAIN
FT 6057C,15,MAIN
FT 6101-1SB,0,MAIN
FT 6101AC,15,MAIN
FT 6101ARB,0,MAIN
FT 6101C,15,MAIN
FT 6101SB,8,MAIN
FT 6101SRB,8,MAIN
FT 6102-1SB,15,MAIN
FT 6102C,15,MAIN
FT 6102RB,0,MAIN
FT 6102SBC,15,MAIN
FT 6102SRB,6,MAIN
FT 6103-1SB,5,MAIN
FT 6103C,15,MAIN
FT 6103RB,0,MAIN
FT 6103SBC,0,MAIN
FT 6103SRB,11,MAIN
FT 6104-1SB,0,MAIN
FT 6104-3,0,MAIN
FT 6104-3SB,0,MAIN
FT 6104C,15,MAIN
FT 6104RB,0,MAIN
FT 6104SBC,3,MAIN
FT 6105C,15,MAIN
FT 6105RB,0,MAIN
FT 6105SRB,15,MAIN
FT 6106C,15,MAIN
FT 6106RB,0,MAIN
FT 6106SB,3,MAIN
FT 6106SRBC,0,MAIN
FT 6107C,15,MAIN
FT 6107RB,0,MAIN
FT 6107SB,4,MAIN
FT 6107SRB,15,MAIN
FT 6121AC,0,MAIN
FT 6121C,15,MAIN
FT 6122C,15,MAIN
FT 6123,0,MAIN
FT 6124,0,MAIN
FT 6125,0,MAIN
FT 6126,0,MAIN
FT 6127,0,MAIN
FT 6131C,0,MAIN
FT 6132,0,MAIN
FT 6133,0,MAIN
FT 6134C,0,MAIN
FT 6141C,15,MAIN
FT 6201C,15,MAIN
FT 6201SB,0,MAIN
FT 6202C,15,MAIN
FT 6202SB,0,MAIN
FT 6203C,15,MAIN
FT 6203SB,0,MAIN
FT 6204C,0,MAIN
FT 6204SB,1,MAIN
FT 6210,0,MAIN
FT 6210SB,0,MAIN
FT 6225,0,MAIN
FT 6231,0,MAIN
FT 6232,0,MAIN
FT 6233C,5,MAIN
FT 6236,0,MAIN
FT 6240C,15,MAIN
FT 6242C,15,MAIN
FT 6243C,15,MAIN
FT 6244C,15,MAIN
FT 6246C,0,MAIN
FT 6247C,0,MAIN
FT 6272SB,0,MAIN
FT 6275,0,MAIN
FT 6282,0,MAIN
FT 6283,0,MAIN
FT 6284SB,0,MAIN
FT 6285SB,0,MAIN
FT 6294,0,MAIN
FT 6295,0,MAIN
FT 6296,0,MAIN
FT 6297,0,MAIN
FT 6299,0,MAIN
FT 6301C,0,MAIN
FT 6302C,15,MAIN
FT 6303C,15,MAIN
FT 6304,0,MAIN
FT 6332,0,MAIN
FT 6334,0,MAIN
FT 6351,0,MAIN
FT 6352,0,MAIN
FT 6354,0,MAIN
FT 6415SB,2,MAIN
FT 6417SB,3,MAIN
FT 6418SB,8,MAIN
FT 6419SB,0,MAIN
FT 6430C,0,MAIN
FT 6600C,0,MAIN
FT 6601RBC,15,MAIN
FT 6601SBC,15,MAIN
FT 6601SRBC,15,MAIN
FT 6602RBC,15,MAIN
FT 6602SBC,15,MAIN
FT 6602SRBC,15,MAIN
FT 6603RBC,15,MAIN
FT 6603SBC,15,MAIN
FT 6603SRBC,15,MAIN
FT 6604RBC,15,MAIN
FT 6604SBC,15,MAIN
FT 6604SRBC,15,MAIN
FT 6605RBC,15,MAIN
FT 6605SBC,15,MAIN
FT 6605SRB,0,MAIN
FT 6606C,15,MAIN
FT 6607C,15,MAIN
FT 6608C,15,MAIN
FT 6609C,15,MAIN
FT 6611C,15,MAIN
FT 6612C,15,MAIN
FT 6613C,0,MAIN
FT 6614C,0,MAIN
FT 6615C,3,MAIN
FT 6616C,0,MAIN
FT 7000C,15,MAIN
FT 7001C,15,MAIN
FT 7002C,15,MAIN
FT 7003C,15,MAIN
FT 7004C,15,MAIN
FT 7005C,15,MAIN
FT 7006C,15,MAIN
FT 7006SP,0,MAIN
FT 7007C,0,MAIN
FT 7008C,15,MAIN
FT 7009C,15,MAIN
FT 7010C,15,MAIN
FT 7011,0,MAIN
FT 7012,0,MAIN
FT 7014,0,MAIN
FT 7016,0,MAIN
FT 7017,0,MAIN
FT 7018,0,MAIN
FT 7019,0,MAIN
FT 7020,0,MAIN
FT 7023,0,MAIN
FT 7024,0,MAIN
FT 7026,0,MAIN
FT 7027,0,MAIN
FT 7028,0,MAIN
FT 7029,0,MAIN
FT 7030,0,MAIN
FT 7031,0,MAIN
FT 7032C,0,MAIN
FT 7033C,0,MAIN
FT 7034C,0,MAIN
FT 7040,0,MAIN
FT 7041,0,MAIN
FT 7042,0,MAIN
FT 7043,0,MAIN
FT 7048C,15,MAIN
FT 7049C,15,MAIN
FT 7050C,15,MAIN
FT 7051C,15,MAIN
FT 7104C,0,MAIN
FT 7112,0,MAIN
FT 7113,0,MAIN
FT 7114,0,MAIN
FT 7122,0,MAIN
FT 7123,0,MAIN
FT 7124,0,MAIN
FT 7302,0,MAIN
FT 7303,0,MAIN
FT 7304,0,MAIN
FT 7322,0,MAIN
FT 7323,0,MAIN
FT 7608AC,15,MAIN
FT 7608SRC,0,MAIN
FT 7609AC,15,MAIN
FT 7609SBC,15,MAIN
FT 7610SRC,15,MAIN
FT 7611SRC,15,MAIN
FT 7612SBC,15,MAIN
FT 7613SRC,15,MAIN
FT 7620SC,0,MAIN
FT 7622S,0,MAIN
FT 7623S,0,MAIN
FT 7624S,0,MAIN
FT 7625S,0,MAIN
FT 7626C,15,MAIN
FT 7627C,15,MAIN
FT 7628C,15,MAIN
FT 7629C,15,MAIN
FT 7630C,15,MAIN
FT 7631C,0,MAIN
FT 7633C,15,MAIN
FT 7635,0,MAIN
FT 7636,0,MAIN
FT 7638C,15,MAIN
FT 8008,0,MAIN
FT 8009,0,MAIN
FT 8010,0,MAIN
FT 8011,0,MAIN
FT 8014,0,MAIN
FT 8018,0,MAIN
FT 8019,0,MAIN
FT 8031,0,MAIN
FT 8032,0,MAIN
FT 8033,0,MAIN
FT 8037,0,MAIN
FT 8038,0,MAIN
FT 8039,0,MAIN
FT 8300C,0,MAIN
FT 8301C,15,MAIN
FT 8302C,15,MAIN
FT 8303C,0,MAIN
FT 8311C,15,MAIN
FT 8312C,15,MAIN
FT 8313C,0,MAIN
FT 8321C,15,MAIN
FT 8322C,15,MAIN
FT 8323C,15,MAIN
FT 8332,0,MAIN
FT 8333,0,MAIN
FT 8334,0,MAIN
FT 8336C,0,MAIN
FT 8338C,0,MAIN
FT 90033C,0,MAIN
FT 90034C,0,MAIN
FT 90035C,0,MAIN
FT 90036C,0,MAIN
FT 90037C,0,MAIN
FT 9004,0,MAIN
FT 9005,0,MAIN
FT 9006,0,MAIN
FT 9007,0,MAIN
FT 9008,0,MAIN
FT 9009,0,MAIN
FT 9010,0,MAIN
FT 9011,0,MAIN
FT 9012,0,MAIN
FT 9013,0,MAIN
FT 9014,0,MAIN
FT 9015,0,MAIN
FT 9016,0,MAIN
FT 9017,0,MAIN
FT 9018,0,MAIN
FT 9019,0,MAIN
FT 9020,0,MAIN
FT 9021,0,MAIN
FT 9022,0,MAIN
FT 9023,0,MAIN
FT 9024,0,MAIN
FT 9025,0,MAIN
FT 9026,0,MAIN
FT 9027,0,MAIN
FT 9028,0,MAIN
FT 9029,0,MAIN
FT 9030,0,MAIN
FT 9031,0,MAIN
FT 9032,0,MAIN
FT 9033,0,MAIN
FT 9034,0,MAIN
FT 9035,0,MAIN
FT 9036,0,MAIN
FT 9037,0,MAIN
FT 9038,0,MAIN
FT 9039,0,MAIN
FT 9040,0,MAIN
FT 9041,0,MAIN
FT 9042,0,MAIN
FT 9043,0,MAIN
FT 9044,0,MAIN
FT 9045,0,MAIN
FT 9046,0,MAIN
FT 9047,0,MAIN
FT 9048,0,MAIN
FT 9049,0,MAIN
FT 9050,0,MAIN
FT 9051,0,MAIN
FT 9052,0,MAIN
FT 9053,0,MAIN
FT 9054,0,MAIN
FT 9055,0,MAIN
FT 9056,0,MAIN
FT 9057,0,MAIN
FT 9058,0,MAIN
FT 9101SB,0,MAIN
FT 9102SBC,15,MAIN
FT 9103SB,4,MAIN
FT 9107SB,0,MAIN
FT 9114SB,0,MAIN
FT 9121SBC,0,MAIN
FT 9122SBC,1,MAIN
FT 9123SBC,0,MAIN
FT 9127SB,0,MAIN
FT 9301C,0,MAIN
FT 9302C,15,MAIN
FT 9303C,0,MAIN
FT 9304C,15,MAIN
FT 9304RBC,15,MAIN
FT 9305C,15,MAIN
FT 9306C,0,MAIN
FT 9306RBC,15,MAIN
FT 9307C,0,MAIN
FT 9308C,0,MAIN
FT 9310,0,MAIN
FT 9312,0,MAIN
FT 9313,0,MAIN
FT 9314C,0,MAIN
FT 9315,0,MAIN
FT 9316,0,MAIN
FT 9318C,0,MAIN
FT 9321,0,MAIN
FT 9322C,15,MAIN
FT 9323C,15,MAIN
FT 9324C,0,MAIN
FT 9325C,0,MAIN
FT 9325NC,0,MAIN
FT 9325SB,0,MAIN
FT 9326,0,MAIN
FT 9326NC,0,MAIN
FT 9327C,0,MAIN
FT 9328C,0,MAIN
FT 9476RB,0,MAIN
FT 9514C,15,MAIN
FT 9515,0,MAIN
FT 9516,0,MAIN
FT 9586RB,0,MAIN
FT 9587RB,0,MAIN
FT 9588RB,0,MAIN
FT 9589RB,0,MAIN
FT 9590RB,0,MAIN
FT 9591RB,0,MAIN
FT 9592RB,0,MAIN
FT 9593RB,0,MAIN
FT 9594RB,0,MAIN
FT 9595RB,0,MAIN
FT 9596RB,0,MAIN
FT 9597RB,0,MAIN
FT 9598RB,0,MAIN
FT 9599RB,0,MAIN
FT 9600RB,0,MAIN
FT 9881,0,MAIN
FT 9883A,0,MAIN
FT 9901C,15,MAIN
FT 9902C,15,MAIN
FT 9903C,15,MAIN
FT 9910C,15,MAIN
FT 9911C,15,MAIN
FT 9912C,0,MAIN
FT 9913C,0,MAIN
FT 9917,0,MAIN
FT 9918,0,MAIN
FT 9919,0,MAIN
FT 9920,0,MAIN
FT 9921,0,MAIN
FT 9922,0,MAIN
FT 9923,0,MAIN
FT 9924,0,MAIN
FT 9925,0,MAIN
FT 9926,0,MAIN
FT 9928,0,MAIN
FT 9929,0,MAIN
FT 9930,0,MAIN
FT 9931,0,MAIN
FT 9932,0,MAIN
FT 9933,0,MAIN
FT 9934,0,MAIN
FT 9935,0,MAIN
FT 9936,0,MAIN
FT 9937,0,MAIN
FT 9938,0,MAIN
FT 9939,0,MAIN
FT 9940,0,MAIN
FT 9941,0,MAIN
FT 9942,0,MAIN
FT 9943,0,MAIN
FT 9944,0,MAIN
FT 9945,0,MAIN
FT 9946,0,MAIN
FT 9947,0,MAIN
FT 9948,0,MAIN
FT 9949,0,MAIN
FT 9950,0,MAIN
FT 9951,0,MAIN
FT 9952,0,MAIN
FT 9953,0,MAIN
FT 9954,0,MAIN
FT 9955,0,MAIN
FT 9956,0,MAIN
FT 9957,0,MAIN
FT 9958,0,MAIN
FT 9959,0,MAIN
FT 9960,0,MAIN
FT 9961,0,MAIN
FT 9962,0,MAIN
FT 9963,0,MAIN
FT 9964,0,MAIN
FT 9966,0,MAIN
FT 9977,0,MAIN
FT 9978,0,MAIN
FT 9979,0,MAIN
FT 9994,0,MAIN
FT S13034,0,MAIN
FT S13038C,15,MAIN
FU 00001,0,MAIN
FV 0001,15,MAIN
FV 0001U,0,MAIN
FV 0003,0,MAIN
FV 0005,13,MAIN
FV 0005U,0,MAIN
FV 0006,0,MAIN
FV 0007,0,MAIN
FV 0008,0,MAIN
FV 0009,0,MAIN
FV 0010,0,MAIN
FV 0012,0,MAIN
GA 0594,0,MAIN
GA 0595,0,MAIN
GA 0596,0,MAIN
GA 0631C,15,MAIN
GA 0651-10,13,MAIN
GA 0651-10C,15,MAIN
GA 0652-10,15,MAIN
GA 0653,0,MAIN
GA 0654,0,MAIN
GA 0655,0,MAIN
GA 0657,0,MAIN
GA 0658,0,MAIN
GA 0663-10,15,MAIN
GA 0664-10C,15,MAIN
GA 0676C,15,MAIN
GA 0677,0,MAIN
GA 0680,0,MAIN
GA 0683,15,MAIN
GA 0692,0,MAIN
GA 0765,0,MAIN
GA 0768-10C,15,MAIN
GA 0769-10C,15,MAIN
GA 0800C,15,MAIN
GA 0801C,15,MAIN
GA 1006-KT,0,MAIN
GA 1100,0,MAIN
GA 1104-10,0,MAIN
GA 1104-20,15,MAIN
GA 1106,0,MAIN
GA 1106-20,0,MAIN
GA 1108-100,0,MAIN
GA 1108-10C,15,MAIN
GA 1110-10,0,MAIN
GA 1125-10,0,MAIN
GA 1125-KTC,15,MAIN
GA 1165,0,MAIN
GA 11798,0,MAIN
GA 1300-10,0,MAIN
GA 1301,0,MAIN
GA 1302,0,MAIN
GA 1310-10,0,MAIN
GA 1312NA-10,3,MAIN
GA 1314NA-10,0,MAIN
GA 1336NA-10,0,MAIN
GA 1410-10C,15,MAIN
GA 1419BNM,0,MAIN
GA 1419G,0,MAIN
GA 1442,0,MAIN
GA 1445GC,15,MAIN
GA 1446,0,MAIN
GA 1447,0,MAIN
GA 1448G,0,MAIN
GA 1450,0,MAIN
GA 1453,0,MAIN
GA 1524-10,15,MAIN
GA 1524-10C,15,MAIN
GA 1527,0,MAIN
GA 1528-10C,15,MAIN
GA 1528HNBR-10,0,MAIN
GA 1531-10C,15,MAIN
GA 1533-10,15,MAIN
GA 1534,0,MAIN
GA 1535C,0,MAIN
GA 1536C,0,MAIN
GA 1565-10C,15,MAIN
GA 1570-10,0,MAIN
GA 1572-10,0,MAIN
GA 1574-10,0,MAIN
GA 1576-10,0,MAIN
GA 1576-5,5,MAIN
GA 1590-10C,15,MAIN
GA 1592-10C,15,MAIN
GA 1594-10C,15,MAIN
GA 1596-10C,0,MAIN
GA 1600WS-10,0,MAIN
GA 1605-100,0,MAIN
GA 1605-10C,15,MAIN
GA 1616-100,0,MAIN
GA 1616-10C,15,MAIN
GA 1628-10,0,MAIN
GA 1633-10,0,MAIN
GA 1634-10,0,MAIN
GA 1653-10C,15,MAIN
GA 1654-10C,15,MAIN
GA 1655-10,0,MAIN
GA 1658-10,0,MAIN
GA 1658C,15,MAIN
GA 1659-10,0,MAIN
GA 1661-10C,15,MAIN
GA 1662-10,0,MAIN
GA 1907C,15,MAIN
GA 1908-10,0,MAIN
GA 1908-10C,15,MAIN
GA 1908-5C,15,MAIN
GA 1909-10C,15,MAIN
GA 1909-5,15,MAIN
GA 1909-5C,15,MAIN
GA 2000C,15,MAIN
GA 2001C,15,MAIN
GA 2002C,15,MAIN
GA 2003C,0,MAIN
GA 2006,0,MAIN
GA 2008-KT,0,MAIN
GA 2009-10,0,MAIN
GA 2116KT,0,MAIN
GA 2117KT,0,MAIN
GA 2118KTC,15,MAIN
GA 2165-10,0,MAIN
GA 2364KT,0,MAIN
GA 3010-KT,0,MAIN
GA 3106BN-10C,15,MAIN
GA 3106GC,15,MAIN
GA 3200-10,0,MAIN
GA 3200-100,0,MAIN
GA 3201-10,0,MAIN
GA 3202-10,0,MAIN
GA 3203-10,0,MAIN
GA 3204-10,0,MAIN
GA 3206-10,0,MAIN
GA 3207-10,0,MAIN
GA 3208-10,0,MAIN
GA 3209-10,0,MAIN
GA 3211-10,0,MAIN
GA 3212-10,0,MAIN
GA 4000,0,MAIN
GA 4001-10,6,MAIN
GA 40572,0,MAIN
GA 4155-10C,15,MAIN
GA 4156-10C,15,MAIN
GA 4180-10,0,MAIN
GA 4200-10C,15,MAIN
GA 42010-10,0,MAIN
GA 4220-10C,13,MAIN
GA 4280-10C,15,MAIN
GA 4290-10C,0,MAIN
GA 4300-10C,15,MAIN
GA 4300C,2,MAIN
GA 4381,0,MAIN
GA 4392-KT,0,MAIN
GA 4393G-KT,0,MAIN
GA 4394G-KT,0,MAIN
GA 4397-KT,0,MAIN
GA 4398G-KT,0,MAIN
GA 4400-KT,15,MAIN
GA 4401-KT,15,MAIN
GA 4402-1-KT,0,MAIN
GA 4402-2-KT,0,MAIN
GA 4402GKT-R134A,0,MAIN
GA 4402-KT,15,MAIN
GA 4403-1-KT,15,MAIN
GA 4403-KT,0,MAIN
GA 4403-KTC,15,MAIN
GA 4403-KTN,3,MAIN
GA 4405-KT,0,MAIN
GA 4406-1-KT,0,MAIN
GA 4406-KT,15,MAIN
GA 4407-KT,0,MAIN
GA 4408-KT,0,MAIN
GA 4411-KT,15,MAIN
GA 4412M-KT,15,MAIN
GA 4414-KT,0,MAIN
GA 4418-KT,0,MAIN
GA 4419-KT,15,MAIN
GA 4421-KT,0,MAIN
GA 4422-KT,0,MAIN
GA 4425-KT,0,MAIN
GA 4427-KT,15,MAIN
GA 4432-1-KT,0,MAIN
GA 4432-3-KT,0,MAIN
GA 4432-4-KT,0,MAIN
GA 4433-KT,10,MAIN
GA 4439G-KT,15,MAIN
GA 4439-KT,0,MAIN
GA 4440,0,MAIN
GA 4441-KT,0,MAIN
GA 4443-KT,15,MAIN
GA 4445-KT,0,MAIN
GA 4448-10C,0,MAIN
GA 4449-10C,0,MAIN
GA 4451-10,0,MAIN
GA 4453-10C,15,MAIN
GA 4459-KT,0,MAIN
GA 4462-KT,0,MAIN
GA 4463-1KT,0,MAIN
GA 4463-KT,0,MAIN
GA 4465G-KT,15,MAIN
GA 4465-KTC,15,MAIN
GA 4466-KT,0,MAIN
GA 4469-KT,0,MAIN
GA 4470-KT,0,MAIN
GA 4471-KT,0,MAIN
GA 4473-KT,5,MAIN
GA 4474-KT,15,MAIN
GA 4475G-KT,0,MAIN
GA 4475-KT,0,MAIN
GA 4478M-KT,15,MAIN
GA 4480M-KT,8,MAIN
GA 4482G-KT,0,MAIN
GA 4483G-KT,0,MAIN
GA 4484G-KT,0,MAIN
GA 4485G-KT,0,MAIN
GA 4487-KT,0,MAIN
GA 4494M-KT,0,MAIN
GA 4495-KT,0,MAIN
GA 4496G-KT,0,MAIN
GA 4497-KT,0,MAIN
GA 4498G-KT,0,MAIN
GA 4500-10C,15,MAIN
GA 4501-KT,0,MAIN
GA 4502,0,MAIN
GA 4502-10C,15,MAIN
GA 4502-2C,15,MAIN
GA 4502-5,10,MAIN
GA 4503-KTC,15,MAIN
GA 4504-KTC,15,MAIN
GA 4505-10C,15,MAIN
GA 4506-10C,15,MAIN
GA 4507-10C,15,MAIN
GA 4508-10C,15,MAIN
GA 4509-10C,15,MAIN
GA 4510-10C,15,MAIN
GA 4511-10C,15,MAIN
GA 4512,0,MAIN
GA 4512-10C,15,MAIN
GA 4514,0,MAIN
GA 4515KTC,0,MAIN
GA 4516KTC,15,MAIN
GA 4517-5C,15,MAIN
GA 4549-KT,0,MAIN
GA 4550MG-KT,0,MAIN
GA 4552G-KT,15,MAIN
GA 4553G-KT,0,MAIN
GA 4554G-KT,0,MAIN
GA 4557-KT,0,MAIN
GA 4558G-KT,0,MAIN
GA 4559-KT,0,MAIN
GA 4563G-KT,15,MAIN
GA 4564G-KT,0,MAIN
GA 4566G-KT,0,MAIN
GA 4567-KT,7,MAIN
GA 4596-KT,0,MAIN
GA 4597-KT,15,MAIN
GA 4652-KT,0,MAIN
GA 4673,0,MAIN
GA 4674KTC,0,MAIN
GA 4675KTC,0,MAIN
GA 4676KTC,0,MAIN
GA 4677KTC,10,MAIN
GA 4678KTC,10,MAIN
GA 5010-10C,0,MAIN
GA 5012,0,MAIN
GA 5019BC,15,MAIN
GA 5019C,15,MAIN
GA 5020BC,15,MAIN
GA 5021C,15,MAIN
GA 5022-5,7,MAIN
GA 5102C,14,MAIN
GA 5104,0,MAIN
GA 5110,0,MAIN
GA 5192,0,MAIN
GA 5600-KT,0,MAIN
GA 5601-KT,0,MAIN
GA 6008A,0,MAIN
GA 6340,0,MAIN
GA 6354,0,MAIN
GA 6358BNM,0,MAIN
GA 6361-KT,0,MAIN
GA 6362-KT,0,MAIN
GA 6364,0,MAIN
GA 6367,0,MAIN
GA 6368,0,MAIN
GA 6369,0,MAIN
GA 653-1-10,0,MAIN
GA 7000-5,0,MAIN
GA 7001-10,1,MAIN
GA 7002-10,0,MAIN
GA 7035KT,0,MAIN
GA 7040KT,0,MAIN
GA 7047-10C,15,MAIN
GA 7101-10C,15,MAIN
GA 7101C,0,MAIN
GA 7102C,0,MAIN
GA 7105-10,0,MAIN
GA 7106C,15,MAIN
GA 7108,0,MAIN
GA 7109,0,MAIN
GA 7110-KT,0,MAIN
GA 7146,0,MAIN
GA 7147,0,MAIN
GA 7148,0,MAIN
GA 7223-KTC,0,MAIN
GA 7224-10KT,15,MAIN
GA 7224-KT,15,MAIN
GA 7225-KTC,15,MAIN
GA 7269-KT,0,MAIN
GA 7271,0,MAIN
GA 7300,0,MAIN
GA 7303,0,MAIN
GA 7306,0,MAIN
GA 7307,0,MAIN
GA 7308,0,MAIN
GA 7309C,15,MAIN
GA 7311,0,MAIN
GA 7312,0,MAIN
GA 7313C,0,MAIN
GA 7314,0,MAIN
GA 7315-10C,0,MAIN
GA 7316,0,MAIN
GA 7317-10C,15,MAIN
GA 7318-10KTC,15,MAIN
GA 7320KTC,15,MAIN
GA 7321-10C,15,MAIN
GA 7322,0,MAIN
GA 7323KT,0,MAIN
GA 7325KT,0,MAIN
GA 7326KT,0,MAIN
GA 7327KT,0,MAIN
GA 7328-10C,0,MAIN
GA 7329-10,0,MAIN
GA 7331,0,MAIN
GA 7332,0,MAIN
GA 7333,0,MAIN
GA 7334-5,2,MAIN
GA 7335,0,MAIN
GA 7337,0,MAIN
GA 7338C,15,MAIN
GA 7339-5,3,MAIN
GA 7340-5,8,MAIN
GA 7341-5,3,MAIN
GA 7342C,15,MAIN
GA 7343,15,MAIN
GA 7344C,14,MAIN
GA 7345-5,3,MAIN
GA 7346-5C,15,MAIN
GA 7347,0,MAIN
GA 7348,0,MAIN
GA 7349-5C,15,MAIN
GA 7350-20C,15,MAIN
GA 7352-5,0,MAIN
GA 7352-5C,0,MAIN
GA 7353-5,0,MAIN
GA 7353-5C,0,MAIN
GA 7354-5C,0,MAIN
GA 7355-5C,0,MAIN
GA 7356-5C,0,MAIN
GA 7357-5,0,MAIN
GA 7357-5C,0,MAIN
GA 7358-5C,15,MAIN
GA 7359-5C,15,MAIN
GA 7360-5C,15,MAIN
GA 7361-5C,15,MAIN
GA 7362-5C,15,MAIN
GA 7363C,15,MAIN
GA 7364-10C,15,MAIN
GA 7365-5C,0,MAIN
GA 7366-5C,0,MAIN
GA 7367-5C,0,MAIN
GA 7368-10,0,MAIN
GA 7369-10,0,MAIN
GA 7370,0,MAIN
GA 7371,0,MAIN
GA 7374,0,MAIN
GA 7375,0,MAIN
GA 7376,0,MAIN
GA 7377,0,MAIN
GA 7378,0,MAIN
GA 7380,0,MAIN
GA 7381,0,MAIN
GA 7382,0,MAIN
GA 7383,0,MAIN
GA 7384,0,MAIN
GA 7385,0,MAIN
GA 7387-10,0,MAIN
GA 7388-10,0,MAIN
GA 7389-10,0,MAIN
GA 7390-10,0,MAIN
GA 7391-10C,0,MAIN
GA 7392-10,0,MAIN
GA 7394KT,0,MAIN
GA 7396KT,0,MAIN
GA 7397-10,0,MAIN
GA 7398-10C,0,MAIN
GA 7399-10,0,MAIN
GA 7400-10,0,MAIN
GA 7401,0,MAIN
GA 7402,0,MAIN
GA 7403,0,MAIN
GA 7404,0,MAIN
GA 7405,0,MAIN
GA 7406,0,MAIN
GA 7407-5,3,MAIN
GA 7408-5,0,MAIN
GA 7409-10,0,MAIN
GA 7410,0,MAIN
GA 7411,0,MAIN
GA 7412,0,MAIN
GA 7413,0,MAIN
GA 7414,0,MAIN
GA 7415,0,MAIN
GA 7416,0,MAIN
GA 7417,0,MAIN
GA 7418,0,MAIN
GA 7419,0,MAIN
GA 7420,0,MAIN
GA 7421,0,MAIN
GA 7422,0,MAIN
GA 7423,0,MAIN
GA 7424,0,MAIN
GA 7425,0,MAIN
GA 7426,0,MAIN
GA 7427,0,MAIN
GA 7428,0,MAIN
GA 7429,0,MAIN
GA 7430,0,MAIN
GA 7431,0,MAIN
GA 7433,0,MAIN
GA 7434C,0,MAIN
GA 7435-10C,15,MAIN
GA 7437C,0,MAIN
GA 7439-KTC,0,MAIN
GA 7441C,15,MAIN
GA 7443,1,MAIN
GA 7445KT,2,MAIN
GA 7446-10,0,MAIN
GA 7446-10C,0,MAIN
GA 7447-10,0,MAIN
GA 7447-10C,0,MAIN
GA 7449KT,0,MAIN
GA 7450KT,0,MAIN
GA 7451KT,0,MAIN
GA 7452KT,0,MAIN
GA 7496KTC,15,MAIN
GA 82010-10,7,MAIN
GA 9002,0,MAIN
GA 9003,0,MAIN
GA 9004,0,MAIN
GA 9510KT,0,MAIN
GA 9708-10C,15,MAIN
HA 10000,0,MAIN
HA 10001,0,MAIN
HA 10002,0,MAIN
HA 10003C,0,MAIN
HA 10004C,15,MAIN
HA 10005C,15,MAIN
HA 10006C,15,MAIN
HA 10017C,15,MAIN
HA 10018C,15,MAIN
HA 10019,0,MAIN
HA 10020C,15,MAIN
HA 10021C,15,MAIN
HA 10022C,15,MAIN
HA 10023,0,MAIN
HA 10024,0,MAIN
HA 10027,0,MAIN
HA 10028C,1,MAIN
HA 10029C,15,MAIN
HA 10030C,0,MAIN
HA 10031C,15,MAIN
HA 10034C,15,MAIN
HA 10036,0,MAIN
HA 10038C,15,MAIN
HA 10039C,15,MAIN
HA 10040C,15,MAIN
HA 10046,0,MAIN
HA 10049C,15,MAIN
HA 10051C,15,MAIN
HA 10057C,15,MAIN
HA 10058C,2,MAIN
HA 10059C,0,MAIN
HA 10063C,15,MAIN
HA 10064C,15,MAIN
HA 10066C,15,MAIN
HA 10068C,15,MAIN
HA 10071C,15,MAIN
HA 10092C,15,MAIN
HA 10093C,15,MAIN
HA 10094C,15,MAIN
HA 10097C,15,MAIN
HA 10100C,0,MAIN
HA 10103C,15,MAIN
HA 10104C,15,MAIN
HA 10105C,15,MAIN
HA 10119C,15,MAIN
HA 10128C,15,MAIN
HA 1012C,10,MAIN
HA 10132,0,MAIN
HA 10134,0,MAIN
HA 10138,0,MAIN
HA 10142C,15,MAIN
HA 10144C,15,MAIN
HA 10145,0,MAIN
HA 10146,0,MAIN
HA 10147,0,MAIN
HA 10148,0,MAIN
HA 10149,0,MAIN
HA 10150,0,MAIN
HA 10151C,15,MAIN
HA 10153,0,MAIN
HA 10158,0,MAIN
HA 10159,0,MAIN
HA 10160C,15,MAIN
HA 10162,0,MAIN
HA 10164,0,MAIN
HA 10165,0,MAIN
HA 10166,0,MAIN
HA 10167C,15,MAIN
HA 10169,0,MAIN
HA 1016C,0,MAIN
HA 10170C,7,MAIN
HA 10172,0,MAIN
HA 10174,0,MAIN
HA 10175,0,MAIN
HA 10176,0,MAIN
HA 10177,0,MAIN
HA 10180,0,MAIN
HA 10181,0,MAIN
HA 10182,0,MAIN
HA 10183C,15,MAIN
HA 10184,0,MAIN
HA 10185,0,MAIN
HA 10187,0,MAIN
HA 10188,0,MAIN
HA 10189,0,MAIN
HA 10191,0,MAIN
HA 10192,0,MAIN
HA 10194C,14,MAIN
HA 10195C,15,MAIN
HA 10200,0,MAIN
HA 10201,0,MAIN
HA 10202C,15,MAIN
HA 10203,0,MAIN
HA 10206C,15,MAIN
HA 10207C,15,MAIN
HA 10212C,15,MAIN
HA 10215,0,MAIN
HA 10216,0,MAIN
HA 10217,0,MAIN
HA 10222,0,MAIN
HA 10225,0,MAIN
HA 10228,0,MAIN
HA 10229,0,MAIN
HA 10230C,15,MAIN
HA 10232,0,MAIN
HA 10233,0,MAIN
HA 10234,0,MAIN
HA 10236,0,MAIN
HA 10237,0,MAIN
HA 10238,0,MAIN
HA 10239,0,MAIN
HA 10240,0,MAIN
HA 10241,0,MAIN
HA 10243C,15,MAIN
HA 10244,0,MAIN
HA 10246C,15,MAIN
HA 10247,0,MAIN
HA 10249,0,MAIN
HA 10250,0,MAIN
HA 10251,0,MAIN
HA 10252,0,MAIN
HA 10253,0,MAIN
HA 10256,0,MAIN
HA 10257,0,MAIN
HA 10258C,0,MAIN
HA 10259,0,MAIN
HA 10261,0,MAIN
HA 10263C,15,MAIN
HA 10264,0,MAIN
HA 10265C,0,MAIN
HA 10266,0,MAIN
HA 10267,0,MAIN
HA 10268,0,MAIN
HA 10270C,13,MAIN
HA 10271,0,MAIN
HA 10272,0,MAIN
HA 10275,0,MAIN
HA 10276,0,MAIN
HA 10277,0,MAIN
HA 10283C,15,MAIN
HA 10287,0,MAIN
HA 10288C,15,MAIN
HA 10289C,15,MAIN
HA 10290C,15,MAIN
HA 10291C,15,MAIN
HA 10294C,15,MAIN
HA 10296C,15,MAIN
HA 10298C,15,MAIN
HA 10299C,15,MAIN
HA 10300,0,MAIN
HA 10302,0,MAIN
HA 10304C,15,MAIN
HA 10306C,15,MAIN
HA 10307C,11,MAIN
HA 10314,0,MAIN
HA 10317C,15,MAIN
HA 10318C,15,MAIN
HA 10320C,15,MAIN
HA 10321C,15,MAIN
HA 10347C,15,MAIN
HA 10349C,8,MAIN
HA 10350C,0,MAIN
HA 10351C,14,MAIN
HA 10352C,15,MAIN
HA 10355C,15,MAIN
HA 10356C,15,MAIN
HA 10357C,15,MAIN
HA 10359C,15,MAIN
HA 10366C,15,MAIN
HA 10369C,15,MAIN
HA 10370C,15,MAIN
HA 10372C,15,MAIN
HA 10373C,15,MAIN
HA 10377C,15,MAIN
HA 10380C,0,MAIN
HA 10382C,15,MAIN
HA 10388C,15,MAIN
HA 10390C,15,MAIN
HA 10391C,15,MAIN
HA 10392C,15,MAIN
HA 10395C,15,MAIN
HA 10399C,15,MAIN
HA 10400,0,MAIN
HA 10401,0,MAIN
HA 10403C,15,MAIN
HA 10404C,15,MAIN
HA 10405C,15,MAIN
HA 10406C,15,MAIN
HA 10407C,15,MAIN
HA 10408C,15,MAIN
HA 10409C,15,MAIN
HA 10413C,15,MAIN
HA 10414C,15,MAIN
HA 10415C,0,MAIN
HA 10418,0,MAIN
HA 10423C,15,MAIN
HA 10427C,15,MAIN
HA 10430,0,MAIN
HA 10436,0,MAIN
HA 10438C,15,MAIN
HA 10439,0,MAIN
HA 10440C,15,MAIN
HA 10441C,0,MAIN
HA 10444,0,MAIN
HA 10448C,15,MAIN
HA 10452C,12,MAIN
HA 10456C,15,MAIN
HA 10457C,0,MAIN
HA 10458C,15,MAIN
HA 10459C,15,MAIN
HA 10460C,15,MAIN
HA 10461C,15,MAIN
HA 10462C,0,MAIN
HA 10463C,15,MAIN
HA 10465C,15,MAIN
HA 10466,0,MAIN
HA 10469C,15,MAIN
HA 10470C,15,MAIN
HA 10471C,15,MAIN
HA 10473C,15,MAIN
HA 10474C,15,MAIN
HA 10475C,15,MAIN
HA 10476C,11,MAIN
HA 10477C,15,MAIN
HA 10478C,15,MAIN
HA 10479C,15,MAIN
HA 10482C,15,MAIN
HA 10483C,15,MAIN
HA 10484C,15,MAIN
HA 10485C,15,MAIN
HA 10486C,15,MAIN
HA 10487C,15,MAIN
HA 10488C,15,MAIN
HA 10489C,15,MAIN
HA 10490C,15,MAIN
HA 10491,0,MAIN
HA 10492C,15,MAIN
HA 10493,0,MAIN
HA 10497C,5,MAIN
HA 10498C,15,MAIN
HA 10500,0,MAIN
HA 10504,0,MAIN
HA 10510C,15,MAIN
HA 10512C,15,MAIN
HA 10513C,15,MAIN
HA 10515C,15,MAIN
HA 10518,0,MAIN
HA 10520,0,MAIN
HA 10521,0,MAIN
HA 10522C,15,MAIN
HA 10523C,0,MAIN
HA 10526,0,MAIN
HA 10527,0,MAIN
HA 10532,0,MAIN
HA 10534,0,MAIN
HA 10537C,6,MAIN
HA 10539C,15,MAIN
HA 10544C,0,MAIN
HA 10547C,15,MAIN
HA 10551C,15,MAIN
HA 10552C,15,MAIN
HA 10553C,15,MAIN
HA 10554C,15,MAIN
HA 10555C,14,MAIN
HA 10556C,15,MAIN
HA 10557C,0,MAIN
HA 10558C,15,MAIN
HA 10568C,12,MAIN
HA 10570C,15,MAIN
HA 10573C,15,MAIN
HA 10574C,15,MAIN
HA 10575C,15,MAIN
HA 10584C,15,MAIN
HA 10589C,15,MAIN
HA 10595C,0,MAIN
HA 10596C,15,MAIN
HA 10598C,11,MAIN
HA 10602C,0,MAIN
HA 10603C,15,MAIN
HA 10605C,15,MAIN
HA 10606C,15,MAIN
HA 10629C,15,MAIN
HA 10631C,15,MAIN
HA 10638C,15,MAIN
HA 10639C,15,MAIN
HA 10643C,15,MAIN
HA 10662C,0,MAIN
HA 10670C,15,MAIN
HA 10671C,15,MAIN
HA 10673C,15,MAIN
HA 10674C,15,MAIN
HA 10678C,15,MAIN
HA 10681C,15,MAIN
HA 10682C,15,MAIN
HA 10684C,15,MAIN
HA 10688C,15,MAIN
HA 10689C,15,MAIN
HA 10690C,15,MAIN
HA 10691C,15,MAIN
HA 10693C,15,MAIN
HA 10694C,15,MAIN
HA 10695C,15,MAIN
HA 10696C,15,MAIN
HA 10698C,15,MAIN
HA 10699C,15,MAIN
HA 10700C,15,MAIN
HA 10889C,15,MAIN
HA 10890C,15,MAIN
HA 10891C,15,MAIN
HA 10892C,15,MAIN
HA 10893C,15,MAIN
HA 10894C,15,MAIN
HA 10895C,15,MAIN
HA 10896C,15,MAIN
HA 10897C,15,MAIN
HA 10898C,15,MAIN
HA 10899C,0,MAIN
HA 10900C,15,MAIN
HA 10902C,15,MAIN
HA 10904C,15,MAIN
HA 10905C,15,MAIN
HA 10906C,0,MAIN
HA 10911C,0,MAIN
HA 10912C,0,MAIN
HA 10914C,0,MAIN
HA 10915C,15,MAIN
HA 10918C,0,MAIN
HA 10921,0,MAIN
HA 10923C,15,MAIN
HA 10927C,15,MAIN
HA 10928C,15,MAIN
HA 10935,0,MAIN
HA 10936C,15,MAIN
HA 10937C,15,MAIN
HA 10939C,15,MAIN
HA 10941C,0,MAIN
HA 10945C,15,MAIN
HA 10948C,15,MAIN
HA 10951C,15,MAIN
HA 10954C,15,MAIN
HA 10955C,15,MAIN
HA 10956C,15,MAIN
HA 10958C,15,MAIN
HA 10959C,15,MAIN
HA 10961C,15,MAIN
HA 10962C,15,MAIN
HA 10963C,0,MAIN
HA 10964C,0,MAIN
HA 10965C,15,MAIN
HA 10966C,0,MAIN
HA 10967C,15,MAIN
HA 10968C,15,MAIN
HA 10969C,15,MAIN
HA 10970C,15,MAIN
HA 10971C,15,MAIN
HA 10972C,11,MAIN
HA 10973C,2,MAIN
HA 10974C,15,MAIN
HA 10975C,10,MAIN
HA 10976C,15,MAIN
HA 10977C,0,MAIN
HA 10978C,15,MAIN
HA 10979C,0,MAIN
HA 10982C,15,MAIN
HA 10983C,15,MAIN
HA 10984C,15,MAIN
HA 10985C,15,MAIN
HA 10986C,14,MAIN
HA 10989C,15,MAIN
HA 10990C,15,MAIN
HA 10991C,0,MAIN
HA 10995C,15,MAIN
HA 10996C,15,MAIN
HA 10997C,15,MAIN
HA 10998C,15,MAIN
HA 10999C,15,MAIN
HA 11000C,15,MAIN
HA 11001C,0,MAIN
HA 11002C,15,MAIN
HA 11003C,15,MAIN
HA 11004C,15,MAIN
HA 11005C,15,MAIN
HA 11006C,15,MAIN
HA 11007C,15,MAIN
HA 11008C,15,MAIN
HA 11009C,15,MAIN
HA 11010C,9,MAIN
HA 11011C,14,MAIN
HA 11012C,15,MAIN
HA 11013C,2,MAIN
HA 11014C,15,MAIN
HA 11015C,15,MAIN
HA 11016C,15,MAIN
HA 11017C,0,MAIN
HA 11018C,0,MAIN
HA 11019C,11,MAIN
HA 11020C,0,MAIN
HA 11021C,15,MAIN
HA 11022C,15,MAIN
HA 11023C,15,MAIN
HA 11024C,0,MAIN
HA 11025C,15,MAIN
HA 11026C,13,MAIN
HA 11027C,0,MAIN
HA 11028C,0,MAIN
HA 11029C,0,MAIN
HA 11030C,15,MAIN
HA 11031C,15,MAIN
HA 11032C,15,MAIN
HA 11033C,0,MAIN
HA 11034C,0,MAIN
HA 11035C,0,MAIN
HA 11036C,15,MAIN
HA 11037C,15,MAIN
HA 11038C,15,MAIN
HA 11039C,15,MAIN
HA 1104,0,MAIN
HA 11040C,15,MAIN
HA 11041C,0,MAIN
HA 11042C,7,MAIN
HA 11043C,0,MAIN
HA 11044C,0,MAIN
HA 11045C,0,MAIN
HA 11046C,15,MAIN
HA 11047C,15,MAIN
HA 11048C,15,MAIN
HA 11049C,15,MAIN
HA 11050C,15,MAIN
HA 11051C,15,MAIN
HA 11052C,15,MAIN
HA 11053C,15,MAIN
HA 11054C,15,MAIN
HA 11055C,15,MAIN
HA 11056C,15,MAIN
HA 11057C,15,MAIN
HA 11058C,15,MAIN
HA 11059C,15,MAIN
HA 11060C,0,MAIN
HA 11061C,10,MAIN
HA 11062C,15,MAIN
HA 11063C,15,MAIN
HA 11064C,15,MAIN
HA 11065C,15,MAIN
HA 11066C,0,MAIN
HA 11067C,15,MAIN
HA 11068C,5,MAIN
HA 11069C,15,MAIN
HA 11070C,0,MAIN
HA 11071C,0,MAIN
HA 11072C,15,MAIN
HA 11073C,15,MAIN
HA 11074C,15,MAIN
HA 11075C,15,MAIN
HA 11076C,0,MAIN
HA 11078C,15,MAIN
HA 11079C,15,MAIN
HA 11080C,7,MAIN
HA 11081C,15,MAIN
HA 11082C,15,MAIN
HA 11083C,15,MAIN
HA 11084C,15,MAIN
HA 11085C,15,MAIN
HA 11086C,15,MAIN
HA 11087C,15,MAIN
HA 11088C,15,MAIN
HA 11089C,15,MAIN
HA 11090C,0,MAIN
HA 11091C,15,MAIN
HA 11092C,15,MAIN
HA 11093C,15,MAIN
HA 11094C,14,MAIN
HA 11095C,15,MAIN
HA 11096C,15,MAIN
HA 11097C,15,MAIN
HA 11098C,4,MAIN
HA 11099C,0,MAIN
HA 11100C,10,MAIN
HA 11101C,0,MAIN
HA 11102C,12,MAIN
HA 11103C,15,MAIN
HA 11104C,15,MAIN
HA 11105C,15,MAIN
HA 11106C,15,MAIN
HA 11107C,5,MAIN
HA 11108C,15,MAIN
HA 11109C,15,MAIN
HA 11110C,15,MAIN
HA 11111C,12,MAIN
HA 11112C,15,MAIN
HA 11113C,15,MAIN
HA 11114C,15,MAIN
HA 11115C,15,MAIN
HA 11116C,15,MAIN
HA 11117C,2,MAIN
HA 11118C,1,MAIN
HA 11119C,15,MAIN
HA 11120C,15,MAIN
HA 111215C,15,MAIN
HA 111216C,15,MAIN
HA 111217C,4,MAIN
HA 111218C,15,MAIN
HA 111219C,15,MAIN
HA 11121C,0,MAIN
HA 111220C,15,MAIN
HA 111221C,15,MAIN
HA 111223C,15,MAIN
HA 111224C,15,MAIN
HA 111225C,15,MAIN
HA 111226C,15,MAIN
HA 111227C,15,MAIN
HA 111228C,11,MAIN
HA 111229C,0,MAIN
HA 11122C,15,MAIN
HA 111230C,15,MAIN
HA 111231C,0,MAIN
HA 111232C,0,MAIN
HA 111233C,15,MAIN
HA 111234C,15,MAIN
HA 111235C,0,MAIN
HA 111236C,0,MAIN
HA 111237C,15,MAIN
HA 111238C,15,MAIN
HA 111239C,15,MAIN
HA 11123C,15,MAIN
HA 111240C,15,MAIN
HA 111241C,15,MAIN
HA 111242C,15,MAIN
HA 111243C,0,MAIN
HA 111244C,15,MAIN
HA 111245C,7,MAIN
HA 111246C,15,MAIN
HA 111247C,0,MAIN
HA 111249C,15,MAIN
HA 11124C,6,MAIN
HA 111250C,15,MAIN
HA 111251C,15,MAIN
HA 111252C,15,MAIN
HA 111253C,0,MAIN
HA 111254C,0,MAIN
HA 111255C,15,MAIN
HA 111257C,0,MAIN
HA 111258C,1,MAIN
HA 111259C,15,MAIN
HA 11125C,15,MAIN
HA 111260C,15,MAIN
HA 111261C,9,MAIN
HA 111262C,15,MAIN
HA 111263C,15,MAIN
HA 111264C,15,MAIN
HA 111265C,15,MAIN
HA 111266C,15,MAIN
HA 111267C,9,MAIN
HA 111268C,15,MAIN
HA 111269C,15,MAIN
HA 11126C,0,MAIN
HA 111270C,0,MAIN
HA 111271C,0,MAIN
HA 111272C,15,MAIN
HA 111273C,5,MAIN
HA 111274C,0,MAIN
HA 111275C,15,MAIN
HA 111276C,7,MAIN
HA 111277C,0,MAIN
HA 111278C,15,MAIN
HA 111279C,15,MAIN
HA 11127C,15,MAIN
HA 111280C,15,MAIN
HA 111282C,14,MAIN
HA 111283C,9,MAIN
HA 111284C,15,MAIN
HA 111285C,15,MAIN
HA 111286C,0,MAIN
HA 111287C,0,MAIN
HA 111288C,0,MAIN
HA 111289C,15,MAIN
HA 11128C,15,MAIN
HA 111290C,4,MAIN
HA 111291C,15,MAIN
HA 111292C,13,MAIN
HA 111293C,9,MAIN
HA 111294C,0,MAIN
HA 111295C,15,MAIN
HA 111296C,15,MAIN
HA 111297C,15,MAIN
HA 111298C,13,MAIN
HA 111299C,15,MAIN
HA 11129C,15,MAIN
HA 111300C,15,MAIN
HA 111301C,0,MAIN
HA 111302C,11,MAIN
HA 111303C,0,MAIN
HA 111304C,0,MAIN
HA 111305C,14,MAIN
HA 111306C,0,MAIN
HA 111307C,15,MAIN
HA 111308C,15,MAIN
HA 111309C,15,MAIN
HA 11130C,15,MAIN
HA 111310C,9,MAIN
HA 111311C,15,MAIN
HA 111312C,15,MAIN
HA 111313C,15,MAIN
HA 111314C,15,MAIN
HA 111315C,15,MAIN
HA 111316C,12,MAIN
HA 111317C,4,MAIN
HA 111318C,14,MAIN
HA 111319C,0,MAIN
HA 11131C,15,MAIN
HA 111320C,0,MAIN
HA 111321C,15,MAIN
HA 111322C,9,MAIN
HA 111323C,15,MAIN
HA 111324C,3,MAIN
HA 111326C,0,MAIN
HA 111327C,0,MAIN
HA 111328C,0,MAIN
HA 111329C,15,MAIN
HA 11132C,15,MAIN
HA 111330C,15,MAIN
HA 111331C,0,MAIN
HA 111332C,15,MAIN
HA 111333C,6,MAIN
HA 111334C,15,MAIN
HA 111335C,15,MAIN
HA 111337C,15,MAIN
HA 111338C,15,MAIN
HA 111339C,15,MAIN
HA 11133C,15,MAIN
HA 111340C,15,MAIN
HA 111341C,15,MAIN
HA 111342C,15,MAIN
HA 111343C,15,MAIN
HA 111344C,15,MAIN
HA 111345C,15,MAIN
HA 111346C,15,MAIN
HA 111347C,15,MAIN
HA 111348C,15,MAIN
HA 111349C,15,MAIN
HA 11134C,15,MAIN
HA 111350C,15,MAIN
HA 111352C,15,MAIN
HA 111353C,15,MAIN
HA 111355C,0,MAIN
HA 111356C,9,MAIN
HA 111357C,15,MAIN
HA 111358C,15,MAIN
HA 111359C,15,MAIN
HA 11135C,15,MAIN
HA 111360C,15,MAIN
HA 111361C,15,MAIN
HA 111362C,15,MAIN
HA 111363C,15,MAIN
HA 111364C,15,MAIN
HA 111365C,0,MAIN
HA 111366C,15,MAIN
HA 111367C,15,MAIN
HA 111368C,15,MAIN
HA 111369C,15,MAIN
HA 11136C,15,MAIN
HA 111370C,6,MAIN
HA 111371C,15,MAIN
HA 111372C,7,MAIN
HA 111373C,15,MAIN
HA 111374C,15,MAIN
HA 111376C,15,MAIN
HA 111379C,15,MAIN
HA 11137C,15,MAIN
HA 111380C,15,MAIN
HA 111381C,15,MAIN
HA 111382C,15,MAIN
HA 111383C,15,MAIN
HA 111384C,14,MAIN
HA 111385C,8,MAIN
HA 111386C,15,MAIN
HA 111387C,15,MAIN
HA 111388C,15,MAIN
HA 111389C,9,MAIN
HA 11138C,15,MAIN
HA 111391C,2,MAIN
HA 111392C,15,MAIN
HA 111393C,15,MAIN
HA 111394C,15,MAIN
HA 111395C,15,MAIN
HA 111396C,15,MAIN
HA 111397C,15,MAIN
HA 111398C,15,MAIN
HA 111399C,15,MAIN
HA 11139C,15,MAIN
HA 111400C,15,MAIN
HA 111401C,15,MAIN
HA 111402C,15,MAIN
HA 111404C,15,MAIN
HA 111407C,0,MAIN
HA 111409C,5,MAIN
HA 11140C,0,MAIN
HA 111410C,15,MAIN
HA 111412C,15,MAIN
HA 111413C,15,MAIN
HA 111414C,15,MAIN
HA 111415C,15,MAIN
HA 111416C,15,MAIN
HA 111417C,15,MAIN
HA 111418C,15,MAIN
HA 111419C,15,MAIN
HA 11141C,0,MAIN
HA 111420C,15,MAIN
HA 111421C,15,MAIN
HA 111422C,15,MAIN
HA 111423C,15,MAIN
HA 111424C,15,MAIN
HA 111425C,15,MAIN
HA 111426C,15,MAIN
HA 111427C,15,MAIN
HA 111428C,15,MAIN
HA 111429C,15,MAIN
HA 11142C,0,MAIN
HA 111430C,15,MAIN
HA 111431C,15,MAIN
HA 111432C,15,MAIN
HA 111434C,0,MAIN
HA 111435C,15,MAIN
HA 111436C,15,MAIN
HA 111437C,15,MAIN
HA 111438C,15,MAIN
HA 11143C,0,MAIN
HA 111441C,15,MAIN
HA 111443C,0,MAIN
HA 111444C,15,MAIN
HA 111445C,15,MAIN
HA 111446C,15,MAIN
HA 111447C,10,MAIN
HA 111448C,15,MAIN
HA 111449C,15,MAIN
HA 11144C,15,MAIN
HA 111450C,15,MAIN
HA 111451C,15,MAIN
HA 111452C,15,MAIN
HA 111453C,15,MAIN
HA 111454C,15,MAIN
HA 111455C,15,MAIN
HA 111456C,1,MAIN
HA 111457C,15,MAIN
HA 111459C,15,MAIN
HA 11145C,15,MAIN
HA 111460C,15,MAIN
HA 111461C,15,MAIN
HA 111462C,14,MAIN
HA 111463C,15,MAIN
HA 111464C,15,MAIN
HA 111466C,15,MAIN
HA 111467C,15,MAIN
HA 111468C,15,MAIN
HA 111469C,15,MAIN
HA 11146C,15,MAIN
HA 111470C,15,MAIN
HA 111471C,15,MAIN
HA 111472C,15,MAIN
HA 111473C,15,MAIN
HA 111474C,15,MAIN
HA 111475C,15,MAIN
HA 111476C,15,MAIN
HA 111477C,15,MAIN
HA 111478C,15,MAIN
HA 111479C,0,MAIN
HA 11147C,0,MAIN
HA 111480C,9,MAIN
HA 111481C,15,MAIN
HA 111482C,5,MAIN
HA 111483C,15,MAIN
HA 111484C,0,MAIN
HA 111485C,15,MAIN
HA 111486C,15,MAIN
HA 111487C,15,MAIN
HA 111488C,0,MAIN
HA 111489C,0,MAIN
HA 11148C,15,MAIN
HA 111490C,15,MAIN
HA 111491C,15,MAIN
HA 111492C,15,MAIN
HA 111493C,15,MAIN
HA 111494C,15,MAIN
HA 111495C,15,MAIN
HA 111496C,15,MAIN
HA 111497C,15,MAIN
HA 111498C,15,MAIN
HA 111499C,15,MAIN
HA 11149C,15,MAIN
HA 111500C,15,MAIN
HA 111501C,15,MAIN
HA 111502C,15,MAIN
HA 111503C,15,MAIN
HA 111504C,15,MAIN
HA 111505C,15,MAIN
HA 111506C,15,MAIN
HA 111507C,15,MAIN
HA 111508C,15,MAIN
HA 111509C,15,MAIN
HA 11150C,9,MAIN
HA 111510C,15,MAIN
HA 111511C,15,MAIN
HA 111512C,15,MAIN
HA 111513C,0,MAIN
HA 111514C,15,MAIN
HA 111515C,12,MAIN
HA 111516C,15,MAIN
HA 111517C,15,MAIN
HA 111518C,0,MAIN
HA 111519C,15,MAIN
HA 11151C,15,MAIN
HA 111520C,15,MAIN
HA 111521C,15,MAIN
HA 111522C,15,MAIN
HA 111523C,4,MAIN
HA 111524C,15,MAIN
HA 111525C,15,MAIN
HA 111526C,15,MAIN
HA 111527C,15,MAIN
HA 111528C,15,MAIN
HA 111529C,15,MAIN
HA 11152C,15,MAIN
HA 111530C,15,MAIN
HA 111531C,15,MAIN
HA 111532C,15,MAIN
HA 111533C,0,MAIN
HA 111534C,15,MAIN
HA 111535C,15,MAIN
HA 111537C,15,MAIN
HA 111538C,15,MAIN
HA 111539C,15,MAIN
HA 11153C,15,MAIN
HA 111540C,15,MAIN
HA 111541C,15,MAIN
HA 111542C,15,MAIN
HA 111543C,15,MAIN
HA 111545C,14,MAIN
HA 111547C,15,MAIN
HA 111548C,15,MAIN
HA 111549C,15,MAIN
HA 11154C,0,MAIN
HA 111551C,15,MAIN
HA 111552C,15,MAIN
HA 111553C,15,MAIN
HA 111554C,15,MAIN
HA 111555C,15,MAIN
HA 111556C,15,MAIN
HA 111557C,15,MAIN
HA 111558C,15,MAIN
HA 111559C,9,MAIN
HA 11155C,6,MAIN
HA 111560C,15,MAIN
HA 111561C,15,MAIN
HA 111562C,15,MAIN
HA 111563C,0,MAIN
HA 111564C,15,MAIN
HA 111565C,15,MAIN
HA 111566C,15,MAIN
HA 111567C,15,MAIN
HA 111568C,15,MAIN
HA 111569C,15,MAIN
HA 11156C,15,MAIN
HA 111571C,15,MAIN
HA 111572C,5,MAIN
HA 111573,0,MAIN
HA 111574C,15,MAIN
HA 111575C,15,MAIN
HA 111576C,15,MAIN
HA 111577C,15,MAIN
HA 111579C,15,MAIN
HA 11157C,15,MAIN
HA 111580C,15,MAIN
HA 111581C,15,MAIN
HA 111582C,15,MAIN
HA 111584C,15,MAIN
HA 111586C,15,MAIN
HA 111587C,15,MAIN
HA 111588C,0,MAIN
HA 111589C,15,MAIN
HA 11158C,15,MAIN
HA 111590C,15,MAIN
HA 111592C,11,MAIN
HA 111593C,15,MAIN
HA 111594C,15,MAIN
HA 111595C,15,MAIN
HA 111596C,15,MAIN
HA 111597C,15,MAIN
HA 111598C,7,MAIN
HA 111599C,15,MAIN
HA 11159C,15,MAIN
HA 111600C,12,MAIN
HA 111601C,15,MAIN
HA 111602C,15,MAIN
HA 111603C,15,MAIN
HA 111604C,15,MAIN
HA 111605C,14,MAIN
HA 111606C,0,MAIN
HA 111607C,15,MAIN
HA 111608C,15,MAIN
HA 111609C,15,MAIN
HA 11160C,0,MAIN
HA 111610C,15,MAIN
HA 111611C,0,MAIN
HA 111612C,15,MAIN
HA 111613C,15,MAIN
HA 111614C,15,MAIN
HA 111615C,15,MAIN
HA 111616C,15,MAIN
HA 111617C,15,MAIN
HA 111618C,15,MAIN
HA 111619C,6,MAIN
HA 11161C,5,MAIN
HA 111620C,12,MAIN
HA 111621C,15,MAIN
HA 111622C,15,MAIN
HA 111623C,9,MAIN
HA 111624C,15,MAIN
HA 111625C,15,MAIN
HA 111626C,15,MAIN
HA 111627C,15,MAIN
HA 111628C,15,MAIN
HA 111629C,15,MAIN
HA 11162C,15,MAIN
HA 111630C,15,MAIN
HA 111631C,15,MAIN
HA 111632C,11,MAIN
HA 111634C,15,MAIN
HA 111635C,15,MAIN
HA 111636C,15,MAIN
HA 111637C,15,MAIN
HA 111638C,15,MAIN
HA 111639C,15,MAIN
HA 11163C,15,MAIN
HA 111640C,15,MAIN
HA 111641C,0,MAIN
HA 111642C,15,MAIN
HA 111643C,15,MAIN
HA 111644C,0,MAIN
HA 111645C,15,MAIN
HA 111646C,15,MAIN
HA 111647C,15,MAIN
HA 111648C,15,MAIN
HA 111649C,15,MAIN
HA 11164C,15,MAIN
HA 111650C,7,MAIN
HA 111651C,0,MAIN
HA 111653C,13,MAIN
HA 111654C,0,MAIN
HA 111655C,0,MAIN
HA 111656C,15,MAIN
HA 111657C,11,MAIN
HA 111658C,15,MAIN
HA 111659C,15,MAIN
HA 11165C,15,MAIN
HA 111660C,15,MAIN
HA 111661C,15,MAIN
HA 111662C,0,MAIN
HA 111663C,12,MAIN
HA 111664C,15,MAIN
HA 111665C,0,MAIN
HA 111666C,15,MAIN
HA 111667C,0,MAIN
HA 111668C,15,MAIN
HA 111669C,0,MAIN
HA 11166C,15,MAIN
HA 111670C,15,MAIN
HA 111671C,13,MAIN
HA 111672C,15,MAIN
HA 111673C,15,MAIN
HA 111674C,15,MAIN
HA 111675C,15,MAIN
HA 111676C,15,MAIN
HA 111677C,1,MAIN
HA 111678C,15,MAIN
HA 11167C,15,MAIN
HA 111680C,4,MAIN
HA 111681C,14,MAIN
HA 111682C,15,MAIN
HA 111683C,15,MAIN
HA 111685C,0,MAIN
HA 111686C,1,MAIN
HA 111687C,15,MAIN
HA 111688C,15,MAIN
HA 111689C,0,MAIN
HA 111690C,0,MAIN
HA 111691C,14,MAIN
HA 111692C,4,MAIN
HA 111693C,0,MAIN
HA 111694C,0,MAIN
HA 111696C,15,MAIN
HA 111697C,11,MAIN
HA 111698C,15,MAIN
HA 111699C,0,MAIN
HA 11169C,15,MAIN
HA 111700C,15,MAIN
HA 111702C,15,MAIN
HA 111703C,8,MAIN
HA 111704C,15,MAIN
HA 111705C,3,MAIN
HA 111706C,15,MAIN
HA 111707C,15,MAIN
HA 111708C,15,MAIN
HA 111709C,15,MAIN
HA 11170C,15,MAIN
HA 111710C,15,MAIN
HA 111711C,15,MAIN
HA 111712C,15,MAIN
HA 111713C,6,MAIN
HA 111714C,11,MAIN
HA 111715C,15,MAIN
HA 111716C,15,MAIN
HA 111717C,15,MAIN
HA 111718C,1,MAIN
HA 111721C,15,MAIN
HA 111722C,15,MAIN
HA 111723C,14,MAIN
HA 111724C,0,MAIN
HA 111725C,15,MAIN
HA 111726,0,MAIN
HA 111727C,15,MAIN
HA 111728C,15,MAIN
HA 111729C,15,MAIN
HA 11172C,10,MAIN
HA 111730C,15,MAIN
HA 111731C,15,MAIN
HA 111732C,15,MAIN
HA 111733C,15,MAIN
HA 111734C,5,MAIN
HA 111735C,15,MAIN
HA 111736C,15,MAIN
HA 111737C,15,MAIN
HA 111738C,3,MAIN
HA 111739C,15,MAIN
HA 11173C,15,MAIN
HA 111741C,15,MAIN
HA 111742C,15,MAIN
HA 111743C,15,MAIN
HA 111744C,15,MAIN
HA 111745C,15,MAIN
HA 111746C,15,MAIN
HA 111747C,15,MAIN
HA 111748C,15,MAIN
HA 111749C,15,MAIN
HA 111750C,15,MAIN
HA 111751C,0,MAIN
HA 111752C,15,MAIN
HA 111753C,7,MAIN
HA 111754C,8,MAIN
HA 111755C,15,MAIN
HA 111756C,15,MAIN
HA 111757C,15,MAIN
HA 111758C,15,MAIN
HA 111759C,7,MAIN
HA 11175C,15,MAIN
HA 111760C,15,MAIN
HA 111761C,1,MAIN
HA 111762C,15,MAIN
HA 111763C,15,MAIN
HA 111764C,15,MAIN
HA 111766,0,MAIN
HA 111767C,2,MAIN
HA 111768C,4,MAIN
HA 111769C,15,MAIN
HA 11176C,15,MAIN
HA 111770C,15,MAIN
HA 111771C,15,MAIN
HA 111772C,9,MAIN
HA 111773C,15,MAIN
HA 111774C,15,MAIN
HA 111775C,3,MAIN
HA 111776C,15,MAIN
HA 111777C,15,MAIN
HA 111778C,15,MAIN
HA 111779C,0,MAIN
HA 111780C,15,MAIN
HA 111781C,15,MAIN
HA 111782C,0,MAIN
HA 111783C,15,MAIN
HA 111784C,1,MAIN
HA 111785C,15,MAIN
HA 111786C,0,MAIN
HA 111787C,15,MAIN
HA 111789C,15,MAIN
HA 11178C,15,MAIN
HA 111790C,15,MAIN
HA 111791C,2,MAIN
HA 111792C,0,MAIN
HA 111793C,15,MAIN
HA 111794C,15,MAIN
HA 111796C,7,MAIN
HA 111797C,4,MAIN
HA 111798C,15,MAIN
HA 111799C,15,MAIN
HA 111800C,15,MAIN
HA 111801C,15,MAIN
HA 111802C,0,MAIN
HA 111803C,0,MAIN
HA 111804C,5,MAIN
HA 111805C,15,MAIN
HA 111806C,15,MAIN
HA 111807C,1,MAIN
HA 111808C,15,MAIN
HA 111809C,15,MAIN
HA 11180C,15,MAIN
HA 111810C,3,MAIN
HA 111811C,15,MAIN
HA 111812C,9,MAIN
HA 111813C,15,MAIN
HA 111814C,15,MAIN
HA 111815C,15,MAIN
HA 111816C,15,MAIN
HA 111817C,7,MAIN
HA 111818C,15,MAIN
HA 111819C,0,MAIN
HA 11181C,15,MAIN
HA 111820C,15,MAIN
HA 111822C,15,MAIN
HA 111823C,15,MAIN
HA 111824C,15,MAIN
HA 111825C,15,MAIN
HA 111826C,15,MAIN
HA 111828C,15,MAIN
HA 111829C,1,MAIN
HA 11182C,15,MAIN
HA 111830C,11,MAIN
HA 111831C,15,MAIN
HA 111832C,15,MAIN
HA 111833C,0,MAIN
HA 111834C,0,MAIN
HA 111835C,15,MAIN
HA 111836,0,MAIN
HA 111837,0,MAIN
HA 111838,0,MAIN
HA 111839C,0,MAIN
HA 11183C,15,MAIN
HA 111840C,0,MAIN
HA 111841C,14,MAIN
HA 111843C,15,MAIN
HA 111844C,0,MAIN
HA 111845C,0,MAIN
HA 111846C,9,MAIN
HA 111847C,13,MAIN
HA 111848C,15,MAIN
HA 111849C,15,MAIN
HA 11184C,15,MAIN
HA 111850,0,MAIN
HA 111851C,15,MAIN
HA 111852C,15,MAIN
HA 111853C,3,MAIN
HA 111854C,15,MAIN
HA 111855C,2,MAIN
HA 111856C,15,MAIN
HA 111857C,0,MAIN
HA 111858C,9,MAIN
HA 111859C,0,MAIN
HA 11185C,15,MAIN
HA 111861C,15,MAIN
HA 111862C,15,MAIN
HA 111865C,15,MAIN
HA 111866C,0,MAIN
HA 111867C,15,MAIN
HA 111868C,12,MAIN
HA 111869C,2,MAIN
HA 11186C,15,MAIN
HA 111870C,15,MAIN
HA 111871C,8,MAIN
HA 111872C,15,MAIN
HA 111873C,5,MAIN
HA 111874,0,MAIN
HA 111875,0,MAIN
HA 111876C,15,MAIN
HA 111877C,12,MAIN
HA 111878C,15,MAIN
HA 111879C,15,MAIN
HA 11187C,15,MAIN
HA 111880C,15,MAIN
HA 111881C,15,MAIN
HA 111882C,15,MAIN
HA 111883C,15,MAIN
HA 111884C,15,MAIN
HA 111885C,15,MAIN
HA 111886C,11,MAIN
HA 111887C,15,MAIN
HA 111888C,15,MAIN
HA 111889C,10,MAIN
HA 11188C,15,MAIN
HA 111890C,15,MAIN
HA 111891C,0,MAIN
HA 111892C,8,MAIN
HA 111893C,15,MAIN
HA 111894C,10,MAIN
HA 111895C,4,MAIN
HA 111896C,13,MAIN
HA 111897C,15,MAIN
HA 111898C,15,MAIN
HA 111899C,0,MAIN
HA 11189C,15,MAIN
HA 111900C,12,MAIN
HA 111901C,3,MAIN
HA 111902C,15,MAIN
HA 111903C,15,MAIN
HA 111904C,15,MAIN
HA 111905C,0,MAIN
HA 111906C,15,MAIN
HA 111907C,15,MAIN
HA 111908C,15,MAIN
HA 111909C,15,MAIN
HA 11190C,0,MAIN
HA 111910C,15,MAIN
HA 111912C,15,MAIN
HA 111913C,15,MAIN
HA 111914C,15,MAIN
HA 111915C,15,MAIN
HA 111916C,15,MAIN
HA 111917C,15,MAIN
HA 111918C,15,MAIN
HA 111919C,15,MAIN
HA 11191C,15,MAIN
HA 111920C,15,MAIN
HA 111921C,15,MAIN
HA 111922C,15,MAIN
HA 111924C,15,MAIN
HA 111925C,15,MAIN
HA 111926C,15,MAIN
HA 111927C,5,MAIN
HA 111928C,15,MAIN
HA 111929C,15,MAIN
HA 11192C,15,MAIN
HA 111930C,15,MAIN
HA 111931C,15,MAIN
HA 111932C,0,MAIN
HA 111933C,15,MAIN
HA 111934C,12,MAIN
HA 111935C,0,MAIN
HA 111936C,14,MAIN
HA 111937C,15,MAIN
HA 111938C,9,MAIN
HA 111939C,15,MAIN
HA 11193C,15,MAIN
HA 111940C,9,MAIN
HA 111941C,15,MAIN
HA 111942C,3,MAIN
HA 111943C,0,MAIN
HA 111944C,12,MAIN
HA 111945C,15,MAIN
HA 111946C,9,MAIN
HA 111947C,15,MAIN
HA 111948C,0,MAIN
HA 111949C,13,MAIN
HA 11194C,15,MAIN
HA 111950C,0,MAIN
HA 111951C,15,MAIN
HA 111952C,2,MAIN
HA 111953C,15,MAIN
HA 111954C,11,MAIN
HA 111955C,10,MAIN
HA 111956C,15,MAIN
HA 111957C,15,MAIN
HA 111958C,15,MAIN
HA 111959C,15,MAIN
HA 11195C,15,MAIN
HA 111960C,1,MAIN
HA 111961C,15,MAIN
HA 111962C,15,MAIN
HA 111963C,8,MAIN
HA 111964C,15,MAIN
HA 111965C,15,MAIN
HA 111966C,15,MAIN
HA 111967C,15,MAIN
HA 111968C,15,MAIN
HA 111969C,15,MAIN
HA 11196C,10,MAIN
HA 111970C,10,MAIN
HA 111971C,15,MAIN
HA 111972C,15,MAIN
HA 111973C,0,MAIN
HA 111974C,15,MAIN
HA 111975C,15,MAIN
HA 111976C,15,MAIN
HA 111977C,15,MAIN
HA 111978C,15,MAIN
HA 111979C,15,MAIN
HA 11197C,15,MAIN
HA 111980C,3,MAIN
HA 111981C,15,MAIN
HA 111982C,3,MAIN
HA 111984C,6,MAIN
HA 111985C,15,MAIN
HA 111986C,15,MAIN
HA 111987C,15,MAIN
HA 111988C,0,MAIN
HA 111989C,15,MAIN
HA 11198C,15,MAIN
HA 111990C,15,MAIN
HA 111991C,15,MAIN
HA 111992C,0,MAIN
HA 111993C,15,MAIN
HA 111994C,15,MAIN
HA 111995C,0,MAIN
HA 111996C,15,MAIN
HA 111997C,15,MAIN
HA 111999C,12,MAIN
HA 11199C,15,MAIN
HA 112000C,15,MAIN
HA 112002C,15,MAIN
HA 112003,0,MAIN
HA 112004C,15,MAIN
HA 112005C,15,MAIN
HA 112006,0,MAIN
HA 112006C,15,MAIN
HA 112007C,15,MAIN
HA 112008C,14,MAIN
HA 112009C,15,MAIN
HA 11200C,15,MAIN
HA 112010C,0,MAIN
HA 112011C,11,MAIN
HA 112012,0,MAIN
HA 112013C,2,MAIN
HA 112014,0,MAIN
HA 112015,0,MAIN
HA 112016C,5,MAIN
HA 112017,2,MAIN
HA 112018C,4,MAIN
HA 112019C,0,MAIN
HA 11201C,15,MAIN
HA 112020C,15,MAIN
HA 112021,1,MAIN
HA 112022C,15,MAIN
HA 112023C,15,MAIN
HA 112024C,15,MAIN
HA 112025C,15,MAIN
HA 112026C,15,MAIN
HA 112027C,8,MAIN
HA 112028C,15,MAIN
HA 112029C,15,MAIN
HA 11202C,15,MAIN
HA 112030C,15,MAIN
HA 112031C,15,MAIN
HA 112032C,15,MAIN
HA 112033C,0,MAIN
HA 112034C,4,MAIN
HA 112035C,15,MAIN
HA 112036C,2,MAIN
HA 112037,0,MAIN
HA 112038C,3,MAIN
HA 112039,0,MAIN
HA 11203C,15,MAIN
HA 112040C,15,MAIN
HA 112041C,15,MAIN
HA 112042C,14,MAIN
HA 112043C,15,MAIN
HA 112044C,15,MAIN
HA 112045C,15,MAIN
HA 112046C,0,MAIN
HA 112047C,0,MAIN
HA 112048C,11,MAIN
HA 112049C,15,MAIN
HA 11204C,15,MAIN
HA 112050C,15,MAIN
HA 112051C,15,MAIN
HA 112052C,15,MAIN
HA 112053C,15,MAIN
HA 112054C,15,MAIN
HA 112055C,7,MAIN
HA 112056C,15,MAIN
HA 112057C,15,MAIN
HA 112058C,15,MAIN
HA 112059C,15,MAIN
HA 11205C,15,MAIN
HA 112060C,0,MAIN
HA 112061C,5,MAIN
HA 112062C,15,MAIN
HA 112063C,0,MAIN
HA 112064C,3,MAIN
HA 112065C,15,MAIN
HA 112066C,15,MAIN
HA 112067C,3,MAIN
HA 112068C,8,MAIN
HA 112069C,15,MAIN
HA 11206C,10,MAIN
HA 112070C,15,MAIN
HA 112071C,15,MAIN
HA 112072C,14,MAIN
HA 112073C,0,MAIN
HA 112074C,15,MAIN
HA 112075C,5,MAIN
HA 112076C,15,MAIN
HA 112077C,15,MAIN
HA 112078C,15,MAIN
HA 112079C,0,MAIN
HA 11207C,15,MAIN
HA 112080C,15,MAIN
HA 112081C,15,MAIN
HA 112082C,15,MAIN
HA 112083C,0,MAIN
HA 112084C,0,MAIN
HA 112085C,15,MAIN
HA 112086C,0,MAIN
HA 112087C,15,MAIN
HA 112088C,15,MAIN
HA 112089C,15,MAIN
HA 11208C,15,MAIN
HA 112090C,0,MAIN
HA 112091C,10,MAIN
HA 112092C,15,MAIN
HA 112093C,14,MAIN
HA 112094C,15,MAIN
HA 112095C,15,MAIN
HA 112097C,15,MAIN
HA 112098C,0,MAIN
HA 112099C,8,MAIN
HA 11209C,0,MAIN
HA 112100C,15,MAIN
HA 112101C,15,MAIN
HA 112102C,15,MAIN
HA 112103C,0,MAIN
HA 112104C,15,MAIN
HA 112106C,15,MAIN
HA 112108C,15,MAIN
HA 112109C,15,MAIN
HA 11210C,15,MAIN
HA 112110C,15,MAIN
HA 112111,0,MAIN
HA 112112,0,MAIN
HA 112113C,15,MAIN
HA 112114,0,MAIN
HA 112116,0,MAIN
HA 112117,0,MAIN
HA 112118,0,MAIN
HA 112119,0,MAIN
HA 11211C,0,MAIN
HA 112120,0,MAIN
HA 112121C,15,MAIN
HA 112122,0,MAIN
HA 112123,0,MAIN
HA 112124,0,MAIN
HA 112125,0,MAIN
HA 112126,0,MAIN
HA 112127,0,MAIN
HA 112128,0,MAIN
HA 112129,0,MAIN
HA 11212C,15,MAIN
HA 112130,0,MAIN
HA 112131,0,MAIN
HA 112132,0,MAIN
HA 112133,0,MAIN
HA 112134C,6,MAIN
HA 112136C,2,MAIN
HA 112137C,1,MAIN
HA 112138C,3,MAIN
HA 112139C,0,MAIN
HA 11213C,15,MAIN
HA 112140C,15,MAIN
HA 112141C,15,MAIN
HA 112142C,15,MAIN
HA 112143C,15,MAIN
HA 112144C,15,MAIN
HA 112145C,15,MAIN
HA 112146C,13,MAIN
HA 112148C,15,MAIN
HA 112149C,15,MAIN
HA 11214C,0,MAIN
HA 112150C,15,MAIN
HA 112151C,15,MAIN
HA 112152C,2,MAIN
HA 112153C,15,MAIN
HA 112154C,15,MAIN
HA 112155,0,MAIN
HA 112156,0,MAIN
HA 112157,0,MAIN
HA 112158,0,MAIN
HA 112159,0,MAIN
HA 11215C,15,MAIN
HA 112160,0,MAIN
HA 112161,0,MAIN
HA 112162,0,MAIN
HA 112163,0,MAIN
HA 112164,0,MAIN
HA 112165,0,MAIN
HA 112167,0,MAIN
HA 112168,0,MAIN
HA 112169,0,MAIN
HA 11216C,15,MAIN
HA 112170,0,MAIN
HA 112171,0,MAIN
HA 112172,0,MAIN
HA 112173,0,MAIN
HA 112174,0,MAIN
HA 112175,0,MAIN
HA 112176,0,MAIN
HA 112177,0,MAIN
HA 112178,0,MAIN
HA 112179,0,MAIN
HA 11217C,15,MAIN
HA 112180,0,MAIN
HA 112181,0,MAIN
HA 112182,0,MAIN
HA 112184,0,MAIN
HA 112185,0,MAIN
HA 112186,0,MAIN
HA 112187,0,MAIN
HA 112188,0,MAIN
HA 112189,0,MAIN
HA 11218C,15,MAIN
HA 112190,0,MAIN
HA 112191,0,MAIN
HA 112192,0,MAIN
HA 112193,0,MAIN
HA 112194,0,MAIN
HA 112195,0,MAIN
HA 112196,0,MAIN
HA 112197,0,MAIN
HA 112198,0,MAIN
HA 112199,0,MAIN
HA 11219C,0,MAIN
HA 112200,0,MAIN
HA 112201,0,MAIN
HA 112202,0,MAIN
HA 112203,0,MAIN
HA 112204,0,MAIN
HA 112205,0,MAIN
HA 112206,0,MAIN
HA 112207,0,MAIN
HA 112208,0,MAIN
HA 112209,0,MAIN
HA 11220C,15,MAIN
HA 112210,0,MAIN
HA 112211,0,MAIN
HA 112212,0,MAIN
HA 112213,0,MAIN
HA 112214,0,MAIN
HA 112215,0,MAIN
HA 112216,0,MAIN
HA 112217,0,MAIN
HA 112218,0,MAIN
HA 112219,0,MAIN
HA 11221C,1,MAIN
HA 112220,0,MAIN
HA 112221,0,MAIN
HA 112222,0,MAIN
HA 112223,0,MAIN
HA 112224,0,MAIN
HA 112225,0,MAIN
HA 112226,0,MAIN
HA 112227,0,MAIN
HA 112228,0,MAIN
HA 112229,0,MAIN
HA 11222C,15,MAIN
HA 112230,0,MAIN
HA 112232,0,MAIN
HA 112233,0,MAIN
HA 112234,0,MAIN
HA 112235,0,MAIN
HA 112236,0,MAIN
HA 112237,0,MAIN
HA 112238,0,MAIN
HA 112239,0,MAIN
HA 11223C,15,MAIN
HA 112240,0,MAIN
HA 112241,0,MAIN
HA 112242,0,MAIN
HA 112243,0,MAIN
HA 112244,0,MAIN
HA 112245,0,MAIN
HA 112246,0,MAIN
HA 112247,0,MAIN
HA 112248,0,MAIN
HA 112249,0,MAIN
HA 11224C,0,MAIN
HA 112250,0,MAIN
HA 112251,0,MAIN
HA 112252,0,MAIN
HA 112253,0,MAIN
HA 112254,0,MAIN
HA 112255,0,MAIN
HA 112256,0,MAIN
HA 112258,0,MAIN
HA 112259C,15,MAIN
HA 11225C,15,MAIN
HA 112260C,15,MAIN
HA 112261C,15,MAIN
HA 112262C,15,MAIN
HA 112263C,11,MAIN
HA 112264C,15,MAIN
HA 112265C,15,MAIN
HA 112266C,15,MAIN
HA 112267C,15,MAIN
HA 112268C,15,MAIN
HA 112269C,15,MAIN
HA 11226C,11,MAIN
HA 112270C,12,MAIN
HA 112271C,7,MAIN
HA 112272C,15,MAIN
HA 112273C,0,MAIN
HA 112274C,15,MAIN
HA 112275C,12,MAIN
HA 112276C,15,MAIN
HA 112277C,15,MAIN
HA 112278C,15,MAIN
HA 112279C,3,MAIN
HA 11227C,15,MAIN
HA 112280C,15,MAIN
HA 112281C,15,MAIN
HA 112282C,15,MAIN
HA 112283C,15,MAIN
HA 112284C,15,MAIN
HA 112285C,0,MAIN
HA 112286C,8,MAIN
HA 112287C,15,MAIN
HA 112288C,11,MAIN
HA 112289C,15,MAIN
HA 11228C,0,MAIN
HA 112290C,15,MAIN
HA 112291C,15,MAIN
HA 112292C,0,MAIN
HA 112293C,13,MAIN
HA 112294C,0,MAIN
HA 112295C,15,MAIN
HA 112296C,0,MAIN
HA 112297C,15,MAIN
HA 112298C,11,MAIN
HA 112299C,14,MAIN
HA 11229C,15,MAIN
HA 112300C,15,MAIN
HA 112301C,15,MAIN
HA 112302C,0,MAIN
HA 112303C,11,MAIN
HA 112304C,15,MAIN
HA 112305C,15,MAIN
HA 112306C,15,MAIN
HA 112307C,15,MAIN
HA 112308C,15,MAIN
HA 112309C,15,MAIN
HA 11230C,15,MAIN
HA 112310C,15,MAIN
HA 112311C,15,MAIN
HA 112312C,0,MAIN
HA 112313C,15,MAIN
HA 112314C,15,MAIN
HA 112316C,15,MAIN
HA 112317C,15,MAIN
HA 112318C,15,MAIN
HA 112319C,0,MAIN
HA 11231C,15,MAIN
HA 112320C,15,MAIN
HA 112321C,0,MAIN
HA 112322C,0,MAIN
HA 112323C,15,MAIN
HA 112324C,15,MAIN
HA 112325C,15,MAIN
HA 112326C,4,MAIN
HA 112327C,15,MAIN
HA 112328C,12,MAIN
HA 112329C,15,MAIN
HA 11232C,15,MAIN
HA 112330C,15,MAIN
HA 112331C,15,MAIN
HA 112332C,15,MAIN
HA 112333C,0,MAIN
HA 112334C,15,MAIN
HA 112335C,1,MAIN
HA 112336C,15,MAIN
HA 112337C,15,MAIN
HA 112338C,15,MAIN
HA 112339C,14,MAIN
HA 11233C,15,MAIN
HA 112340C,0,MAIN
HA 112341C,0,MAIN
HA 112342C,13,MAIN
HA 112343C,15,MAIN
HA 112344C,15,MAIN
HA 112345C,8,MAIN
HA 112346C,15,MAIN
HA 112347C,15,MAIN
HA 112348C,15,MAIN
HA 112349C,0,MAIN
HA 11234C,15,MAIN
HA 112350C,15,MAIN
HA 112351C,15,MAIN
HA 112352C,15,MAIN
HA 112353C,5,MAIN
HA 112354C,0,MAIN
HA 112355C,15,MAIN
HA 112356C,0,MAIN
HA 112357C,15,MAIN
HA 112358C,0,MAIN
HA 112359C,15,MAIN
HA 11235C,15,MAIN
HA 112360C,15,MAIN
HA 112361C,15,MAIN
HA 112362C,15,MAIN
HA 112363C,0,MAIN
HA 112364,0,MAIN
HA 112365C,13,MAIN
HA 112367C,15,MAIN
HA 112368C,15,MAIN
HA 112369,0,MAIN
HA 11236C,15,MAIN
HA 112370C,15,MAIN
HA 112371C,15,MAIN
HA 112372C,15,MAIN
HA 112373C,0,MAIN
HA 112374C,15,MAIN
HA 112375C,15,MAIN
HA 112376C,15,MAIN
HA 112377C,15,MAIN
HA 112378C,15,MAIN
HA 112379C,15,MAIN
HA 11237C,15,MAIN
HA 112380C,15,MAIN
HA 112381C,14,MAIN
HA 112382C,15,MAIN
HA 112383C,13,MAIN
HA 112384C,4,MAIN
HA 112385C,2,MAIN
HA 112386C,15,MAIN
HA 112387C,11,MAIN
HA 112388C,15,MAIN
HA 112389C,15,MAIN
HA 11238C,15,MAIN
HA 112390C,15,MAIN
HA 112391C,15,MAIN
HA 112392C,6,MAIN
HA 112393C,10,MAIN
HA 112394C,5,MAIN
HA 112395C,15,MAIN
HA 112396C,15,MAIN
HA 112397,0,MAIN
HA 112397C,15,MAIN
HA 112398C,10,MAIN
HA 112399C,15,MAIN
HA 11239C,15,MAIN
HA 112400C,3,MAIN
HA 112401C,15,MAIN
HA 112402C,0,MAIN
HA 112403C,12,MAIN
HA 112404C,10,MAIN
HA 112405C,6,MAIN
HA 112406C,15,MAIN
HA 112407C,15,MAIN
HA 112408C,15,MAIN
HA 112409C,15,MAIN
HA 11240C,15,MAIN
HA 112410C,9,MAIN
HA 112411C,15,MAIN
HA 112412C,0,MAIN
HA 112413C,15,MAIN
HA 112414C,15,MAIN
HA 112415C,14,MAIN
HA 112416C,15,MAIN
HA 112417C,15,MAIN
HA 112418C,15,MAIN
HA 112419C,15,MAIN
HA 11241C,15,MAIN
HA 112420C,15,MAIN
HA 112421C,15,MAIN
HA 112422C,15,MAIN
HA 112423C,15,MAIN
HA 112424C,15,MAIN
HA 112425C,0,MAIN
HA 112426C,15,MAIN
HA 112427C,15,MAIN
HA 112429C,15,MAIN
HA 11242C,13,MAIN
HA 112430C,7,MAIN
HA 112431C,3,MAIN
HA 112432C,0,MAIN
HA 112433C,15,MAIN
HA 112434C,15,MAIN
HA 112435C,15,MAIN
HA 112436C,15,MAIN
HA 112437C,15,MAIN
HA 112438C,15,MAIN
HA 112439C,15,MAIN
HA 11243C,14,MAIN
HA 112440C,15,MAIN
HA 112441C,9,MAIN
HA 112442C,15,MAIN
HA 112443C,15,MAIN
HA 112444C,0,MAIN
HA 112445C,15,MAIN
HA 112446C,0,MAIN
HA 112447C,15,MAIN
HA 112448C,15,MAIN
HA 112449C,14,MAIN
HA 11244C,15,MAIN
HA 112450C,0,MAIN
HA 112451C,15,MAIN
HA 112452C,15,MAIN
HA 112453C,15,MAIN
HA 112454C,15,MAIN
HA 112456C,15,MAIN
HA 112457C,0,MAIN
HA 112458C,15,MAIN
HA 112459C,14,MAIN
HA 11245C,15,MAIN
HA 112460C,15,MAIN
HA 112461C,15,MAIN
HA 112462C,15,MAIN
HA 112463C,15,MAIN
HA 112464C,0,MAIN
HA 112465C,15,MAIN
HA 112466C,15,MAIN
HA 112467C,15,MAIN
HA 112468C,15,MAIN
HA 112469C,13,MAIN
HA 11246C,10,MAIN
HA 112470C,3,MAIN
HA 112472,0,MAIN
HA 112473C,15,MAIN
HA 112474C,15,MAIN
HA 112475C,15,MAIN
HA 112476C,15,MAIN
HA 112477C,15,MAIN
HA 112478C,15,MAIN
HA 112479C,1,MAIN
HA 11247C,0,MAIN
HA 112480C,15,MAIN
HA 112481C,1,MAIN
HA 112482C,4,MAIN
HA 112483C,15,MAIN
HA 112484C,10,MAIN
HA 112485C,15,MAIN
HA 112486C,0,MAIN
HA 112487C,8,MAIN
HA 112488C,7,MAIN
HA 112489C,15,MAIN
HA 11248C,0,MAIN
HA 112490C,2,MAIN
HA 112491C,14,MAIN
HA 112492C,15,MAIN
HA 112493C,0,MAIN
HA 112494C,15,MAIN
HA 112495C,15,MAIN
HA 112496C,13,MAIN
HA 112497C,15,MAIN
HA 112498C,15,MAIN
HA 112499C,15,MAIN
HA 11249C,15,MAIN
HA 112500C,15,MAIN
HA 112501C,15,MAIN
HA 112502C,0,MAIN
HA 112503C,15,MAIN
HA 112504C,0,MAIN
HA 112505C,15,MAIN
HA 112506C,15,MAIN
HA 112507C,15,MAIN
HA 112508C,0,MAIN
HA 112509C,1,MAIN
HA 112510C,15,MAIN
HA 112511C,0,MAIN
HA 112512C,15,MAIN
HA 112513C,15,MAIN
HA 112514C,0,MAIN
HA 112515C,0,MAIN
HA 112516C,15,MAIN
HA 112517C,15,MAIN
HA 112518C,15,MAIN
HA 112519C,15,MAIN
HA 11251C,15,MAIN
HA 112520C,15,MAIN
HA 112521C,5,MAIN
HA 112522C,8,MAIN
HA 112523C,15,MAIN
HA 112524C,7,MAIN
HA 112526C,15,MAIN
HA 112527C,4,MAIN
HA 112528C,15,MAIN
HA 112529C,15,MAIN
HA 11252C,15,MAIN
HA 112530C,15,MAIN
HA 112531C,0,MAIN
HA 112532C,15,MAIN
HA 112533C,15,MAIN
HA 112534C,0,MAIN
HA 112535C,5,MAIN
HA 112536C,15,MAIN
HA 112537C,0,MAIN
HA 112538,0,MAIN
HA 112538C,8,MAIN
HA 112539C,13,MAIN
HA 11253C,15,MAIN
HA 112540C,15,MAIN
HA 112541C,15,MAIN
HA 112542C,14,MAIN
HA 112543C,0,MAIN
HA 112544C,15,MAIN
HA 112545C,15,MAIN
HA 112546C,9,MAIN
HA 112547C,15,MAIN
HA 112548C,0,MAIN
HA 112549C,15,MAIN
HA 11254C,15,MAIN
HA 112550C,0,MAIN
HA 112551C,15,MAIN
HA 112552C,14,MAIN
HA 112553C,0,MAIN
HA 112554C,0,MAIN
HA 112555C,15,MAIN
HA 112556C,15,MAIN
HA 112557C,6,MAIN
HA 112558C,15,MAIN
HA 112559C,0,MAIN
HA 11255C,15,MAIN
HA 112560C,15,MAIN
HA 112561C,10,MAIN
HA 112562C,15,MAIN
HA 112563C,15,MAIN
HA 112565C,8,MAIN
HA 112566C,0,MAIN
HA 112567C,15,MAIN
HA 112569,0,MAIN
HA 11256C,2,MAIN
HA 112570C,15,MAIN
HA 112571C,15,MAIN
HA 112572C,15,MAIN
HA 112575C,14,MAIN
HA 112576C,15,MAIN
HA 112577C,15,MAIN
HA 112578C,15,MAIN
HA 112579C,15,MAIN
HA 11257C,12,MAIN
HA 112580C,15,MAIN
HA 112582C,15,MAIN
HA 112584C,10,MAIN
HA 112585C,15,MAIN
HA 112586C,15,MAIN
HA 112587C,15,MAIN
HA 112588C,3,MAIN
HA 11258C,15,MAIN
HA 112590C,15,MAIN
HA 112591C,15,MAIN
HA 112592C,15,MAIN
HA 112593C,15,MAIN
HA 112594C,15,MAIN
HA 112596C,15,MAIN
HA 112597C,15,MAIN
HA 112598C,15,MAIN
HA 112599C,0,MAIN
HA 11259C,15,MAIN
HA 112600C,15,MAIN
HA 112601,1,MAIN
HA 112602,0,MAIN
HA 112603,0,MAIN
HA 112604,0,MAIN
HA 112605,0,MAIN
HA 112606,0,MAIN
HA 112607,0,MAIN
HA 112608C,2,MAIN
HA 112609C,10,MAIN
HA 11260C,0,MAIN
HA 112610C,15,MAIN
HA 112611C,0,MAIN
HA 112612C,0,MAIN
HA 112613C,15,MAIN
HA 112614C,0,MAIN
HA 112615C,15,MAIN
HA 112616C,12,MAIN
HA 112617C,15,MAIN
HA 112618C,15,MAIN
HA 11261C,13,MAIN
HA 112620C,15,MAIN
HA 112621C,15,MAIN
HA 112622C,0,MAIN
HA 112623C,15,MAIN
HA 112624C,15,MAIN
HA 112625C,15,MAIN
HA 112626C,15,MAIN
HA 112627C,15,MAIN
HA 112628C,15,MAIN
HA 112629C,15,MAIN
HA 11262C,15,MAIN
HA 112630C,14,MAIN
HA 112631C,15,MAIN
HA 112632C,0,MAIN
HA 112633C,15,MAIN
HA 112634C,11,MAIN
HA 112636C,15,MAIN
HA 112637C,15,MAIN
HA 112638C,4,MAIN
HA 112639C,8,MAIN
HA 11263C,14,MAIN
HA 112640C,2,MAIN
HA 112641C,15,MAIN
HA 112642,0,MAIN
HA 112643,0,MAIN
HA 112644C,15,MAIN
HA 112645C,15,MAIN
HA 112646C,11,MAIN
HA 112647C,0,MAIN
HA 112649C,15,MAIN
HA 11264C,15,MAIN
HA 112650C,0,MAIN
HA 112651C,15,MAIN
HA 112652C,0,MAIN
HA 112653C,5,MAIN
HA 112654C,15,MAIN
HA 112655C,15,MAIN
HA 112656C,15,MAIN
HA 112657C,15,MAIN
HA 112658C,7,MAIN
HA 112659C,15,MAIN
HA 11265C,15,MAIN
HA 112660C,5,MAIN
HA 112661C,15,MAIN
HA 112662C,15,MAIN
HA 112663C,15,MAIN
HA 112664C,15,MAIN
HA 112665C,15,MAIN
HA 112666C,15,MAIN
HA 112667C,15,MAIN
HA 112669C,15,MAIN
HA 11266C,0,MAIN
HA 112670C,15,MAIN
HA 112671C,7,MAIN
HA 112672C,15,MAIN
HA 112673C,15,MAIN
HA 112674C,15,MAIN
HA 112675C,15,MAIN
HA 112676C,0,MAIN
HA 112677,0,MAIN
HA 112678C,8,MAIN
HA 112679C,0,MAIN
HA 112680C,15,MAIN
HA 112681C,15,MAIN
HA 112682C,15,MAIN
HA 112683C,15,MAIN
HA 112684C,13,MAIN
HA 112685C,0,MAIN
HA 112686C,15,MAIN
HA 112687C,15,MAIN
HA 112689C,15,MAIN
HA 11268C,15,MAIN
HA 112690C,15,MAIN
HA 112691C,15,MAIN
HA 112692C,14,MAIN
HA 112693C,0,MAIN
HA 112694C,15,MAIN
HA 112695C,15,MAIN
HA 112696C,15,MAIN
HA 112697C,15,MAIN
HA 112698C,15,MAIN
HA 112699C,15,MAIN
HA 11269C,15,MAIN
HA 112700C,15,MAIN
HA 112701C,15,MAIN
HA 112702C,15,MAIN
HA 112703C,15,MAIN
HA 112704C,15,MAIN
HA 112705C,15,MAIN
HA 112706C,15,MAIN
HA 112707C,11,MAIN
HA 112708C,0,MAIN
HA 112709C,0,MAIN
HA 11270C,15,MAIN
HA 112710C,15,MAIN
HA 112712C,0,MAIN
HA 112713C,1,MAIN
HA 112714C,15,MAIN
HA 112715,0,MAIN
HA 112716C,0,MAIN
HA 112717C,15,MAIN
HA 112718C,15,MAIN
HA 112719C,15,MAIN
HA 11271C,15,MAIN
HA 112720C,6,MAIN
HA 112721C,11,MAIN
HA 112722C,0,MAIN
HA 112723C,0,MAIN
HA 112724C,15,MAIN
HA 112725C,15,MAIN
HA 112726C,15,MAIN
HA 112727C,15,MAIN
HA 112728C,15,MAIN
HA 112729C,15,MAIN
HA 11272C,15,MAIN
HA 112731C,15,MAIN
HA 112732C,15,MAIN
HA 112733C,0,MAIN
HA 112734C,11,MAIN
HA 112735C,15,MAIN
HA 112736C,14,MAIN
HA 112737C,15,MAIN
HA 112738C,15,MAIN
HA 112739C,15,MAIN
HA 11273C,0,MAIN
HA 112740C,6,MAIN
HA 112742C,15,MAIN
HA 112743C,15,MAIN
HA 112744C,0,MAIN
HA 112745C,10,MAIN
HA 112747C,15,MAIN
HA 112748C,15,MAIN
HA 112749C,15,MAIN
HA 11274C,15,MAIN
HA 112750C,15,MAIN
HA 112751C,15,MAIN
HA 112752C,15,MAIN
HA 112753C,0,MAIN
HA 112754C,15,MAIN
HA 112755C,15,MAIN
HA 112756C,1,MAIN
HA 112757C,15,MAIN
HA 112758C,15,MAIN
HA 112759C,2,MAIN
HA 11275C,15,MAIN
HA 112760C,15,MAIN
HA 112761C,15,MAIN
HA 112762C,2,MAIN
HA 112763C,15,MAIN
HA 112765C,15,MAIN
HA 112766C,15,MAIN
HA 112767C,0,MAIN
HA 112768C,15,MAIN
HA 112769C,15,MAIN
HA 11276C,2,MAIN
HA 112770C,15,MAIN
HA 112771C,15,MAIN
HA 112772C,0,MAIN
HA 112773C,15,MAIN
HA 112774C,15,MAIN
HA 112775C,15,MAIN
HA 112776C,15,MAIN
HA 112777C,4,MAIN
HA 112778C,15,MAIN
HA 112779C,15,MAIN
HA 11277C,15,MAIN
HA 112780C,15,MAIN
HA 112781C,15,MAIN
HA 112782C,14,MAIN
HA 112783C,9,MAIN
HA 112784C,7,MAIN
HA 112785C,8,MAIN
HA 112786C,15,MAIN
HA 112787C,15,MAIN
HA 112788C,15,MAIN
HA 112789C,15,MAIN
HA 112790,0,MAIN
HA 112791C,15,MAIN
HA 112792C,15,MAIN
HA 112793C,15,MAIN
HA 112794C,15,MAIN
HA 112795C,15,MAIN
HA 112796C,15,MAIN
HA 112797C,15,MAIN
HA 112798C,0,MAIN
HA 112799C,15,MAIN
HA 112800C,15,MAIN
HA 112802C,0,MAIN
HA 112803C,0,MAIN
HA 112804C,15,MAIN
HA 112805C,15,MAIN
HA 112806C,0,MAIN
HA 112807C,15,MAIN
HA 112808C,15,MAIN
HA 112809C,15,MAIN
HA 11280C,15,MAIN
HA 112810C,0,MAIN
HA 112811C,14,MAIN
HA 112812C,15,MAIN
HA 112813C,15,MAIN
HA 112814C,15,MAIN
HA 112815C,9,MAIN
HA 112816C,15,MAIN
HA 112817C,15,MAIN
HA 112818C,15,MAIN
HA 112819C,15,MAIN
HA 11281C,5,MAIN
HA 112820C,15,MAIN
HA 112821C,15,MAIN
HA 112822C,15,MAIN
HA 112823C,14,MAIN
HA 112825C,0,MAIN
HA 112826C,15,MAIN
HA 112827C,0,MAIN
HA 112828C,0,MAIN
HA 112829C,15,MAIN
HA 112830C,7,MAIN
HA 112831C,15,MAIN
HA 112832C,3,MAIN
HA 112833C,15,MAIN
HA 112834C,15,MAIN
HA 112835C,15,MAIN
HA 112836,0,MAIN
HA 112837C,0,MAIN
HA 112838C,15,MAIN
HA 112839C,15,MAIN
HA 11283C,10,MAIN
HA 112840C,15,MAIN
HA 112841C,15,MAIN
HA 112842C,15,MAIN
HA 112843C,15,MAIN
HA 112844C,15,MAIN
HA 112845C,15,MAIN
HA 112846C,15,MAIN
HA 112847C,0,MAIN
HA 112848C,15,MAIN
HA 112849C,15,MAIN
HA 11284C,15,MAIN
HA 112850C,15,MAIN
HA 112851C,0,MAIN
HA 112852C,15,MAIN
HA 112853C,15,MAIN
HA 112854C,12,MAIN
HA 112855C,15,MAIN
HA 112856C,15,MAIN
HA 112857C,15,MAIN
HA 112858C,15,MAIN
HA 112859C,15,MAIN
HA 11285C,0,MAIN
HA 112860C,15,MAIN
HA 112861C,15,MAIN
HA 112862C,15,MAIN
HA 112863C,0,MAIN
HA 112864C,0,MAIN
HA 112865C,15,MAIN
HA 112867C,15,MAIN
HA 112868C,15,MAIN
HA 11286C,0,MAIN
HA 112870C,1,MAIN
HA 112871C,0,MAIN
HA 112872C,15,MAIN
HA 112874C,0,MAIN
HA 112875C,10,MAIN
HA 11287C,0,MAIN
HA 11288C,15,MAIN
HA 11289C,15,MAIN
HA 11290C,15,MAIN
HA 11291C,15,MAIN
HA 11292C,15,MAIN
HA 11293C,0,MAIN
HA 11294C,15,MAIN
HA 11295C,1,MAIN
HA 11296C,15,MAIN
HA 11297C,15,MAIN
HA 11298C,15,MAIN
HA 11299C,3,MAIN
HA 11301C,0,MAIN
HA 11302C,15,MAIN
HA 11303C,15,MAIN
HA 11304C,0,MAIN
HA 11305C,7,MAIN
HA 11306C,13,MAIN
HA 11307C,15,MAIN
HA 11308C,15,MAIN
HA 11309C,15,MAIN
HA 11310C,12,MAIN
HA 11311C,15,MAIN
HA 11312C,1,MAIN
HA 11313C,15,MAIN
HA 11314C,13,MAIN
HA 11316C,15,MAIN
HA 11317C,15,MAIN
HA 11318,0,MAIN
HA 11319C,13,MAIN
HA 11320C,11,MAIN
HA 11321C,15,MAIN
HA 11322C,0,MAIN
HA 11323C,14,MAIN
HA 11324C,15,MAIN
HA 11325C,0,MAIN
HA 11326C,15,MAIN
HA 11327C,11,MAIN
HA 11328C,0,MAIN
HA 11330C,0,MAIN
HA 11331C,0,MAIN
HA 11332C,15,MAIN
HA 11333C,15,MAIN
HA 11334C,0,MAIN
HA 11335C,15,MAIN
HA 11336C,15,MAIN
HA 11337C,15,MAIN
HA 11338C,0,MAIN
HA 11339C,15,MAIN
HA 113400C,15,MAIN
HA 113401C,15,MAIN
HA 113404C,15,MAIN
HA 113406C,15,MAIN
HA 113407C,15,MAIN
HA 113408C,15,MAIN
HA 11340C,15,MAIN
HA 113410C,15,MAIN
HA 113411C,15,MAIN
HA 113412C,0,MAIN
HA 113413C,15,MAIN
HA 113414C,15,MAIN
HA 113415C,15,MAIN
HA 113416,0,MAIN
HA 113417C,15,MAIN
HA 113418C,15,MAIN
HA 113419C,15,MAIN
HA 11341C,8,MAIN
HA 113420SAC,0,MAIN
HA 113421C,15,MAIN
HA 113422C,15,MAIN
HA 113425C,15,MAIN
HA 113428C,0,MAIN
HA 113429C,9,MAIN
HA 11342C,15,MAIN
HA 113431,0,MAIN
HA 113433C,5,MAIN
HA 113434C,15,MAIN
HA 113435C,9,MAIN
HA 113436C,15,MAIN
HA 113437C,15,MAIN
HA 113439C,15,MAIN
HA 11343C,15,MAIN
HA 113442C,15,MAIN
HA 113443C,15,MAIN
HA 113445C,15,MAIN
HA 113446C,15,MAIN
HA 11344C,15,MAIN
HA 113450C,15,MAIN
HA 113451C,15,MAIN
HA 113453C,15,MAIN
HA 113454C,15,MAIN
HA 113456C,15,MAIN
HA 113457C,15,MAIN
HA 11345C,15,MAIN
HA 113460C,15,MAIN
HA 113462C,15,MAIN
HA 113463C,15,MAIN
HA 113464C,11,MAIN
HA 113465C,0,MAIN
HA 113466C,15,MAIN
HA 113467C,15,MAIN
HA 113468C,13,MAIN
HA 11346C,15,MAIN
HA 113470C,15,MAIN
HA 113471C,15,MAIN
HA 113472C,15,MAIN
HA 113473C,12,MAIN
HA 113474C,15,MAIN
HA 113475C,15,MAIN
HA 113476C,5,MAIN
HA 113477C,7,MAIN
HA 113479C,0,MAIN
HA 11347C,15,MAIN
HA 113480C,15,MAIN
HA 113482C,9,MAIN
HA 113483C,15,MAIN
HA 113484C,15,MAIN
HA 113486C,15,MAIN
HA 113487C,15,MAIN
HA 113488C,15,MAIN
HA 113489C,0,MAIN
HA 11348C,15,MAIN
HA 113490C,15,MAIN
HA 113491C,0,MAIN
HA 113492C,4,MAIN
HA 113493C,15,MAIN
HA 113494C,0,MAIN
HA 113495C,15,MAIN
HA 113496C,15,MAIN
HA 113497C,15,MAIN
HA 113498C,15,MAIN
HA 113499C,15,MAIN
HA 11349C,15,MAIN
HA 113500C,15,MAIN
HA 113501C,7,MAIN
HA 113502C,15,MAIN
HA 113503C,15,MAIN
HA 113504C,15,MAIN
HA 113505C,15,MAIN
HA 113506C,0,MAIN
HA 113507C,15,MAIN
HA 113508,0,MAIN
HA 113509C,15,MAIN
HA 11350C,15,MAIN
HA 113510C,15,MAIN
HA 113511C,15,MAIN
HA 113512C,15,MAIN
HA 113513C,15,MAIN
HA 113514C,1,MAIN
HA 113515C,11,MAIN
HA 113516C,15,MAIN
HA 113517C,15,MAIN
HA 113518C,15,MAIN
HA 113519C,0,MAIN
HA 11351C,12,MAIN
HA 113520C,9,MAIN
HA 113521C,15,MAIN
HA 113522C,4,MAIN
HA 113523C,2,MAIN
HA 113524C,15,MAIN
HA 113525C,0,MAIN
HA 113526C,15,MAIN
HA 113527C,15,MAIN
HA 113528C,15,MAIN
HA 113529C,15,MAIN
HA 11352C,13,MAIN
HA 113530C,15,MAIN
HA 113531C,15,MAIN
HA 113532C,0,MAIN
HA 113533C,15,MAIN
HA 113534,0,MAIN
HA 113535C,7,MAIN
HA 113536C,15,MAIN
HA 113537C,15,MAIN
HA 113538C,15,MAIN
HA 113539C,0,MAIN
HA 11353C,15,MAIN
HA 113540C,15,MAIN
HA 113541C,15,MAIN
HA 113542C,11,MAIN
HA 113543C,15,MAIN
HA 113544C,15,MAIN
HA 113545C,15,MAIN
HA 113547C,15,MAIN
HA 113549,0,MAIN
HA 11354C,15,MAIN
HA 113550C,15,MAIN
HA 113551C,6,MAIN
HA 113552C,15,MAIN
HA 113553C,15,MAIN
HA 113554C,15,MAIN
HA 113555C,15,MAIN
HA 113556C,15,MAIN
HA 113557C,15,MAIN
HA 113559,0,MAIN
HA 11355C,15,MAIN
HA 113560C,15,MAIN
HA 113561C,4,MAIN
HA 113562C,15,MAIN
HA 113563C,2,MAIN
HA 113566C,15,MAIN
HA 113567C,15,MAIN
HA 113568C,10,MAIN
HA 113569C,15,MAIN
HA 11356C,15,MAIN
HA 113571C,15,MAIN
HA 113572C,15,MAIN
HA 113573C,15,MAIN
HA 113574C,15,MAIN
HA 113575C,15,MAIN
HA 113576C,0,MAIN
HA 113578C,15,MAIN
HA 113579C,15,MAIN
HA 11357C,7,MAIN
HA 113580C,0,MAIN
HA 113581C,15,MAIN
HA 113582C,15,MAIN
HA 113583C,0,MAIN
HA 113584C,2,MAIN
HA 113585C,15,MAIN
HA 113586C,4,MAIN
HA 113587C,8,MAIN
HA 113588C,0,MAIN
HA 113589C,14,MAIN
HA 11358C,0,MAIN
HA 113590C,12,MAIN
HA 113591C,15,MAIN
HA 113592C,15,MAIN
HA 113593C,15,MAIN
HA 113596C,3,MAIN
HA 113597C,15,MAIN
HA 113599C,15,MAIN
HA 11359C,14,MAIN
HA 113600C,15,MAIN
HA 113601C,15,MAIN
HA 113605C,15,MAIN
HA 113607C,14,MAIN
HA 113608C,0,MAIN
HA 113609C,6,MAIN
HA 11360C,6,MAIN
HA 113610C,15,MAIN
HA 113611C,15,MAIN
HA 113613C,15,MAIN
HA 113614C,11,MAIN
HA 113615C,15,MAIN
HA 113616C,0,MAIN
HA 113619C,15,MAIN
HA 11361C,15,MAIN
HA 113620C,15,MAIN
HA 113621C,11,MAIN
HA 113622C,15,MAIN
HA 113623,0,MAIN
HA 113624C,15,MAIN
HA 113625C,15,MAIN
HA 113626C,0,MAIN
HA 113627C,0,MAIN
HA 113628C,15,MAIN
HA 113629C,15,MAIN
HA 113630C,15,MAIN
HA 113631C,15,MAIN
HA 113632C,15,MAIN
HA 113633C,10,MAIN
HA 113634,0,MAIN
HA 113635,0,MAIN
HA 113636C,15,MAIN
HA 113637C,15,MAIN
HA 113638C,0,MAIN
HA 113639C,15,MAIN
HA 11363C,15,MAIN
HA 113640C,0,MAIN
HA 113641C,15,MAIN
HA 113642C,9,MAIN
HA 113643C,15,MAIN
HA 113644C,15,MAIN
HA 113645C,15,MAIN
HA 113646C,15,MAIN
HA 113647C,15,MAIN
HA 113649C,0,MAIN
HA 11364C,0,MAIN
HA 113650,0,MAIN
HA 113651C,15,MAIN
HA 113652C,15,MAIN
HA 113653,0,MAIN
HA 113654C,7,MAIN
HA 113658C,15,MAIN
HA 113659C,4,MAIN
HA 11365C,0,MAIN
HA 113660C,0,MAIN
HA 113661C,15,MAIN
HA 113662C,0,MAIN
HA 113663C,15,MAIN
HA 113664C,15,MAIN
HA 113665C,0,MAIN
HA 113666C,15,MAIN
HA 113667C,0,MAIN
HA 113668C,15,MAIN
HA 113669C,14,MAIN
HA 11366C,5,MAIN
HA 113670C,6,MAIN
HA 113671C,15,MAIN
HA 113672C,15,MAIN
HA 113673C,15,MAIN
HA 113674C,15,MAIN
HA 113675C,15,MAIN
HA 113677C,5,MAIN
HA 11367C,6,MAIN
HA 113680C,15,MAIN
HA 113681C,6,MAIN
HA 113682C,15,MAIN
HA 113683C,15,MAIN
HA 113684C,15,MAIN
HA 113685C,15,MAIN
HA 113686C,13,MAIN
HA 113687C,9,MAIN
HA 11368C,11,MAIN
HA 113690C,15,MAIN
HA 113691C,0,MAIN
HA 113692C,7,MAIN
HA 113693C,15,MAIN
HA 113694C,15,MAIN
HA 113695C,15,MAIN
HA 113696C,15,MAIN
HA 113697C,15,MAIN
HA 113699C,15,MAIN
HA 11369C,15,MAIN
HA 113700C,0,MAIN
HA 113701C,15,MAIN
HA 113702C,15,MAIN
HA 113704C,15,MAIN
HA 113705C,15,MAIN
HA 113706C,15,MAIN
HA 113707C,0,MAIN
HA 113708C,15,MAIN
HA 113709C,15,MAIN
HA 11370C,7,MAIN
HA 113710C,15,MAIN
HA 113711C,11,MAIN
HA 113713C,15,MAIN
HA 113715C,0,MAIN
HA 113716C,15,MAIN
HA 113717C,15,MAIN
HA 113718C,15,MAIN
HA 113719C,0,MAIN
HA 11371C,15,MAIN
HA 113720C,15,MAIN
HA 113722C,14,MAIN
HA 113723C,15,MAIN
HA 113725C,15,MAIN
HA 113726C,5,MAIN
HA 113727,0,MAIN
HA 113729C,15,MAIN
HA 11372C,0,MAIN
HA 113730,0,MAIN
HA 113731,0,MAIN
HA 113732,0,MAIN
HA 113733,0,MAIN
HA 113734C,15,MAIN
HA 113735C,0,MAIN
HA 113736C,10,MAIN
HA 113737C,15,MAIN
HA 113738C,0,MAIN
HA 113739C,15,MAIN
HA 113740C,5,MAIN
HA 113742C,6,MAIN
HA 113743C,11,MAIN
HA 113744C,15,MAIN
HA 113746C,15,MAIN
HA 113747,0,MAIN
HA 113748C,15,MAIN
HA 113749C,0,MAIN
HA 11374C,10,MAIN
HA 113750C,15,MAIN
HA 113751C,15,MAIN
HA 113752C,4,MAIN
HA 113753C,15,MAIN
HA 113754C,15,MAIN
HA 113755C,15,MAIN
HA 113756C,5,MAIN
HA 113757C,10,MAIN
HA 113758C,15,MAIN
HA 113759C,15,MAIN
HA 11375C,0,MAIN
HA 113760C,9,MAIN
HA 113761C,5,MAIN
HA 113762C,15,MAIN
HA 113763,0,MAIN
HA 113764C,15,MAIN
HA 113765,0,MAIN
HA 113766C,15,MAIN
HA 113767,0,MAIN
HA 113768C,15,MAIN
HA 113769C,15,MAIN
HA 113770C,1,MAIN
HA 113771C,15,MAIN
HA 113772C,15,MAIN
HA 113774C,15,MAIN
HA 113775C,15,MAIN
HA 113776C,15,MAIN
HA 113777C,15,MAIN
HA 113778C,15,MAIN
HA 113779C,15,MAIN
HA 11377C,15,MAIN
HA 113780C,11,MAIN
HA 113781C,11,MAIN
HA 113782C,15,MAIN
HA 113783C,0,MAIN
HA 113784C,0,MAIN
HA 113785C,15,MAIN
HA 113786C,0,MAIN
HA 113787C,15,MAIN
HA 113788C,0,MAIN
HA 11378C,15,MAIN
HA 113792C,2,MAIN
HA 113793C,15,MAIN
HA 113795C,15,MAIN
HA 113796C,15,MAIN
HA 113797C,15,MAIN
HA 113798C,15,MAIN
HA 113799C,12,MAIN
HA 11379C,15,MAIN
HA 113800C,9,MAIN
HA 113801C,5,MAIN
HA 113809C,15,MAIN
HA 11380C,15,MAIN
HA 113811C,15,MAIN
HA 113812C,15,MAIN
HA 113813C,15,MAIN
HA 113815C,12,MAIN
HA 113816C,13,MAIN
HA 113817C,15,MAIN
HA 113818C,0,MAIN
HA 113819C,15,MAIN
HA 11381C,15,MAIN
HA 113821C,15,MAIN
HA 113822C,0,MAIN
HA 113824C,15,MAIN
HA 113825C,15,MAIN
HA 113826C,15,MAIN
HA 113827C,15,MAIN
HA 113828C,5,MAIN
HA 11382C,4,MAIN
HA 113830C,11,MAIN
HA 113831C,7,MAIN
HA 113834C,0,MAIN
HA 113835C,0,MAIN
HA 113836C,15,MAIN
HA 113837C,15,MAIN
HA 113838C,15,MAIN
HA 113839C,15,MAIN
HA 11383C,15,MAIN
HA 113840C,0,MAIN
HA 113841C,15,MAIN
HA 113842C,0,MAIN
HA 113843C,14,MAIN
HA 113844,0,MAIN
HA 113845C,15,MAIN
HA 113846C,15,MAIN
HA 113847C,15,MAIN
HA 113848C,14,MAIN
HA 113849C,0,MAIN
HA 11384C,14,MAIN
HA 113850C,0,MAIN
HA 113851C,8,MAIN
HA 113852C,0,MAIN
HA 113853C,15,MAIN
HA 113854C,11,MAIN
HA 113855C,8,MAIN
HA 113856C,15,MAIN
HA 113859C,15,MAIN
HA 11385C,15,MAIN
HA 113860C,0,MAIN
HA 113861C,15,MAIN
HA 113862C,15,MAIN
HA 113863C,0,MAIN
HA 113864C,15,MAIN
HA 113865C,15,MAIN
HA 113867C,15,MAIN
HA 113868C,15,MAIN
HA 113869,0,MAIN
HA 11386C,15,MAIN
HA 113870C,14,MAIN
HA 113871C,15,MAIN
HA 113872C,15,MAIN
HA 113875C,0,MAIN
HA 113876C,15,MAIN
HA 113877,0,MAIN
HA 113878C,0,MAIN
HA 113879C,15,MAIN
HA 11387C,15,MAIN
HA 113880C,15,MAIN
HA 113881C,15,MAIN
HA 113882C,15,MAIN
HA 113883C,15,MAIN
HA 113884C,15,MAIN
HA 113885C,15,MAIN
HA 113886C,15,MAIN
HA 113887C,15,MAIN
HA 113888C,9,MAIN
HA 113889C,7,MAIN
HA 11388C,15,MAIN
HA 113890C,3,MAIN
HA 113891C,3,MAIN
HA 113892C,15,MAIN
HA 113893C,15,MAIN
HA 113894C,15,MAIN
HA 113895C,15,MAIN
HA 113896C,0,MAIN
HA 113897,0,MAIN
HA 113898C,15,MAIN
HA 113899C,15,MAIN
HA 113900C,0,MAIN
HA 113901C,15,MAIN
HA 113902C,15,MAIN
HA 113903C,15,MAIN
HA 113904C,15,MAIN
HA 113905C,3,MAIN
HA 113906C,15,MAIN
HA 113907C,15,MAIN
HA 113908C,11,MAIN
HA 113909C,15,MAIN
HA 11390C,2,MAIN
HA 113910C,0,MAIN
HA 113911C,15,MAIN
HA 113912C,15,MAIN
HA 113913C,15,MAIN
HA 113914C,15,MAIN
HA 113918,0,MAIN
HA 113919C,15,MAIN
HA 11391C,3,MAIN
HA 113920C,0,MAIN
HA 113921C,15,MAIN
HA 113922C,15,MAIN
HA 113923C,2,MAIN
HA 113924C,12,MAIN
HA 113925C,15,MAIN
HA 113926C,15,MAIN
HA 113927C,15,MAIN
HA 113928C,15,MAIN
HA 11392C,1,MAIN
HA 113930C,13,MAIN
HA 113931C,15,MAIN
HA 113932C,15,MAIN
HA 113933C,15,MAIN
HA 113934C,15,MAIN
HA 113935C,15,MAIN
HA 113936C,15,MAIN
HA 113937C,0,MAIN
HA 11393C,14,MAIN
HA 113941C,15,MAIN
HA 113944C,15,MAIN
HA 113946C,15,MAIN
HA 113947C,15,MAIN
HA 113953C,0,MAIN
HA 113954C,15,MAIN
HA 113955C,15,MAIN
HA 113956C,15,MAIN
HA 113957C,15,MAIN
HA 113958C,15,MAIN
HA 113959C,15,MAIN
HA 11395C,8,MAIN
HA 113960C,0,MAIN
HA 113963C,0,MAIN
HA 113964C,15,MAIN
HA 113965C,0,MAIN
HA 11396C,15,MAIN
HA 113970C,0,MAIN
HA 113972C,11,MAIN
HA 113973C,15,MAIN
HA 113974C,0,MAIN
HA 113975C,15,MAIN
HA 113976C,15,MAIN
HA 113977C,15,MAIN
HA 113978C,12,MAIN
HA 113979C,15,MAIN
HA 11397C,0,MAIN
HA 113982C,0,MAIN
HA 113983C,15,MAIN
HA 113985C,15,MAIN
HA 113988C,15,MAIN
HA 113989,0,MAIN
HA 11398C,1,MAIN
HA 113990C,15,MAIN
HA 113991C,15,MAIN
HA 113992C,15,MAIN
HA 113993C,0,MAIN
HA 113994C,15,MAIN
HA 113995C,15,MAIN
HA 113996C,15,MAIN
HA 113997C,15,MAIN
HA 113998C,15,MAIN
HA 113999C,15,MAIN
HA 114003C,15,MAIN
HA 114004C,0,MAIN
HA 114007C,15,MAIN
HA 114008C,15,MAIN
HA 114009C,15,MAIN
HA 11400C,0,MAIN
HA 1140100C,15,MAIN
HA 114010C,15,MAIN
HA 114011C,15,MAIN
HA 114012C,15,MAIN
HA 114013C,15,MAIN
HA 114014C,9,MAIN
HA 114015C,15,MAIN
HA 114016C,15,MAIN
HA 11401C,0,MAIN
HA 114020C,15,MAIN
HA 114021C,15,MAIN
HA 114022C,5,MAIN
HA 114023C,0,MAIN
HA 114024C,15,MAIN
HA 114025C,15,MAIN
HA 114026C,15,MAIN
HA 114027C,15,MAIN
HA 114029C,15,MAIN
HA 11402C,15,MAIN
HA 114030C,15,MAIN
HA 114031C,15,MAIN
HA 114032C,15,MAIN
HA 114033C,15,MAIN
HA 114036C,15,MAIN
HA 114037C,15,MAIN
HA 114038C,15,MAIN
HA 114039C,15,MAIN
HA 114040C,15,MAIN
HA 114042C,15,MAIN
HA 114043C,15,MAIN
HA 114044C,15,MAIN
HA 114045C,15,MAIN
HA 114046C,15,MAIN
HA 114047C,15,MAIN
HA 114048C,0,MAIN
HA 114049C,15,MAIN
HA 11404C,15,MAIN
HA 114050C,15,MAIN
HA 114051C,15,MAIN
HA 114052C,15,MAIN
HA 114054C,0,MAIN
HA 114056C,15,MAIN
HA 114058C,0,MAIN
HA 114059C,15,MAIN
HA 11405C,0,MAIN
HA 114060C,15,MAIN
HA 114061C,15,MAIN
HA 114062C,15,MAIN
HA 114064C,15,MAIN
HA 114065C,15,MAIN
HA 114066C,15,MAIN
HA 114068,0,MAIN
HA 114069C,15,MAIN
HA 11406C,0,MAIN
HA 114070C,0,MAIN
HA 114071,0,MAIN
HA 114072,0,MAIN
HA 114073,0,MAIN
HA 114074C,0,MAIN
HA 114075C,0,MAIN
HA 114076,0,MAIN
HA 114077,0,MAIN
HA 114078,0,MAIN
HA 114079,0,MAIN
HA 11407C,15,MAIN
HA 114080,0,MAIN
HA 114086C,0,MAIN
HA 114087C,0,MAIN
HA 114088C,15,MAIN
HA 114089C,15,MAIN
HA 11408C,0,MAIN
HA 114090C,15,MAIN
HA 114091C,0,MAIN
HA 114092C,15,MAIN
HA 114093C,15,MAIN
HA 114094C,15,MAIN
HA 114096C,15,MAIN
HA 114098C,15,MAIN
HA 114099C,15,MAIN
HA 11409C,15,MAIN
HA 114105C,15,MAIN
HA 114106C,15,MAIN
HA 114108C,15,MAIN
HA 11410C,15,MAIN
HA 114111C,15,MAIN
HA 114112C,0,MAIN
HA 114113C,15,MAIN
HA 114114,0,MAIN
HA 114116C,15,MAIN
HA 11411C,0,MAIN
HA 114120C,15,MAIN
HA 114121C,15,MAIN
HA 114124C,15,MAIN
HA 114125C,0,MAIN
HA 114127C,0,MAIN
HA 114129C,0,MAIN
HA 11412C,15,MAIN
HA 114133C,15,MAIN
HA 114134C,0,MAIN
HA 114135C,0,MAIN
HA 114138C,0,MAIN
HA 114139C,0,MAIN
HA 11413C,15,MAIN
HA 114141C,15,MAIN
HA 114143C,0,MAIN
HA 114145C,0,MAIN
HA 114146C,15,MAIN
HA 114147,0,MAIN
HA 114148,0,MAIN
HA 11414C,15,MAIN
HA 114150C,15,MAIN
HA 114151C,15,MAIN
HA 114154C,0,MAIN
HA 114155C,15,MAIN
HA 114156C,15,MAIN
HA 114157,0,MAIN
HA 114159C,15,MAIN
HA 11415C,15,MAIN
HA 114160C,15,MAIN
HA 114161C,15,MAIN
HA 114162C,15,MAIN
HA 114163C,15,MAIN
HA 114164C,15,MAIN
HA 114165C,15,MAIN
HA 114166C,15,MAIN
HA 114167C,11,MAIN
HA 114168C,15,MAIN
HA 114169C,14,MAIN
HA 11416C,15,MAIN
HA 114170C,15,MAIN
HA 114171C,15,MAIN
HA 114172,0,MAIN
HA 114173,0,MAIN
HA 114175C,15,MAIN
HA 114176C,15,MAIN
HA 114177C,15,MAIN
HA 11417C,15,MAIN
HA 114180C,15,MAIN
HA 114182C,15,MAIN
HA 114183C,15,MAIN
HA 114186C,0,MAIN
HA 114187C,15,MAIN
HA 114188C,15,MAIN
HA 114189C,0,MAIN
HA 11418C,0,MAIN
HA 114190C,15,MAIN
HA 114191C,15,MAIN
HA 114192C,0,MAIN
HA 114193C,4,MAIN
HA 114194C,15,MAIN
HA 114195C,15,MAIN
HA 114196C,15,MAIN
HA 114197C,15,MAIN
HA 114198C,15,MAIN
HA 114199C,15,MAIN
HA 11419C,0,MAIN
HA 114200C,15,MAIN
HA 114201C,11,MAIN
HA 114203C,15,MAIN
HA 114204C,15,MAIN
HA 114205C,15,MAIN
HA 114206C,15,MAIN
HA 114207C,15,MAIN
HA 114208C,15,MAIN
HA 114209C,15,MAIN
HA 11420C,15,MAIN
HA 114210C,15,MAIN
HA 114211C,15,MAIN
HA 114212C,15,MAIN
HA 114213C,15,MAIN
HA 114214C,15,MAIN
HA 114216C,15,MAIN
HA 114217C,15,MAIN
HA 114219C,0,MAIN
HA 11421C,15,MAIN
HA 114221,0,MAIN
HA 114222C,0,MAIN
HA 114223C,15,MAIN
HA 114224C,15,MAIN
HA 114225C,0,MAIN
HA 114226C,15,MAIN
HA 114227C,15,MAIN
HA 114228C,0,MAIN
HA 114229C,0,MAIN
HA 11422C,15,MAIN
HA 114230C,15,MAIN
HA 114231C,15,MAIN
HA 114232C,15,MAIN
HA 114234,0,MAIN
HA 114235C,15,MAIN
HA 114236C,15,MAIN
HA 114238C,15,MAIN
HA 114239C,15,MAIN
HA 11423C,15,MAIN
HA 114240C,15,MAIN
HA 114241C,15,MAIN
HA 114242C,15,MAIN
HA 114244C,15,MAIN
HA 114246C,15,MAIN
HA 114247C,15,MAIN
HA 114248C,15,MAIN
HA 114249C,15,MAIN
HA 11424C,15,MAIN
HA 114250C,15,MAIN
HA 114251C,15,MAIN
HA 114252C,15,MAIN
HA 114253C,15,MAIN
HA 114254C,0,MAIN
HA 114255C,0,MAIN
HA 114259C,15,MAIN
HA 11425C,9,MAIN
HA 114262C,15,MAIN
HA 114263C,15,MAIN
HA 114264C,15,MAIN
HA 114265C,15,MAIN
HA 114266C,15,MAIN
HA 114268,0,MAIN
HA 114269C,15,MAIN
HA 11426C,9,MAIN
HA 114270C,15,MAIN
HA 114271C,15,MAIN
HA 114273C,15,MAIN
HA 114276C,0,MAIN
HA 114277C,15,MAIN
HA 114278C,15,MAIN
HA 114279C,15,MAIN
HA 11427C,15,MAIN
HA 114280C,15,MAIN
HA 114281C,15,MAIN
HA 114282,0,MAIN
HA 114283,0,MAIN
HA 114286C,15,MAIN
HA 114289C,15,MAIN
HA 11428C,15,MAIN
HA 114290C,15,MAIN
HA 114291C,15,MAIN
HA 114292C,15,MAIN
HA 114293C,15,MAIN
HA 114294C,15,MAIN
HA 114295C,15,MAIN
HA 114298C,15,MAIN
HA 114299,0,MAIN
HA 114299C,0,MAIN
HA 11429C,15,MAIN
HA 114300C,15,MAIN
HA 114301C,15,MAIN
HA 114302C,15,MAIN
HA 114303C,15,MAIN
HA 114304C,15,MAIN
HA 114305C,15,MAIN
HA 114306C,15,MAIN
HA 114307C,6,MAIN
HA 114308,0,MAIN
HA 114309,0,MAIN
HA 11430C,15,MAIN
HA 114310C,15,MAIN
HA 114311C,15,MAIN
HA 114312,0,MAIN
HA 114313,0,MAIN
HA 114314,0,MAIN
HA 114315,0,MAIN
HA 114316C,0,MAIN
HA 114317C,0,MAIN
HA 114318C,15,MAIN
HA 11431C,15,MAIN
HA 114320C,15,MAIN
HA 114324C,15,MAIN
HA 114327C,0,MAIN
HA 114328C,15,MAIN
HA 114329C,15,MAIN
HA 11432C,15,MAIN
HA 114330C,15,MAIN
HA 114331C,15,MAIN
HA 114333C,0,MAIN
HA 114335C,15,MAIN
HA 114337C,15,MAIN
HA 114338C,15,MAIN
HA 114339C,15,MAIN
HA 114340C,15,MAIN
HA 114341,0,MAIN
HA 114342C,0,MAIN
HA 114345C,15,MAIN
HA 114347C,0,MAIN
HA 114348C,15,MAIN
HA 114349C,13,MAIN
HA 11434C,15,MAIN
HA 114350C,5,MAIN
HA 114352C,15,MAIN
HA 114353C,15,MAIN
HA 114354C,15,MAIN
HA 114355C,15,MAIN
HA 114356C,15,MAIN
HA 114357C,15,MAIN
HA 114358C,15,MAIN
HA 114359C,15,MAIN
HA 11435C,15,MAIN
HA 114360C,0,MAIN
HA 114364C,15,MAIN
HA 114366C,0,MAIN
HA 114367C,15,MAIN
HA 114368C,15,MAIN
HA 114369C,0,MAIN
HA 11436C,15,MAIN
HA 114370C,15,MAIN
HA 114371C,15,MAIN
HA 114372C,15,MAIN
HA 114373C,0,MAIN
HA 114374C,15,MAIN
HA 114375C,15,MAIN
HA 11437C,15,MAIN
HA 114381C,15,MAIN
HA 114382C,15,MAIN
HA 114383C,15,MAIN
HA 114384C,15,MAIN
HA 114385C,9,MAIN
HA 114387C,15,MAIN
HA 114389C,15,MAIN
HA 11438C,0,MAIN
HA 114390C,15,MAIN
HA 114397C,15,MAIN
HA 114398C,15,MAIN
HA 114399C,15,MAIN
HA 11439C,15,MAIN
HA 1143C,15,MAIN
HA 114400C,15,MAIN
HA 114402C,7,MAIN
HA 114404C,15,MAIN
HA 114406C,0,MAIN
HA 114407C,15,MAIN
HA 114409C,15,MAIN
HA 11440C,15,MAIN
HA 114410C,15,MAIN
HA 114411C,15,MAIN
HA 114412C,15,MAIN
HA 114413C,15,MAIN
HA 114414C,15,MAIN
HA 114416,0,MAIN
HA 114417C,15,MAIN
HA 114418C,15,MAIN
HA 114419C,15,MAIN
HA 11441C,15,MAIN
HA 114421C,15,MAIN
HA 114424,0,MAIN
HA 114427C,15,MAIN
HA 114428C,15,MAIN
HA 114429C,15,MAIN
HA 11442C,15,MAIN
HA 114430C,0,MAIN
HA 114432,0,MAIN
HA 114433C,15,MAIN
HA 114434C,15,MAIN
HA 114435C,0,MAIN
HA 114436C,0,MAIN
HA 114437C,15,MAIN
HA 114438C,15,MAIN
HA 114439C,0,MAIN
HA 11443C,15,MAIN
HA 114440C,15,MAIN
HA 114441C,15,MAIN
HA 114443C,15,MAIN
HA 114447C,0,MAIN
HA 114448C,15,MAIN
HA 11444C,0,MAIN
HA 114451C,15,MAIN
HA 114453C,15,MAIN
HA 114454C,15,MAIN
HA 114455C,15,MAIN
HA 114456C,15,MAIN
HA 114458C,15,MAIN
HA 11445C,0,MAIN
HA 114460C,15,MAIN
HA 114461C,15,MAIN
HA 114462C,15,MAIN
HA 114463C,15,MAIN
HA 114464C,0,MAIN
HA 114465C,15,MAIN
HA 114466C,14,MAIN
HA 114468C,15,MAIN
HA 114469C,15,MAIN
HA 11446C,9,MAIN
HA 114474C,15,MAIN
HA 114475C,15,MAIN
HA 114476C,15,MAIN
HA 114477C,15,MAIN
HA 114478C,15,MAIN
HA 11447C,15,MAIN
HA 114481C,0,MAIN
HA 114483C,15,MAIN
HA 114484C,15,MAIN
HA 114485C,15,MAIN
HA 114486C,15,MAIN
HA 114487C,15,MAIN
HA 11448C,0,MAIN
HA 114490C,0,MAIN
HA 114491C,15,MAIN
HA 114492C,15,MAIN
HA 114496C,15,MAIN
HA 114498C,15,MAIN
HA 114499C,15,MAIN
HA 11449C,0,MAIN
HA 1144C,15,MAIN
HA 114501C,15,MAIN
HA 114502C,15,MAIN
HA 114503C,15,MAIN
HA 114504C,15,MAIN
HA 114505C,0,MAIN
HA 114506C,15,MAIN
HA 114507C,15,MAIN
HA 114508C,13,MAIN
HA 114510C,15,MAIN
HA 114511C,15,MAIN
HA 114512,0,MAIN
HA 114514C,15,MAIN
HA 114515C,15,MAIN
HA 114516C,0,MAIN
HA 114518C,15,MAIN
HA 114519C,0,MAIN
HA 11451C,15,MAIN
HA 114520C,15,MAIN
HA 114522C,15,MAIN
HA 114525C,15,MAIN
HA 114526C,0,MAIN
HA 114527C,0,MAIN
HA 114528C,0,MAIN
HA 114529C,0,MAIN
HA 11452C,15,MAIN
HA 114532C,0,MAIN
HA 114533C,15,MAIN
HA 114535C,15,MAIN
HA 114537C,0,MAIN
HA 114539C,15,MAIN
HA 11453C,15,MAIN
HA 114540C,15,MAIN
HA 114541C,15,MAIN
HA 114542C,15,MAIN
HA 114543C,0,MAIN
HA 114544C,15,MAIN
HA 114546C,0,MAIN
HA 114547C,15,MAIN
HA 11454C,15,MAIN
HA 114551C,0,MAIN
HA 114552C,0,MAIN
HA 114554C,6,MAIN
HA 114556C,15,MAIN
HA 114558C,15,MAIN
HA 114559C,15,MAIN
HA 11455C,0,MAIN
HA 114560C,0,MAIN
HA 114562C,0,MAIN
HA 114564C,15,MAIN
HA 114565C,15,MAIN
HA 114566C,0,MAIN
HA 114567C,0,MAIN
HA 114569C,0,MAIN
HA 11456C,15,MAIN
HA 114570C,0,MAIN
HA 114571C,15,MAIN
HA 114572C,0,MAIN
HA 114573C,15,MAIN
HA 114574C,15,MAIN
HA 114575C,15,MAIN
HA 114577C,0,MAIN
HA 114578C,0,MAIN
HA 11457C,0,MAIN
HA 114580C,15,MAIN
HA 114581C,15,MAIN
HA 114582C,0,MAIN
HA 114583C,0,MAIN
HA 114584C,15,MAIN
HA 114585C,15,MAIN
HA 114586C,0,MAIN
HA 114588C,15,MAIN
HA 11458C,0,MAIN
HA 114590C,0,MAIN
HA 114592C,0,MAIN
HA 114595C,15,MAIN
HA 114596C,15,MAIN
HA 114597C,15,MAIN
HA 11459C,4,MAIN
HA 1145C,15,MAIN
HA 114603C,0,MAIN
HA 114604C,15,MAIN
HA 114605C,15,MAIN
HA 114606C,15,MAIN
HA 114607C,15,MAIN
HA 114608C,15,MAIN
HA 11460C,15,MAIN
HA 114610C,0,MAIN
HA 114611C,0,MAIN
HA 114612C,0,MAIN
HA 114613C,15,MAIN
HA 114614C,0,MAIN
HA 114616C,0,MAIN
HA 114617C,0,MAIN
HA 114618C,0,MAIN
HA 114619C,0,MAIN
HA 11461C,15,MAIN
HA 114621C,15,MAIN
HA 114622C,15,MAIN
HA 114623C,0,MAIN
HA 114625C,0,MAIN
HA 114626C,0,MAIN
HA 114629C,0,MAIN
HA 11462C,7,MAIN
HA 114630C,0,MAIN
HA 114631C,0,MAIN
HA 114632C,0,MAIN
HA 114633C,0,MAIN
HA 114634C,0,MAIN
HA 114635C,0,MAIN
HA 114636C,0,MAIN
HA 114637C,0,MAIN
HA 114638C,0,MAIN
HA 114639C,15,MAIN
HA 11463C,0,MAIN
HA 114640C,0,MAIN
HA 114641C,0,MAIN
HA 114642C,0,MAIN
HA 114643C,0,MAIN
HA 114644C,0,MAIN
HA 114645C,0,MAIN
HA 114646C,0,MAIN
HA 114647C,15,MAIN
HA 114649C,0,MAIN
HA 11464C,0,MAIN
HA 114650C,0,MAIN
HA 114651C,0,MAIN
HA 114652C,0,MAIN
HA 114653C,15,MAIN
HA 114654C,0,MAIN
HA 114655C,0,MAIN
HA 114656C,15,MAIN
HA 114657C,15,MAIN
HA 114658C,0,MAIN
HA 114659C,0,MAIN
HA 11465C,15,MAIN
HA 114660C,0,MAIN
HA 114661C,15,MAIN
HA 114662C,0,MAIN
HA 114663C,15,MAIN
HA 114664C,0,MAIN
HA 114665C,15,MAIN
HA 114666C,0,MAIN
HA 114667C,15,MAIN
HA 114668C,15,MAIN
HA 114669C,0,MAIN
HA 11466C,15,MAIN
HA 114670C,0,MAIN
HA 114671C,0,MAIN
HA 114672C,0,MAIN
HA 114673C,0,MAIN
HA 114674C,15,MAIN
HA 114675C,0,MAIN
HA 114676C,0,MAIN
HA 114677C,15,MAIN
HA 114678C,15,MAIN
HA 114679C,0,MAIN
HA 11467C,0,MAIN
HA 114680C,0,MAIN
HA 114681C,15,MAIN
HA 114682C,0,MAIN
HA 114683C,0,MAIN
HA 114684C,0,MAIN
HA 114685C,0,MAIN
HA 114686C,0,MAIN
HA 114687C,0,MAIN
HA 114688C,0,MAIN
HA 114689C,0,MAIN
HA 11468C,15,MAIN
HA 114690C,0,MAIN
HA 114691C,0,MAIN
HA 114692C,15,MAIN
HA 114693C,15,MAIN
HA 114695C,0,MAIN
HA 114696C,0,MAIN
HA 114697C,0,MAIN
HA 114698C,0,MAIN
HA 114699C,0,MAIN
HA 11469C,15,MAIN
HA 1146C,15,MAIN
HA 114700,0,MAIN
HA 114701C,0,MAIN
HA 114702C,0,MAIN
HA 114703C,0,MAIN
HA 114704C,0,MAIN
HA 114705C,0,MAIN
HA 114706C,0,MAIN
HA 114707C,0,MAIN
HA 114708C,0,MAIN
HA 114709C,15,MAIN
HA 11470C,15,MAIN
HA 114710C,0,MAIN
HA 114711C,0,MAIN
HA 114712C,15,MAIN
HA 114713C,0,MAIN
HA 114714C,0,MAIN
HA 114715C,0,MAIN
HA 114716C,0,MAIN
HA 114717C,0,MAIN
HA 114718C,0,MAIN
HA 114719C,0,MAIN
HA 11471C,15,MAIN
HA 114720C,0,MAIN
HA 114722C,0,MAIN
HA 114723C,0,MAIN
HA 114724C,0,MAIN
HA 114725C,0,MAIN
HA 114726C,0,MAIN
HA 114727C,15,MAIN
HA 114728C,0,MAIN
HA 114729C,0,MAIN
HA 11472C,15,MAIN
HA 114730C,0,MAIN
HA 114732C,0,MAIN
HA 114733C,0,MAIN
HA 114734C,0,MAIN
HA 114735C,0,MAIN
HA 114736C,0,MAIN
HA 114738C,0,MAIN
HA 114739C,0,MAIN
HA 11473C,15,MAIN
HA 114740C,0,MAIN
HA 114741C,0,MAIN
HA 114742C,0,MAIN
HA 114745C,0,MAIN
HA 114747C,0,MAIN
HA 114749C,0,MAIN
HA 11474C,9,MAIN
HA 114750C,0,MAIN
HA 114751C,0,MAIN
HA 114753C,0,MAIN
HA 114754C,0,MAIN
HA 114757C,0,MAIN
HA 114758C,0,MAIN
HA 114759C,0,MAIN
HA 11475C,10,MAIN
HA 114760C,0,MAIN
HA 114761C,0,MAIN
HA 114762C,0,MAIN
HA 114763C,0,MAIN
HA 114767C,0,MAIN
HA 114768C,0,MAIN
HA 114769C,0,MAIN
HA 11476C,15,MAIN
HA 114770C,0,MAIN
HA 114771C,0,MAIN
HA 114773C,0,MAIN
HA 114775C,0,MAIN
HA 114776C,0,MAIN
HA 114777C,0,MAIN
HA 114778C,0,MAIN
HA 114779C,0,MAIN
HA 11477C,15,MAIN
HA 114780C,0,MAIN
HA 114781C,0,MAIN
HA 114782C,0,MAIN
HA 114783C,0,MAIN
HA 114784C,0,MAIN
HA 114786C,0,MAIN
HA 114787C,0,MAIN
HA 114788C,0,MAIN
HA 11478C,15,MAIN
HA 114791C,0,MAIN
HA 114792C,0,MAIN
HA 114793C,0,MAIN
HA 114796C,0,MAIN
HA 114797C,0,MAIN
HA 11479C,15,MAIN
HA 114804C,0,MAIN
HA 114805,4,MAIN
HA 114806,4,MAIN
HA 114807,2,MAIN
HA 114808,2,MAIN
HA 114809,2,MAIN
HA 11480C,15,MAIN
HA 114810,2,MAIN
HA 114811,1,MAIN
HA 114813,1,MAIN
HA 114814,1,MAIN
HA 114815,1,MAIN
HA 114817,1,MAIN
HA 114818,1,MAIN
HA 11481C,15,MAIN
HA 114822,2,MAIN
HA 11482C,15,MAIN
HA 114836,0,MAIN
HA 114837,0,MAIN
HA 114838,0,MAIN
HA 114839,0,MAIN
HA 11483C,15,MAIN
HA 11484C,15,MAIN
HA 114850,0,MAIN
HA 114851,0,MAIN
HA 114852,0,MAIN
HA 114856,0,MAIN
HA 114857,0,MAIN
HA 11485C,15,MAIN
HA 11486C,15,MAIN
HA 11487C,15,MAIN
HA 11488C,15,MAIN
HA 11489C,15,MAIN
HA 11490C,0,MAIN
HA 11491C,15,MAIN
HA 11492C,15,MAIN
HA 11494C,15,MAIN
HA 11495C,6,MAIN
HA 11496C,15,MAIN
HA 11498C,15,MAIN
HA 11499C,0,MAIN
HA 1149C,15,MAIN
HA 11501C,15,MAIN
HA 11502C,15,MAIN
HA 11503C,0,MAIN
HA 11504C,6,MAIN
HA 11505C,7,MAIN
HA 11506C,15,MAIN
HA 11507C,15,MAIN
HA 11508C,8,MAIN
HA 11509C,0,MAIN
HA 1150C,15,MAIN
HA 11510C,15,MAIN
HA 11511C,0,MAIN
HA 11512C,0,MAIN
HA 11513C,0,MAIN
HA 11514C,0,MAIN
HA 11515C,15,MAIN
HA 11517C,15,MAIN
HA 11518C,15,MAIN
HA 11519C,4,MAIN
HA 11520C,15,MAIN
HA 11521C,15,MAIN
HA 11522C,15,MAIN
HA 11523C,15,MAIN
HA 11525C,15,MAIN
HA 11526C,15,MAIN
HA 11527C,15,MAIN
HA 11528C,15,MAIN
HA 11529C,0,MAIN
HA 1152C,0,MAIN
HA 11530C,15,MAIN
HA 11531C,15,MAIN
HA 11532C,15,MAIN
HA 11533C,0,MAIN
HA 11534C,15,MAIN
HA 11535C,15,MAIN
HA 11536C,15,MAIN
HA 11537C,15,MAIN
HA 11538C,0,MAIN
HA 11539C,13,MAIN
HA 1153C,0,MAIN
HA 11540C,0,MAIN
HA 11541C,0,MAIN
HA 11542C,9,MAIN
HA 11543C,15,MAIN
HA 11545C,15,MAIN
HA 11546C,15,MAIN
HA 11547C,0,MAIN
HA 11548C,0,MAIN
HA 11549C,6,MAIN
HA 11550C,9,MAIN
HA 11551C,15,MAIN
HA 11552C,12,MAIN
HA 11553C,15,MAIN
HA 11555C,15,MAIN
HA 11556C,15,MAIN
HA 11557C,15,MAIN
HA 11558C,15,MAIN
HA 11559C,6,MAIN
HA 11560C,15,MAIN
HA 11561C,15,MAIN
HA 11562C,15,MAIN
HA 11563C,15,MAIN
HA 11564C,15,MAIN
HA 11565C,15,MAIN
HA 11566C,8,MAIN
HA 11567C,0,MAIN
HA 11568C,15,MAIN
HA 11569C,15,MAIN
HA 11570C,15,MAIN
HA 11571C,15,MAIN
HA 11572C,2,MAIN
HA 11573C,0,MAIN
HA 11574,1,MAIN
HA 11574C,14,MAIN
HA 11575C,15,MAIN
HA 11576C,3,MAIN
HA 11577C,15,MAIN
HA 11579,0,MAIN
HA 11580C,15,MAIN
HA 11582C,15,MAIN
HA 11583C,9,MAIN
HA 11586C,13,MAIN
HA 11587C,15,MAIN
HA 11588C,15,MAIN
HA 11589C,15,MAIN
HA 11590C,15,MAIN
HA 11591C,15,MAIN
HA 11593C,15,MAIN
HA 11594C,0,MAIN
HA 11595C,15,MAIN
HA 11597C,15,MAIN
HA 11598C,15,MAIN
HA 11599C,14,MAIN
HA 11600C,8,MAIN
HA 11601C,0,MAIN
HA 11603C,15,MAIN
HA 11604C,11,MAIN
HA 11606C,15,MAIN
HA 11607C,2,MAIN
HA 11608C,15,MAIN
HA 11609C,0,MAIN
HA 11610C,15,MAIN
HA 11611C,15,MAIN
HA 11612C,0,MAIN
HA 11613C,0,MAIN
HA 11614C,15,MAIN
HA 11615C,15,MAIN
HA 11616C,15,MAIN
HA 11617C,15,MAIN
HA 11618C,0,MAIN
HA 11619C,15,MAIN
HA 11620C,12,MAIN
HA 11621C,15,MAIN
HA 11622C,15,MAIN
HA 11623C,7,MAIN
HA 11625C,0,MAIN
HA 11626C,15,MAIN
HA 11627C,15,MAIN
HA 11628C,15,MAIN
HA 1166C,15,MAIN
HA 1167C,15,MAIN
HA 1168C,15,MAIN
HA 1169C,15,MAIN
HA 1170C,15,MAIN
HA 1171C,15,MAIN
HA 1172C,15,MAIN
HA 1174,0,MAIN
HA 1176C,10,MAIN
HA 1177C,15,MAIN
HA 1178C,2,MAIN
HA 1179C,0,MAIN
HA 1180C,15,MAIN
HA 1181C,15,MAIN
HA 1501C,15,MAIN
HA 1502C,15,MAIN
HA 1503C,15,MAIN
HA 1504C,0,MAIN
HA 1505C,0,MAIN
HA 1506C,15,MAIN
HA 1507C,15,MAIN
HA 1600,0,MAIN
HA 1601C,15,MAIN
HA 1602C,15,MAIN
HA 1605,0,MAIN
HA 1607C,15,MAIN
HA 1610,0,MAIN
HA 1611,0,MAIN
HA 1612C,15,MAIN
HA 1614,0,MAIN
HA 1617C,15,MAIN
HA 1620C,6,MAIN
HA 1621C,15,MAIN
HA 1622C,15,MAIN
HA 1623C,15,MAIN
HA 1624C,15,MAIN
HA 1625C,15,MAIN
HA 1626C,15,MAIN
HA 1627,0,MAIN
HA 1820,0,MAIN
HA 1823,0,MAIN
HA 1824,0,MAIN
HA 1825,0,MAIN
HA 1833,0,MAIN
HA 1834,0,MAIN
HA 1904,0,MAIN
HA 1905,0,MAIN
HA 1910,0,MAIN
HA 1920,0,MAIN
HA 1922,0,MAIN
HA 1925,0,MAIN
HA 1927,0,MAIN
HA 1930,0,MAIN
HA 1933C,15,MAIN
HA 1934,0,MAIN
HA 1950C,15,MAIN
HA 1951C,15,MAIN
HA 1952C,15,MAIN
HA 1954C,15,MAIN
HA 1956C,15,MAIN
HA 1962,0,MAIN
HA 1963C,15,MAIN
HA 1964C,15,MAIN
HA 1966C,15,MAIN
HA 1967C,15,MAIN
HA 1968C,15,MAIN
HA 1969C,15,MAIN
HA 1970C,15,MAIN
HA 1971C,0,MAIN
HA 1972C,15,MAIN
HA 1975C,7,MAIN
HA 2574C,15,MAIN
HA 3016C,15,MAIN
HA 5539,0,MAIN
HA 5541C,15,MAIN
HA 5558C,15,MAIN
HA 5568C,15,MAIN
HA 5570C,15,MAIN
HA 5577C,15,MAIN
HA 5582,0,MAIN
HA 5584C,0,MAIN
HA 5588,0,MAIN
HA 5590,0,MAIN
HA 5607,0,MAIN
HA 5616C,15,MAIN
HA 5617C,0,MAIN
HA 5701C,15,MAIN
HA 5708,0,MAIN
HA 5721C,15,MAIN
HA 5722C,15,MAIN
HA 5723,0,MAIN
HA 5724C,15,MAIN
HA 5727C,15,MAIN
HA 5728C,15,MAIN
HA 5732C,15,MAIN
HA 5733,0,MAIN
HA 5740,0,MAIN
HA 5749,0,MAIN
HA 5759,0,MAIN
HA 5762,0,MAIN
HA 5763,0,MAIN
HA 5764C,15,MAIN
HA 5773,0,MAIN
HA 5777C,15,MAIN
HA 5780C,0,MAIN
HA 5785,0,MAIN
HA 5786,0,MAIN
HA 5787,0,MAIN
HA 5790C,15,MAIN
HA 5791C,15,MAIN
HA 5792C,4,MAIN
HA 5794C,15,MAIN
HA 5795C,7,MAIN
HA 5796C,15,MAIN
HA 5797C,0,MAIN
HA 9066,0,MAIN
HA 9098C,15,MAIN
HA 9099,0,MAIN
HA 9100,0,MAIN
HA 9104,0,MAIN
HA 9134C,15,MAIN
HA 9136C,0,MAIN
HA 9137C,0,MAIN
HA 9138C,15,MAIN
HA 9139C,15,MAIN
HA 9140C,15,MAIN
HA 9141C,14,MAIN
HA 9142C,11,MAIN
HA 9147C,0,MAIN
HA 9148C,4,MAIN
HA 9149,0,MAIN
HA 9159C,15,MAIN
HA 9184C,1,MAIN
HA 9196C,0,MAIN
HA 9197,0,MAIN
HA 9198C,15,MAIN
HA 9199,0,MAIN
HA 9202,0,MAIN
HA 9208,0,MAIN
HA 9212,0,MAIN
HA 9213C,12,MAIN
HA 9217,0,MAIN
HA 9220C,10,MAIN
HA 9222C,0,MAIN
HA 9225C,1,MAIN
HA 9226C,0,MAIN
HA 9239,0,MAIN
HA 9264C,0,MAIN
HA 9266,0,MAIN
HA 9271,0,MAIN
HA 9283C,15,MAIN
HA 9284C,15,MAIN
HA 9286C,15,MAIN
HA 9301SC,15,MAIN
HA 9302C,15,MAIN
HA 9351,0,MAIN
HA 9352C,15,MAIN
HA 9353,0,MAIN
HA 9354C,0,MAIN
HA 9358,0,MAIN
HA 9359,0,MAIN
HA 9360SC,15,MAIN
HA 9361SC,15,MAIN
HA 9362C,15,MAIN
HA 9371C,0,MAIN
HA 9508C,15,MAIN
HA 9525C,15,MAIN
HA 9534,0,MAIN
HA 9557,0,MAIN
HA 9575,0,MAIN
HA 9585,0,MAIN
HA 9587,0,MAIN
HA 9777,0,MAIN
HA 9779,0,MAIN
HA 9784,0,MAIN
HA 9845,0,MAIN
HA 9860C,15,MAIN
HA 9867C,3,MAIN
HA 9938,0,MAIN
HA 9948,0,MAIN
HA 9968,0,MAIN
HA 9976,0,MAIN
HA 9980C,15,MAIN
HA 9984C,7,MAIN
HA 9985C,3,MAIN
HA 9988C,15,MAIN
HA 9989C,15,MAIN
HA 9990C,15,MAIN
HA 9996SC,15,MAIN
HA 9997C,15,MAIN
HB 0001C,15,MAIN
HB 0003,0,MAIN
HB 0004,0,MAIN
HC 0001,0,MAIN
HC 0002C,0,MAIN
HC 1001,0,MAIN
HC 1003C,15,MAIN
HC 1004C,15,MAIN
HC 1005,0,MAIN
HC 1006,0,MAIN
HC 1007C,15,MAIN
HC 1008C,15,MAIN
HC 1009C,15,MAIN
HC 1010,0,MAIN
HC 1011,0,MAIN
HC 1012,0,MAIN
HC 1013C,15,MAIN
HC 1014,0,MAIN
HC 1016,0,MAIN
HC 1017,0,MAIN
HC 1018,0,MAIN
HC 1019,0,MAIN
HC 1020,0,MAIN
HC 1021,0,MAIN
HC 1030C,15,MAIN
HC 1031,0,MAIN
HC 1032C,15,MAIN
HC 1033C,15,MAIN
HC 1034,15,MAIN
HC 1035,15,MAIN
HC 1037,0,MAIN
HC 1038C,15,MAIN
HC 1048,0,MAIN
HC 1049,0,MAIN
HC 1050C,0,MAIN
HC 1051,0,MAIN
HC 1052,0,MAIN
HC 1053,0,MAIN
HC 11530,0,MAIN
HC 11993,3,MAIN
HC 2002,15,MAIN
HC 2007C,15,MAIN
HC 2009,0,MAIN
HC 3001,0,MAIN
HC 3012,0,MAIN
HC 4002,0,MAIN
HC 4003G,0,MAIN
HC 4007,0,MAIN
HC 4014,0,MAIN
HC 4030,0,MAIN
HC 4031C,1,MAIN
HC 4035,0,MAIN
HC 4040,0,MAIN
HC 4041,4,MAIN
HC 4043,0,MAIN
HC 4044,0,MAIN
HC 4100,0,MAIN
HC 4101,0,MAIN
HC 4102,0,MAIN
HC 5000,0,MAIN
HC 5001,0,MAIN
HC 5002,0,MAIN
HC 5003,0,MAIN
HC 5004,0,MAIN
HC 5007,0,MAIN
HC 5008,0,MAIN
HC 5009,0,MAIN
HC 5010,0,MAIN
HC 5011,0,MAIN
HC 5012,0,MAIN
HC 5013,0,MAIN
HC 5014,0,MAIN
HC 5015,0,MAIN
HC 5016,0,MAIN
HC 5017,0,MAIN
HC 5018,0,MAIN
HC 5019,0,MAIN
HC 5020,0,MAIN
HC 5021,0,MAIN
HC 5022,0,MAIN
HC 5023,0,MAIN
HC 5025,0,MAIN
HC 5026,10,MAIN
HC 5027,0,MAIN
HC 5028,0,MAIN
HC 5029,0,MAIN
HC 5031C,15,MAIN
HC 5032,0,MAIN
HC 5033C,15,MAIN
HC 5035,3,MAIN
HC 5036C,15,MAIN
HC 5038,10,MAIN
HC 5039C,15,MAIN
HC 5040C,15,MAIN
HC 5041C,15,MAIN
HC 5042C,15,MAIN
HC 5043C,12,MAIN
HC 5044C,15,MAIN
HC 5045C,15,MAIN
HC 5046C,15,MAIN
HC 5047C,15,MAIN
HC 5049C,15,MAIN
HC 5050C,15,MAIN
HC 5051C,15,MAIN
HC 5052C,15,MAIN
HC 5053C,15,MAIN
HC 5054C,15,MAIN
HC 5055C,0,MAIN
HC 5056C,15,MAIN
HC 5057C,15,MAIN
HC 5058C,15,MAIN
HC 5059C,15,MAIN
HC 5060C,15,MAIN
HC 5061C,15,MAIN
HC 5063C,0,MAIN
HC 5064C,15,MAIN
HC 5065C,0,MAIN
HC 5067C,15,MAIN
HC 5070C,11,MAIN
HC 5071C,15,MAIN
HC 5072,0,MAIN
HC 5073,10,MAIN
HC 5074,15,MAIN
HC 5075,2,MAIN
HC 5076,1,MAIN
HC 5077,1,MAIN
HC 5080,0,MAIN
HC 8422C,15,MAIN
HC 8423,0,MAIN
HF 1901,0,MAIN
HF 1902C,15,MAIN
HF 1903C,15,MAIN
HF 1904C,15,MAIN
HF 1907C,15,MAIN
HF 1908C,15,MAIN
HF 1909C,15,MAIN
HF 1910,0,MAIN
HF 1912,0,MAIN
HF 1913C,0,MAIN
HF 1914,0,MAIN
HF 1915,7,MAIN
HF 1919,15,MAIN
HF 1923,0,MAIN
HF 1924,0,MAIN
HF 1928,0,MAIN
HF 1931C,15,MAIN
HF 1932,0,MAIN
HF 1933,0,MAIN
HF 1934,0,MAIN
HF 1936C,15,MAIN
HF 1940,0,MAIN
HF 1945,0,MAIN
HF 1950,0,MAIN
HF 1953,0,MAIN
HF 1954,0,MAIN
HF 1955,0,MAIN
HF 1962,0,MAIN
HF 1963,0,MAIN
HF 1964,2,MAIN
HF 1965C,13,MAIN
HK 0001KT,15,MAIN
HK 0002KT,0,MAIN
HK 0003KT,2,MAIN
HK 0004KT,0,MAIN
HT 1415,0,MAIN
HT 2000C,15,MAIN
HT 2001C,5,MAIN
HT 2002C,0,MAIN
HT 2004C,15,MAIN
HT 2005C,15,MAIN
HT 2006C,15,MAIN
HT 2007C,15,MAIN
HT 2009C,15,MAIN
HT 2010C,15,MAIN
HT 2011C,15,MAIN
HT 2012C,15,MAIN
HT 2013C,15,MAIN
HT 2014C,15,MAIN
HT 2015C,15,MAIN
HT 2016C,0,MAIN
HT 2017C,15,MAIN
HT 2018C,15,MAIN
HT 2019C,15,MAIN
HT 2020C,9,MAIN
HT 2021C,15,MAIN
HT 2022C,9,MAIN
HT 2023C,7,MAIN
HT 2024C,10,MAIN
HT 2025C,15,MAIN
HT 2026C,15,MAIN
HT 2027C,15,MAIN
HT 2028C,15,MAIN
HT 2029C,15,MAIN
HT 2030C,15,MAIN
HT 2031C,15,MAIN
HT 2032C,15,MAIN
HT 2033C,15,MAIN
HT 2034C,15,MAIN
HT 2035C,15,MAIN
HT 2036C,15,MAIN
HT 2037C,15,MAIN
HT 2038C,15,MAIN
HT 2039C,0,MAIN
HT 2040C,15,MAIN
HT 2041C,10,MAIN
HT 2042C,15,MAIN
HT 2043C,0,MAIN
HT 2044C,7,MAIN
HT 2045C,15,MAIN
HT 2046,0,MAIN
HT 2047C,15,MAIN
HT 2048C,15,MAIN
HT 2049C,5,MAIN
HT 2050C,15,MAIN
HT 2051C,15,MAIN
HT 2052C,15,MAIN
HT 2053C,15,MAIN
HT 2054C,15,MAIN
HT 2055C,0,MAIN
HT 2056C,14,MAIN
HT 2057C,15,MAIN
HT 2058C,10,MAIN
HT 2060C,15,MAIN
HT 2061C,15,MAIN
HT 2062C,0,MAIN
HT 2063C,15,MAIN
HT 2064C,15,MAIN
HT 2065C,15,MAIN
HT 2066C,15,MAIN
HT 2067,0,MAIN
HT 2067C,0,MAIN
HT 2068C,15,MAIN
HT 2069C,15,MAIN
HT 2070C,0,MAIN
HT 2071C,15,MAIN
HT 2072C,15,MAIN
HT 2073,0,MAIN
HT 2074C,15,MAIN
HT 2075,0,MAIN
HT 2075C,0,MAIN
HT 2076C,13,MAIN
HT 2077,0,MAIN
HT 2078,0,MAIN
HT 2079C,15,MAIN
HT 2080,0,MAIN
HT 2080C,0,MAIN
HT 2081,0,MAIN
HT 2081C,0,MAIN
HT 2082C,8,MAIN
HT 2083C,15,MAIN
HT 2084C,15,MAIN
HT 2085C,15,MAIN
HT 2086C,12,MAIN
HT 2087C,7,MAIN
HT 2088C,0,MAIN
HT 2089C,0,MAIN
HT 2091C,15,MAIN
HT 2092C,15,MAIN
HT 2093C,15,MAIN
HT 2094C,15,MAIN
HT 2096C,15,MAIN
HT 2097C,15,MAIN
HT 2098C,15,MAIN
HT 2099C,15,MAIN
HT 2100C,15,MAIN
HT 2102C,1,MAIN
HT 2104C,7,MAIN
HT 2105C,15,MAIN
HT 2106C,15,MAIN
HT 2107C,15,MAIN
HT 2108C,5,MAIN
HT 2109C,15,MAIN
HT 2110C,12,MAIN
HT 2111C,7,MAIN
HT 2113C,0,MAIN
HT 2114C,15,MAIN
HT 2115C,15,MAIN
HT 2116C,15,MAIN
HT 2117C,15,MAIN
HT 2118C,15,MAIN
HT 2119C,0,MAIN
HT 2120C,15,MAIN
HT 2121C,15,MAIN
HT 2122C,0,MAIN
HT 2123C,8,MAIN
HT 2124C,15,MAIN
HT 2125C,7,MAIN
HT 2126C,15,MAIN
HT 2127C,15,MAIN
HT 2128C,15,MAIN
HT 2130C,15,MAIN
HT 2131C,3,MAIN
HT 2132C,12,MAIN
HT 2133C,0,MAIN
HT 2134C,15,MAIN
HT 2136C,0,MAIN
HT 2137C,5,MAIN
HT 2138C,15,MAIN
HT 2140C,15,MAIN
HT 2141C,15,MAIN
HT 2142C,0,MAIN
HT 2143C,0,MAIN
HT 2146C,0,MAIN
HT 2147C,0,MAIN
HT 2149C,15,MAIN
HT 2150C,0,MAIN
HT 2151,0,MAIN
HT 2153,0,MAIN
HT 2154C,15,MAIN
HT 2155C,15,MAIN
HT 2159C,15,MAIN
HT 2161C,15,MAIN
HT 2162C,15,MAIN
HT 2163C,15,MAIN
HT 2164C,15,MAIN
HT 2165C,0,MAIN
HT 2166C,15,MAIN
HT 2168C,15,MAIN
HT 2170,0,MAIN
HT 2173C,15,MAIN
HT 2174C,15,MAIN
HT 2175,0,MAIN
HT 2176C,6,MAIN
HT 2177C,15,MAIN
HT 2178C,15,MAIN
HT 2179C,15,MAIN
HT 2180C,1,MAIN
HT 2181C,9,MAIN
HT 2182,0,MAIN
HT 2182C,0,MAIN
HT 2183C,15,MAIN
HT 2186,0,MAIN
HT 2187C,14,MAIN
HT 2188,0,MAIN
HT 2189C,15,MAIN
HT 2190,0,MAIN
HT 2191C,15,MAIN
HT 2194C,15,MAIN
HT 2195,0,MAIN
HT 2196C,5,MAIN
HT 2197,10,MAIN
HT 2198C,15,MAIN
HT 2200C,15,MAIN
HT 2203,0,MAIN
HT 2204C,15,MAIN
HT 2206C,4,MAIN
HT 2207C,0,MAIN
HT 2208C,10,MAIN
HT 2210C,15,MAIN
HT 2212C,15,MAIN
HT 2213C,15,MAIN
HT 2214C,15,MAIN
HT 2215C,15,MAIN
HT 2216C,12,MAIN
HT 2217,0,MAIN
HT 2218,0,MAIN
HT 2219C,15,MAIN
HT 2220,0,MAIN
HT 2221C,15,MAIN
HT 2222C,15,MAIN
HT 2223C,15,MAIN
HT 2224C,11,MAIN
HT 2225C,13,MAIN
HT 2226,0,MAIN
HT 2227,0,MAIN
HT 2228C,15,MAIN
HT 2229,0,MAIN
HT 2230C,15,MAIN
HT 2231C,15,MAIN
HT 2232C,15,MAIN
HT 2233C,15,MAIN
HT 2234,0,MAIN
HT 2236,0,MAIN
HT 2237,0,MAIN
HT 2238C,0,MAIN
HT 2240C,15,MAIN
HT 2242C,15,MAIN
HT 2243C,15,MAIN
HT 2244C,0,MAIN
HT 2245C,15,MAIN
HT 2246C,15,MAIN
HT 2248C,0,MAIN
HT 2250C,11,MAIN
HT 2251C,15,MAIN
HT 2252C,0,MAIN
HT 2253C,15,MAIN
HT 2254C,15,MAIN
HT 2256C,15,MAIN
HT 2257C,13,MAIN
HT 2258C,15,MAIN
HT 2259C,15,MAIN
HT 2260C,6,MAIN
HT 2261C,8,MAIN
HT 2262C,15,MAIN
HT 2263C,15,MAIN
HT 2264C,15,MAIN
HT 2266,0,MAIN
HT 2267,0,MAIN
HT 2268,0,MAIN
HT 2352C,15,MAIN
HT 2354,0,MAIN
HT 2355,0,MAIN
HT 2356,0,MAIN
HT 394178C,15,MAIN
HT 394185C,15,MAIN
HT 394195C,15,MAIN
HT 394208C,0,MAIN
HT 394211,0,MAIN
HT 394212C,15,MAIN
HT 394221,0,MAIN
HT 394222C,15,MAIN
HT 398002,0,MAIN
HT 398003C,15,MAIN
HT 398006,0,MAIN
HT 398008,0,MAIN
HT 398009,0,MAIN
HT 398010C,15,MAIN
HT 398011,0,MAIN
HT 398012,0,MAIN
HT 398013,0,MAIN
HT 398014,0,MAIN
HT 398015,0,MAIN
HT 398016,0,MAIN
HT 398017,0,MAIN
HT 398018,0,MAIN
HT 398019,0,MAIN
HT 398020,0,MAIN
HT 398021,0,MAIN
HT 398022,0,MAIN
HT 398201,0,MAIN
HT 398202C,12,MAIN
HT 398203,0,MAIN
HT 398204,0,MAIN
HT 398207,0,MAIN
HT 398209,0,MAIN
HT 398211,0,MAIN
HT 398212,0,MAIN
HT 398214C,15,MAIN
HT 398215C,15,MAIN
HT 398216,0,MAIN
HT 398218,0,MAIN
HT 398222,0,MAIN
HT 398223,0,MAIN
HT 398224,0,MAIN
HT 398226C,15,MAIN
HT 398229C,15,MAIN
HT 398230,0,MAIN
HT 398231,0,MAIN
HT 398235,0,MAIN
HT 398236,0,MAIN
HT 398237,0,MAIN
HT 398238,1,MAIN
HT 398239,0,MAIN
HT 398242,0,MAIN
HT 398243,0,MAIN
HT 398244,0,MAIN
HT 398248,0,MAIN
HT 398249,0,MAIN
HT 398257,0,MAIN
HT 398258,0,MAIN
HT 398259,0,MAIN
HT 398260C,0,MAIN
HT 398265,0,MAIN
HT 398266,0,MAIN
HT 398267,0,MAIN
HT 398269C,15,MAIN
HT 398271C,0,MAIN
HT 398272C,15,MAIN
HT 398273,0,MAIN
HT 398275C,13,MAIN
HT 398282C,15,MAIN
HT 398285,0,MAIN
HT 398288,0,MAIN
HT 398289,0,MAIN
HT 398290,0,MAIN
HT 398291,0,MAIN
HT 398294,0,MAIN
HT 398295,0,MAIN
HT 398296,0,MAIN
HT 398300,0,MAIN
HT 398306,0,MAIN
HT 398311,0,MAIN
HT 398322,0,MAIN
HT 398323,0,MAIN
HT 398324,0,MAIN
HT 398326,0,MAIN
HT 398327,0,MAIN
HT 398328,0,MAIN
HT 398330,0,MAIN
HT 398331,0,MAIN
HT 398332C,10,MAIN
HT 398333C,15,MAIN
HT 398334C,0,MAIN
HT 398337,0,MAIN
HT 398340,1,MAIN
HT 398342,0,MAIN
HT 398344,0,MAIN
HT 398345,0,MAIN
HT 398347,0,MAIN
HT 398348C,0,MAIN
HT 398349C,15,MAIN
HT 398351C,15,MAIN
HT 398352C,15,MAIN
HT 398353,0,MAIN
HT 398357C,0,MAIN
HT 398359C,8,MAIN
HT 398361C,1,MAIN
HT 398362,0,MAIN
HT 399000,0,MAIN
HT 399001,0,MAIN
HT 399004,0,MAIN
HT 399005C,0,MAIN
HT 399006,0,MAIN
HT 399007,0,MAIN
HT 399008,0,MAIN
HT 399010,0,MAIN
HT 399011,0,MAIN
HT 399012,0,MAIN
HT 399013,0,MAIN
HT 399014,0,MAIN
HT 399015,0,MAIN
HT 399016,0,MAIN
HT 399017,0,MAIN
HT 399018,0,MAIN
HT 399020,0,MAIN
HT 399021,0,MAIN
HT 399022C,0,MAIN
HT 399023,0,MAIN
HT 399025,0,MAIN
HT 399026,0,MAIN
HT 399027,0,MAIN
HT 399028,0,MAIN
HT 399030,0,MAIN
HT 399031,0,MAIN
HT 399035,0,MAIN
HT 399036,0,MAIN
HT 399037,0,MAIN
HT 399038,0,MAIN
HT 399039,0,MAIN
HT 399041,0,MAIN
HT 399042,0,MAIN
HT 399043,0,MAIN
HT 399044,0,MAIN
HT 399045,0,MAIN
HT 399047,0,MAIN
HT 399051,0,MAIN
HT 399052,0,MAIN
HT 399054,0,MAIN
HT 399055,0,MAIN
HT 399056,0,MAIN
HT 399059,0,MAIN
HT 399060,0,MAIN
HT 399061,0,MAIN
HT 399062,0,MAIN
HT 399063,0,MAIN
HT 399064,0,MAIN
HT 399066,0,MAIN
HT 399067,0,MAIN
HT 399069,0,MAIN
HT 399070,0,MAIN
HT 399072,0,MAIN
HT 399073,0,MAIN
HT 399074,0,MAIN
HT 399075,0,MAIN
HT 399076,0,MAIN
HT 399078C,14,MAIN
HT 399080,0,MAIN
HT 399081,0,MAIN
HT 399083C,15,MAIN
HT 399084,0,MAIN
HT 399086,0,MAIN
HT 399087,0,MAIN
HT 399088C,0,MAIN
HT 399090C,15,MAIN
HT 399091,0,MAIN
HT 399093,0,MAIN
HT 399094C,15,MAIN
HT 399095,0,MAIN
HT 399097,0,MAIN
HT 399099,0,MAIN
HT 399101,0,MAIN
HT 399103,0,MAIN
HT 399104,0,MAIN
HT 399105,0,MAIN
HT 399109,0,MAIN
HT 399115,0,MAIN
HT 399116,0,MAIN
HT 399117,0,MAIN
HT 399120,0,MAIN
HT 399122,0,MAIN
HT 399123,0,MAIN
HT 399124,0,MAIN
HT 399125,0,MAIN
HT 399126,0,MAIN
HT 399127,0,MAIN
HT 399129,0,MAIN
HT 399130,0,MAIN
HT 399131,0,MAIN
HT 399133,0,MAIN
HT 399135,0,MAIN
HT 399136,0,MAIN
HT 399137,0,MAIN
HT 399139,0,MAIN
HT 399140,0,MAIN
HT 399141,0,MAIN
HT 399142C,15,MAIN
HT 399153,0,MAIN
HT 399154C,15,MAIN
HT 399156C,15,MAIN
HT 399157C,15,MAIN
HT 399172C,15,MAIN
HT 399174C,15,MAIN
HT 399184C,15,MAIN
HT 399197,0,MAIN
HT 399204,0,MAIN
HT 399205,0,MAIN
HT 399206,0,MAIN
HT 399208,0,MAIN
HT 399211,0,MAIN
HT 399212C,15,MAIN
HT 399215C,15,MAIN
HT 399223,0,MAIN
HT 399239C,15,MAIN
HT 399242C,15,MAIN
HT 399245,0,MAIN
HT 399254C,15,MAIN
HT 399262C,15,MAIN
HT 399263C,15,MAIN
HT 399287C,2,MAIN
HT 399294C,15,MAIN
HT 399300,0,MAIN
HT 399301,0,MAIN
HT 399306,0,MAIN
HT 399307,0,MAIN
HT 399308,0,MAIN
HT 399309,0,MAIN
HT 399311,0,MAIN
HT 399312,0,MAIN
HT 399313,0,MAIN
HT 399314,0,MAIN
HT 399315,0,MAIN
HT 399316,0,MAIN
HT 399317,0,MAIN
HT 399318,0,MAIN
HT 399319,0,MAIN
HT 399320,0,MAIN
HT 399322,0,MAIN
HT 399323,0,MAIN
HT 399325,0,MAIN
HT 399327C,0,MAIN
HT 399329C,14,MAIN
HT 399331C,15,MAIN
HT 399345C,15,MAIN
HT 399346C,0,MAIN
HT 399352,0,MAIN
HT 399353,0,MAIN
HT 399354,0,MAIN
HT 399355,0,MAIN
HT 399361,0,MAIN
HT 399362,0,MAIN
HT 399363,0,MAIN
HT 399364,0,MAIN
HT 399375,0,MAIN
HT 399378,0,MAIN
HT 399379,0,MAIN
HT 399381,0,MAIN
HT 399382,0,MAIN
HT 399383,0,MAIN
HT 399385,0,MAIN
HT 399386,0,MAIN
HT 399401,0,MAIN
HT 399402,0,MAIN
HT 399403,0,MAIN
HT 399406,0,MAIN
HT 399412,0,MAIN
HT 399414,0,MAIN
HT 399415C,15,MAIN
HT 399416C,15,MAIN
HT 399417C,15,MAIN
HT 399418C,15,MAIN
HT 399419C,15,MAIN
HT 399420C,15,MAIN
HT 399421C,15,MAIN
HT 399422C,3,MAIN
HT 399423C,15,MAIN
HT 399424C,15,MAIN
HT 399425C,15,MAIN
HT 399426C,15,MAIN
HT 399427C,15,MAIN
HT 399428C,15,MAIN
HT 399429C,15,MAIN
HT 399430C,15,MAIN
HT 399901,0,MAIN
HT 399903C,15,MAIN
HT 399910,0,MAIN
HT 399914,0,MAIN
HT 399919C,15,MAIN
HT 399940C,15,MAIN
HT 399953C,0,MAIN
HT 399959C,15,MAIN
HT 399963C,3,MAIN
HT 399964C,11,MAIN
HT 399994C,15,MAIN
HT 399995C,0,MAIN
HT 399996,0,MAIN
HT 399996C,1,MAIN
HT 399998,0,MAIN
HT 400000,0,MAIN
HT 400002C,15,MAIN
HT 400003C,15,MAIN
HT 400006C,14,MAIN
HT 400007C,15,MAIN
HT 400008C,15,MAIN
HT 400009C,15,MAIN
HT 400011C,2,MAIN
HT 400012C,15,MAIN
HT 400013C,15,MAIN
HT 400014C,15,MAIN
HT 400015C,15,MAIN
HT 400016C,15,MAIN
HT 400017,0,MAIN
HT 400018,0,MAIN
HT 400019,0,MAIN
HT 400020C,15,MAIN
HT 400021C,15,MAIN
HT 400022C,15,MAIN
HT 400023C,15,MAIN
HT 400024C,15,MAIN
HT 400025C,13,MAIN
HT 400026C,0,MAIN
HT 400027C,8,MAIN
HT 400028C,15,MAIN
HT 400030C,15,MAIN
HT 400031C,5,MAIN
HT 400032C,7,MAIN
HT 400033C,15,MAIN
HT 400034C,15,MAIN
HT 400035C,0,MAIN
HT 400036C,15,MAIN
HT 400037,15,MAIN
HT 400038,0,MAIN
HT 400039C,0,MAIN
HT 400040C,0,MAIN
HT 400041C,8,MAIN
HT 400042C,0,MAIN
HT 400045C,15,MAIN
HT 400047C,0,MAIN
HT 400048C,0,MAIN
HT 400050C,14,MAIN
HT 400052C,15,MAIN
HT 400054,0,MAIN
HT 400055,0,MAIN
HT 400058C,15,MAIN
HT 400059C,15,MAIN
HT 400062C,15,MAIN
HT 400063C,4,MAIN
HT 400064C,15,MAIN
HT 400065,0,MAIN
HT 400066C,0,MAIN
HT 400067C,10,MAIN
HT 400068C,15,MAIN
HT 400071C,7,MAIN
HT 400074C,0,MAIN
HT 400075C,15,MAIN
HT 400078C,0,MAIN
HT 400079C,0,MAIN
HT 400080C,15,MAIN
HT 400084C,15,MAIN
HT 400085C,15,MAIN
HT 400088,0,MAIN
HT 400089C,15,MAIN
HT 400091C,15,MAIN
HT 400092C,15,MAIN
HT 400094C,15,MAIN
HT 400095,0,MAIN
HT 400104,0,MAIN
HT 400105C,15,MAIN
HT 400106C,15,MAIN
HT 400107C,15,MAIN
HT 400108,0,MAIN
HT 400109,0,MAIN
HT 400112,0,MAIN
HT 400116,0,MAIN
HT 400117,0,MAIN
HT 400119C,15,MAIN
HT 400122C,15,MAIN
HT 400125,0,MAIN
HT 400128C,15,MAIN
HT 400130C,0,MAIN
HT 400131,0,MAIN
HT 400133C,15,MAIN
HT 400134,1,MAIN
HT 400136,0,MAIN
HT 400140,0,MAIN
HT 400141C,15,MAIN
HT 400142C,15,MAIN
HT 400143,0,MAIN
HT 400145C,13,MAIN
HT 400147C,15,MAIN
HT 400148C,0,MAIN
HT 400150C,15,MAIN
HT 400151C,0,MAIN
HT 400152C,0,MAIN
HT 400153C,15,MAIN
HT 400154C,0,MAIN
HT 400155C,0,MAIN
HT 400156C,0,MAIN
HT 400158C,15,MAIN
HT 400159C,0,MAIN
HT 400160C,15,MAIN
HT 400161,0,MAIN
HT 400161C,0,MAIN
HT 400163C,5,MAIN
HT 400164C,0,MAIN
HT 400165,4,MAIN
HT 400168C,0,MAIN
HT 400169C,0,MAIN
HT 400171C,0,MAIN
HT 400173C,0,MAIN
HT 400174C,0,MAIN
HT 400175C,0,MAIN
HT 400176C,0,MAIN
HT 400177C,0,MAIN
HT 400178C,0,MAIN
HT 400179C,15,MAIN
HT 400180C,0,MAIN
HT 400181C,0,MAIN
HT 400183C,0,MAIN
HT 400185C,1,MAIN
HT 400186C,0,MAIN
HT 400187C,0,MAIN
HT 400190C,0,MAIN
HT 400191C,0,MAIN
HT 400192C,0,MAIN
HT 400193C,0,MAIN
HT 400194C,0,MAIN
HT 400195C,0,MAIN
HT 400196C,0,MAIN
HT 400197C,0,MAIN
HT 400198C,0,MAIN
HT 400206C,0,MAIN
HT 400208C,0,MAIN
HT 400210C,0,MAIN
HT 400242C,0,MAIN
HT 400243,6,MAIN
HT 400244,3,MAIN
HT 400245,3,MAIN
HT 400247,1,MAIN
HT 400248,1,MAIN
HT 400249,3,MAIN
HT 400250,6,MAIN
HT 400255,0,MAIN
HT 4191C,15,MAIN
HT 4197,0,MAIN
HT 4204C,0,MAIN
HT 4210C,15,MAIN
HT 5000C,15,MAIN
HT 8001C,15,MAIN
HT 8007C,14,MAIN
HT 80200,0,MAIN
HT 8221C,8,MAIN
HT 8240C,15,MAIN
HT 8245,0,MAIN
HT 8247C,15,MAIN
HT 8255C,15,MAIN
HT 8264C,0,MAIN
HT 8270,1,MAIN
HT 8292C,2,MAIN
HT 8305,0,MAIN
HT 8310C,4,MAIN
HT 8312C,15,MAIN
HT 8313C,15,MAIN
HT 8314,0,MAIN
HT 8315C,2,MAIN
HT 8335C,1,MAIN
HT 8336C,15,MAIN
HT 8338C,7,MAIN
HT 8339C,1,MAIN
HT 8341C,15,MAIN
HT 8343C,15,MAIN
HT 8361C,15,MAIN
HT 8455,0,MAIN
HT 8545,0,MAIN
HT 9024,0,MAIN
HT 9077C,15,MAIN
HT 9079,0,MAIN
HT 9098,0,MAIN
HT 9132,0,MAIN
HT 9233C,15,MAIN
HT 9465C,15,MAIN
HT 9466C,15,MAIN
HT 9467C,7,MAIN
HT 9468C,15,MAIN
HT 9469C,15,MAIN
HT 9470C,15,MAIN
HT 9473,0,MAIN
HU 1000,8,MAIN
HU 10000,0,MAIN
HU 1001,0,MAIN
HU 1002-6,0,MAIN
HU 1003C,15,MAIN
HU 1004,0,MAIN
HU 1005,15,MAIN
HU 1006,0,MAIN
HU 1414RD,0,MAIN
HU 1804RD,0,MAIN
HU 1804Y,0,MAIN
HU 1814RD,0,MAIN
HU 1815,0,MAIN
HU 1880,0,MAIN
HU 1881,0,MAIN
HU 19704C,0,MAIN
HU 19707C,15,MAIN
HU 2000C,15,MAIN
HU 2001C,0,MAIN
HU 2239RY,0,MAIN
HU 2385RY,0,MAIN
HU 2411RY,0,MAIN
HU 2625,0,MAIN
HU 2625RD,0,MAIN
HU 2626RY,0,MAIN
HU 2627,0,MAIN
HU 406AC,0,MAIN
HU 408AC,0,MAIN
HU 4386RD,0,MAIN
HU 4600RD,0,MAIN
HU 4605S,0,MAIN
HU 46121,0,MAIN
HU 4618S,0,MAIN
HU 4628C,0,MAIN
HU 4663C,15,MAIN
HU 4664,0,MAIN
HU 4665,0,MAIN
HU 4691S,0,MAIN
HU 4692C,0,MAIN
HU 4696C,0,MAIN
HU 4697C,0,MAIN
HU 476AC,0,MAIN
HU 5001RD,0,MAIN
HU 517C,0,MAIN
HU 520C,0,MAIN
HU 575C,0,MAIN
HU 601C,0,MAIN
HU 7227C,0,MAIN
HU 7333RD,0,MAIN
HU 7335R,0,MAIN
HU 9006,0,MAIN
HU 9998,0,MAIN
HU 9999,15,MAIN
HV 1000C,0,MAIN
HV 1001,4,MAIN
HV 1002C,15,MAIN
HV 1003,10,MAIN
HV 1004,0,MAIN
HV 1005,1,MAIN
HV 1006C,15,MAIN
HV 1007,0,MAIN
HV 1008,0,MAIN
HV 1009,1,MAIN
HV 1010C,15,MAIN
HV 1011C,15,MAIN
HV 1012C,15,MAIN
HV 1013,0,MAIN
HV 1014,0,MAIN
HV 1015,0,MAIN
HV 1016,0,MAIN
HV 1017C,0,MAIN
HV 1018,4,MAIN
HV 1019,0,MAIN
HV 1020,0,MAIN
HV 1021C,15,MAIN
HV 1022,15,MAIN
HV 1022C,15,MAIN
HV 1200,0,MAIN
HV 12000,15,MAIN
HV 1201C,14,MAIN
HV 1202,0,MAIN
HV 1203C,9,MAIN
HV 1204,0,MAIN
HV 1205,0,MAIN
HV 1206,0,MAIN
HV 1207,0,MAIN
HV 1208,0,MAIN
HV 1209,0,MAIN
HV 1210C,15,MAIN
HV 1211C,15,MAIN
HV 1212C,15,MAIN
HV 1213,1,MAIN
HV 1214C,0,MAIN
HV 1215C,15,MAIN
HV 1216C,0,MAIN
HV 1217C,15,MAIN
HV 1218C,0,MAIN
HV 1219C,15,MAIN
HV 1221,0,MAIN
HV 1222C,0,MAIN
HV 1223C,15,MAIN
HV 1224C,0,MAIN
HV 1225C,15,MAIN
HV 1226C,15,MAIN
HV 1227C,15,MAIN
HV 1228C,15,MAIN
HV 1229C,15,MAIN
HV 1231C,15,MAIN
HV 1232C,15,MAIN
HV 1233C,15,MAIN
HV 1234C,11,MAIN
HV 1554,15,MAIN
HV 1555,3,MAIN
HV 1923,0,MAIN
HV 2000,3,MAIN
HV 2004C,0,MAIN
HV 2211C,15,MAIN
HV 3001C,15,MAIN
HV 3015C,15,MAIN
HV 3615,0,MAIN
HV 4001,0,MAIN
HV 5392,3,MAIN
HV 5953,0,MAIN
HV 5954,0,MAIN
HV 5955,0,MAIN
HV 5956C,15,MAIN
HV 5957C,0,MAIN
HV 5958C,15,MAIN
HV 5959C,0,MAIN
HV 5960C,15,MAIN
HV 5961C,15,MAIN
HV 5962,15,MAIN
HV 5964,0,MAIN
HV 5966,0,MAIN
HV 5967C,0,MAIN
HV 5971,7,MAIN
HV 5972,5,MAIN
HV 5974,0,MAIN
HV 5975,2,MAIN
HV 5978,0,MAIN
HV 5979,10,MAIN
HV 5980,2,MAIN
HV 5981,1,MAIN
HV 5982,0,MAIN
HV 5983,1,MAIN
HV 5984,1,MAIN
HV 5986C,15,MAIN
HV 5987,13,MAIN
HV 5988,0,MAIN
HV 5991,1,MAIN
HV 5992,2,MAIN
HV 5993,14,MAIN
HV 5994,4,MAIN
HV 5995,7,MAIN
HV 5996,0,MAIN
HV 9474,0,MAIN
HV 9500,0,MAIN
HV 9501C,0,MAIN
HV 9502C,0,MAIN
HV 9503C,0,MAIN
HV 9504C,0,MAIN
HV 9505C,15,MAIN
HV 9506C,15,MAIN
HV 9515,0,MAIN
HV 9516,0,MAIN
HV 9517,0,MAIN
HV M54899-3C,9,MAIN
IC 0002,0,MAIN
IC 0004,0,MAIN
IC 0005,0,MAIN
IC 0006,0,MAIN
IC 0008,0,MAIN
IC 0009,0,MAIN
IC 0010,0,MAIN
IC 0011,0,MAIN
IC 0012,0,MAIN
IC 0017,0,MAIN
IC 0018,0,MAIN
IC 0019,0,MAIN
IC 0020,0,MAIN
IC 0021,0,MAIN
IC 0022,0,MAIN
IC 13304,0,MAIN
IC 13305,0,MAIN
IC 13306,0,MAIN
IC 13307,0,MAIN
IC 13307C,0,MAIN
IC 13308,0,MAIN
IC 13309,0,MAIN
IC 13310,0,MAIN
IC 13311,0,MAIN
IC 13312,0,MAIN
IC 13313,0,MAIN
IC 13314,0,MAIN
IC 13315,0,MAIN
IC 13316,0,MAIN
IC 13317,0,MAIN
IC 13319,0,MAIN
IC 13320,0,MAIN
IC 13322,0,MAIN
IC 13323,0,MAIN
IC 13324,0,MAIN
IC 13325,0,MAIN
IC 13326,0,MAIN
IC 13328,0,MAIN
IC 13329,0,MAIN
IC 13330,0,MAIN
IC 13331,0,MAIN
IC 13332,0,MAIN
IC 13333,0,MAIN
IC 13334,0,MAIN
IC 13339C,0,MAIN
IC 13342,0,MAIN
IC 13343,0,MAIN
IC 13344,0,MAIN
IC 13345,0,MAIN
IC 13346,0,MAIN
IC 13347,0,MAIN
IC 13348,0,MAIN
IC 13349,0,MAIN
IC 13350,0,MAIN
IC 13351,0,MAIN
IC 13352,0,MAIN
IC 13353,0,MAIN
IC 13354,0,MAIN
IC 13355,0,MAIN
IC 13356,0,MAIN
IC 13357,0,MAIN
IC 13358,0,MAIN
IC 13359,0,MAIN
IC 13360,0,MAIN
IC 13361,0,MAIN
IC 13362,0,MAIN
IC 13363,0,MAIN
IC 13364,0,MAIN
IC 13365,0,MAIN
IC 13366,0,MAIN
IC 13367,0,MAIN
IC 13371C,0,MAIN
IC 13374C,0,MAIN
IC 13381C,15,MAIN
IC 13393C,0,MAIN
IC 13395C,0,MAIN
IC 14036C,4,MAIN
IC 14106C,0,MAIN
IC 14107C,5,MAIN
IC 14157C,0,MAIN
IC 14159C,0,MAIN
IC 14160C,0,MAIN
IC 14165,0,MAIN
IP 1000C,15,MAIN
IP 1001C,15,MAIN
IP 1003C,15,MAIN
IP 1004,0,MAIN
IP 1009C,15,MAIN
IP 1020,0,MAIN
IP 1026,0,MAIN
IP 1046C,15,MAIN
IP 1047C,15,MAIN
IP 1048C,15,MAIN
IP 1051,0,MAIN
IP 1056,0,MAIN
IP 1059C,15,MAIN
IP 1095C,15,MAIN
IP 1096,0,MAIN
IP 1217,0,MAIN
IP 1218,0,MAIN
IP 1219,0,MAIN
IP 1220,0,MAIN
IP 1221,0,MAIN
IP 1222,0,MAIN
IP 1223,3,MAIN
IP 1224,0,MAIN
IP 89241,0,MAIN
IP 89244,0,MAIN
IP 89403,0,MAIN
KS 3008,15,MAIN
KS 3009,5,MAIN
KS 3010,15,MAIN
KS 3011,6,MAIN
KS 3012,15,MAIN
KS 3013,0,MAIN
KS 3014,5,MAIN
KS 3015,10,MAIN
KT 1000,4,MAIN
KT 1000A,4,MAIN
KT 1001,4,MAIN
KT 1001A,4,MAIN
KT 1001B,4,MAIN
KT 1001D,4,MAIN
KT 1002,3,MAIN
KT 1002A,3,MAIN
KT 1003,3,MAIN
KT 1003A,3,MAIN
KT 1004,1,MAIN
KT 1004A,1,MAIN
KT 1005,1,MAIN
KT 1005A,1,MAIN
KT 1006,1,MAIN
KT 1006A,0,MAIN
KT 1007,1,MAIN
KT 1007A,1,MAIN
KT 1008A,0,MAIN
KT 1009,5,MAIN
KT 1009A,5,MAIN
KT 1010,4,MAIN
KT 1010A,4,MAIN
KT 1011,1,MAIN
KT 1011A,1,MAIN
KT 1011B,6,MAIN
KT 1012,5,MAIN
KT 1012A,5,MAIN
KT 1013,2,MAIN
KT 1013A,2,MAIN
KT 1014,3,MAIN
KT 1014A,3,MAIN
KT 1015,0,MAIN
KT 1015A,0,MAIN
KT 1016,0,MAIN
KT 1017,0,MAIN
KT 1018,0,MAIN
KT 1019,0,MAIN
KT 1020,5,MAIN
KT 1020A,5,MAIN
KT 1021,0,MAIN
KT 1021A,0,MAIN
KT 1022,2,MAIN
KT 1022A,1,MAIN
KT 1023,2,MAIN
KT 1023A,2,MAIN
KT 1023B,2,MAIN
KT 1023D,0,MAIN
KT 1024,0,MAIN
KT 1026,2,MAIN
KT 1026A,4,MAIN
KT 1026B,2,MAIN
KT 1027,3,MAIN
KT 1027A,3,MAIN
KT 1029,0,MAIN
KT 1029A,0,MAIN
KT 1030,0,MAIN
KT 1031,3,MAIN
KT 1031A,12,MAIN
KT 1032,4,MAIN
KT 1033,5,MAIN
KT 1034,2,MAIN
KT 1034A,2,MAIN
KT 1035,0,MAIN
KT 1035A,0,MAIN
KT 1036,1,MAIN
KT 1036A,5,MAIN
KT 1036B,5,MAIN
KT 1037,0,MAIN
KT 1038,5,MAIN
KT 1038A,5,MAIN
KT 1039,5,MAIN
KT 1039A,5,MAIN
KT 1040,4,MAIN
KT 1041,5,MAIN
KT 1041A,5,MAIN
KT 1042,5,MAIN
KT 1042A,2,MAIN
KT 1043,4,MAIN
KT 1044,4,MAIN
KT 1046,3,MAIN
KT 1046A,3,MAIN
KT 1046B,3,MAIN
KT 1047,2,MAIN
KT 1047A,2,MAIN
KT 1048,2,MAIN
KT 1048A,2,MAIN
KT 1051,3,MAIN
KT 1051A,3,MAIN
KT 1052,3,MAIN
KT 1052A,3,MAIN
KT 1053,3,MAIN
KT 1053A,3,MAIN
KT 1054,2,MAIN
KT 1054A,2,MAIN
KT 1055,1,MAIN
KT 1055A,1,MAIN
KT 1056,2,MAIN
KT 1056A,2,MAIN
KT 1057,1,MAIN
KT 1057A,0,MAIN
KT 1058,2,MAIN
KT 1058A,2,MAIN
KT 1058B,2,MAIN
KT 1059,2,MAIN
KT 1059A,2,MAIN
KT 1060,0,MAIN
KT 1060A,0,MAIN
KT 1062,3,MAIN
KT 1062A,3,MAIN
KT 1063,3,MAIN
KT 1063A,3,MAIN
KT 1063B,3,MAIN
KT 1064,1,MAIN
KT 1064A,1,MAIN
KT 1065,1,MAIN
KT 1066,3,MAIN
KT 1066A,1,MAIN
KT 1066B,1,MAIN
KT 1066D,2,MAIN
KT 1067,3,MAIN
KT 1067A,3,MAIN
KT 1073,2,MAIN
KT 1073A,2,MAIN
KT 1074A,5,MAIN
KT 1076,1,MAIN
KT 1076A,1,MAIN
KT 1078,2,MAIN
KT 1078A,2,MAIN
KT 1085,0,MAIN
KT 1085A,0,MAIN
KT 1086A,0,MAIN
KT 1089,5,MAIN
KT 1089A,5,MAIN
KT 1092,0,MAIN
KT 1092A,0,MAIN
KT 1099,3,MAIN
KT 1101,5,MAIN
KT 1102,2,MAIN
KT 1102A,1,MAIN
KT 1103,1,MAIN
KT 1105,3,MAIN
KT 1105A,1,MAIN
KT 1106,2,MAIN
KT 1106A,2,MAIN
KT 1107,1,MAIN
KT 1107A,2,MAIN
KT 1108,1,MAIN
KT 1108A,1,MAIN
KT 1109,0,MAIN
KT 1109A,0,MAIN
KT 1111,2,MAIN
KT 1111A,2,MAIN
KT 1112,0,MAIN
KT 1112A,0,MAIN
KT 1113,0,MAIN
KT 1113A,0,MAIN
KT 1115,0,MAIN
KT 1115A,0,MAIN
KT 1117,1,MAIN
KT 1117A,1,MAIN
KT 1118,4,MAIN
KT 1118A,4,MAIN
KT 1119,2,MAIN
KT 1121,1,MAIN
KT 1122,4,MAIN
KT 1122A,4,MAIN
KT 1123,3,MAIN
KT 1123A,3,MAIN
KT 1124,3,MAIN
KT 1124A,3,MAIN
KT 1125,1,MAIN
KT 1125A,4,MAIN
KT 1125B,1,MAIN
KT 1126,4,MAIN
KT 1126A,4,MAIN
KT 1127,1,MAIN
KT 1128,3,MAIN
KT 1129,1,MAIN
KT 1132,0,MAIN
KT 1132A,0,MAIN
KT 1134,2,MAIN
KT 1134A,2,MAIN
KT 1136,4,MAIN
KT 1136A,4,MAIN
KT 1137,4,MAIN
KT 1137A,0,MAIN
KT 1138,4,MAIN
KT 1138A,4,MAIN
KT 1139,4,MAIN
KT 1139A,4,MAIN
KT 1140,2,MAIN
KT 1141,2,MAIN
KT 1142,0,MAIN
KT 1143,0,MAIN
KT 1144,0,MAIN
KT 1145,0,MAIN
KT 1146,0,MAIN
KT 1146A,0,MAIN
KT 1147,0,MAIN
KT 1147A,0,MAIN
KT 1148,0,MAIN
KT 1149,2,MAIN
KT 1151,1,MAIN
KT 1151A,1,MAIN
KT 1152,0,MAIN
KT 1152A,0,MAIN
KT 1153,0,MAIN
KT 1153A,0,MAIN
KT 1154,1,MAIN
KT 1154A,1,MAIN
KT 1155,1,MAIN
KT 1155A,1,MAIN
KT 1156,2,MAIN
KT 1157,1,MAIN
KT 1157A,1,MAIN
KT 1159,0,MAIN
KT 1159A,0,MAIN
KT 1160,1,MAIN
KT 1160A,5,MAIN
KT 1163,0,MAIN
KT 1163A,0,MAIN
KT 1165,0,MAIN
KT 1165A,0,MAIN
KT 1176,3,MAIN
KT 1176A,4,MAIN
KT 1177,1,MAIN
KT 1177A,3,MAIN
KT 1177B,3,MAIN
KT 1177D,3,MAIN
KT 1178,5,MAIN
KT 1178A,1,MAIN
KT 1184,2,MAIN
KT 1184A,5,MAIN
KT 1185,2,MAIN
KT 1185A,2,MAIN
KT 1186,2,MAIN
KT 1186A,2,MAIN
KT 1187,1,MAIN
KT 1187A,2,MAIN
KT 1188,2,MAIN
KT 1188A,2,MAIN
KT 1190,0,MAIN
KT 1190A,0,MAIN
KT 1193,5,MAIN
KT 1193A,5,MAIN
KT 1194,2,MAIN
KT 1194A,2,MAIN
KT 1194B,2,MAIN
KT 1195,2,MAIN
KT 1195A,2,MAIN
KT 1195OEM,0,MAIN
KT 1196,5,MAIN
KT 1196A,2,MAIN
KT 1198A,3,MAIN
KT 1201,2,MAIN
KT 1201A,1,MAIN
KT 1204,2,MAIN
KT 1204A,5,MAIN
KT 1205,1,MAIN
KT 1205A,1,MAIN
KT 1206,5,MAIN
KT 1207,1,MAIN
KT 1207A,1,MAIN
KT 1208,0,MAIN
KT 1208A,0,MAIN
KT 1213,1,MAIN
KT 1214,1,MAIN
KT 1217,1,MAIN
KT 1219,1,MAIN
KT 1220,3,MAIN
KT 1221,1,MAIN
KT 1222,3,MAIN
KT 1223,1,MAIN
KT 1226,1,MAIN
KT 1229,1,MAIN
KT 1230,0,MAIN
KT 1230A,0,MAIN
KT 1232,3,MAIN
KT 1233,1,MAIN
KT 1233A,1,MAIN
KT 1235,1,MAIN
KT 1235A,1,MAIN
KT 1237,1,MAIN
KT 1238,2,MAIN
KT 1239,0,MAIN
KT 1239A,0,MAIN
KT 1240,3,MAIN
KT 1242,1,MAIN
KT 1245,1,MAIN
KT 1245A,1,MAIN
KT 1248,2,MAIN
KT 1248A,2,MAIN
KT 1249,2,MAIN
KT 1249A,2,MAIN
KT 1250,1,MAIN
KT 1250A,1,MAIN
KT 1251,1,MAIN
KT 1252,1,MAIN
KT 1252A,1,MAIN
KT 1254,1,MAIN
KT 1254A,1,MAIN
KT 1255,1,MAIN
KT 1256,1,MAIN
KT 1256A,1,MAIN
KT 1257,1,MAIN
KT 1259,1,MAIN
KT 1259A,1,MAIN
KT 1260,1,MAIN
KT 1261,2,MAIN
KT 1261A,2,MAIN
KT 1262,2,MAIN
KT 1262A,1,MAIN
KT 1262B,1,MAIN
KT 1263,1,MAIN
KT 1263A,1,MAIN
KT 1264,1,MAIN
KT 1265,1,MAIN
KT 1267,0,MAIN
KT 1268,3,MAIN
KT 1269,5,MAIN
KT 1270,2,MAIN
KT 1270A,0,MAIN
KT 1271,5,MAIN
KT 1271A,5,MAIN
KT 1272,5,MAIN
KT 1272A,2,MAIN
KT 1274,5,MAIN
KT 1274A,5,MAIN
KT 1275,2,MAIN
KT 1276,3,MAIN
KT 1277,0,MAIN
KT 1278,2,MAIN
KT 1278A,0,MAIN
KT 1279,0,MAIN
KT 1279A,0,MAIN
KT 1279B,0,MAIN
KT 1280,2,MAIN
KT 1280A,2,MAIN
KT 1281,1,MAIN
KT 1282,2,MAIN
KT 1282A,2,MAIN
KT 1283,1,MAIN
KT 1284,5,MAIN
KT 1284A,5,MAIN
KT 1287,1,MAIN
KT 1288,0,MAIN
KT 1288A,3,MAIN
KT 1289,2,MAIN
KT 1289A,2,MAIN
KT 1291,1,MAIN
KT 1291A,1,MAIN
KT 1291B,1,MAIN
KT 1292,2,MAIN
KT 1292A,3,MAIN
KT 1292B,3,MAIN
KT 1292D,3,MAIN
KT 1293,0,MAIN
KT 1293A,0,MAIN
KT 1295,0,MAIN
KT 1295A,0,MAIN
KT 1296,0,MAIN
KT 1296A,0,MAIN
KT 1297,1,MAIN
KT 1298,5,MAIN
KT 1298A,5,MAIN
KT 1299,0,MAIN
KT 1299A,0,MAIN
KT 1301,1,MAIN
KT 1301A,2,MAIN
KT 1301B,1,MAIN
KT 1304,3,MAIN
KT 1304A,3,MAIN
KT 1304B,3,MAIN
KT 1304D,3,MAIN
KT 1305,0,MAIN
KT 1305A,0,MAIN
KT 1306,3,MAIN
KT 1311,5,MAIN
KT 1312,5,MAIN
KT 1313,5,MAIN
KT 1313A,5,MAIN
KT 1314,1,MAIN
KT 1314A,2,MAIN
KT 1315,5,MAIN
KT 1315A,5,MAIN
KT 1316,5,MAIN
KT 1316A,5,MAIN
KT 1317,4,MAIN
KT 1317A,4,MAIN
KT 1317B,4,MAIN
KT 1318,0,MAIN
KT 1318A,0,MAIN
KT 1319,1,MAIN
KT 1319A,1,MAIN
KT 1320,1,MAIN
KT 1320A,1,MAIN
KT 1321,1,MAIN
KT 1321A,0,MAIN
KT 1322,2,MAIN
KT 1322A,2,MAIN
KT 1323,4,MAIN
KT 1324,4,MAIN
KT 1324A,2,MAIN
KT 1324B,2,MAIN
KT 1325,3,MAIN
KT 1325A,3,MAIN
KT 1325B,3,MAIN
KT 1326,1,MAIN
KT 1326A,2,MAIN
KT 1327,5,MAIN
KT 1327A,5,MAIN
KT 1328,1,MAIN
KT 1328A,0,MAIN
KT 1329,1,MAIN
KT 1329A,1,MAIN
KT 1330,2,MAIN
KT 1330A,5,MAIN
KT 1332,5,MAIN
KT 1332A,5,MAIN
KT 1333,1,MAIN
KT 1334,1,MAIN
KT 1334A,0,MAIN
KT 1336,1,MAIN
KT 1336A,0,MAIN
KT 1337,1,MAIN
KT 1337A,1,MAIN
KT 1338,1,MAIN
KT 1338A,1,MAIN
KT 1339,3,MAIN
KT 1339A,3,MAIN
KT 1341,5,MAIN
KT 1342,2,MAIN
KT 1342A,0,MAIN
KT 1343,0,MAIN
KT 1343A,0,MAIN
KT 1346,1,MAIN
KT 1346A,3,MAIN
KT 1347,2,MAIN
KT 1347A,3,MAIN
KT 1349,2,MAIN
KT 1349A,1,MAIN
KT 1350,1,MAIN
KT 1351,1,MAIN
KT 1352,2,MAIN
KT 1353,3,MAIN
KT 1353A,3,MAIN
KT 1354,2,MAIN
KT 1354A,2,MAIN
KT 1355,3,MAIN
KT 1355A,3,MAIN
KT 1356,2,MAIN
KT 1356A,2,MAIN
KT 1359,1,MAIN
KT 1359A,1,MAIN
KT 1361,1,MAIN
KT 1361A,0,MAIN
KT 1362,1,MAIN
KT 1362A,1,MAIN
KT 1365,2,MAIN
KT 1365A,2,MAIN
KT 1367,1,MAIN
KT 1367A,1,MAIN
KT 1368,1,MAIN
KT 1369,2,MAIN
KT 1369A,4,MAIN
KT 1369B,4,MAIN
KT 1370,0,MAIN
KT 1370A,0,MAIN
KT 1371,2,MAIN
KT 1371A,5,MAIN
KT 1372,0,MAIN
KT 1373,2,MAIN
KT 1373A,2,MAIN
KT 1373B,2,MAIN
KT 1375,0,MAIN
KT 1375A,0,MAIN
KT 1377,1,MAIN
KT 1377A,1,MAIN
KT 1378,0,MAIN
KT 1378A,0,MAIN
KT 1383,4,MAIN
KT 1383A,4,MAIN
KT 1385,4,MAIN
KT 1385A,4,MAIN
KT 1386,4,MAIN
KT 1386A,4,MAIN
KT 1387,4,MAIN
KT 1387A,4,MAIN
KT 1389,4,MAIN
KT 1389A,4,MAIN
KT 1390,4,MAIN
KT 1394,5,MAIN
KT 1394A,5,MAIN
KT 1395,0,MAIN
KT 1395A,0,MAIN
KT 1397,2,MAIN
KT 1397A,2,MAIN
KT 1398,2,MAIN
KT 1398A,2,MAIN
KT 1400,2,MAIN
KT 1400A,1,MAIN
KT 1401,5,MAIN
KT 1401A,5,MAIN
KT 1402,2,MAIN
KT 1402A,2,MAIN
KT 1404,5,MAIN
KT 1404A,2,MAIN
KT 1405,5,MAIN
KT 1405A,5,MAIN
KT 1406,0,MAIN
KT 1407,0,MAIN
KT 1409,1,MAIN
KT 1409B,1,MAIN
KT 1411,5,MAIN
KT 1411A,5,MAIN
KT 1412,2,MAIN
KT 1412A,2,MAIN
KT 1413,2,MAIN
KT 1414,2,MAIN
KT 1414A,2,MAIN
KT 1415,2,MAIN
KT 1415A,2,MAIN
KT 1416,6,MAIN
KT 1416A,1,MAIN
KT 1416B,2,MAIN
KT 1416OEM,0,MAIN
KT 1418,2,MAIN
KT 1418A,2,MAIN
KT 1419,2,MAIN
KT 1420,1,MAIN
KT 1420A,1,MAIN
KT 1421,2,MAIN
KT 1422,0,MAIN
KT 1423,1,MAIN
KT 1424,0,MAIN
KT 1427,1,MAIN
KT 1427A,1,MAIN
KT 1428,4,MAIN
KT 1428A,2,MAIN
KT 1430,1,MAIN
KT 1434,1,MAIN
KT 1434A,1,MAIN
KT 1434B,1,MAIN
KT 1435,4,MAIN
KT 1435A,4,MAIN
KT 1437,1,MAIN
KT 1437A,4,MAIN
KT 1438,3,MAIN
KT 1438A,3,MAIN
KT 1439,4,MAIN
KT 1439A,4,MAIN
KT 1442,2,MAIN
KT 1442A,2,MAIN
KT 1442B,2,MAIN
KT 1442D,2,MAIN
KT 1444,2,MAIN
KT 1444A,2,MAIN
KT 1444B,2,MAIN
KT 1447,4,MAIN
KT 1447A,4,MAIN
KT 1449,5,MAIN
KT 1450,4,MAIN
KT 1450A,4,MAIN
KT 1451,1,MAIN
KT 1451A,5,MAIN
KT 1452,4,MAIN
KT 1454,5,MAIN
KT 1454A,2,MAIN
KT 1454B,1,MAIN
KT 1455,4,MAIN
KT 1456,0,MAIN
KT 1456A,0,MAIN
KT 1457,4,MAIN
KT 1458,0,MAIN
KT 1458A,0,MAIN
KT 1463,1,MAIN
KT 1463A,0,MAIN
KT 1464,0,MAIN
KT 1464A,0,MAIN
KT 1465,1,MAIN
KT 1467,1,MAIN
KT 1467A,0,MAIN
KT 1468,0,MAIN
KT 1469,0,MAIN
KT 1470,0,MAIN
KT 1470A,0,MAIN
KT 1471,1,MAIN
KT 1471A,0,MAIN
KT 1472,0,MAIN
KT 1472A,0,MAIN
KT 1472B,0,MAIN
KT 1474,1,MAIN
KT 1474A,0,MAIN
KT 1476,0,MAIN
KT 1476A,0,MAIN
KT 1477,6,MAIN
KT 1478,0,MAIN
KT 1478A,0,MAIN
KT 1478B,0,MAIN
KT 1482,0,MAIN
KT 1482A,0,MAIN
KT 1485,1,MAIN
KT 1485A,1,MAIN
KT 1488,0,MAIN
KT 1488A,0,MAIN
KT 1491,2,MAIN
KT 1491A,2,MAIN
KT 1493,2,MAIN
KT 1493A,3,MAIN
KT 1495,1,MAIN
KT 1495A,0,MAIN
KT 1505,3,MAIN
KT 1505A,3,MAIN
KT 1506,2,MAIN
KT 1506A,2,MAIN
KT 1507,0,MAIN
KT 1507A,0,MAIN
KT 1510,2,MAIN
KT 1510A,2,MAIN
KT 1511,0,MAIN
KT 1514,0,MAIN
KT 1515,1,MAIN
KT 1515A,1,MAIN
KT 1518,1,MAIN
KT 1518A,1,MAIN
KT 1518B,1,MAIN
KT 1521,2,MAIN
KT 1521A,4,MAIN
KT 1521B,4,MAIN
KT 1522,2,MAIN
KT 1523,4,MAIN
KT 1523A,4,MAIN
KT 1523B,4,MAIN
KT 1526,1,MAIN
KT 1526A,1,MAIN
KT 1529,1,MAIN
KT 1529A,1,MAIN
KT 1534,0,MAIN
KT 1535,0,MAIN
KT 1536,0,MAIN
KT 1544,1,MAIN
KT 1544A,1,MAIN
KT 1545,1,MAIN
KT 1545A,1,MAIN
KT 1549,2,MAIN
KT 1550,1,MAIN
KT 1550A,1,MAIN
KT 1555,1,MAIN
KT 1555A,1,MAIN
KT 1556,1,MAIN
KT 1556A,1,MAIN
KT 1557,5,MAIN
KT 1557A,5,MAIN
KT 1558,5,MAIN
KT 1558A,5,MAIN
KT 1558B,5,MAIN
KT 1559,3,MAIN
KT 1559A,3,MAIN
KT 1560,1,MAIN
KT 1560A,1,MAIN
KT 1561,1,MAIN
KT 1561A,1,MAIN
KT 1563,1,MAIN
KT 1563A,1,MAIN
KT 1569,2,MAIN
KT 1569A,1,MAIN
KT 1573,3,MAIN
KT 1573A,3,MAIN
KT 1574,1,MAIN
KT 1574A,1,MAIN
KT 1576,5,MAIN
KT 1576A,5,MAIN
KT 1577,5,MAIN
KT 1577A,5,MAIN
KT 1579,5,MAIN
KT 1579A,5,MAIN
KT 1580,1,MAIN
KT 1580A,5,MAIN
KT 1582,5,MAIN
KT 1582A,5,MAIN
KT 1584,5,MAIN
KT 1584A,5,MAIN
KT 1585,1,MAIN
KT 1585A,1,MAIN
KT 1587,0,MAIN
KT 1588,4,MAIN
KT 1590,1,MAIN
KT 1591,0,MAIN
KT 1591A,0,MAIN
KT 1594,0,MAIN
KT 1594A,0,MAIN
KT 1597,2,MAIN
KT 1597A,2,MAIN
KT 1598,2,MAIN
KT 1598A,2,MAIN
KT 1600,2,MAIN
KT 1600A,2,MAIN
KT 1602,2,MAIN
KT 1602A,2,MAIN
KT 1605,2,MAIN
KT 1605A,2,MAIN
KT 1606,2,MAIN
KT 1606A,2,MAIN
KT 1610,4,MAIN
KT 1610A,4,MAIN
KT 1610B,4,MAIN
KT 1611,0,MAIN
KT 1617,2,MAIN
KT 1617A,2,MAIN
KT 1618,2,MAIN
KT 1618A,2,MAIN
KT 1621,12,MAIN
KT 1621A,5,MAIN
KT 1624,0,MAIN
KT 1628,0,MAIN
KT 1628A,0,MAIN
KT 1629,0,MAIN
KT 1629A,0,MAIN
KT 1631,0,MAIN
KT 1631A,0,MAIN
KT 1636,1,MAIN
KT 1636A,1,MAIN
KT 1637,0,MAIN
KT 1637A,0,MAIN
KT 1638,0,MAIN
KT 1638A,0,MAIN
KT 1640,0,MAIN
KT 1644,0,MAIN
KT 1646,2,MAIN
KT 1649,2,MAIN
KT 1649A,2,MAIN
KT 1650,2,MAIN
KT 1650A,2,MAIN
KT 1655,0,MAIN
KT 1655A,0,MAIN
KT 1656,2,MAIN
KT 1656A,2,MAIN
KT 1659,0,MAIN
KT 1659A,0,MAIN
KT 1664,3,MAIN
KT 1664A,2,MAIN
KT 1665,5,MAIN
KT 1665A,5,MAIN
KT 1667,4,MAIN
KT 1667A,2,MAIN
KT 1669,0,MAIN
KT 1670,0,MAIN
KT 1671,0,MAIN
KT 1677,0,MAIN
KT 1677A,0,MAIN
KT 1678,0,MAIN
KT 1681,0,MAIN
KT 1686,5,MAIN
KT 1686A,5,MAIN
KT 1686B,5,MAIN
KT 1687,3,MAIN
KT 1687A,3,MAIN
KT 1688,4,MAIN
KT 1688A,4,MAIN
KT 1688B,2,MAIN
KT 1689,5,MAIN
KT 1689A,5,MAIN
KT 1691,4,MAIN
KT 1691A,4,MAIN
KT 1693,4,MAIN
KT 1693A,4,MAIN
KT 1695,4,MAIN
KT 1697,5,MAIN
KT 1697A,0,MAIN
KT 1697B,5,MAIN
KT 1698,4,MAIN
KT 1700,1,MAIN
KT 1700A,1,MAIN
KT 1701,1,MAIN
KT 1701A,1,MAIN
KT 1706,1,MAIN
KT 1706A,1,MAIN
KT 1707,1,MAIN
KT 1709,1,MAIN
KT 1711,2,MAIN
KT 1711A,2,MAIN
KT 1712,1,MAIN
KT 1712A,1,MAIN
KT 1714,4,MAIN
KT 1714A,4,MAIN
KT 1714B,4,MAIN
KT 1718,2,MAIN
KT 1718A,2,MAIN
KT 1719,2,MAIN
KT 1719A,2,MAIN
KT 1720,2,MAIN
KT 1720A,2,MAIN
KT 1724,0,MAIN
KT 1724A,0,MAIN
KT 1725,2,MAIN
KT 1725A,2,MAIN
KT 1726,2,MAIN
KT 1727,4,MAIN
KT 1727A,4,MAIN
KT 1728,1,MAIN
KT 1732,2,MAIN
KT 1733,2,MAIN
KT 1734,1,MAIN
KT 1738,0,MAIN
KT 1739,0,MAIN
KT 1744,2,MAIN
KT 1746,2,MAIN
KT 1746A,2,MAIN
KT 1747,2,MAIN
KT 1750,3,MAIN
KT 1751,3,MAIN
KT 1751A,3,MAIN
KT 1752,1,MAIN
KT 1752A,1,MAIN
KT 1754,0,MAIN
KT 1754A,0,MAIN
KT 1757,1,MAIN
KT 1760,1,MAIN
KT 1760A,1,MAIN
KT 1761,1,MAIN
KT 1764,1,MAIN
KT 1767,1,MAIN
KT 1767A,1,MAIN
KT 1769,1,MAIN
KT 1770,1,MAIN
KT 1772,0,MAIN
KT 1772A,0,MAIN
KT 1773,5,MAIN
KT 1774,0,MAIN
KT 1774A,0,MAIN
KT 1775,0,MAIN
KT 1775A,0,MAIN
KT 1777,0,MAIN
KT 1777A,0,MAIN
KT 1777B,0,MAIN
KT 1780,5,MAIN
KT 1782,0,MAIN
KT 1782A,0,MAIN
KT 1784,0,MAIN
KT 1784A,0,MAIN
KT 1786,0,MAIN
KT 1786A,0,MAIN
KT 1787,1,MAIN
KT 1787A,1,MAIN
KT 1788,1,MAIN
KT 1788A,1,MAIN
KT 1791,1,MAIN
KT 1793,1,MAIN
KT 1795,1,MAIN
KT 1795A,1,MAIN
KT 1796,1,MAIN
KT 1796A,1,MAIN
KT 1797,1,MAIN
KT 1798,0,MAIN
KT 1801,1,MAIN
KT 1801A,1,MAIN
KT 1802,1,MAIN
KT 1802A,1,MAIN
KT 1806,0,MAIN
KT 1806A,0,MAIN
KT 1818,2,MAIN
KT 1819,2,MAIN
KT 1820,2,MAIN
KT 1821,0,MAIN
KT 1822,4,MAIN
KT 1822A,4,MAIN
KT 1823,5,MAIN
KT 1823A,5,MAIN
KT 1824,1,MAIN
KT 1824A,1,MAIN
KT 1825,1,MAIN
KT 1825A,1,MAIN
KT 1826,2,MAIN
KT 1826A,2,MAIN
KT 1827,2,MAIN
KT 1827A,2,MAIN
KT 1828,4,MAIN
KT 1829A,4,MAIN
KT 1829B,4,MAIN
KT 1830,0,MAIN
KT 1830A,0,MAIN
KT 1831,0,MAIN
KT 1832,2,MAIN
KT 1832A,2,MAIN
KT 1833,2,MAIN
KT 1835,4,MAIN
KT 1835A,5,MAIN
KT 1836,0,MAIN
KT 1839,1,MAIN
KT 1839A,1,MAIN
KT 1841,1,MAIN
KT 1841A,1,MAIN
KT 1841B,1,MAIN
KT 1846,2,MAIN
KT 1846A,2,MAIN
KT 1847,2,MAIN
KT 1848,0,MAIN
KT 1849,2,MAIN
KT 1850,2,MAIN
KT 1850A,2,MAIN
KT 1851,2,MAIN
KT 1851A,2,MAIN
KT 1852,2,MAIN
KT 1852A,2,MAIN
KT 1854,0,MAIN
KT 1854A,0,MAIN
KT 1856,0,MAIN
KT 1857,0,MAIN
KT 1858,0,MAIN
KT 1865,1,MAIN
KT 1865A,1,MAIN
KT 1866,0,MAIN
KT 1866A,0,MAIN
KT 1867,0,MAIN
KT 1867A,0,MAIN
KT 1868,2,MAIN
KT 1868A,2,MAIN
KT 1869,2,MAIN
KT 1869A,2,MAIN
KT 1870,1,MAIN
KT 1870A,1,MAIN
KT 1873,0,MAIN
KT 1873A,0,MAIN
KT 1874,0,MAIN
KT 1874A,0,MAIN
KT 1879,0,MAIN
KT 1879A,0,MAIN
KT 1881,0,MAIN
KT 1882,0,MAIN
KT 1882A,0,MAIN
KT 1883,0,MAIN
KT 1883A,0,MAIN
KT 1886,0,MAIN
KT 1900,2,MAIN
KT 1900A,2,MAIN
KT 1901,2,MAIN
KT 1901A,2,MAIN
KT 1902,2,MAIN
KT 1902A,2,MAIN
KT 1910,2,MAIN
KT 1920,0,MAIN
KT 1922,2,MAIN
KT 1922A,2,MAIN
KT 1923,2,MAIN
KT 1923A,2,MAIN
KT 1924,2,MAIN
KT 1926,2,MAIN
KT 1926A,2,MAIN
KT 1927A,2,MAIN
KT 1928,2,MAIN
KT 1928A,2,MAIN
KT 1929,2,MAIN
KT 1929A,2,MAIN
KT 1932,1,MAIN
KT 1934,1,MAIN
KT 1934A,0,MAIN
KT 1934B,4,MAIN
KT 1934D,4,MAIN
KT 1934E,4,MAIN
KT 1935,1,MAIN
KT 1936,1,MAIN
KT 1939,4,MAIN
KT 1939A,4,MAIN
KT 1941,0,MAIN
KT 1941A,0,MAIN
KT 1941B,0,MAIN
KT 1942,1,MAIN
KT 1942A,1,MAIN
KT 1944,1,MAIN
KT 1944A,1,MAIN
KT 1944B,1,MAIN
KT 1944D,1,MAIN
KT 1947,1,MAIN
KT 1947A,1,MAIN
KT 1949,2,MAIN
KT 1950,2,MAIN
KT 1950A,2,MAIN
KT 1951,4,MAIN
KT 1951A,4,MAIN
KT 1952,1,MAIN
KT 1952A,1,MAIN
KT 1953,5,MAIN
KT 1953A,5,MAIN
KT 1954,1,MAIN
KT 1954A,5,MAIN
KT 1956,1,MAIN
KT 1956A,1,MAIN
KT 1956B,1,MAIN
KT 1959,0,MAIN
KT 1959A,0,MAIN
KT 1959B,0,MAIN
KT 1960,1,MAIN
KT 1960A,1,MAIN
KT 1962,1,MAIN
KT 1962A,3,MAIN
KT 1964,1,MAIN
KT 1964A,5,MAIN
KT 1967,5,MAIN
KT 1967A,5,MAIN
KT 1969,0,MAIN
KT 1969A,0,MAIN
KT 1972,5,MAIN
KT 1972A,5,MAIN
KT 1973,3,MAIN
KT 1973A,3,MAIN
KT 1974,3,MAIN
KT 1974A,3,MAIN
KT 1975,3,MAIN
KT 1975A,3,MAIN
KT 1976,0,MAIN
KT 1978,2,MAIN
KT 1978A,2,MAIN
KT 1979,3,MAIN
KT 1979A,3,MAIN
KT 1980,3,MAIN
KT 1980A,3,MAIN
KT 1981,5,MAIN
KT 1981A,5,MAIN
KT 1982,1,MAIN
KT 1982A,2,MAIN
KT 1984,5,MAIN
KT 1984A,5,MAIN
KT 1985,5,MAIN
KT 1985A,5,MAIN
KT 1986,5,MAIN
KT 1986A,5,MAIN
KT 1987,5,MAIN
KT 1987A,5,MAIN
KT 1993,0,MAIN
KT 1993A,0,MAIN
KT 2000,0,MAIN
KT 2000A,0,MAIN
KT 2001,0,MAIN
KT 2001A,0,MAIN
KT 2002,0,MAIN
KT 2002A,0,MAIN
KT 2005,0,MAIN
KT 2005A,0,MAIN
KT 2006,0,MAIN
KT 2006A,0,MAIN
KT 2007,2,MAIN
KT 2007A,1,MAIN
KT 2007B,1,MAIN
KT 2010,2,MAIN
KT 2010A,5,MAIN
KT 2011,3,MAIN
KT 2011A,5,MAIN
KT 2011B,5,MAIN
KT 2012,5,MAIN
KT 2012A,5,MAIN
KT 2013,3,MAIN
KT 2013A,2,MAIN
KT 2013B,0,MAIN
KT 2014A,5,MAIN
KT 2016,1,MAIN
KT 2016A,1,MAIN
KT 2016B,1,MAIN
KT 2017,1,MAIN
KT 2020,1,MAIN
KT 2020A,1,MAIN
KT 2020B,1,MAIN
KT 2021,2,MAIN
KT 2021A,1,MAIN
KT 2022,5,MAIN
KT 2023,1,MAIN
KT 2023A,1,MAIN
KT 2024,5,MAIN
KT 2024A,5,MAIN
KT 2025,2,MAIN
KT 2025A,5,MAIN
KT 2026,4,MAIN
KT 2026A,4,MAIN
KT 2028,5,MAIN
KT 2028A,5,MAIN
KT 2029,5,MAIN
KT 2029A,5,MAIN
KT 2030,4,MAIN
KT 2030A,4,MAIN
KT 2031,3,MAIN
KT 2031A,3,MAIN
KT 2032,3,MAIN
KT 2032A,3,MAIN
KT 2033,3,MAIN
KT 2033A,2,MAIN
KT 2034,3,MAIN
KT 2034A,3,MAIN
KT 2035,3,MAIN
KT 2035A,3,MAIN
KT 2036,2,MAIN
KT 2036A,3,MAIN
KT 2036B,3,MAIN
KT 2037,3,MAIN
KT 2037A,3,MAIN
KT 2038,3,MAIN
KT 2038A,3,MAIN
KT 2039,2,MAIN
KT 2039A,2,MAIN
KT 2040,2,MAIN
KT 2040A,2,MAIN
KT 2041,1,MAIN
KT 2041A,0,MAIN
KT 2042,1,MAIN
KT 2042A,1,MAIN
KT 2043,1,MAIN
KT 2043A,1,MAIN
KT 2047,1,MAIN
KT 2047A,1,MAIN
KT 2048,1,MAIN
KT 2048A,1,MAIN
KT 2049,2,MAIN
KT 2049A,2,MAIN
KT 2051,0,MAIN
KT 2051A,0,MAIN
KT 2051B,0,MAIN
KT 2055,1,MAIN
KT 2055A,1,MAIN
KT 2064,4,MAIN
KT 2064A,4,MAIN
KT 2066,4,MAIN
KT 2066A,4,MAIN
KT 2068,2,MAIN
KT 2068A,2,MAIN
KT 2069,0,MAIN
KT 2069A,0,MAIN
KT 2070,0,MAIN
KT 2070A,0,MAIN
KT 2071,0,MAIN
KT 2072,2,MAIN
KT 2072A,2,MAIN
KT 2072B,5,MAIN
KT 2074,5,MAIN
KT 2074A,5,MAIN
KT 2078,0,MAIN
KT 2079,0,MAIN
KT 2079A,0,MAIN
KT 2080,0,MAIN
KT 2083,5,MAIN
KT 2083A,5,MAIN
KT 2085,5,MAIN
KT 2085A,5,MAIN
KT 2086,1,MAIN
KT 2086A,2,MAIN
KT 2092,2,MAIN
KT 2092A,5,MAIN
KT 2095,5,MAIN
KT 2095A,5,MAIN
KT 2099,5,MAIN
KT 2099A,5,MAIN
KT 2103,5,MAIN
KT 2103A,5,MAIN
KT 2108,0,MAIN
KT 2108A,0,MAIN
KT 2110,5,MAIN
KT 2110A,5,MAIN
KT 2114,5,MAIN
KT 2114A,5,MAIN
KT 2116,1,MAIN
KT 2116A,1,MAIN
KT 2117,1,MAIN
KT 2117A,1,MAIN
KT 2118,1,MAIN
KT 2118A,1,MAIN
KT 2118B,1,MAIN
KT 2119,1,MAIN
KT 2119A,1,MAIN
KT 2120,1,MAIN
KT 2120A,1,MAIN
KT 2121,1,MAIN
KT 2121A,1,MAIN
KT 2126,0,MAIN
KT 2127,0,MAIN
KT 2129,0,MAIN
KT 2129A,0,MAIN
KT 2130,0,MAIN
KT 2130A,0,MAIN
KT 2133,1,MAIN
KT 2135,0,MAIN
KT 2138,0,MAIN
KT 2140,0,MAIN
KT 2140A,0,MAIN
KT 2141,0,MAIN
KT 2141A,0,MAIN
KT 2142,0,MAIN
KT 2142A,0,MAIN
KT 2143,0,MAIN
KT 2146,0,MAIN
KT 2149,0,MAIN
KT 2150,1,MAIN
KT 2152,0,MAIN
KT 2153,2,MAIN
KT 2155,0,MAIN
KT 2155A,0,MAIN
KT 2156,0,MAIN
KT 2156A,0,MAIN
KT 2160,2,MAIN
KT 2160A,3,MAIN
KT 2165,0,MAIN
KT 2167,0,MAIN
KT 2168,0,MAIN
KT 2170,0,MAIN
KT 2170A,0,MAIN
KT 2175,0,MAIN
KT 2181,1,MAIN
KT 2181A,1,MAIN
KT 2182,2,MAIN
KT 2183,1,MAIN
KT 2183A,1,MAIN
KT 2184,1,MAIN
KT 2184A,1,MAIN
KT 2184B,1,MAIN
KT 2185,2,MAIN
KT 2185A,2,MAIN
KT 2186,2,MAIN
KT 2186A,2,MAIN
KT 2188,1,MAIN
KT 2188A,1,MAIN
KT 2189,2,MAIN
KT 2189A,2,MAIN
KT 2190,5,MAIN
KT 2190A,5,MAIN
KT 2194,1,MAIN
KT 2194A,3,MAIN
KT 2196,5,MAIN
KT 2196A,5,MAIN
KT 2197,5,MAIN
KT 2197A,5,MAIN
KT 2199,5,MAIN
KT 2199A,5,MAIN
KT 2201,1,MAIN
KT 2202,5,MAIN
KT 2202A,5,MAIN
KT 2203,5,MAIN
KT 2203A,5,MAIN
KT 2204,3,MAIN
KT 2204A,3,MAIN
KT 2205,1,MAIN
KT 2205A,1,MAIN
KT 2206,1,MAIN
KT 2206A,1,MAIN
KT 2211,0,MAIN
KT 2211A,0,MAIN
KT 2212,1,MAIN
KT 2212A,2,MAIN
KT 2213,0,MAIN
KT 2214,3,MAIN
KT 2215,3,MAIN
KT 2217,0,MAIN
KT 2219,1,MAIN
KT 2219A,2,MAIN
KT 2220,0,MAIN
KT 2221,1,MAIN
KT 2226,1,MAIN
KT 2226A,1,MAIN
KT 2228,5,MAIN
KT 2228A,5,MAIN
KT 2231,0,MAIN
KT 2232,3,MAIN
KT 2232A,3,MAIN
KT 2232B,3,MAIN
KT 2233,5,MAIN
KT 2233A,5,MAIN
KT 2237,2,MAIN
KT 2237A,2,MAIN
KT 2237B,2,MAIN
KT 2238,2,MAIN
KT 2239,2,MAIN
KT 2239A,0,MAIN
KT 2240,2,MAIN
KT 2243,0,MAIN
KT 2246,0,MAIN
KT 2248,0,MAIN
KT 2249,0,MAIN
KT 2251,0,MAIN
KT 2260,0,MAIN
KT 2260A,0,MAIN
KT 2263,0,MAIN
KT 2264,1,MAIN
KT 2280,1,MAIN
KT 2283,0,MAIN
KT 2286,1,MAIN
KT 2286A,1,MAIN
KT 2293,1,MAIN
KT 2293A,2,MAIN
KT 2295,1,MAIN
KT 2296,0,MAIN
KT 2303,1,MAIN
KT 2306,0,MAIN
KT 2308,0,MAIN
KT 2311,1,MAIN
KT 2313,0,MAIN
KT 2316,0,MAIN
KT 2316A,0,MAIN
KT 2318,1,MAIN
KT 2325,1,MAIN
KT 2361,0,MAIN
KT 2362,1,MAIN
KT 2362A,1,MAIN
KT 2363,1,MAIN
KT 2363A,1,MAIN
KT 2364,1,MAIN
KT 2366,0,MAIN
KT 2367,1,MAIN
KT 2369,1,MAIN
KT 2369A,2,MAIN
KT 2369B,1,MAIN
KT 2370,1,MAIN
KT 2372,1,MAIN
KT 2372A,1,MAIN
KT 2376,0,MAIN
KT 2378,0,MAIN
KT 2383,1,MAIN
KT 2385,0,MAIN
KT 2386,1,MAIN
KT 2386A,1,MAIN
KT 2391,1,MAIN
KT 2397,0,MAIN
KT 2397A,0,MAIN
KT 2399,0,MAIN
KT 2401,1,MAIN
KT 2403,0,MAIN
KT 2403A,0,MAIN
KT 2408,0,MAIN
KT 2409,1,MAIN
KT 2410,0,MAIN
KT 2430,3,MAIN
KT 2430A,3,MAIN
KT 2443,1,MAIN
KT 2447,0,MAIN
KT 2450,1,MAIN
KT 2452,0,MAIN
KT 2453,1,MAIN
KT 2454,1,MAIN
KT 2456,0,MAIN
KT 2457,0,MAIN
KT 2459,0,MAIN
KT 2460,0,MAIN
KT 2463,0,MAIN
KT 2464,1,MAIN
KT 2478,0,MAIN
KT 2500,3,MAIN
KT 2500A,2,MAIN
KT 2500B,3,MAIN
KT 2501,3,MAIN
KT 2501A,3,MAIN
KT 2502,0,MAIN
KT 2506,0,MAIN
KT 2508,0,MAIN
KT 2513,0,MAIN
KT 2516,0,MAIN
KT 2536,0,MAIN
KT 2538,0,MAIN
KT 2552,0,MAIN
KT 2556,0,MAIN
KT 2622,0,MAIN
KT 2623,0,MAIN
KT 2624,0,MAIN
KT 2628,0,MAIN
KT 2629,0,MAIN
KT 2630,0,MAIN
KT 2632,0,MAIN
KT 2633,0,MAIN
KT 2634,0,MAIN
KT 2644,0,MAIN
KT 2647,0,MAIN
KT 2649,0,MAIN
KT 2650,0,MAIN
KT 2651,0,MAIN
KT 2657,0,MAIN
KT 2658,0,MAIN
KT 2662,0,MAIN
KT 2663,0,MAIN
KT 2665,0,MAIN
KT 2666,0,MAIN
KT 2669,0,MAIN
KT 2672,0,MAIN
KT 2675,0,MAIN
KT 2677,0,MAIN
KT 2680,0,MAIN
KT 2683,0,MAIN
KT 2684,0,MAIN
KT 2688,0,MAIN
KT 2699,0,MAIN
KT 2700,0,MAIN
KT 2701,0,MAIN
KT 2704,0,MAIN
KT 2706,0,MAIN
KT 2707,0,MAIN
KT 2708,0,MAIN
KT 2719,0,MAIN
KT 2720,0,MAIN
KT 2721,0,MAIN
KT 2722,0,MAIN
KT 2724,0,MAIN
KT 2727,0,MAIN
KT 2729,0,MAIN
KT 2730,0,MAIN
KT 2732,0,MAIN
KT 2736,0,MAIN
KT 2751,1,MAIN
KT 2751A,1,MAIN
KT 2752A,0,MAIN
KT 2753A,0,MAIN
KT 2754A,0,MAIN
KT 2808,0,MAIN
KT 2810,0,MAIN
KT 2811,0,MAIN
KT 2813,0,MAIN
KT 2818,0,MAIN
KT 2819,0,MAIN
KT 2823,0,MAIN
KT 2825,0,MAIN
KT 2826,0,MAIN
KT 2827,0,MAIN
KT 2829,0,MAIN
KT 2831,0,MAIN
KT 2832,0,MAIN
KT 2834,0,MAIN
KT 2836,0,MAIN
KT 2839,0,MAIN
KT 2840,0,MAIN
KT 2844,0,MAIN
KT 2845,0,MAIN
KT 2849,0,MAIN
KT 2852,0,MAIN
KT 2853,0,MAIN
KT 2858,0,MAIN
KT 2859,0,MAIN
KT 2864,0,MAIN
KT 2865,0,MAIN
KT 2867,0,MAIN
KT 2869,0,MAIN
KT 2873,0,MAIN
KT 2879,5,MAIN
KT 2879A,5,MAIN
KT 2880,1,MAIN
KT 2880A,2,MAIN
KT 2881,5,MAIN
KT 2881A,5,MAIN
KT 2883,5,MAIN
KT 2883A,5,MAIN
KT 2887,5,MAIN
KT 2887A,5,MAIN
KT 2889,5,MAIN
KT 2889A,5,MAIN
KT 2890,5,MAIN
KT 2890A,5,MAIN
KT 2891,5,MAIN
KT 2891A,5,MAIN
KT 2892,5,MAIN
KT 2892A,5,MAIN
KT 2893,0,MAIN
KT 2893A,0,MAIN
KT 2895,3,MAIN
KT 2895A,1,MAIN
KT 2895B,1,MAIN
KT 2895D,1,MAIN
KT 2898,0,MAIN
KT 2899,1,MAIN
KT 2900,2,MAIN
KT 2900A,2,MAIN
KT 2900B,2,MAIN
KT 2900D,2,MAIN
KT 2900E,2,MAIN
KT 2901,0,MAIN
KT 2901A,0,MAIN
KT 2903,1,MAIN
KT 2905,1,MAIN
KT 2905A,1,MAIN
KT 2906,0,MAIN
KT 2907,0,MAIN
KT 2910,0,MAIN
KT 2910A,0,MAIN
KT 2912,0,MAIN
KT 2912A,0,MAIN
KT 2914,0,MAIN
KT 2914A,0,MAIN
KT 2916,0,MAIN
KT 2916A,0,MAIN
KT 2919,1,MAIN
KT 2919A,1,MAIN
KT 2921,2,MAIN
KT 2923,0,MAIN
KT 2923A,0,MAIN
KT 2929,2,MAIN
KT 2929A,0,MAIN
KT 2931,1,MAIN
KT 2931A,1,MAIN
KT 2932,0,MAIN
KT 2932A,0,MAIN
KT 2935,5,MAIN
KT 2935A,5,MAIN
KT 2936,3,MAIN
KT 2936A,3,MAIN
KT 2937,3,MAIN
KT 2937A,3,MAIN
KT 2938,3,MAIN
KT 2938A,3,MAIN
KT 2939,1,MAIN
KT 2939A,2,MAIN
KT 2939B,5,MAIN
KT 2940,5,MAIN
KT 2940A,2,MAIN
KT 2941,2,MAIN
KT 2941A,5,MAIN
KT 2942,0,MAIN
KT 2943,0,MAIN
KT 2944,0,MAIN
KT 2944A,0,MAIN
KT 2945,0,MAIN
KT 2945A,0,MAIN
KT 2946,1,MAIN
KT 2946A,1,MAIN
KT 2947,1,MAIN
KT 2949,1,MAIN
KT 2949A,1,MAIN
KT 2950,2,MAIN
KT 2950A,2,MAIN
KT 2974,0,MAIN
KT 2975,0,MAIN
KT 2982,0,MAIN
KT 2983,0,MAIN
KT 2985,0,MAIN
KT 2988,0,MAIN
KT 2989,0,MAIN
KT 2989A,0,MAIN
KT 2992,0,MAIN
KT 2996,0,MAIN
KT 3002,0,MAIN
KT 3004,0,MAIN
KT 3021,0,MAIN
KT 3030,0,MAIN
KT 3032,0,MAIN
KT 3039,0,MAIN
KT 3040,0,MAIN
KT 3057,0,MAIN
KT 3059,0,MAIN
KT 3068,0,MAIN
KT 3094,0,MAIN
KT 3121,0,MAIN
KT 3123,0,MAIN
KT 3125,0,MAIN
KT 3129,0,MAIN
KT 3134,0,MAIN
KT 3135,0,MAIN
KT 3142,0,MAIN
KT 3156,0,MAIN
KT 3158,0,MAIN
KT 3166,0,MAIN
KT 3168,0,MAIN
KT 3168A,0,MAIN
KT 3169,0,MAIN
KT 3169A,0,MAIN
KT 3170,0,MAIN
KT 3170A,0,MAIN
KT 3173,0,MAIN
KT 3175,0,MAIN
KT 3175A,0,MAIN
KT 3176,0,MAIN
KT 3178,0,MAIN
KT 3179,0,MAIN
KT 3180,0,MAIN
KT 3181,0,MAIN
KT 3183,0,MAIN
KT 3185,0,MAIN
KT 3187,1,MAIN
KT 3189,1,MAIN
KT 3190,1,MAIN
KT 3192,0,MAIN
KT 3211,0,MAIN
KT 3214,0,MAIN
KT 3214A,0,MAIN
KT 3215,2,MAIN
KT 3215A,1,MAIN
KT 3218,1,MAIN
KT 3218A,1,MAIN
KT 3219,1,MAIN
KT 3219A,1,MAIN
KT 3219B,1,MAIN
KT 3220,1,MAIN
KT 3220A,1,MAIN
KT 3221,1,MAIN
KT 3221A,1,MAIN
KT 3222,0,MAIN
KT 3222A,0,MAIN
KT 3223,0,MAIN
KT 3223A,0,MAIN
KT 3231,1,MAIN
KT 3231A,1,MAIN
KT 3235,0,MAIN
KT 3236,1,MAIN
KT 3236A,1,MAIN
KT 3237,1,MAIN
KT 3237A,1,MAIN
KT 3239,8,MAIN
KT 3239A,2,MAIN
KT 3239B,2,MAIN
KT 3243,1,MAIN
KT 3244,1,MAIN
KT 3244A,1,MAIN
KT 3252,1,MAIN
KT 3252A,2,MAIN
KT 3252B,1,MAIN
KT 3253,1,MAIN
KT 3255,1,MAIN
KT 3257,1,MAIN
KT 3260,1,MAIN
KT 3260A,1,MAIN
KT 3268,1,MAIN
KT 3269,3,MAIN
KT 3269A,1,MAIN
KT 3271,1,MAIN
KT 3284,1,MAIN
KT 3286,0,MAIN
KT 3293,1,MAIN
KT 3294,0,MAIN
KT 3295,1,MAIN
KT 3296,1,MAIN
KT 3297,1,MAIN
KT 3298,2,MAIN
KT 3299,0,MAIN
KT 3303,0,MAIN
KT 3303A,0,MAIN
KT 3306,0,MAIN
KT 3309,0,MAIN
KT 3309A,0,MAIN
KT 3311,0,MAIN
KT 3314,0,MAIN
KT 3314A,0,MAIN
KT 3315,0,MAIN
KT 3319,1,MAIN
KT 3319A,1,MAIN
KT 3323,0,MAIN
KT 3328,0,MAIN
KT 3332,0,MAIN
KT 3342,0,MAIN
KT 3345,0,MAIN
KT 3345A,0,MAIN
KT 3351,0,MAIN
KT 3351A,0,MAIN
KT 3351B,0,MAIN
KT 3355,0,MAIN
KT 3355A,0,MAIN
KT 3358,2,MAIN
KT 3359,0,MAIN
KT 3360,0,MAIN
KT 3360A,0,MAIN
KT 3366,0,MAIN
KT 3367,0,MAIN
KT 3368,0,MAIN
KT 3369,0,MAIN
KT 3374,0,MAIN
KT 3376,0,MAIN
KT 3378,0,MAIN
KT 3379,0,MAIN
KT 3382,0,MAIN
KT 3383,0,MAIN
KT 3385,0,MAIN
KT 3390,0,MAIN
KT 3394,0,MAIN
KT 3395,0,MAIN
KT 3397,1,MAIN
KT 3397A,1,MAIN
KT 3398,0,MAIN
KT 3400,0,MAIN
KT 3401,0,MAIN
KT 3403,0,MAIN
KT 3405,0,MAIN
KT 3408,0,MAIN
KT 3412,1,MAIN
KT 3414,0,MAIN
KT 3419,0,MAIN
KT 3426,0,MAIN
KT 3428,0,MAIN
KT 3433,0,MAIN
KT 3433A,0,MAIN
KT 3436,0,MAIN
KT 3445,0,MAIN
KT 3448,0,MAIN
KT 3450,1,MAIN
KT 3453,2,MAIN
KT 3456,0,MAIN
KT 3458,0,MAIN
KT 3461,0,MAIN
KT 3463,0,MAIN
KT 3485,0,MAIN
KT 3501,0,MAIN
KT 3519,0,MAIN
KT 3523,1,MAIN
KT 3524,0,MAIN
KT 3528,0,MAIN
KT 3533,0,MAIN
KT 3538,0,MAIN
KT 3542,0,MAIN
KT 3549,0,MAIN
KT 3555,0,MAIN
KT 3555A,0,MAIN
KT 3558,0,MAIN
KT 3558A,0,MAIN
KT 3559,0,MAIN
KT 3559A,0,MAIN
KT 3561A,0,MAIN
KT 3565,0,MAIN
KT 3568,1,MAIN
KT 3568A,1,MAIN
KT 3569,1,MAIN
KT 3571,0,MAIN
KT 3571A,0,MAIN
KT 3572,2,MAIN
KT 3572A,3,MAIN
KT 3574,3,MAIN
KT 3577,1,MAIN
KT 3577A,1,MAIN
KT 3587,1,MAIN
KT 3587A,1,MAIN
KT 3587OEM,0,MAIN
KT 3588,4,MAIN
KT 3588A,2,MAIN
KT 3590,1,MAIN
KT 3594,0,MAIN
KT 3596,1,MAIN
KT 3596A,1,MAIN
KT 3597,0,MAIN
KT 3598,1,MAIN
KT 3598A,1,MAIN
KT 3603,1,MAIN
KT 3606,0,MAIN
KT 3606A,0,MAIN
KT 3607,0,MAIN
KT 3613,1,MAIN
KT 3613A,1,MAIN
KT 3617,0,MAIN
KT 3618,1,MAIN
KT 3623,1,MAIN
KT 3623A,1,MAIN
KT 3626,0,MAIN
KT 3626A,0,MAIN
KT 3629,1,MAIN
KT 3635,1,MAIN
KT 3635A,1,MAIN
KT 3636,0,MAIN
KT 3636A,0,MAIN
KT 3642,1,MAIN
KT 3642A,1,MAIN
KT 3647,0,MAIN
KT 3648,1,MAIN
KT 3648A,1,MAIN
KT 3653,0,MAIN
KT 3653A,0,MAIN
KT 3655,0,MAIN
KT 3655A,0,MAIN
KT 3658,0,MAIN
KT 3658A,0,MAIN
KT 3659,1,MAIN
KT 3659A,1,MAIN
KT 3660,1,MAIN
KT 3660A,1,MAIN
KT 3662,0,MAIN
KT 3662A,0,MAIN
KT 3667,1,MAIN
KT 3668,1,MAIN
KT 3668A,1,MAIN
KT 3669,1,MAIN
KT 3673,0,MAIN
KT 3675,0,MAIN
KT 3675A,0,MAIN
KT 3675B,0,MAIN
KT 3676,1,MAIN
KT 3678,1,MAIN
KT 3678A,1,MAIN
KT 3680,1,MAIN
KT 3680A,1,MAIN
KT 3683,0,MAIN
KT 3683A,0,MAIN
KT 3683B,0,MAIN
KT 3686,0,MAIN
KT 3688,1,MAIN
KT 3688A,1,MAIN
KT 3690,1,MAIN
KT 3690A,1,MAIN
KT 3691,1,MAIN
KT 3694,1,MAIN
KT 3694A,1,MAIN
KT 3696,0,MAIN
KT 3696A,0,MAIN
KT 3698,1,MAIN
KT 3699,0,MAIN
KT 3705,1,MAIN
KT 3705A,2,MAIN
KT 3707,0,MAIN
KT 3708,2,MAIN
KT 3708A,2,MAIN
KT 3710,0,MAIN
KT 3710A,0,MAIN
KT 3723,0,MAIN
KT 3724,1,MAIN
KT 3725,1,MAIN
KT 3726,2,MAIN
KT 3726A,1,MAIN
KT 3727,1,MAIN
KT 3727A,1,MAIN
KT 3728,4,MAIN
KT 3729,5,MAIN
KT 3730,1,MAIN
KT 3731,4,MAIN
KT 3733,4,MAIN
KT 3733A,0,MAIN
KT 3734,0,MAIN
KT 3735,0,MAIN
KT 3736,0,MAIN
KT 3737,2,MAIN
KT 3738,2,MAIN
KT 3738A,2,MAIN
KT 3739,2,MAIN
KT 3740,2,MAIN
KT 3741,2,MAIN
KT 3741A,2,MAIN
KT 3742,2,MAIN
KT 3742A,1,MAIN
KT 3743,4,MAIN
KT 3744,2,MAIN
KT 3744A,2,MAIN
KT 3745,2,MAIN
KT 3746,1,MAIN
KT 3747,2,MAIN
KT 3749,4,MAIN
KT 3749A,4,MAIN
KT 3750,5,MAIN
KT 3750A,5,MAIN
KT 3751,4,MAIN
KT 3751A,4,MAIN
KT 3753,4,MAIN
KT 3753A,4,MAIN
KT 3754,1,MAIN
KT 3754A,1,MAIN
KT 3755,0,MAIN
KT 3758,0,MAIN
KT 3758A,0,MAIN
KT 3765,0,MAIN
KT 3766,1,MAIN
KT 3767,0,MAIN
KT 3767A,0,MAIN
KT 3768,0,MAIN
KT 3768A,0,MAIN
KT 3769,2,MAIN
KT 3769B,2,MAIN
KT 3770,2,MAIN
KT 3770A,2,MAIN
KT 3771,0,MAIN
KT 3771B,0,MAIN
KT 3772,2,MAIN
KT 3772A,2,MAIN
KT 3773,2,MAIN
KT 3773A,2,MAIN
KT 3774,2,MAIN
KT 3774A,2,MAIN
KT 3775,0,MAIN
KT 3775A,0,MAIN
KT 3776,2,MAIN
KT 3776A,2,MAIN
KT 3777,0,MAIN
KT 3777A,0,MAIN
KT 3778,1,MAIN
KT 3778A,1,MAIN
KT 3779,0,MAIN
KT 3779A,0,MAIN
KT 3782,2,MAIN
KT 3782A,2,MAIN
KT 3783,0,MAIN
KT 3787,1,MAIN
KT 3791,0,MAIN
KT 3791A,0,MAIN
KT 3793,0,MAIN
KT 3797,0,MAIN
KT 3797A,0,MAIN
KT 3799,0,MAIN
KT 3799A,0,MAIN
KT 3800,0,MAIN
KT 3800A,0,MAIN
KT 3801,3,MAIN
KT 3801A,3,MAIN
KT 3802,3,MAIN
KT 3802A,3,MAIN
KT 3803,3,MAIN
KT 3803A,3,MAIN
KT 3804,0,MAIN
KT 3804A,0,MAIN
KT 3805,0,MAIN
KT 3805A,0,MAIN
KT 3808,4,MAIN
KT 3808A,2,MAIN
KT 3809,4,MAIN
KT 3809A,4,MAIN
KT 3810,2,MAIN
KT 3811,2,MAIN
KT 3812,0,MAIN
KT 3813,0,MAIN
KT 3814,0,MAIN
KT 3815,0,MAIN
KT 3819,0,MAIN
KT 3822,0,MAIN
KT 3823,0,MAIN
KT 3824,0,MAIN
KT 3825,4,MAIN
KT 3825A,4,MAIN
KT 3827,5,MAIN
KT 3828,0,MAIN
KT 3829,0,MAIN
KT 3830,1,MAIN
KT 3830A,1,MAIN
KT 3833,0,MAIN
KT 3835,0,MAIN
KT 3836,0,MAIN
KT 3841,1,MAIN
KT 3842,2,MAIN
KT 3843,4,MAIN
KT 3844,2,MAIN
KT 3845,1,MAIN
KT 3846,2,MAIN
KT 3847,2,MAIN
KT 3848,2,MAIN
KT 3848A,4,MAIN
KT 3850,1,MAIN
KT 3851,1,MAIN
KT 3851A,1,MAIN
KT 3852,0,MAIN
KT 3855,0,MAIN
KT 3858,0,MAIN
KT 3860,0,MAIN
KT 3861,0,MAIN
KT 3863,0,MAIN
KT 3864,0,MAIN
KT 3866,0,MAIN
KT 3866A,0,MAIN
KT 3867,0,MAIN
KT 3869,0,MAIN
KT 3870,1,MAIN
KT 3872,1,MAIN
KT 3873,0,MAIN
KT 3874,0,MAIN
KT 3876,0,MAIN
KT 3877,1,MAIN
KT 3884,1,MAIN
KT 3885,1,MAIN
KT 3887,1,MAIN
KT 3889,1,MAIN
KT 3890,1,MAIN
KT 3892,1,MAIN
KT 3893,1,MAIN
KT 3893A,1,MAIN
KT 3894,5,MAIN
KT 3894A,5,MAIN
KT 3896,5,MAIN
KT 3897,5,MAIN
KT 3900,5,MAIN
KT 3902,1,MAIN
KT 3902A,1,MAIN
KT 3903,1,MAIN
KT 3904,1,MAIN
KT 3905,1,MAIN
KT 3910,0,MAIN
KT 3911,0,MAIN
KT 3912,0,MAIN
KT 3913,5,MAIN
KT 3913A,5,MAIN
KT 3914,5,MAIN
KT 3914A,5,MAIN
KT 3915,5,MAIN
KT 3915A,5,MAIN
KT 3916,5,MAIN
KT 3916A,5,MAIN
KT 3917,1,MAIN
KT 3917A,2,MAIN
KT 3918,5,MAIN
KT 3918A,5,MAIN
KT 3919,2,MAIN
KT 3920,2,MAIN
KT 3921,3,MAIN
KT 3921A,3,MAIN
KT 3922,4,MAIN
KT 3922A,4,MAIN
KT 3926,3,MAIN
KT 3926A,3,MAIN
KT 3928,2,MAIN
KT 3931,4,MAIN
KT 3931A,4,MAIN
KT 3936,1,MAIN
KT 3936A,1,MAIN
KT 3939,1,MAIN
KT 3941,1,MAIN
KT 3941A,1,MAIN
KT 3942,5,MAIN
KT 3945,1,MAIN
KT 3945A,1,MAIN
KT 3949,1,MAIN
KT 3949A,1,MAIN
KT 3950,1,MAIN
KT 3950A,1,MAIN
KT 3951,2,MAIN
KT 3951A,1,MAIN
KT 3952,1,MAIN
KT 3952A,1,MAIN
KT 3956,1,MAIN
KT 3956A,1,MAIN
KT 3958,4,MAIN
KT 3958A,4,MAIN
KT 3959,1,MAIN
KT 3959A,1,MAIN
KT 3960,5,MAIN
KT 3960A,5,MAIN
KT 3961,4,MAIN
KT 3961A,4,MAIN
KT 3962,2,MAIN
KT 3962A,1,MAIN
KT 3962B,2,MAIN
KT 3964,1,MAIN
KT 3964A,1,MAIN
KT 3967,1,MAIN
KT 3967A,1,MAIN
KT 3969,1,MAIN
KT 3969A,1,MAIN
KT 3970,1,MAIN
KT 3970A,1,MAIN
KT 3971,1,MAIN
KT 3971A,1,MAIN
KT 3972,1,MAIN
KT 3972A,1,MAIN
KT 3974,5,MAIN
KT 3975,0,MAIN
KT 3975A,0,MAIN
KT 3976,1,MAIN
KT 3976A,1,MAIN
KT 3977,4,MAIN
KT 3978,4,MAIN
KT 3978A,4,MAIN
KT 3979,1,MAIN
KT 3981,1,MAIN
KT 3982,1,MAIN
KT 3984,1,MAIN
KT 3985,1,MAIN
KT 3986,1,MAIN
KT 3988,1,MAIN
KT 3990,1,MAIN
KT 3993,3,MAIN
KT 3993B,3,MAIN
KT 3994,3,MAIN
KT 3994A,3,MAIN
KT 3995,1,MAIN
KT 3995A,1,MAIN
KT 3996,5,MAIN
KT 3996A,5,MAIN
KT 3996B,5,MAIN
KT 3997,5,MAIN
KT 3997A,5,MAIN
KT 3998,2,MAIN
KT 3998A,5,MAIN
KT 4000,0,MAIN
KT 4000A,0,MAIN
KT 4000B,0,MAIN
KT 4005,0,MAIN
KT 4005A,0,MAIN
KT 4005B,0,MAIN
KT 4010,0,MAIN
KT 4010A,0,MAIN
KT 4013,1,MAIN
KT 4013A,5,MAIN
KT 4014,1,MAIN
KT 4014A,5,MAIN
KT 4015,3,MAIN
KT 4016,3,MAIN
KT 4016A,3,MAIN
KT 4016B,3,MAIN
KT 4018,3,MAIN
KT 4019,3,MAIN
KT 4020,3,MAIN
KT 4020A,5,MAIN
KT 4022,3,MAIN
KT 4022A,5,MAIN
KT 4023,3,MAIN
KT 4023A,5,MAIN
KT 4024,2,MAIN
KT 4024A,2,MAIN
KT 4025,2,MAIN
KT 4025A,2,MAIN
KT 4026,1,MAIN
KT 4026A,1,MAIN
KT 4028,0,MAIN
KT 4032,2,MAIN
KT 4035,3,MAIN
KT 4035A,3,MAIN
KT 4037,14,MAIN
KT 4037A,2,MAIN
KT 4037B,3,MAIN
KT 4041,2,MAIN
KT 4041A,3,MAIN
KT 4042,2,MAIN
KT 4042A,2,MAIN
KT 4047,3,MAIN
KT 4047A,2,MAIN
KT 4048,1,MAIN
KT 4049,2,MAIN
KT 4049A,2,MAIN
KT 4049B,3,MAIN
KT 4051,1,MAIN
KT 4051A,1,MAIN
KT 4052,12,MAIN
KT 4052A,15,MAIN
KT 4052B,1,MAIN
KT 4060A,3,MAIN
KT 4061,3,MAIN
KT 4062,3,MAIN
KT 4062A,3,MAIN
KT 4063,4,MAIN
KT 4064,5,MAIN
KT 4064A,5,MAIN
KT 4064B,5,MAIN
KT 4065,0,MAIN
KT 4065A,0,MAIN
KT 4068,0,MAIN
KT 4068A,0,MAIN
KT 4069,3,MAIN
KT 4069A,5,MAIN
KT 4070,1,MAIN
KT 4070A,1,MAIN
KT 4070B,1,MAIN
KT 4071,3,MAIN
KT 4072,3,MAIN
KT 4072A,3,MAIN
KT 4073,3,MAIN
KT 4073A,3,MAIN
KT 4074,3,MAIN
KT 4075,3,MAIN
KT 4075A,3,MAIN
KT 4076,3,MAIN
KT 4076A,3,MAIN
KT 4077,5,MAIN
KT 4079,4,MAIN
KT 4079A,4,MAIN
KT 4081,0,MAIN
KT 4082,0,MAIN
KT 4084,0,MAIN
KT 4086,5,MAIN
KT 4086A,5,MAIN
KT 4088,0,MAIN
KT 4088A,0,MAIN
KT 4088B,0,MAIN
KT 4089,2,MAIN
KT 4089A,0,MAIN
KT 4090,0,MAIN
KT 4090A,0,MAIN
KT 4090B,0,MAIN
KT 4091,0,MAIN
KT 4091A,0,MAIN
KT 4092,0,MAIN
KT 4092A,0,MAIN
KT 4093,0,MAIN
KT 4093A,0,MAIN
KT 4093B,0,MAIN
KT 4094,0,MAIN
KT 4095,0,MAIN
KT 4095A,0,MAIN
KT 4095B,0,MAIN
KT 4096,2,MAIN
KT 4097,4,MAIN
KT 4099,5,MAIN
KT 4099A,1,MAIN
KT 4101,4,MAIN
KT 4101A,2,MAIN
KT 4103,0,MAIN
KT 4103A,1,MAIN
KT 4107,2,MAIN
KT 4107A,5,MAIN
KT 4108,5,MAIN
KT 4108A,5,MAIN
KT 4115,2,MAIN
KT 4115A,1,MAIN
KT 4116,2,MAIN
KT 4116A,5,MAIN
KT 4116B,1,MAIN
KT 4122,1,MAIN
KT 4123,1,MAIN
KT 4123A,1,MAIN
KT 4124,1,MAIN
KT 4124A,1,MAIN
KT 4125,1,MAIN
KT 4126,5,MAIN
KT 4126A,3,MAIN
KT 4127,3,MAIN
KT 4128,1,MAIN
KT 4129,5,MAIN
KT 4131,5,MAIN
KT 4135,1,MAIN
KT 4139,1,MAIN
KT 4139A,1,MAIN
KT 4140,5,MAIN
KT 4145,1,MAIN
KT 4149,2,MAIN
KT 4149A,2,MAIN
KT 4149B,2,MAIN
KT 4150,2,MAIN
KT 4150A,2,MAIN
KT 4150B,4,MAIN
KT 4152,2,MAIN
KT 4152A,5,MAIN
KT 4152B,5,MAIN
KT 4153,14,MAIN
KT 4153A,2,MAIN
KT 4154,9,MAIN
KT 4154A,5,MAIN
KT 4157,3,MAIN
KT 4157B,2,MAIN
KT 4161,5,MAIN
KT 4161B,5,MAIN
KT 4169,5,MAIN
KT 4169A,5,MAIN
KT 4174,6,MAIN
KT 4174A,1,MAIN
KT 4174OEM,6,MAIN
KT 4175,6,MAIN
KT 4175A,6,MAIN
KT 4176,2,MAIN
KT 4176A,2,MAIN
KT 4177,3,MAIN
KT 4177A,3,MAIN
KT 4178,3,MAIN
KT 4178A,3,MAIN
KT 4187,3,MAIN
KT 4187A,3,MAIN
KT 4190,3,MAIN
KT 4190A,3,MAIN
KT 4193,2,MAIN
KT 4193A,2,MAIN
KT 4193B,3,MAIN
KT 4193OEM,5,MAIN
KT 4194,1,MAIN
KT 4194OEM,4,MAIN
KT 4201,4,MAIN
KT 4205,1,MAIN
KT 4208,4,MAIN
KT 4209,2,MAIN
KT 4209A,4,MAIN
KT 4210,3,MAIN
KT 4210A,3,MAIN
KT 4215,4,MAIN
KT 4215A,4,MAIN
KT 4215B,4,MAIN
KT 4227,1,MAIN
KT 4230,1,MAIN
KT 4257,2,MAIN
KT 4278,3,MAIN
KT 4283,3,MAIN
KT 4285,1,MAIN
KT 4285A,1,MAIN
KT 4286,4,MAIN
KT 4289,0,MAIN
KT 4290,0,MAIN
KT 4294,0,MAIN
KT 4298,0,MAIN
KT 4299,0,MAIN
KT 4303,0,MAIN
KT 4304,0,MAIN
KT 4306,0,MAIN
KT 4306A,0,MAIN
KT 4308,0,MAIN
KT 4309,0,MAIN
KT 4318,0,MAIN
KT 4320,0,MAIN
KT 4338,0,MAIN
KT 4340,5,MAIN
KT 4340A,5,MAIN
KT 4345,0,MAIN
KT 4347,0,MAIN
KT 4347A,0,MAIN
KT 4347B,0,MAIN
KT 4348,2,MAIN
KT 4348A,2,MAIN
KT 4349,2,MAIN
KT 4352,3,MAIN
KT 4354,6,MAIN
KT 4354A,6,MAIN
KT 4356,5,MAIN
KT 4356A,5,MAIN
KT 4357,6,MAIN
KT 4357A,6,MAIN
KT 4359,2,MAIN
KT 4359A,2,MAIN
KT 4359OEM,0,MAIN
KT 4360,3,MAIN
KT 4361,1,MAIN
KT 4361A,1,MAIN
KT 4362,2,MAIN
KT 4362A,2,MAIN
KT 4363,1,MAIN
KT 4363A,1,MAIN
KT 4364,2,MAIN
KT 4364A,2,MAIN
KT 4366,1,MAIN
KT 4366A,2,MAIN
KT 4366OEM,0,MAIN
KT 4367,2,MAIN
KT 4367A,2,MAIN
KT 4372,3,MAIN
KT 4372A,1,MAIN
KT 4372OEM,0,MAIN
KT 4375,4,MAIN
KT 4375A,4,MAIN
KT 4379,5,MAIN
KT 4379A,5,MAIN
KT 4382,0,MAIN
KT 4382A,0,MAIN
KT 4383,6,MAIN
KT 4383A,6,MAIN
KT 4385,2,MAIN
KT 4385A,2,MAIN
KT 4386,6,MAIN
KT 4386A,6,MAIN
KT 4387,2,MAIN
KT 4387A,2,MAIN
KT 4388,3,MAIN
KT 4388A,3,MAIN
KT 4390,2,MAIN
KT 4390A,2,MAIN
KT 4394,2,MAIN
KT 4394A,2,MAIN
KT 4400,5,MAIN
KT 4400A,5,MAIN
KT 4401,2,MAIN
KT 4401A,2,MAIN
KT 4402,2,MAIN
KT 4402A,2,MAIN
KT 4403,3,MAIN
KT 4403A,3,MAIN
KT 4404,3,MAIN
KT 4404A,3,MAIN
KT 4405,4,MAIN
KT 4405A,4,MAIN
KT 4409,4,MAIN
KT 4409A,4,MAIN
KT 4415,3,MAIN
KT 4415A,3,MAIN
KT 4417,3,MAIN
KT 4417A,3,MAIN
KT 4420,4,MAIN
KT 4420A,4,MAIN
KT 4422,3,MAIN
KT 4422A,3,MAIN
KT 4424A,3,MAIN
KT 4426,4,MAIN
KT 4426A,4,MAIN
KT 4427,3,MAIN
KT 4427A,3,MAIN
KT 4429,5,MAIN
KT 4429A,5,MAIN
KT 4430,4,MAIN
KT 4430A,3,MAIN
KT 4431,5,MAIN
KT 4431A,5,MAIN
KT 4432,5,MAIN
KT 4432A,5,MAIN
KT 4434,2,MAIN
KT 4434A,5,MAIN
KT 4435,5,MAIN
KT 4435A,5,MAIN
KT 4438,1,MAIN
KT 4438A,1,MAIN
KT 4451,3,MAIN
KT 4451A,3,MAIN
KT 4452,0,MAIN
KT 4452A,0,MAIN
KT 4454,1,MAIN
KT 4454A,1,MAIN
KT 4462,0,MAIN
KT 4462A,0,MAIN
KT 4464,0,MAIN
KT 4464A,0,MAIN
KT 4465,1,MAIN
KT 4465A,1,MAIN
KT 4468,1,MAIN
KT 4468A,1,MAIN
KT 4469,0,MAIN
KT 4469A,0,MAIN
KT 4471,0,MAIN
KT 4471A,0,MAIN
KT 4476,1,MAIN
KT 4476A,1,MAIN
KT 4477,1,MAIN
KT 4477A,1,MAIN
KT 4481,1,MAIN
KT 4481A,1,MAIN
KT 4482,1,MAIN
KT 4482A,1,MAIN
KT 4483,5,MAIN
KT 4483A,5,MAIN
KT 4491,0,MAIN
KT 4499,0,MAIN
KT 4500,0,MAIN
KT 4501,0,MAIN
KT 4509,0,MAIN
KT 4510,0,MAIN
KT 4512,0,MAIN
KT 4514,0,MAIN
KT 4519,0,MAIN
KT 4520,0,MAIN
KT 4521,0,MAIN
KT 4524,0,MAIN
KT 4526,0,MAIN
KT 4531,0,MAIN
KT 4533,0,MAIN
KT 4536,0,MAIN
KT 4537,0,MAIN
KT 4542,0,MAIN
KT 4544,0,MAIN
KT 4546,0,MAIN
KT 4547,0,MAIN
KT 4550,0,MAIN
KT 4553,0,MAIN
KT 4555,0,MAIN
KT 4560,2,MAIN
KT 4562,1,MAIN
KT 4563,2,MAIN
KT 4566,1,MAIN
KT 4568,1,MAIN
KT 4570,0,MAIN
KT 4571,0,MAIN
KT 4572,1,MAIN
KT 4573,3,MAIN
KT 4573A,3,MAIN
KT 4576,0,MAIN
KT 4577,0,MAIN
KT 4580,3,MAIN
KT 4583,2,MAIN
KT 4589,2,MAIN
KT 4590,3,MAIN
KT 4592,1,MAIN
KT 4600,0,MAIN
KT 4601,0,MAIN
KT 4602,0,MAIN
KT 4623,0,MAIN
KT 4626,0,MAIN
KT 4626A,0,MAIN
KT 4631,1,MAIN
KT 4631A,5,MAIN
KT 4631B,5,MAIN
KT 4631OEM,1,MAIN
KT 4633,2,MAIN
KT 4633A,2,MAIN
KT 4634,1,MAIN
KT 4635,3,MAIN
KT 4635OEM,0,MAIN
KT 4638,1,MAIN
KT 4648,2,MAIN
KT 4648A,2,MAIN
KT 4650,1,MAIN
KT 4651,2,MAIN
KT 4651A,2,MAIN
KT 4654,2,MAIN
KT 4654A,2,MAIN
KT 4655,1,MAIN
KT 4655A,0,MAIN
KT 4655B,0,MAIN
KT 4656,2,MAIN
KT 4656A,2,MAIN
KT 4657,2,MAIN
KT 4657A,2,MAIN
KT 4658,2,MAIN
KT 4658A,2,MAIN
KT 4660,0,MAIN
KT 4660A,0,MAIN
KT 4663,2,MAIN
KT 4664,0,MAIN
KT 4664A,0,MAIN
KT 4666,3,MAIN
KT 4666A,3,MAIN
KT 4667,1,MAIN
KT 4667A,1,MAIN
KT 4668,1,MAIN
KT 4668A,5,MAIN
KT 4668B,5,MAIN
KT 4669,5,MAIN
KT 4669A,5,MAIN
KT 4670,5,MAIN
KT 4670A,5,MAIN
KT 4671,2,MAIN
KT 4672,5,MAIN
KT 4672A,5,MAIN
KT 4673,3,MAIN
KT 4673A,3,MAIN
KT 4674,0,MAIN
KT 4674A,0,MAIN
KT 4675,0,MAIN
KT 4675A,0,MAIN
KT 4677,2,MAIN
KT 4677A,5,MAIN
KT 4679,1,MAIN
KT 4679A,5,MAIN
KT 4681,0,MAIN
KT 4681A,0,MAIN
KT 4682,1,MAIN
KT 4684,1,MAIN
KT 4686,2,MAIN
KT 4686A,3,MAIN
KT 4686B,3,MAIN
KT 4687,3,MAIN
KT 4687A,3,MAIN
KT 4688,4,MAIN
KT 4688A,4,MAIN
KT 4689,3,MAIN
KT 4689A,5,MAIN
KT 4690,0,MAIN
KT 4690A,0,MAIN
KT 4691,0,MAIN
KT 4691A,0,MAIN
KT 4691B,0,MAIN
KT 4692,3,MAIN
KT 4692A,3,MAIN
KT 4693,3,MAIN
KT 4693A,3,MAIN
KT 4693B,3,MAIN
KT 4694,3,MAIN
KT 4694A,3,MAIN
KT 4696,5,MAIN
KT 4696A,5,MAIN
KT 4697,6,MAIN
KT 4697A,6,MAIN
KT 4698,2,MAIN
KT 4698A,2,MAIN
KT 4699,3,MAIN
KT 4699A,3,MAIN
KT 4700,5,MAIN
KT 4700A,5,MAIN
KT 4701,1,MAIN
KT 4702,5,MAIN
KT 4702A,3,MAIN
KT 4703,0,MAIN
KT 4703A,0,MAIN
KT 4703B,0,MAIN
KT 4704,0,MAIN
KT 4704A,0,MAIN
KT 4705,1,MAIN
KT 4705A,2,MAIN
KT 4706,0,MAIN
KT 4706A,0,MAIN
KT 4706B,0,MAIN
KT 4707,2,MAIN
KT 4707A,2,MAIN
KT 4708,0,MAIN
KT 4708A,0,MAIN
KT 4710,0,MAIN
KT 4711,1,MAIN
KT 4711A,1,MAIN
KT 4712,0,MAIN
KT 4712A,0,MAIN
KT 4713,3,MAIN
KT 4713A,3,MAIN
KT 4715,0,MAIN
KT 4715A,0,MAIN
KT 4716,0,MAIN
KT 4716A,0,MAIN
KT 4716B,0,MAIN
KT 4717,0,MAIN
KT 4718,0,MAIN
KT 4719,3,MAIN
KT 4719A,3,MAIN
KT 4720,5,MAIN
KT 4720A,5,MAIN
KT 4722,2,MAIN
KT 4722A,1,MAIN
KT 4723,1,MAIN
KT 4723A,1,MAIN
KT 4723B,1,MAIN
KT 4724,1,MAIN
KT 4724A,2,MAIN
KT 4724B,2,MAIN
KT 4726A,2,MAIN
KT 4727,11,MAIN
KT 4727A,2,MAIN
KT 4727B,5,MAIN
KT 4727D,3,MAIN
KT 4728,5,MAIN
KT 4728A,5,MAIN
KT 4728B,5,MAIN
KT 4729,6,MAIN
KT 4729A,6,MAIN
KT 4730,6,MAIN
KT 4730A,6,MAIN
KT 4731,1,MAIN
KT 4731A,1,MAIN
KT 4732,0,MAIN
KT 4732A,0,MAIN
KT 4735,0,MAIN
KT 4735A,0,MAIN
KT 4736,2,MAIN
KT 4737,2,MAIN
KT 4738,1,MAIN
KT 4739,5,MAIN
KT 4740,1,MAIN
KT 4740A,1,MAIN
KT 4740B,1,MAIN
KT 4741,0,MAIN
KT 4742,2,MAIN
KT 4742A,2,MAIN
KT 4743,2,MAIN
KT 4743A,3,MAIN
KT 4744,1,MAIN
KT 4744A,1,MAIN
KT 4745,0,MAIN
KT 4745A,0,MAIN
KT 4746,0,MAIN
KT 4746A,0,MAIN
KT 4747A,2,MAIN
KT 4748A,2,MAIN
KT 4749,1,MAIN
KT 4749A,1,MAIN
KT 4750,5,MAIN
KT 4750A,5,MAIN
KT 4753,1,MAIN
KT 4753A,1,MAIN
KT 4753B,1,MAIN
KT 4754A,1,MAIN
KT 4756,5,MAIN
KT 4756A,5,MAIN
KT 4757,0,MAIN
KT 4757A,0,MAIN
KT 4758,5,MAIN
KT 4758A,5,MAIN
KT 4759,5,MAIN
KT 4759A,5,MAIN
KT 4760,2,MAIN
KT 4760A,5,MAIN
KT 4761,1,MAIN
KT 4761A,2,MAIN
KT 4761B,1,MAIN
KT 4761D,2,MAIN
KT 4761E,2,MAIN
KT 4762,0,MAIN
KT 4762A,0,MAIN
KT 4763,14,MAIN
KT 4763A,5,MAIN
KT 4763B,2,MAIN
KT 4764,5,MAIN
KT 4764A,4,MAIN
KT 4764B,0,MAIN
KT 4765,0,MAIN
KT 4765A,0,MAIN
KT 4765B,0,MAIN
KT 4766,3,MAIN
KT 4766A,3,MAIN
KT 4767,2,MAIN
KT 4767A,0,MAIN
KT 4770,3,MAIN
KT 4770A,3,MAIN
KT 4771,1,MAIN
KT 4771A,1,MAIN
KT 4772,1,MAIN
KT 4772A,3,MAIN
KT 4774,5,MAIN
KT 4774A,5,MAIN
KT 4775,5,MAIN
KT 4775A,5,MAIN
KT 4776,3,MAIN
KT 4776A,5,MAIN
KT 4776B,5,MAIN
KT 4776D,5,MAIN
KT 4779,3,MAIN
KT 4779A,3,MAIN
KT 4780,3,MAIN
KT 4780A,3,MAIN
KT 4781,0,MAIN
KT 4781A,0,MAIN
KT 4783,3,MAIN
KT 4783A,3,MAIN
KT 4784,1,MAIN
KT 4784A,1,MAIN
KT 4785,5,MAIN
KT 4785A,5,MAIN
KT 4786,2,MAIN
KT 4786A,2,MAIN
KT 4790,4,MAIN
KT 4790A,1,MAIN
KT 4791,1,MAIN
KT 4791A,1,MAIN
KT 4792,1,MAIN
KT 4792A,5,MAIN
KT 4793,1,MAIN
KT 4793A,1,MAIN
KT 4794,0,MAIN
KT 4794A,0,MAIN
KT 4795,5,MAIN
KT 4795A,5,MAIN
KT 4796,2,MAIN
KT 4796A,2,MAIN
KT 4797A,2,MAIN
KT 4798,3,MAIN
KT 4798A,3,MAIN
KT 4799,1,MAIN
KT 4799A,1,MAIN
KT 4800,0,MAIN
KT 4800A,0,MAIN
KT 4801,1,MAIN
KT 4801A,1,MAIN
KT 4802,2,MAIN
KT 4803,4,MAIN
KT 4803A,4,MAIN
KT 4803OEM,0,MAIN
KT 4805,1,MAIN
KT 4805A,6,MAIN
KT 4806,3,MAIN
KT 4806A,2,MAIN
KT 4807,5,MAIN
KT 4807A,1,MAIN
KT 4808,5,MAIN
KT 4808A,1,MAIN
KT 4808B,5,MAIN
KT 4808D,5,MAIN
KT 4809,5,MAIN
KT 4809A,1,MAIN
KT 4809B,5,MAIN
KT 4809D,5,MAIN
KT 4810,5,MAIN
KT 4810A,5,MAIN
KT 4811,5,MAIN
KT 4811A,5,MAIN
KT 4812,2,MAIN
KT 4812A,2,MAIN
KT 4813,2,MAIN
KT 4813A,2,MAIN
KT 4814,5,MAIN
KT 4814A,5,MAIN
KT 4815,5,MAIN
KT 4815A,5,MAIN
KT 4816,2,MAIN
KT 4816A,2,MAIN
KT 4817,2,MAIN
KT 4817A,2,MAIN
KT 4818,5,MAIN
KT 4818A,5,MAIN
KT 4819,3,MAIN
KT 4819A,3,MAIN
KT 4820,2,MAIN
KT 4820A,2,MAIN
KT 4820B,2,MAIN
KT 4821,2,MAIN
KT 4821A,2,MAIN
KT 4821B,2,MAIN
KT 4823,2,MAIN
KT 4823A,2,MAIN
KT 4824,2,MAIN
KT 4824A,2,MAIN
KT 4825,2,MAIN
KT 4825A,2,MAIN
KT 4826,5,MAIN
KT 4827,2,MAIN
KT 4827A,2,MAIN
KT 4828,2,MAIN
KT 4828A,2,MAIN
KT 4831,1,MAIN
KT 4834,1,MAIN
KT 4835,0,MAIN
KT 4836,0,MAIN
KT 4837,0,MAIN
KT 4837A,0,MAIN
KT 4840,4,MAIN
KT 4840A,4,MAIN
KT 4841,3,MAIN
KT 4841A,3,MAIN
KT 4842,3,MAIN
KT 4842A,3,MAIN
KT 4843,4,MAIN
KT 4843A,4,MAIN
KT 4847,0,MAIN
KT 4849,1,MAIN
KT 4849A,3,MAIN
KT 4851,0,MAIN
KT 4852,3,MAIN
KT 4852A,3,MAIN
KT 4853,3,MAIN
KT 4853A,3,MAIN
KT 4854,3,MAIN
KT 4854A,3,MAIN
KT 4855,3,MAIN
KT 4855A,3,MAIN
KT 4856,2,MAIN
KT 4857,0,MAIN
KT 4857A,0,MAIN
KT 4858,4,MAIN
KT 4858A,2,MAIN
KT 4860,0,MAIN
KT 4860A,0,MAIN
KT 4863,2,MAIN
KT 4863A,2,MAIN
KT 4865,5,MAIN
KT 4865A,5,MAIN
KT 4866,2,MAIN
KT 4866A,2,MAIN
KT 4868,0,MAIN
KT 4868A,0,MAIN
KT 4868B,0,MAIN
KT 4869,0,MAIN
KT 4869A,0,MAIN
KT 4870,8,MAIN
KT 4870A,2,MAIN
KT 4871,5,MAIN
KT 4871A,5,MAIN
KT 4871B,5,MAIN
KT 4872,5,MAIN
KT 4872A,5,MAIN
KT 4873,2,MAIN
KT 4873B,2,MAIN
KT 4877,8,MAIN
KT 4877A,3,MAIN
KT 4877B,5,MAIN
KT 4877D,5,MAIN
KT 4879,5,MAIN
KT 4879A,2,MAIN
KT 4881,0,MAIN
KT 4881A,0,MAIN
KT 4883,1,MAIN
KT 4883A,1,MAIN
KT 4883B,1,MAIN
KT 4886,5,MAIN
KT 4886A,5,MAIN
KT 4886B,5,MAIN
KT 4887,3,MAIN
KT 4887A,3,MAIN
KT 4887B,3,MAIN
KT 4888,6,MAIN
KT 4888A,6,MAIN
KT 4888OEM,0,MAIN
KT 4889,2,MAIN
KT 4889A,5,MAIN
KT 4889B,5,MAIN
KT 4890,5,MAIN
KT 4890A,5,MAIN
KT 4890B,5,MAIN
KT 4892A,1,MAIN
KT 4893,3,MAIN
KT 4893A,3,MAIN
KT 4893B,3,MAIN
KT 4894,2,MAIN
KT 4894A,3,MAIN
KT 4895,6,MAIN
KT 4895A,6,MAIN
KT 4896,5,MAIN
KT 4896A,5,MAIN
KT 4897,2,MAIN
KT 4897A,2,MAIN
KT 4898,5,MAIN
KT 4898A,5,MAIN
KT 4899,4,MAIN
KT 4899A,4,MAIN
KT 4900,1,MAIN
KT 4900A,3,MAIN
KT 4901,5,MAIN
KT 4901A,5,MAIN
KT 4904,0,MAIN
KT 4904A,0,MAIN
KT 4905,1,MAIN
KT 4905A,1,MAIN
KT 4906,5,MAIN
KT 4906A,5,MAIN
KT 4906B,5,MAIN
KT 4907,6,MAIN
KT 4907A,6,MAIN
KT 4908,0,MAIN
KT 4908A,0,MAIN
KT 4909,2,MAIN
KT 4909A,2,MAIN
KT 4909B,2,MAIN
KT 4910A,2,MAIN
KT 4910B,2,MAIN
KT 4912,0,MAIN
KT 4912A,0,MAIN
KT 4913,0,MAIN
KT 4913A,0,MAIN
KT 4913B,0,MAIN
KT 4914A,0,MAIN
KT 4915,0,MAIN
KT 4915A,0,MAIN
KT 4916,2,MAIN
KT 4916A,2,MAIN
KT 4917A,0,MAIN
KT 4918A,0,MAIN
KT 4919,2,MAIN
KT 4919A,2,MAIN
KT 4920,0,MAIN
KT 4920A,0,MAIN
KT 4921,1,MAIN
KT 4921A,1,MAIN
KT 4922,0,MAIN
KT 4922A,0,MAIN
KT 4923,0,MAIN
KT 4923A,0,MAIN
KT 4924,1,MAIN
KT 4924A,1,MAIN
KT 4925,1,MAIN
KT 4925A,1,MAIN
KT 4926A,0,MAIN
KT 4927A,0,MAIN
KT 4928,1,MAIN
KT 4928A,1,MAIN
KT 4929A,1,MAIN
KT 4930,1,MAIN
KT 4930A,1,MAIN
KT 4930B,1,MAIN
KT 4931,0,MAIN
KT 4931A,0,MAIN
KT 4931B,0,MAIN
KT 4934,2,MAIN
KT 4934A,2,MAIN
KT 4935,2,MAIN
KT 4935A,2,MAIN
KT 4937,2,MAIN
KT 4937A,2,MAIN
KT 4938,2,MAIN
KT 4938A,2,MAIN
KT 4939,2,MAIN
KT 4939A,2,MAIN
KT 4941,5,MAIN
KT 4941A,5,MAIN
KT 4942,1,MAIN
KT 4942A,1,MAIN
KT 4943,0,MAIN
KT 4944,1,MAIN
KT 4945,0,MAIN
KT 4945A,0,MAIN
KT 4945B,0,MAIN
KT 4945D,0,MAIN
KT 4946,2,MAIN
KT 4946A,5,MAIN
KT 4946B,1,MAIN
KT 4946D,5,MAIN
KT 4947B,1,MAIN
KT 4948,1,MAIN
KT 4948A,5,MAIN
KT 4949,5,MAIN
KT 4949A,5,MAIN
KT 4950,0,MAIN
KT 4950A,0,MAIN
KT 4951,0,MAIN
KT 4951A,0,MAIN
KT 4951B,0,MAIN
KT 4952,0,MAIN
KT 4952A,0,MAIN
KT 4953,5,MAIN
KT 4953A,3,MAIN
KT 4954,5,MAIN
KT 4954A,5,MAIN
KT 4955,0,MAIN
KT 4955A,0,MAIN
KT 4956,5,MAIN
KT 4956A,5,MAIN
KT 4957A,5,MAIN
KT 4957B,5,MAIN
KT 4958A,0,MAIN
KT 4959A,4,MAIN
KT 4959B,5,MAIN
KT 4960,3,MAIN
KT 4960A,3,MAIN
KT 4960B,3,MAIN
KT 4961,1,MAIN
KT 4961A,1,MAIN
KT 4962,1,MAIN
KT 4962A,1,MAIN
KT 4963,1,MAIN
KT 4963A,1,MAIN
KT 4963B,1,MAIN
KT 4964,0,MAIN
KT 4964A,1,MAIN
KT 4965,1,MAIN
KT 4965A,1,MAIN
KT 4966,0,MAIN
KT 4966A,0,MAIN
KT 4967,1,MAIN
KT 4967A,1,MAIN
KT 4967B,1,MAIN
KT 4968,1,MAIN
KT 4968A,1,MAIN
KT 4969,1,MAIN
KT 4969A,1,MAIN
KT 4969B,1,MAIN
KT 4971,1,MAIN
KT 4971A,1,MAIN
KT 4972,1,MAIN
KT 4972A,1,MAIN
KT 4973,1,MAIN
KT 4973A,1,MAIN
KT 4973B,1,MAIN
KT 4974A,0,MAIN
KT 4975A,0,MAIN
KT 4976A,0,MAIN
KT 4978,1,MAIN
KT 4978A,1,MAIN
KT 4978D,1,MAIN
KT 4979,1,MAIN
KT 4979A,1,MAIN
KT 4980,0,MAIN
KT 4980A,0,MAIN
KT 4981,3,MAIN
KT 4981A,3,MAIN
KT 4981B,3,MAIN
KT 4981D,3,MAIN
KT 4982,1,MAIN
KT 4982A,1,MAIN
KT 4983,2,MAIN
KT 4983A,2,MAIN
KT 4986,2,MAIN
KT 4986A,2,MAIN
KT 4987,0,MAIN
KT 4987A,0,MAIN
KT 4988,0,MAIN
KT 4988A,0,MAIN
KT 4988B,0,MAIN
KT 4988D,0,MAIN
KT 4989,0,MAIN
KT 4989A,0,MAIN
KT 4990,0,MAIN
KT 4990A,0,MAIN
KT 4991,4,MAIN
KT 4991A,4,MAIN
KT 4992,4,MAIN
KT 4992A,4,MAIN
KT 4994,1,MAIN
KT 4994A,1,MAIN
KT 4995,2,MAIN
KT 4995A,2,MAIN
KT 4996,2,MAIN
KT 4996A,2,MAIN
KT 4996B,2,MAIN
KT 4997,1,MAIN
KT 4997A,1,MAIN
KT 4998,2,MAIN
KT 4998A,3,MAIN
KT 4999,2,MAIN
KT 4999A,2,MAIN
KT 5000,6,MAIN
KT 5000A,6,MAIN
KT 5001,1,MAIN
KT 5002,2,MAIN
KT 5002A,3,MAIN
KT 5003,5,MAIN
KT 5003A,5,MAIN
KT 5003D,5,MAIN
KT 5004,2,MAIN
KT 5004A,2,MAIN
KT 5006,2,MAIN
KT 5006A,2,MAIN
KT 5007,2,MAIN
KT 5007A,2,MAIN
KT 5008,1,MAIN
KT 5008A,1,MAIN
KT 5009,3,MAIN
KT 5009A,3,MAIN
KT 5010,0,MAIN
KT 5010A,0,MAIN
KT 5012,3,MAIN
KT 5012A,3,MAIN
KT 5014,0,MAIN
KT 5014A,0,MAIN
KT 5015,0,MAIN
KT 5015A,0,MAIN
KT 5016,0,MAIN
KT 5016A,0,MAIN
KT 5017,0,MAIN
KT 5017A,0,MAIN
KT 5018,5,MAIN
KT 5018A,5,MAIN
KT 5019A,2,MAIN
KT 5020,4,MAIN
KT 5020A,4,MAIN
KT 5021,0,MAIN
KT 5021A,0,MAIN
KT 5021B,0,MAIN
KT 5023,0,MAIN
KT 5023A,0,MAIN
KT 5025,5,MAIN
KT 5025A,5,MAIN
KT 5026,5,MAIN
KT 5026A,5,MAIN
KT 5027,2,MAIN
KT 5027A,3,MAIN
KT 5028,2,MAIN
KT 5028A,5,MAIN
KT 5028B,4,MAIN
KT 5029,0,MAIN
KT 5029B,0,MAIN
KT 5030,0,MAIN
KT 5030A,0,MAIN
KT 5033,5,MAIN
KT 5033A,5,MAIN
KT 5034,2,MAIN
KT 5034A,5,MAIN
KT 5037,2,MAIN
KT 5037A,2,MAIN
KT 5039A,1,MAIN
KT 5039B,1,MAIN
KT 5040A,0,MAIN
KT 5040B,0,MAIN
KT 5043,2,MAIN
KT 5043A,2,MAIN
KT 5044,2,MAIN
KT 5044A,2,MAIN
KT 5048,2,MAIN
KT 5048A,2,MAIN
KT 5049,2,MAIN
KT 5049A,2,MAIN
KT 5050,1,MAIN
KT 5050A,1,MAIN
KT 5051,5,MAIN
KT 5051A,5,MAIN
KT 5055,2,MAIN
KT 5055A,2,MAIN
KT 5056,1,MAIN
KT 5056A,1,MAIN
KT 5057,1,MAIN
KT 5057A,1,MAIN
KT 5057B,1,MAIN
KT 5058,2,MAIN
KT 5058A,2,MAIN
KT 5059,2,MAIN
KT 5059A,2,MAIN
KT 5060,2,MAIN
KT 5060A,2,MAIN
KT 5061,2,MAIN
KT 5061A,2,MAIN
KT 5064,2,MAIN
KT 5064A,2,MAIN
KT 5065,2,MAIN
KT 5066,2,MAIN
KT 5066A,2,MAIN
KT 5067,2,MAIN
KT 5067A,2,MAIN
KT 5069A,2,MAIN
KT 5070,1,MAIN
KT 5070A,1,MAIN
KT 5071,1,MAIN
KT 5071A,1,MAIN
KT 5072,5,MAIN
KT 5072A,5,MAIN
KT 5072B,5,MAIN
KT 5073,5,MAIN
KT 5073A,5,MAIN
KT 5075,0,MAIN
KT 5075A,0,MAIN
KT 5075B,0,MAIN
KT 5076,5,MAIN
KT 5076A,5,MAIN
KT 5076B,5,MAIN
KT 5076D,5,MAIN
KT 5077,1,MAIN
KT 5077A,1,MAIN
KT 5077B,1,MAIN
KT 5079,1,MAIN
KT 5079A,1,MAIN
KT 5079B,1,MAIN
KT 5080,1,MAIN
KT 5080A,1,MAIN
KT 5081A,5,MAIN
KT 5082A,5,MAIN
KT 5083,2,MAIN
KT 5083A,2,MAIN
KT 5084,2,MAIN
KT 5084A,2,MAIN
KT 5085,1,MAIN
KT 5085A,1,MAIN
KT 5086,1,MAIN
KT 5086A,1,MAIN
KT 5087,1,MAIN
KT 5087A,1,MAIN
KT 5090,2,MAIN
KT 5090A,2,MAIN
KT 5091,3,MAIN
KT 5091A,4,MAIN
KT 5092,2,MAIN
KT 5092A,2,MAIN
KT 5095,2,MAIN
KT 5095A,2,MAIN
KT 5096,2,MAIN
KT 5096A,2,MAIN
KT 5097,2,MAIN
KT 5097A,2,MAIN
KT 5098,2,MAIN
KT 5098A,2,MAIN
KT 5100,3,MAIN
KT 5100A,3,MAIN
KT 5102,2,MAIN
KT 5103,2,MAIN
KT 5103A,2,MAIN
KT 5104,2,MAIN
KT 5104A,2,MAIN
KT 5105,2,MAIN
KT 5105A,2,MAIN
KT 5106,2,MAIN
KT 5106A,0,MAIN
KT 5107,2,MAIN
KT 5107A,0,MAIN
KT 5108,2,MAIN
KT 5108A,2,MAIN
KT 5110,2,MAIN
KT 5111,2,MAIN
KT 5111A,2,MAIN
KT 5111B,2,MAIN
KT 5112,2,MAIN
KT 5112A,2,MAIN
KT 5113,4,MAIN
KT 5113A,3,MAIN
KT 5114,1,MAIN
KT 5115,1,MAIN
KT 5117,0,MAIN
KT 5117A,0,MAIN
KT 5118,0,MAIN
KT 5118A,0,MAIN
KT 5119,0,MAIN
KT 5119A,0,MAIN
KT 5120,0,MAIN
KT 5120A,0,MAIN
KT 5121A,2,MAIN
KT 5122A,2,MAIN
KT 5123,2,MAIN
KT 5123A,2,MAIN
KT 5124,2,MAIN
KT 5124A,2,MAIN
KT 5125,2,MAIN
KT 5126,2,MAIN
KT 5126A,2,MAIN
KT 5127,2,MAIN
KT 5127A,2,MAIN
KT 5128,2,MAIN
KT 5128A,2,MAIN
KT 5129,3,MAIN
KT 5129A,3,MAIN
KT 5130,4,MAIN
KT 5130A,4,MAIN
KT 5132,6,MAIN
KT 5132A,6,MAIN
KT 5134A,5,MAIN
KT 5135,5,MAIN
KT 5135A,5,MAIN
KT 5136A,5,MAIN
KT 5139,3,MAIN
KT 5139A,3,MAIN
KT 5140,4,MAIN
KT 5140A,4,MAIN
KT 5141,3,MAIN
KT 5141A,3,MAIN
KT 5142,1,MAIN
KT 5142A,1,MAIN
KT 5143,2,MAIN
KT 5143A,2,MAIN
KT 5144,1,MAIN
KT 5144A,1,MAIN
KT 5145,1,MAIN
KT 5145A,1,MAIN
KT 5146,0,MAIN
KT 5146A,0,MAIN
KT 5146B,0,MAIN
KT 5147,2,MAIN
KT 5147A,2,MAIN
KT 5148,1,MAIN
KT 5148A,1,MAIN
KT 5150,2,MAIN
KT 5150A,0,MAIN
KT 5151,2,MAIN
KT 5151A,2,MAIN
KT 5152,5,MAIN
KT 5152A,5,MAIN
KT 5153,5,MAIN
KT 5153A,5,MAIN
KT 5154,5,MAIN
KT 5154A,5,MAIN
KT 5155,5,MAIN
KT 5155A,5,MAIN
KT 5156,5,MAIN
KT 5156A,5,MAIN
KT 5157,5,MAIN
KT 5157A,5,MAIN
KT 5158,0,MAIN
KT 5158A,0,MAIN
KT 5158B,0,MAIN
KT 5158D,0,MAIN
KT 5159,5,MAIN
KT 5159A,5,MAIN
KT 5160,5,MAIN
KT 5160A,5,MAIN
KT 5161,0,MAIN
KT 5161A,0,MAIN
KT 5161B,0,MAIN
KT 5162,1,MAIN
KT 5162A,1,MAIN
KT 5163,2,MAIN
KT 5163A,2,MAIN
KT 5164,2,MAIN
KT 5164A,2,MAIN
KT 5165,2,MAIN
KT 5165A,2,MAIN
KT 5167,0,MAIN
KT 5167A,0,MAIN
KT 5170A,3,MAIN
KT 5171,3,MAIN
KT 5171A,3,MAIN
KT 5172,0,MAIN
KT 5172A,0,MAIN
KT 5173,0,MAIN
KT 5173A,0,MAIN
KT 5174,0,MAIN
KT 5174A,0,MAIN
KT 5175,0,MAIN
KT 5175A,0,MAIN
KT 5176,2,MAIN
KT 5176A,1,MAIN
KT 5178,5,MAIN
KT 5178A,5,MAIN
KT 5179A,0,MAIN
KT 5180A,0,MAIN
KT 5181A,5,MAIN
KT 5183,0,MAIN
KT 5183A,0,MAIN
KT 5184,0,MAIN
KT 5184A,0,MAIN
KT 5186,5,MAIN
KT 5186A,5,MAIN
KT 5187,2,MAIN
KT 5187A,5,MAIN
KT 5187B,5,MAIN
KT 5188,4,MAIN
KT 5188A,4,MAIN
KT 5189,0,MAIN
KT 5189A,0,MAIN
KT 5189B,0,MAIN
KT 5191,0,MAIN
KT 5191A,0,MAIN
KT 5192,1,MAIN
KT 5192A,1,MAIN
KT 5193,1,MAIN
KT 5193A,1,MAIN
KT 5194,0,MAIN
KT 5194A,0,MAIN
KT 5195,0,MAIN
KT 5195A,0,MAIN
KT 5195B,0,MAIN
KT 5196,0,MAIN
KT 5196A,0,MAIN
KT 5197,3,MAIN
KT 5197A,3,MAIN
KT 5197B,3,MAIN
KT 5198A,3,MAIN
KT 5199,2,MAIN
KT 5199A,3,MAIN
KT 5200,2,MAIN
KT 5201,3,MAIN
KT 5201A,3,MAIN
KT 5201B,3,MAIN
KT 5202,4,MAIN
KT 5202A,4,MAIN
KT 5204A,1,MAIN
KT 5205A,5,MAIN
KT 5206A,5,MAIN
KT 5207A,5,MAIN
KT 5208,3,MAIN
KT 5208A,3,MAIN
KT 5209,2,MAIN
KT 5209A,2,MAIN
KT 5209B,2,MAIN
KT 5210,0,MAIN
KT 5210A,0,MAIN
KT 5211,5,MAIN
KT 5211A,5,MAIN
KT 5212,2,MAIN
KT 5212A,2,MAIN
KT 5213,1,MAIN
KT 5213A,1,MAIN
KT 5214,1,MAIN
KT 5214A,1,MAIN
KT 5215,3,MAIN
KT 5215A,3,MAIN
KT 5216,6,MAIN
KT 5216A,6,MAIN
KT 5217,6,MAIN
KT 5217A,6,MAIN
KT 5217D,6,MAIN
KT 5218,2,MAIN
KT 5218A,0,MAIN
KT 5219,5,MAIN
KT 5219A,5,MAIN
KT 5220,2,MAIN
KT 5220A,5,MAIN
KT 5222A,0,MAIN
KT 5223A,2,MAIN
KT 5224A,2,MAIN
KT 5225A,2,MAIN
KT 5226A,2,MAIN
KT 5227,2,MAIN
KT 5227A,2,MAIN
KT 5228,2,MAIN
KT 5228A,2,MAIN
KT 5229,2,MAIN
KT 5229A,2,MAIN
KT 5229B,2,MAIN
KT 5230,6,MAIN
KT 5230A,3,MAIN
KT 5231,4,MAIN
KT 5231A,4,MAIN
KT 5232,5,MAIN
KT 5232A,5,MAIN
KT 5233,0,MAIN
KT 5233A,0,MAIN
KT 5233B,0,MAIN
KT 5235,2,MAIN
KT 5235A,2,MAIN
KT 5236,2,MAIN
KT 5236A,2,MAIN
KT 5237,4,MAIN
KT 5237A,4,MAIN
KT 5238,4,MAIN
KT 5238A,4,MAIN
KT 5239,0,MAIN
KT 5239A,0,MAIN
KT 5240,0,MAIN
KT 5240A,0,MAIN
KT 5241A,5,MAIN
KT 5242,4,MAIN
KT 5242A,4,MAIN
KT 5243,4,MAIN
KT 5243A,4,MAIN
KT 5244,6,MAIN
KT 5244A,6,MAIN
KT 5245,5,MAIN
KT 5245A,5,MAIN
KT 5246,0,MAIN
KT 5246A,0,MAIN
KT 5247,3,MAIN
KT 5247A,3,MAIN
KT 5248,0,MAIN
KT 5248A,0,MAIN
KT 5249,5,MAIN
KT 5249A,5,MAIN
KT 5250,1,MAIN
KT 5250A,1,MAIN
KT 5251,0,MAIN
KT 5251A,0,MAIN
KT 5252,0,MAIN
KT 5252A,0,MAIN
KT 5253,0,MAIN
KT 5254,0,MAIN
KT 5255,2,MAIN
KT 5255A,2,MAIN
KT 5256,1,MAIN
KT 5256A,1,MAIN
KT 5257,1,MAIN
KT 5257A,1,MAIN
KT 5258,1,MAIN
KT 5259,1,MAIN
KT 5260,0,MAIN
KT 5260A,0,MAIN
KT 5261,0,MAIN
KT 5261A,0,MAIN
KT 5262,5,MAIN
KT 5262A,5,MAIN
KT 5263,2,MAIN
KT 5264,1,MAIN
KT 5266,3,MAIN
KT 5266A,3,MAIN
KT 5271A,0,MAIN
KT 5272A,0,MAIN
KT 5273,5,MAIN
KT 5273A,5,MAIN
KT 5274,1,MAIN
KT 5274A,1,MAIN
KT 5275,3,MAIN
KT 5275A,3,MAIN
KT 5275B,3,MAIN
KT 5276,2,MAIN
KT 5276A,2,MAIN
KT 5277,2,MAIN
KT 5277A,2,MAIN
KT 5280,1,MAIN
KT 5280A,1,MAIN
KT 5281,2,MAIN
KT 5281A,2,MAIN
KT 5281B,0,MAIN
KT 5282,0,MAIN
KT 5282A,0,MAIN
KT 5283,0,MAIN
KT 5283A,0,MAIN
KT 5284,1,MAIN
KT 5284A,1,MAIN
KT 5285,1,MAIN
KT 5285A,1,MAIN
KT 5285B,1,MAIN
KT 5286,1,MAIN
KT 5286A,1,MAIN
KT 5287,1,MAIN
KT 5287A,1,MAIN
KT 5288,2,MAIN
KT 5288A,2,MAIN
KT 5289,2,MAIN
KT 5289A,2,MAIN
KT 5290,2,MAIN
KT 5290A,2,MAIN
KT 5290B,2,MAIN
KT 5291,2,MAIN
KT 5291A,2,MAIN
KT 5291B,0,MAIN
KT 5292,0,MAIN
KT 5292A,0,MAIN
KT 5292B,0,MAIN
KT 5293,4,MAIN
KT 5293A,4,MAIN
KT 5294,4,MAIN
KT 5294A,4,MAIN
KT 5295,5,MAIN
KT 5295A,5,MAIN
KT 5296,5,MAIN
KT 5296A,5,MAIN
KT 5297,0,MAIN
KT 5297A,0,MAIN
KT 5298,5,MAIN
KT 5298A,5,MAIN
KT 5299,1,MAIN
KT 5299A,1,MAIN
KT 5300,1,MAIN
KT 5300A,1,MAIN
KT 5301,0,MAIN
KT 5301A,0,MAIN
KT 5301D,0,MAIN
KT 5302,5,MAIN
KT 5302A,5,MAIN
KT 5305,2,MAIN
KT 5305A,5,MAIN
KT 5306,4,MAIN
KT 5306A,4,MAIN
KT 5309,0,MAIN
KT 5309A,0,MAIN
KT 5310,0,MAIN
KT 5310A,0,MAIN
KT 5311,0,MAIN
KT 5311A,0,MAIN
KT 5312,1,MAIN
KT 5312A,1,MAIN
KT 5313,1,MAIN
KT 5313A,1,MAIN
KT 5314,1,MAIN
KT 5314A,1,MAIN
KT 5316,0,MAIN
KT 5316A,0,MAIN
KT 5317,0,MAIN
KT 5317A,0,MAIN
KT 5317B,0,MAIN
KT 5318,0,MAIN
KT 5318A,0,MAIN
KT 5319,1,MAIN
KT 5319A,1,MAIN
KT 5320,5,MAIN
KT 5320A,5,MAIN
KT 5321,4,MAIN
KT 5321A,4,MAIN
KT 5322,1,MAIN
KT 5322A,1,MAIN
KT 5323,1,MAIN
KT 5323A,1,MAIN
KT 5324,5,MAIN
KT 5324A,5,MAIN
KT 5325,1,MAIN
KT 5325A,1,MAIN
KT 5326,0,MAIN
KT 5326A,0,MAIN
KT 5327A,2,MAIN
KT 5328,2,MAIN
KT 5328A,2,MAIN
KT 5329,2,MAIN
KT 5329A,2,MAIN
KT 5330,3,MAIN
KT 5330A,3,MAIN
KT 5331,5,MAIN
KT 5331A,5,MAIN
KT 5331B,5,MAIN
KT 5333,4,MAIN
KT 5333A,4,MAIN
KT 5334,3,MAIN
KT 5334A,3,MAIN
KT 5335,2,MAIN
KT 5335A,2,MAIN
KT 5335B,2,MAIN
KT 5336,2,MAIN
KT 5336A,2,MAIN
KT 5336B,2,MAIN
KT 5337,2,MAIN
KT 5337B,2,MAIN
KT 5340,2,MAIN
KT 5340A,2,MAIN
KT 5341,2,MAIN
KT 5341A,2,MAIN
KT 5342,0,MAIN
KT 5342A,0,MAIN
KT 5343,5,MAIN
KT 5343A,5,MAIN
KT 5344,5,MAIN
KT 5344A,5,MAIN
KT 5347,1,MAIN
KT 5347A,1,MAIN
KT 5348,1,MAIN
KT 5348A,1,MAIN
KT 5349,5,MAIN
KT 5349A,5,MAIN
KT 5351,0,MAIN
KT 5351A,0,MAIN
KT 5352A,0,MAIN
KT 5354,5,MAIN
KT 5354A,5,MAIN
KT 5355,3,MAIN
KT 5355A,3,MAIN
KT 5357,0,MAIN
KT 5357A,0,MAIN
KT 5358,0,MAIN
KT 5358A,0,MAIN
KT 5359,1,MAIN
KT 5359A,1,MAIN
KT 5364,0,MAIN
KT 5364A,0,MAIN
KT 5364B,0,MAIN
KT 5366,2,MAIN
KT 5366A,2,MAIN
KT 5367,2,MAIN
KT 5367A,2,MAIN
KT 5370,0,MAIN
KT 5370A,0,MAIN
KT 5370B,0,MAIN
KT 5371,1,MAIN
KT 5371A,1,MAIN
KT 5371B,1,MAIN
KT 5371D,1,MAIN
KT 5372,1,MAIN
KT 5372A,1,MAIN
KT 5373,0,MAIN
KT 5373A,0,MAIN
KT 5374,0,MAIN
KT 5374A,0,MAIN
KT 5375,0,MAIN
KT 5375A,0,MAIN
KT 5376,1,MAIN
KT 5376A,1,MAIN
KT 5377,0,MAIN
KT 5377A,0,MAIN
KT 5378,0,MAIN
KT 5378A,0,MAIN
KT 5379,0,MAIN
KT 5379A,0,MAIN
KT 5380,0,MAIN
KT 5380A,0,MAIN
KT 5381,0,MAIN
KT 5381A,0,MAIN
KT 5383,0,MAIN
KT 5383A,0,MAIN
KT 5384A,0,MAIN
KT 5385,0,MAIN
KT 5385A,0,MAIN
KT 5386,5,MAIN
KT 5386A,5,MAIN
KT 5387A,5,MAIN
KT 5388A,0,MAIN
KT 5389,0,MAIN
KT 5389A,0,MAIN
KT 5390A,5,MAIN
KT 5391,5,MAIN
KT 5391A,5,MAIN
KT 5392,4,MAIN
KT 5392A,4,MAIN
KT 5393,0,MAIN
KT 5393A,0,MAIN
KT 5394A,0,MAIN
KT 5395,5,MAIN
KT 5395A,5,MAIN
KT 5397,5,MAIN
KT 5397A,5,MAIN
KT 5400,5,MAIN
KT 5400A,0,MAIN
KT 5402,0,MAIN
KT 5402A,0,MAIN
KT 5404A,5,MAIN
KT 5405,2,MAIN
KT 5405A,2,MAIN
KT 5406,0,MAIN
KT 5406A,0,MAIN
KT 5407,0,MAIN
KT 5407A,0,MAIN
KT 5408,0,MAIN
KT 5408A,0,MAIN
KT 5409A,5,MAIN
KT 5410,5,MAIN
KT 5410A,5,MAIN
KT 5411,0,MAIN
KT 5411A,0,MAIN
KT 5412,2,MAIN
KT 5412A,2,MAIN
KT 5413,2,MAIN
KT 5413A,2,MAIN
KT 5414,4,MAIN
KT 5414A,4,MAIN
KT 5415,0,MAIN
KT 5415A,0,MAIN
KT 5416,0,MAIN
KT 5416A,0,MAIN
KT 5417,1,MAIN
KT 5417A,3,MAIN
KT 5418,5,MAIN
KT 5418A,5,MAIN
KT 5420,1,MAIN
KT 5420A,1,MAIN
KT 5421,2,MAIN
KT 5421A,0,MAIN
KT 5422,5,MAIN
KT 5422A,5,MAIN
KT 5423,0,MAIN
KT 5423A,0,MAIN
KT 5424,5,MAIN
KT 5424A,5,MAIN
KT 5425,1,MAIN
KT 5425A,1,MAIN
KT 5426,0,MAIN
KT 5426A,0,MAIN
KT 5428,0,MAIN
KT 5428A,0,MAIN
KT 5429,0,MAIN
KT 5429A,0,MAIN
KT 5430,0,MAIN
KT 5430A,0,MAIN
KT 5431,0,MAIN
KT 5431A,0,MAIN
KT 5432,0,MAIN
KT 5432A,0,MAIN
KT 5433,0,MAIN
KT 5433A,0,MAIN
KT 5433B,0,MAIN
KT 5434,2,MAIN
KT 5434A,2,MAIN
KT 5434B,2,MAIN
KT 5435,5,MAIN
KT 5435A,5,MAIN
KT 5437,1,MAIN
KT 5437A,1,MAIN
KT 5438,1,MAIN
KT 5438A,1,MAIN
KT 5438B,1,MAIN
KT 5438D,1,MAIN
KT 5439,1,MAIN
KT 5440,1,MAIN
KT 5440A,1,MAIN
KT 5441,1,MAIN
KT 5441A,1,MAIN
KT 5441B,1,MAIN
KT 5443,1,MAIN
KT 5443A,1,MAIN
KT 5444,1,MAIN
KT 5444A,1,MAIN
KT 5444B,1,MAIN
KT 5445,1,MAIN
KT 5445A,1,MAIN
KT 5446,5,MAIN
KT 5446A,5,MAIN
KT 5446D,5,MAIN
KT 5449,5,MAIN
KT 5449A,5,MAIN
KT 5450,0,MAIN
KT 5450A,0,MAIN
KT 5451,0,MAIN
KT 5451A,0,MAIN
KT 5452,0,MAIN
KT 5452A,0,MAIN
KT 5453,0,MAIN
KT 5453A,0,MAIN
KT 5454,0,MAIN
KT 5454A,0,MAIN
KT 5455,0,MAIN
KT 5455A,0,MAIN
KT 5456,0,MAIN
KT 5456A,0,MAIN
KT 5457,0,MAIN
KT 5457A,0,MAIN
KT 5458,2,MAIN
KT 5463,2,MAIN
KT 5464,2,MAIN
KT 5465,2,MAIN
KT 5465A,2,MAIN
KT 5466,0,MAIN
KT 5466A,0,MAIN
KT 5467,0,MAIN
KT 5467A,0,MAIN
KT 5470,0,MAIN
KT 5470A,0,MAIN
KT 5471,0,MAIN
KT 5474,1,MAIN
KT 5474A,5,MAIN
KT 5476,5,MAIN
KT 5476A,5,MAIN
KT 5477,5,MAIN
KT 5477B,5,MAIN
KT 5478,3,MAIN
KT 5478A,3,MAIN
KT 5478B,3,MAIN
KT 5479,1,MAIN
KT 5479A,1,MAIN
KT 5480,0,MAIN
KT 5480A,0,MAIN
KT 5481,5,MAIN
KT 5481A,5,MAIN
KT 5482,5,MAIN
KT 5482A,5,MAIN
KT 5483,0,MAIN
KT 5484,0,MAIN
KT 5485,2,MAIN
KT 5485A,2,MAIN
KT 5486,3,MAIN
KT 5486A,1,MAIN
KT 5488,5,MAIN
KT 5488A,5,MAIN
KT 5489,3,MAIN
KT 5489A,3,MAIN
KT 5490,2,MAIN
KT 5490A,2,MAIN
KT 5490B,2,MAIN
KT 5491,3,MAIN
KT 5491A,3,MAIN
KT 5492A,4,MAIN
KT 5493,3,MAIN
KT 5493A,3,MAIN
KT 5494,2,MAIN
KT 5495,0,MAIN
KT 5495A,0,MAIN
KT 5495B,0,MAIN
KT 5498,2,MAIN
KT 5498A,2,MAIN
KT 5499,0,MAIN
KT 5499A,0,MAIN
KT 5500A,4,MAIN
KT 5501A,5,MAIN
KT 5502,0,MAIN
KT 5502A,0,MAIN
KT 5503,0,MAIN
KT 5503A,0,MAIN
KT 5504,5,MAIN
KT 5504A,5,MAIN
KT 5505,5,MAIN
KT 5505A,5,MAIN
KT 5506,5,MAIN
KT 5506A,5,MAIN
KT 5507,0,MAIN
KT 5507A,0,MAIN
KT 5508,2,MAIN
KT 5508A,2,MAIN
KT 5509,0,MAIN
KT 5509A,0,MAIN
KT 5510,3,MAIN
KT 5510A,3,MAIN
KT 5510B,3,MAIN
KT 5511,2,MAIN
KT 5512,1,MAIN
KT 5512A,1,MAIN
KT 5513,1,MAIN
KT 5513A,1,MAIN
KT 5514,2,MAIN
KT 5514A,2,MAIN
KT 5515,2,MAIN
KT 5515A,2,MAIN
KT 5516,0,MAIN
KT 5518,2,MAIN
KT 5518A,2,MAIN
KT 5519,0,MAIN
KT 5519A,0,MAIN
KT 5520,0,MAIN
KT 5520A,0,MAIN
KT 5520B,0,MAIN
KT 5521,0,MAIN
KT 5521A,0,MAIN
KT 5521B,0,MAIN
KT 5521D,0,MAIN
KT 5521E,0,MAIN
KT 5522,1,MAIN
KT 5522A,1,MAIN
KT 5523,2,MAIN
KT 5523A,2,MAIN
KT 5525,0,MAIN
KT 5525A,0,MAIN
KT 5526,2,MAIN
KT 5526A,2,MAIN
KT 5527,3,MAIN
KT 5527A,3,MAIN
KT 5527B,3,MAIN
KT 5527D,3,MAIN
KT 5527E,3,MAIN
KT 5528,1,MAIN
KT 5528A,1,MAIN
KT 5528B,1,MAIN
KT 5528D,1,MAIN
KT 5529,0,MAIN
KT 5529A,0,MAIN
KT 5529B,0,MAIN
KT 5530,0,MAIN
KT 5530A,0,MAIN
KT 5532,2,MAIN
KT 5532A,2,MAIN
KT 5533,0,MAIN
KT 5533A,0,MAIN
KT 5534,0,MAIN
KT 5534A,0,MAIN
KT 5535,0,MAIN
KT 5535A,0,MAIN
KT 5536,1,MAIN
KT 5536A,1,MAIN
KT 5536B,1,MAIN
KT 5536D,1,MAIN
KT 5539,2,MAIN
KT 5539A,2,MAIN
KT 5539B,2,MAIN
KT 5540,2,MAIN
KT 5540A,2,MAIN
KT 5540B,2,MAIN
KT 5541,2,MAIN
KT 5541A,2,MAIN
KT 5542,0,MAIN
KT 5542B,0,MAIN
KT 5543,0,MAIN
KT 5543A,0,MAIN
KT 5544,2,MAIN
KT 5544A,2,MAIN
KT 5545,2,MAIN
KT 5545A,2,MAIN
KT 5546,0,MAIN
KT 5546A,0,MAIN
KT 5547,3,MAIN
KT 5547A,3,MAIN
KT 5549,2,MAIN
KT 5549A,0,MAIN
KT 5550,2,MAIN
KT 5550A,0,MAIN
KT 5551,3,MAIN
KT 5552,0,MAIN
KT 5553,3,MAIN
KT 5553A,3,MAIN
KT 5554,0,MAIN
KT 5554A,0,MAIN
KT 5556,1,MAIN
KT 5556A,1,MAIN
KT 5557,3,MAIN
KT 5557A,3,MAIN
KT 5558,3,MAIN
KT 5558A,3,MAIN
KT 5559,0,MAIN
KT 5559A,0,MAIN
KT 5561,5,MAIN
KT 5561A,5,MAIN
KT 5562,2,MAIN
KT 5562A,2,MAIN
KT 5563,2,MAIN
KT 5563A,2,MAIN
KT 5564,0,MAIN
KT 5564A,0,MAIN
KT 5564B,0,MAIN
KT 5565,0,MAIN
KT 5565A,0,MAIN
KT 5565B,0,MAIN
KT 5567A,1,MAIN
KT 5568,6,MAIN
KT 5568A,5,MAIN
KT 5571,6,MAIN
KT 5571A,6,MAIN
KT 5572A,6,MAIN
KT 5573A,6,MAIN
KT 5574A,6,MAIN
KT 5575A,6,MAIN
KT 5576,1,MAIN
KT 5576A,1,MAIN
KT 5576B,1,MAIN
KT 5577,0,MAIN
KT 5577A,0,MAIN
KT 5578,0,MAIN
KT 5578A,0,MAIN
KT 5579,2,MAIN
KT 5579A,2,MAIN
KT 5579B,2,MAIN
KT 5580,2,MAIN
KT 5580A,2,MAIN
KT 5580B,2,MAIN
KT 5581,2,MAIN
KT 5581A,2,MAIN
KT 5582,2,MAIN
KT 5582A,2,MAIN
KT 5583,1,MAIN
KT 5583A,1,MAIN
KT 5584,5,MAIN
KT 5586,1,MAIN
KT 5586A,1,MAIN
KT 5589,1,MAIN
KT 5590,1,MAIN
KT 5591,5,MAIN
KT 5591A,5,MAIN
KT 5593,5,MAIN
KT 5593A,5,MAIN
KT 5593B,5,MAIN
KT 5594,5,MAIN
KT 5594A,5,MAIN
KT 5595,3,MAIN
KT 5595A,3,MAIN
KT 5596,1,MAIN
KT 5596A,1,MAIN
KT 5597,1,MAIN
KT 5597A,1,MAIN
KT 5600,5,MAIN
KT 5600A,5,MAIN
KT 5601,4,MAIN
KT 5601A,4,MAIN
KT 5601B,4,MAIN
KT 5603,0,MAIN
KT 5603A,0,MAIN
KT 5604,0,MAIN
KT 5604A,0,MAIN
KT 5605,3,MAIN
KT 5605A,3,MAIN
KT 5606,3,MAIN
KT 5606A,3,MAIN
KT 5607,1,MAIN
KT 5607A,1,MAIN
KT 5608,1,MAIN
KT 5608A,1,MAIN
KT 5609,3,MAIN
KT 5609A,5,MAIN
KT 5610,2,MAIN
KT 5610A,2,MAIN
KT 5611,2,MAIN
KT 5611A,2,MAIN
KT 5612,2,MAIN
KT 5612A,2,MAIN
KT 5613,2,MAIN
KT 5613A,2,MAIN
KT 5614,0,MAIN
KT 5614A,0,MAIN
KT 5616,3,MAIN
KT 5616A,3,MAIN
KT 5616B,3,MAIN
KT 5617,3,MAIN
KT 5617A,4,MAIN
KT 5618,5,MAIN
KT 5618A,5,MAIN
KT 5618B,5,MAIN
KT 5619,5,MAIN
KT 5619A,5,MAIN
KT 5619B,5,MAIN
KT 5620,2,MAIN
KT 5620A,2,MAIN
KT 5621,2,MAIN
KT 5621A,2,MAIN
KT 5622,1,MAIN
KT 5622A,1,MAIN
KT 5623A,1,MAIN
KT 5624,1,MAIN
KT 5624A,1,MAIN
KT 5625,0,MAIN
KT 5626,2,MAIN
KT 5626A,2,MAIN
KT 5628,2,MAIN
KT 5628A,2,MAIN
KT 5629,4,MAIN
KT 5629A,4,MAIN
KT 5630,3,MAIN
KT 5630A,3,MAIN
KT 5631,1,MAIN
KT 5631A,1,MAIN
KT 5632,2,MAIN
KT 5632A,2,MAIN
KT 5633,2,MAIN
KT 5633A,2,MAIN
KT 5634,5,MAIN
KT 5634A,5,MAIN
KT 5635,1,MAIN
KT 5635A,1,MAIN
KT 5636,3,MAIN
KT 5636A,3,MAIN
KT 5637,0,MAIN
KT 5637A,0,MAIN
KT 5638,0,MAIN
KT 5638A,0,MAIN
KT 5639,1,MAIN
KT 5639A,1,MAIN
KT 5639B,1,MAIN
KT 5640,0,MAIN
KT 5640A,0,MAIN
KT 5640B,0,MAIN
KT 5641,1,MAIN
KT 5641A,1,MAIN
KT 5642,1,MAIN
KT 5642A,1,MAIN
KT 5643,3,MAIN
KT 5643A,3,MAIN
KT 5644,1,MAIN
KT 5644A,1,MAIN
KT 5645,4,MAIN
KT 5645A,4,MAIN
KT 5646,2,MAIN
KT 5646A,2,MAIN
KT 5647,1,MAIN
KT 5648,1,MAIN
KT 5649,3,MAIN
KT 5649A,3,MAIN
KT 5650,3,MAIN
KT 5650A,3,MAIN
KT 5651,1,MAIN
KT 5651A,1,MAIN
KT 5652,2,MAIN
KT 5652A,2,MAIN
KT 5653,2,MAIN
KT 5653A,2,MAIN
KT 5654,0,MAIN
KT 5655,3,MAIN
KT 5655A,3,MAIN
KT 5656,3,MAIN
KT 5656A,3,MAIN
KT 5657,2,MAIN
KT 5657A,2,MAIN
KT 5658,2,MAIN
KT 5658A,2,MAIN
KT 5659,2,MAIN
KT 5659A,2,MAIN
KT 5660,2,MAIN
KT 5660A,2,MAIN
KT 5661,2,MAIN
KT 5661A,2,MAIN
KT 5662,2,MAIN
KT 5662A,2,MAIN
KT 5662B,2,MAIN
KT 5662D,2,MAIN
KT 5663,2,MAIN
KT 5663A,2,MAIN
KT 5664,2,MAIN
KT 5664A,2,MAIN
KT 5665,2,MAIN
KT 5665A,2,MAIN
KT 5666,0,MAIN
KT 5666A,0,MAIN
KT 5667,0,MAIN
KT 5668,1,MAIN
KT 5668A,1,MAIN
KT 5670,0,MAIN
KT 5671,2,MAIN
KT 5671A,2,MAIN
KT 5672,2,MAIN
KT 5672A,2,MAIN
KT 5673,1,MAIN
KT 5674,2,MAIN
KT 5674A,2,MAIN
KT 5676,2,MAIN
KT 5676A,2,MAIN
KT 5678,3,MAIN
KT 5678A,3,MAIN
KT 5679,1,MAIN
KT 5680,1,MAIN
KT 5681,3,MAIN
KT 5681A,3,MAIN
KT 5682,0,MAIN
KT 5682A,0,MAIN
KT 5682B,0,MAIN
KT 5682D,0,MAIN
KT 5683,1,MAIN
KT 5683A,1,MAIN
KT 5683B,1,MAIN
KT 5683D,1,MAIN
KT 5684,1,MAIN
KT 5685,3,MAIN
KT 5685A,3,MAIN
KT 5685B,3,MAIN
KT 5686,3,MAIN
KT 5686A,3,MAIN
KT 5686B,3,MAIN
KT 5687,2,MAIN
KT 5687A,2,MAIN
KT 5689,5,MAIN
KT 5689A,5,MAIN
KT 5691,3,MAIN
KT 5691A,3,MAIN
KT 5692,3,MAIN
KT 5692A,3,MAIN
KT 5693A,1,MAIN
KT 5694,1,MAIN
KT 5695,0,MAIN
KT 5695A,0,MAIN
KT 5696,0,MAIN
KT 5696A,0,MAIN
KT 5697,0,MAIN
KT 5697A,0,MAIN
KT 5698,0,MAIN
KT 5698A,0,MAIN
KT 5699,0,MAIN
KT 5699A,0,MAIN
KT 5700,2,MAIN
KT 5700A,2,MAIN
KT 5701,0,MAIN
KT 5701A,0,MAIN
KT 5702,0,MAIN
KT 5702A,0,MAIN
KT 5703,2,MAIN
KT 5703A,2,MAIN
KT 5704,1,MAIN
KT 5704A,1,MAIN
KT 5704B,1,MAIN
KT 5705,1,MAIN
KT 5705A,1,MAIN
KT 5705B,1,MAIN
KT 5706,1,MAIN
KT 5706A,1,MAIN
KT 5707,5,MAIN
KT 5707A,5,MAIN
KT 5708,5,MAIN
KT 5708A,5,MAIN
KT 5709,5,MAIN
KT 5709A,5,MAIN
KT 5710,0,MAIN
KT 5710A,0,MAIN
KT 5711,0,MAIN
KT 5711A,0,MAIN
KT 5714,0,MAIN
KT 5714A,0,MAIN
KT 5715,0,MAIN
KT 5717,2,MAIN
KT 5717A,2,MAIN
KT 5718,2,MAIN
KT 5719,2,MAIN
KT 5719A,2,MAIN
KT 5720,2,MAIN
KT 5721,2,MAIN
KT 5722,5,MAIN
KT 5722A,5,MAIN
KT 5723,5,MAIN
KT 5723A,5,MAIN
KT 5725,2,MAIN
KT 5725A,2,MAIN
KT 5725B,0,MAIN
KT 5726,2,MAIN
KT 5726A,2,MAIN
KT 5726B,0,MAIN
KT 5726D,0,MAIN
KT 5727,2,MAIN
KT 5727A,0,MAIN
KT 5728,0,MAIN
KT 5728A,0,MAIN
KT 5729,0,MAIN
KT 5729A,0,MAIN
KT 5731,2,MAIN
KT 5731A,0,MAIN
KT 5732,2,MAIN
KT 5732A,2,MAIN
KT 5736,0,MAIN
KT 5736A,0,MAIN
KT 5740,2,MAIN
KT 5740A,2,MAIN
KT 5745A,2,MAIN
KT 5746A,2,MAIN
KT 5748,1,MAIN
KT 5748A,1,MAIN
KT 5748B,1,MAIN
KT 5750,2,MAIN
KT 5750A,2,MAIN
KT 5751,0,MAIN
KT 5751A,0,MAIN
KT 5752,2,MAIN
KT 5752A,2,MAIN
KT 5753,2,MAIN
KT 5753A,1,MAIN
KT 5753B,2,MAIN
KT 5753D,2,MAIN
KT 5754,2,MAIN
KT 5754A,1,MAIN
KT 5754B,2,MAIN
KT 5754D,2,MAIN
KT 5755,5,MAIN
KT 5755A,5,MAIN
KT 5756,1,MAIN
KT 5756A,1,MAIN
KT 5756B,1,MAIN
KT 5756D,1,MAIN
KT 5757,0,MAIN
KT 5757A,0,MAIN
KT 5762,0,MAIN
KT 5762A,0,MAIN
KT 5762B,0,MAIN
KT 5763,0,MAIN
KT 5763A,0,MAIN
KT 5764,0,MAIN
KT 5764A,0,MAIN
KT 5765,2,MAIN
KT 5765A,2,MAIN
KT 5766,0,MAIN
KT 5766A,0,MAIN
KT 5768,0,MAIN
KT 5768A,0,MAIN
KT 5769,0,MAIN
KT 5770,2,MAIN
KT 5770A,2,MAIN
KT 5771,2,MAIN
KT 5771A,2,MAIN
KT 5773,1,MAIN
KT 5773A,1,MAIN
KT 5774,1,MAIN
KT 5774A,1,MAIN
KT 5775,1,MAIN
KT 5776,2,MAIN
KT 5776A,2,MAIN
KT 5777,2,MAIN
KT 5777A,2,MAIN
KT 5778,2,MAIN
KT 5778A,2,MAIN
KT 5779,1,MAIN
KT 5779A,1,MAIN
KT 5780,1,MAIN
KT 5780A,1,MAIN
KT 5782,2,MAIN
KT 5782A,2,MAIN
KT 5783,2,MAIN
KT 5783A,2,MAIN
KT 5784,0,MAIN
KT 5784A,0,MAIN
KT 5785,0,MAIN
KT 5785A,0,MAIN
KT 5786,0,MAIN
KT 5786A,0,MAIN
KT 5787,0,MAIN
KT 5787A,0,MAIN
KT 5788,0,MAIN
KT 5788A,0,MAIN
KT 5789,1,MAIN
KT 5789A,1,MAIN
KT 5790,1,MAIN
KT 5790A,0,MAIN
KT 5791,1,MAIN
KT 5791A,0,MAIN
KT 5792,1,MAIN
KT 5792A,1,MAIN
KT 5793,3,MAIN
KT 5793A,2,MAIN
KT 5794,0,MAIN
KT 5794A,0,MAIN
KT 5794B,0,MAIN
KT 5795,0,MAIN
KT 5795A,1,MAIN
KT 5796,0,MAIN
KT 5796A,0,MAIN
KT 5798,1,MAIN
KT 5798A,1,MAIN
KT 5799,1,MAIN
KT 5799A,1,MAIN
KT 5800,1,MAIN
KT 5800A,1,MAIN
KT 5801,1,MAIN
KT 5801A,1,MAIN
KT 5802,0,MAIN
KT 5803A,2,MAIN
KT 5804,2,MAIN
KT 5804A,1,MAIN
KT 5805,0,MAIN
KT 5805A,0,MAIN
KT 5806,2,MAIN
KT 5806A,6,MAIN
KT 5807,2,MAIN
KT 5807A,2,MAIN
KT 5808,1,MAIN
KT 5808A,1,MAIN
KT 5809,2,MAIN
KT 5811,1,MAIN
KT 5811A,1,MAIN
KT 5812,2,MAIN
KT 5812A,2,MAIN
KT 5813A,5,MAIN
KT 5815,3,MAIN
KT 5815A,3,MAIN
KT 5816,5,MAIN
KT 5816A,5,MAIN
KT 5818A,2,MAIN
KT 5819A,4,MAIN
KT 5821,0,MAIN
KT 5821A,0,MAIN
KT 5822,0,MAIN
KT 5822A,0,MAIN
KT 5823,0,MAIN
KT 5823A,0,MAIN
KT 5824,0,MAIN
KT 5824A,0,MAIN
KT 5826,1,MAIN
KT 5827,1,MAIN
KT 5828,0,MAIN
KT 5828A,0,MAIN
KT 5828B,0,MAIN
KT 5829,2,MAIN
KT 5829A,2,MAIN
KT 5830,2,MAIN
KT 5830A,2,MAIN
KT 5831A,2,MAIN
KT 5832A,2,MAIN
KT 5835,1,MAIN
KT 5836,1,MAIN
KT 5837,5,MAIN
KT 5837A,5,MAIN
KT 5838,4,MAIN
KT 5838A,4,MAIN
KT 5839,4,MAIN
KT 5839A,4,MAIN
KT 5843,0,MAIN
KT 5843A,0,MAIN
KT 5844,0,MAIN
KT 5844A,0,MAIN
KT 5845,0,MAIN
KT 5845A,0,MAIN
KT 5845B,2,MAIN
KT 5846,0,MAIN
KT 5846A,0,MAIN
KT 5847,0,MAIN
KT 5847A,0,MAIN
KT 5848,0,MAIN
KT 5848A,0,MAIN
KT 5849,0,MAIN
KT 5849A,0,MAIN
KT 5851,0,MAIN
KT 5851A,0,MAIN
KT 5852,0,MAIN
KT 5852A,0,MAIN
KT 5853,0,MAIN
KT 5853A,0,MAIN
KT 5854,0,MAIN
KT 5854A,0,MAIN
KT 5856,0,MAIN
KT 5856A,0,MAIN
KT 5858,0,MAIN
KT 5858A,0,MAIN
KT 5860A,2,MAIN
KT 5863,5,MAIN
KT 5863A,1,MAIN
KT 5864,1,MAIN
KT 5864A,1,MAIN
KT 5866,0,MAIN
KT 5866A,0,MAIN
KT 5867,0,MAIN
KT 5867A,0,MAIN
KT 5868,0,MAIN
KT 5868A,0,MAIN
KT 5869,0,MAIN
KT 5869A,0,MAIN
KT 5870,0,MAIN
KT 5870A,0,MAIN
KT 5871,0,MAIN
KT 5871A,0,MAIN
KT 5874,2,MAIN
KT 5874A,2,MAIN
KT 5875,2,MAIN
KT 5875A,2,MAIN
KT 5876,0,MAIN
KT 5876A,2,MAIN
KT 5877,0,MAIN
KT 5877A,0,MAIN
KT 5878,0,MAIN
KT 5878A,0,MAIN
KT 5879,0,MAIN
KT 5879A,0,MAIN
KT 5880,0,MAIN
KT 5880A,0,MAIN
KT 5881,2,MAIN
KT 5881A,2,MAIN
KT 5882,0,MAIN
KT 5884,5,MAIN
KT 5884A,5,MAIN
KT 5885,5,MAIN
KT 5885A,5,MAIN
KT 5886,4,MAIN
KT 5886A,2,MAIN
KT 5887,2,MAIN
KT 5887A,2,MAIN
KT 5888,0,MAIN
KT 5888A,0,MAIN
KT 5890,4,MAIN
KT 5890A,4,MAIN
KT 5891,0,MAIN
KT 5891A,0,MAIN
KT 5893A,2,MAIN
KT 5894,0,MAIN
KT 5894A,0,MAIN
KT 5895,0,MAIN
KT 5895A,0,MAIN
KT 5896,1,MAIN
KT 5896A,1,MAIN
KT 5896B,1,MAIN
KT 5897,1,MAIN
KT 5898,1,MAIN
KT 5900,3,MAIN
KT 5901,1,MAIN
KT 5901A,1,MAIN
KT 5902,0,MAIN
KT 5902A,0,MAIN
KT 5903,0,MAIN
KT 5904,2,MAIN
KT 5904A,2,MAIN
KT 5905,0,MAIN
KT 5905A,0,MAIN
KT 5905B,0,MAIN
KT 5906,0,MAIN
KT 5906A,0,MAIN
KT 5907,0,MAIN
KT 5907A,0,MAIN
KT 5908,2,MAIN
KT 5908A,2,MAIN
KT 5909,3,MAIN
KT 5909A,3,MAIN
KT 5910,2,MAIN
KT 5910A,2,MAIN
KT 5911,1,MAIN
KT 5911A,1,MAIN
KT 5912,1,MAIN
KT 5912A,1,MAIN
KT 5913,1,MAIN
KT 5913A,1,MAIN
KT 5914,1,MAIN
KT 5914A,1,MAIN
KT 5915,1,MAIN
KT 5915A,1,MAIN
KT 5916,1,MAIN
KT 5916A,1,MAIN
KT 5917,1,MAIN
KT 5917A,1,MAIN
KT 5919,1,MAIN
KT 5919A,1,MAIN
KT 5921,0,MAIN
KT 5921A,0,MAIN
KT 5922,0,MAIN
KT 5922A,0,MAIN
KT 5923,2,MAIN
KT 5923A,2,MAIN
KT 5924,2,MAIN
KT 5924A,2,MAIN
KT 5925,2,MAIN
KT 5925A,2,MAIN
KT 5926,2,MAIN
KT 5926B,2,MAIN
KT 5927,2,MAIN
KT 5927A,2,MAIN
KT 5928,5,MAIN
KT 5928A,5,MAIN
KT 5929,0,MAIN
KT 5930,0,MAIN
KT 5931,0,MAIN
KT 5932,0,MAIN
KT 5933,0,MAIN
KT 5934,0,MAIN
KT 5935,0,MAIN
KT 5936,1,MAIN
KT 5936A,1,MAIN
KT 5937,0,MAIN
KT 5937A,0,MAIN
KT 5937B,0,MAIN
KT 5938,0,MAIN
KT 5938A,0,MAIN
KT 5938B,0,MAIN
KT 5938D,0,MAIN
KT 5939,2,MAIN
KT 5939A,2,MAIN
KT 5940,2,MAIN
KT 5940A,2,MAIN
KT 5941,2,MAIN
KT 5941A,2,MAIN
KT 5942,2,MAIN
KT 5942A,2,MAIN
KT 5943,1,MAIN
KT 5943A,1,MAIN
KT 5944,0,MAIN
KT 5944A,0,MAIN
KT 5945,1,MAIN
KT 5946,1,MAIN
KT 5947,0,MAIN
KT 5947A,0,MAIN
KT 5947B,0,MAIN
KT 5948,1,MAIN
KT 5948A,1,MAIN
KT 5949,1,MAIN
KT 5949A,1,MAIN
KT 5949B,4,MAIN
KT 5950,1,MAIN
KT 5950B,1,MAIN
KT 5951,0,MAIN
KT 5951A,0,MAIN
KT 5952,1,MAIN
KT 5952A,1,MAIN
KT 5953,2,MAIN
KT 5953A,2,MAIN
KT 5954,1,MAIN
KT 5954A,1,MAIN
KT 5954B,1,MAIN
KT 5955,0,MAIN
KT 5955A,0,MAIN
KT 5955B,0,MAIN
KT 5956,5,MAIN
KT 5956A,5,MAIN
KT 5956B,1,MAIN
KT 5957,5,MAIN
KT 5957A,5,MAIN
KT 5957B,1,MAIN
KT 5958,2,MAIN
KT 5958A,2,MAIN
KT 5959,2,MAIN
KT 5959A,3,MAIN
KT 5960,0,MAIN
KT 5960A,0,MAIN
KT 5961,0,MAIN
KT 5961A,0,MAIN
KT 5962,0,MAIN
KT 5962A,0,MAIN
KT 5963,0,MAIN
KT 5963A,0,MAIN
KT 5964,0,MAIN
KT 5964A,0,MAIN
KT 5967,1,MAIN
KT 5967A,1,MAIN
KT 5967B,1,MAIN
KT 5968,1,MAIN
KT 5968A,1,MAIN
KT 5968B,1,MAIN
KT 5971,4,MAIN
KT 5971A,4,MAIN
KT 5972,2,MAIN
KT 5972A,2,MAIN
KT 5973,4,MAIN
KT 5973A,4,MAIN
KT 5974,2,MAIN
KT 5974A,2,MAIN
KT 5975,5,MAIN
KT 5975A,5,MAIN
KT 5976,1,MAIN
KT 5976A,1,MAIN
KT 5977A,2,MAIN
KT 5978,5,MAIN
KT 5978A,5,MAIN
KT 5979,0,MAIN
KT 5979A,0,MAIN
KT 5980,1,MAIN
KT 5980A,1,MAIN
KT 5981,1,MAIN
KT 5981A,1,MAIN
KT 5982,0,MAIN
KT 5982A,0,MAIN
KT 5983A,0,MAIN
KT 5984,0,MAIN
KT 5984A,0,MAIN
KT 5985,1,MAIN
KT 5985A,1,MAIN
KT 5986,5,MAIN
KT 5986A,5,MAIN
KT 5988,0,MAIN
KT 5988A,0,MAIN
KT 5989,1,MAIN
KT 5989A,1,MAIN
KT 5990,4,MAIN
KT 5990A,4,MAIN
KT 5991,5,MAIN
KT 5991A,5,MAIN
KT 5992,0,MAIN
KT 5992A,0,MAIN
KT 5993,0,MAIN
KT 5993A,0,MAIN
KT 5995,0,MAIN
KT 5995A,0,MAIN
KT 5996,5,MAIN
KT 5996A,5,MAIN
KT 5997,5,MAIN
KT 5997A,5,MAIN
KT 5998A,5,MAIN
KT 5999,0,MAIN
KT 5999A,0,MAIN
KT 6000,1,MAIN
KT 6000A,1,MAIN
KT 6002,0,MAIN
KT 6002A,0,MAIN
KT 6003,2,MAIN
KT 6003A,2,MAIN
KT 6004,1,MAIN
KT 6004A,1,MAIN
KT 6005,1,MAIN
KT 6005A,1,MAIN
KT 6013,2,MAIN
KT 6013A,2,MAIN
KT 6015,1,MAIN
KT 6015A,1,MAIN
KT 6017,5,MAIN
KT 6018,6,MAIN
KT 6018A,6,MAIN
KT 6018B,6,MAIN
KT 6019,5,MAIN
KT 6019A,5,MAIN
KT 6023,0,MAIN
KT 6023A,0,MAIN
KT 6024,0,MAIN
KT 6024A,0,MAIN
KT 6024B,0,MAIN
KT 6025,1,MAIN
KT 6025A,1,MAIN
KT 6026,0,MAIN
KT 6027,0,MAIN
KT 6028,0,MAIN
KT 6028A,0,MAIN
KT 6029,0,MAIN
KT 6029A,0,MAIN
KT 6030,0,MAIN
KT 6030A,0,MAIN
KT 6032,0,MAIN
KT 6032A,0,MAIN
KT 6033,2,MAIN
KT 6033A,2,MAIN
KT 6034,5,MAIN
KT 6034A,0,MAIN
KT 6037,3,MAIN
KT 6037A,3,MAIN
KT 6038,3,MAIN
KT 6038A,3,MAIN
KT 6039,1,MAIN
KT 6040,0,MAIN
KT 6040A,0,MAIN
KT 6041,0,MAIN
KT 6042,0,MAIN
KT 6042A,0,MAIN
KT 6043,2,MAIN
KT 6043A,2,MAIN
KT 6044,1,MAIN
KT 6044A,1,MAIN
KT 6045,2,MAIN
KT 6045A,2,MAIN
KT 6046,5,MAIN
KT 6046A,5,MAIN
KT 6048,0,MAIN
KT 6048A,1,MAIN
KT 6049,0,MAIN
KT 6049A,0,MAIN
KT 6050,3,MAIN
KT 6050A,3,MAIN
KT 6051,1,MAIN
KT 6051A,1,MAIN
KT 6052,1,MAIN
KT 6052A,1,MAIN
KT 6053,0,MAIN
KT 6053A,0,MAIN
KT 6055,0,MAIN
KT 6055A,0,MAIN
KT 6056,0,MAIN
KT 6056A,0,MAIN
KT 6057,0,MAIN
KT 6057A,0,MAIN
KT 6058,2,MAIN
KT 6058A,2,MAIN
KT 6059,1,MAIN
KT 6059A,1,MAIN
KT 6060,0,MAIN
KT 6060A,0,MAIN
KT 6061,0,MAIN
KT 6061A,0,MAIN
KT 6062A,0,MAIN
KT 6063A,0,MAIN
KT 6064,2,MAIN
KT 6064A,2,MAIN
KT 6065,0,MAIN
KT 6065A,0,MAIN
KT 6066,0,MAIN
KT 6066A,0,MAIN
KT 6069,0,MAIN
KT 6069A,0,MAIN
KT 6070,0,MAIN
KT 6070A,0,MAIN
KT 6070B,0,MAIN
KT 6071,0,MAIN
KT 6071A,0,MAIN
KT 6072,1,MAIN
KT 6072A,1,MAIN
KT 6073,2,MAIN
KT 6073A,2,MAIN
KT 6074,3,MAIN
KT 6074A,3,MAIN
KT 6075,1,MAIN
KT 6075A,1,MAIN
KT 6076,1,MAIN
KT 6076A,1,MAIN
KT 6077,6,MAIN
KT 6077A,6,MAIN
KT 6078,5,MAIN
KT 6078A,5,MAIN
KT 6079,2,MAIN
KT 6079A,2,MAIN
KT 6080,4,MAIN
KT 6080A,4,MAIN
KT 6082,0,MAIN
KT 6083,0,MAIN
KT 6083A,0,MAIN
KT 6084,3,MAIN
KT 6084A,3,MAIN
KT 6085,2,MAIN
KT 6086,2,MAIN
KT 6086A,0,MAIN
KT 6088,0,MAIN
KT 6088A,0,MAIN
KT 6090,3,MAIN
KT 6090B,3,MAIN
KT 6091,0,MAIN
KT 6091A,1,MAIN
KT 6093,2,MAIN
KT 6093A,2,MAIN
KT 6094,1,MAIN
KT 6094A,1,MAIN
KT 6095,2,MAIN
KT 6095A,2,MAIN
KT 6096,0,MAIN
KT 6096A,0,MAIN
KT 6097,1,MAIN
KT 6097A,1,MAIN
KT 6098,2,MAIN
KT 6098A,2,MAIN
KT 6099,2,MAIN
KT 6099A,2,MAIN
KT 6100,0,MAIN
KT 6100A,0,MAIN
KT 6101,0,MAIN
KT 6101A,0,MAIN
KT 6102,2,MAIN
KT 6103,2,MAIN
KT 6103A,2,MAIN
KT 6104,5,MAIN
KT 6104A,5,MAIN
KT 6105A,5,MAIN
KT 6106,0,MAIN
KT 6106A,0,MAIN
KT 6107,0,MAIN
KT 6107A,0,MAIN
KT 6108,0,MAIN
KT 6108A,0,MAIN
KT 6109,0,MAIN
KT 6109A,0,MAIN
KT 6110,2,MAIN
KT 6110A,2,MAIN
KT 6110B,2,MAIN
KT 6111,6,MAIN
KT 6111A,6,MAIN
KT 6112,0,MAIN
KT 6112A,0,MAIN
KT 6113,6,MAIN
KT 6113A,6,MAIN
KT 6114,2,MAIN
KT 6114A,2,MAIN
KT 6115,2,MAIN
KT 6115A,2,MAIN
KT 6116,2,MAIN
KT 6116A,2,MAIN
KT 6116B,2,MAIN
KT 6117,0,MAIN
KT 6118,0,MAIN
KT 6119,0,MAIN
KT 6119A,0,MAIN
KT 6120,2,MAIN
KT 6120A,2,MAIN
KT 6121,0,MAIN
KT 6121A,0,MAIN
KT 6121B,0,MAIN
KT 6122,0,MAIN
KT 6123,2,MAIN
KT 6123A,2,MAIN
KT 6124,0,MAIN
KT 6124A,0,MAIN
KT 6125,0,MAIN
KT 6125A,0,MAIN
KT 6126,0,MAIN
KT 6126A,0,MAIN
KT 6127,0,MAIN
KT 6127A,0,MAIN
KT 6128,1,MAIN
KT 6128A,1,MAIN
KT 6129,0,MAIN
KT 6129A,0,MAIN
KT 6130,1,MAIN
KT 6130A,1,MAIN
KT 6131,0,MAIN
KT 6131A,0,MAIN
KT 6132,0,MAIN
KT 6132A,0,MAIN
KT 6133,0,MAIN
KT 6134,0,MAIN
KT 6134A,0,MAIN
KT 6135,0,MAIN
KT 6136,5,MAIN
KT 6137,0,MAIN
KT 6137A,0,MAIN
KT 6137B,0,MAIN
KT 6138,0,MAIN
KT 6138A,0,MAIN
KT 6139,1,MAIN
KT 6139A,1,MAIN
KT 6140,5,MAIN
KT 6140A,5,MAIN
KT 6141,4,MAIN
KT 6141A,4,MAIN
KT 6142,4,MAIN
KT 6142A,4,MAIN
KT 6143,8,MAIN
KT 6143A,4,MAIN
KT 6144,0,MAIN
KT 6144A,0,MAIN
KT 6145,0,MAIN
KT 6145A,1,MAIN
KT 6146,0,MAIN
KT 6146A,0,MAIN
KT 6147,0,MAIN
KT 6147A,0,MAIN
KT 6148,0,MAIN
KT 6148A,0,MAIN
KT 6149,0,MAIN
KT 6149A,0,MAIN
KT 6151,2,MAIN
KT 6151A,2,MAIN
KT 6152,0,MAIN
KT 6152A,0,MAIN
KT 6153,0,MAIN
KT 6153A,0,MAIN
KT 6155,0,MAIN
KT 6155A,0,MAIN
KT 6156,0,MAIN
KT 6156A,0,MAIN
KT 6157,2,MAIN
KT 6157A,2,MAIN
KT 6158,6,MAIN
KT 6158A,6,MAIN
KT 6159,2,MAIN
KT 6160,2,MAIN
KT 6160A,2,MAIN
KT 6161,0,MAIN
KT 6161A,0,MAIN
KT 6162,2,MAIN
KT 6162A,2,MAIN
KT 6163,0,MAIN
KT 6163A,0,MAIN
KT 6164,2,MAIN
KT 6164A,2,MAIN
KT 6165,2,MAIN
KT 6165A,2,MAIN
KT 6166,0,MAIN
KT 6166A,0,MAIN
KT 6167,1,MAIN
KT 6167A,0,MAIN
KT 6168,0,MAIN
KT 6168A,0,MAIN
KT 6169,0,MAIN
KT 6169A,0,MAIN
KT 6170,0,MAIN
KT 6170A,0,MAIN
KT 6172,0,MAIN
KT 6172A,0,MAIN
KT 6174,0,MAIN
KT 6174A,0,MAIN
KT 6175,0,MAIN
KT 6175A,0,MAIN
KT 6176,0,MAIN
KT 6176A,0,MAIN
KT 6177,0,MAIN
KT 6177A,0,MAIN
KT 6178,0,MAIN
KT 6178A,0,MAIN
KT 6179,0,MAIN
KT 6179A,0,MAIN
KT 6180,2,MAIN
KT 6180A,2,MAIN
KT 6181,0,MAIN
KT 6182,2,MAIN
KT 6182A,2,MAIN
KT 6183,1,MAIN
KT 6183A,1,MAIN
KT 6184,0,MAIN
KT 6184A,0,MAIN
KT 6185,3,MAIN
KT 6186,2,MAIN
KT 6186A,2,MAIN
KT 6187,0,MAIN
KT 6187A,0,MAIN
KT 6188,3,MAIN
KT 6188A,5,MAIN
KT 6189,2,MAIN
KT 6189A,2,MAIN
KT 6191,1,MAIN
KT 6191A,1,MAIN
KT 6192,1,MAIN
KT 6192A,1,MAIN
KT 6193,1,MAIN
KT 6193A,1,MAIN
KT 6193B,1,MAIN
KT 6194,1,MAIN
KT 6194A,1,MAIN
KT 6194B,1,MAIN
KT 6195,1,MAIN
KT 6195A,1,MAIN
KT 6195B,1,MAIN
KT 6196,3,MAIN
KT 6196A,3,MAIN
KT 6196B,3,MAIN
KT 6197,3,MAIN
KT 6197A,3,MAIN
KT 6197B,3,MAIN
KT 6198,3,MAIN
KT 6198A,3,MAIN
KT 6198B,3,MAIN
KT 6199,3,MAIN
KT 6199A,3,MAIN
KT 6199B,3,MAIN
KT 6200,1,MAIN
KT 6200A,1,MAIN
KT 6201,2,MAIN
KT 6201A,2,MAIN
KT 6202,1,MAIN
KT 6202A,1,MAIN
KT 6203,1,MAIN
KT 6203A,1,MAIN
KT 6204,3,MAIN
KT 6204A,3,MAIN
KT 6205,2,MAIN
KT 6205A,2,MAIN
KT 6205B,2,MAIN
KT 6206,0,MAIN
KT 6206A,0,MAIN
KT 6206B,0,MAIN
KT 6207,2,MAIN
KT 6207A,2,MAIN
KT 6207B,2,MAIN
KT 6208,0,MAIN
KT 6208A,0,MAIN
KT 6209,0,MAIN
KT 6209A,0,MAIN
KT 6210,0,MAIN
KT 6210A,0,MAIN
KT 6211,2,MAIN
KT 6211A,2,MAIN
KT 6212,2,MAIN
KT 6212A,2,MAIN
KT 6213,0,MAIN
KT 6213A,0,MAIN
KT 6214,5,MAIN
KT 6214A,5,MAIN
KT 6215,0,MAIN
KT 6215A,0,MAIN
KT 6216,0,MAIN
KT 6216A,0,MAIN
KT 6217,2,MAIN
KT 6217A,2,MAIN
KT 6218,0,MAIN
KT 6219,0,MAIN
KT 6219A,0,MAIN
KT 6220,0,MAIN
KT 6220A,0,MAIN
KT 6221,0,MAIN
KT 6221A,0,MAIN
KT 6222,0,MAIN
KT 6223,0,MAIN
KT 6224,0,MAIN
KT 6225,2,MAIN
KT 6225A,2,MAIN
KT 6226,0,MAIN
KT 6226A,0,MAIN
KT 6227,0,MAIN
KT 6227A,0,MAIN
KT 6228,0,MAIN
KT 6229,0,MAIN
KT 6230,0,MAIN
KT 6230A,0,MAIN
KT 6231,2,MAIN
KT 6231A,0,MAIN
KT 6232,3,MAIN
KT 6232A,3,MAIN
KT 6233,3,MAIN
KT 6233A,3,MAIN
KT 6234,1,MAIN
KT 6235,0,MAIN
KT 6236,0,MAIN
KT 6236A,0,MAIN
KT 6237,0,MAIN
KT 6237A,0,MAIN
KT 6238,0,MAIN
KT 6239,0,MAIN
KT 6239A,0,MAIN
KT 6239B,0,MAIN
KT 6240,0,MAIN
KT 6240A,0,MAIN
KT 6240B,0,MAIN
KT 6241,5,MAIN
KT 6241A,5,MAIN
KT 6242,1,MAIN
KT 6242A,1,MAIN
KT 6242B,1,MAIN
KT 6243,0,MAIN
KT 6243A,0,MAIN
KT 6244,0,MAIN
KT 6244A,0,MAIN
KT 6245,0,MAIN
KT 6245A,0,MAIN
KT 6246,0,MAIN
KT 6246A,0,MAIN
KT 6247,5,MAIN
KT 6247A,5,MAIN
KT 6248,0,MAIN
KT 6248A,0,MAIN
KT 6248B,1,MAIN
KT 6249,1,MAIN
KT 6249A,1,MAIN
KT 6250,1,MAIN
KT 6250A,1,MAIN
KT 6251,1,MAIN
KT 6251A,1,MAIN
KT 6252,1,MAIN
KT 6252A,1,MAIN
KT 6253,0,MAIN
KT 6253A,0,MAIN
KT 6254,0,MAIN
KT 6254A,0,MAIN
KT 6255,0,MAIN
KT 6255A,0,MAIN
KT 6256,0,MAIN
KT 6257,1,MAIN
KT 6257A,1,MAIN
KT 6258,1,MAIN
KT 6258A,1,MAIN
KT 6259,3,MAIN
KT 6259A,3,MAIN
KT 6260,1,MAIN
KT 6260A,1,MAIN
KT 6261,1,MAIN
KT 6261A,1,MAIN
KT 6262,0,MAIN
KT 6263,1,MAIN
KT 6263A,1,MAIN
KT 6264,1,MAIN
KT 6264A,1,MAIN
KT 6265,0,MAIN
KT 6265A,0,MAIN
KT 6266,0,MAIN
KT 6266A,0,MAIN
KT 6268,0,MAIN
KT 6269,2,MAIN
KT 6271,5,MAIN
KT 6271A,5,MAIN
KT 6272,2,MAIN
KT 6273,2,MAIN
KT 6274,0,MAIN
KT 6274A,0,MAIN
KT 6275,0,MAIN
KT 6275A,0,MAIN
KT 6276,1,MAIN
KT 6276A,1,MAIN
KT 6276B,1,MAIN
KT 6278,1,MAIN
KT 6278A,1,MAIN
KT 6279,1,MAIN
KT 6279A,1,MAIN
KT 6280,4,MAIN
KT 6280A,4,MAIN
KT 6281,3,MAIN
KT 6281A,3,MAIN
KT 6284,1,MAIN
KT 6284A,1,MAIN
KT 6285,1,MAIN
KT 6285A,1,MAIN
KT 6286,3,MAIN
KT 6286A,3,MAIN
KT 6287,0,MAIN
KT 6287A,0,MAIN
KT 6288,3,MAIN
KT 6288A,3,MAIN
KT 6289,3,MAIN
KT 6289A,3,MAIN
KT 6290,5,MAIN
KT 6290A,5,MAIN
KT 6291,0,MAIN
KT 6292,0,MAIN
KT 6292A,0,MAIN
KT 6293,0,MAIN
KT 6295,2,MAIN
KT 6296,3,MAIN
KT 6296A,3,MAIN
KT 6297,3,MAIN
KT 6297A,3,MAIN
KT 6298,3,MAIN
KT 6298A,3,MAIN
KT 6299,2,MAIN
KT 6299A,3,MAIN
KT 6300,3,MAIN
KT 6301,3,MAIN
KT 6302,1,MAIN
KT 6302A,1,MAIN
KT 6303,3,MAIN
KT 6303A,3,MAIN
KT 6304,1,MAIN
KT 6304A,1,MAIN
KT 6305,0,MAIN
KT 6305A,0,MAIN
KT 6306,0,MAIN
KT 6306A,0,MAIN
KT 6307,2,MAIN
KT 6307A,2,MAIN
KT 6308,3,MAIN
KT 6308A,3,MAIN
KT 6309,2,MAIN
KT 6309A,2,MAIN
KT 6310,2,MAIN
KT 6310A,2,MAIN
KT 6311,3,MAIN
KT 6311A,3,MAIN
KT 6312,0,MAIN
KT 6312A,0,MAIN
KT 6314,1,MAIN
KT 6314A,1,MAIN
KT 6315,2,MAIN
KT 6315A,2,MAIN
KT 6316,2,MAIN
KT 6316A,2,MAIN
KT 6317,2,MAIN
KT 6318,2,MAIN
KT 6318A,2,MAIN
KT 6319,0,MAIN
KT 6319A,0,MAIN
KT 6319B,0,MAIN
KT 6320,2,MAIN
KT 6320A,2,MAIN
KT 6321,5,MAIN
KT 6321A,5,MAIN
KT 6322,2,MAIN
KT 6322A,2,MAIN
KT 6323,3,MAIN
KT 6323A,3,MAIN
KT 6324,2,MAIN
KT 6325,0,MAIN
KT 6325A,0,MAIN
KT 6326,0,MAIN
KT 6327,0,MAIN
KT 6327A,0,MAIN
KT 6328,1,MAIN
KT 6328A,1,MAIN
KT 6329,5,MAIN
KT 6329A,5,MAIN
KT 6330,1,MAIN
KT 6330A,1,MAIN
KT 6331,0,MAIN
KT 6331A,0,MAIN
KT 6332,5,MAIN
KT 6333,2,MAIN
KT 6333A,4,MAIN
KT 6334,2,MAIN
KT 6334A,2,MAIN
KT 6335,1,MAIN
KT 6335A,1,MAIN
KT 6336,0,MAIN
KT 6336A,0,MAIN
KT 6336B,0,MAIN
KT 6337,3,MAIN
KT 6337A,3,MAIN
KT 6338,0,MAIN
KT 6339,0,MAIN
KT 6339A,0,MAIN
KT 6340,0,MAIN
KT 6340A,0,MAIN
KT 6342,0,MAIN
KT 6342A,0,MAIN
KT 6342B,0,MAIN
KT 6343,0,MAIN
KT 6343A,0,MAIN
KT 6344,2,MAIN
KT 6344A,2,MAIN
KT 6345,2,MAIN
KT 6345A,2,MAIN
KT 6345B,2,MAIN
KT 6346,2,MAIN
KT 6346A,2,MAIN
KT 6346B,2,MAIN
KT 6346D,2,MAIN
KT 6347,0,MAIN
KT 6347A,0,MAIN
KT 6348A,2,MAIN
KT 6349,2,MAIN
KT 6349A,2,MAIN
KT 6350,2,MAIN
KT 6350A,2,MAIN
KT 6351,2,MAIN
KT 6351A,2,MAIN
KT 6352,1,MAIN
KT 6352A,1,MAIN
KT 6352B,1,MAIN
KT 6353,1,MAIN
KT 6353A,1,MAIN
KT 6354,3,MAIN
KT 6354A,3,MAIN
KT 6355,3,MAIN
KT 6355A,3,MAIN
KT 6357,0,MAIN
KT 6357A,0,MAIN
KT 6358,2,MAIN
KT 6358A,2,MAIN
KT 6359,2,MAIN
KT 6359A,2,MAIN
KT 6360A,2,MAIN
KT 6361A,0,MAIN
KT 6362,0,MAIN
KT 6362A,0,MAIN
KT 6363,0,MAIN
KT 6363A,0,MAIN
KT 6364,0,MAIN
KT 6364A,0,MAIN
KT 6366A,5,MAIN
KT 6367,2,MAIN
KT 6367A,2,MAIN
KT 6368,4,MAIN
KT 6368A,4,MAIN
KT 6370,5,MAIN
KT 6370A,5,MAIN
KT 6372,3,MAIN
KT 6372A,3,MAIN
KT 6373,3,MAIN
KT 6373A,3,MAIN
KT 6374,3,MAIN
KT 6374A,3,MAIN
KT 6382,0,MAIN
KT 6382A,0,MAIN
KT 6383,2,MAIN
KT 6384,4,MAIN
KT 6384A,4,MAIN
KT 6385,4,MAIN
KT 6385A,4,MAIN
KT 6386,2,MAIN
KT 6387,0,MAIN
KT 6387A,0,MAIN
KT 6387B,0,MAIN
KT 6393,0,MAIN
KT 6393A,0,MAIN
KT 6395,2,MAIN
KT 6395A,2,MAIN
KT 6396,2,MAIN
KT 6396A,2,MAIN
KT 6397,2,MAIN
KT 6397A,2,MAIN
KT 6398,3,MAIN
KT 6398A,3,MAIN
KT 6399,5,MAIN
KT 6399A,5,MAIN
KT 6401,0,MAIN
KT 6401A,0,MAIN
KT 6402,0,MAIN
KT 6402A,0,MAIN
KT 6403,1,MAIN
KT 6404,0,MAIN
KT 6404A,0,MAIN
KT 6408,5,MAIN
KT 6409,6,MAIN
KT 6409A,6,MAIN
KT 6410,0,MAIN
KT 6410A,0,MAIN
KT 6411,1,MAIN
KT 6411A,1,MAIN
KT 6412,0,MAIN
KT 6412A,0,MAIN
KT 6412B,0,MAIN
KT 6413,0,MAIN
KT 6413A,0,MAIN
KT 6415,2,MAIN
KT 6415A,2,MAIN
KT 6416,0,MAIN
KT 6416A,0,MAIN
KT 6417,0,MAIN
KT 6419,1,MAIN
KT 6419A,5,MAIN
KT 6420,1,MAIN
KT 6420A,1,MAIN
KT 6421,1,MAIN
KT 6421A,1,MAIN
KT 6422,0,MAIN
KT 6422A,0,MAIN
KT 6423,0,MAIN
KT 6423A,0,MAIN
KT 6424,0,MAIN
KT 6424A,0,MAIN
KT 6426,3,MAIN
KT 6426A,3,MAIN
KT 6427,0,MAIN
KT 6427A,0,MAIN
KT 6428,4,MAIN
KT 6428A,4,MAIN
KT 6429,0,MAIN
KT 6430,0,MAIN
KT 6430A,0,MAIN
KT 6431,2,MAIN
KT 6431A,2,MAIN
KT 6432,2,MAIN
KT 6432A,2,MAIN
KT 6433,0,MAIN
KT 6433A,0,MAIN
KT 6434,0,MAIN
KT 6434A,0,MAIN
KT 6435,0,MAIN
KT 6435A,0,MAIN
KT 6436,2,MAIN
KT 6436A,2,MAIN
KT 6437,0,MAIN
KT 6437A,0,MAIN
KT 6438,2,MAIN
KT 6438A,2,MAIN
KT 6439,2,MAIN
KT 6439A,2,MAIN
KT 6440,2,MAIN
KT 6440A,2,MAIN
KT 6441,0,MAIN
KT 6441A,0,MAIN
KT 6442,0,MAIN
KT 6442A,0,MAIN
LN 440K,0,MAIN
LO 0001,0,MAIN
LO 0002,0,MAIN
LO 0003,0,MAIN
LO 0152B,15,MAIN
LO 0155,0,MAIN
LO 0156,0,MAIN
LO 0192,0,MAIN
LO 0234,0,MAIN
LO 0235,0,MAIN
LO 0364,0,MAIN
LO 0366,0,MAIN
LO 0370,0,MAIN
LO 0377,0,MAIN
LO 0387,0,MAIN
LO 0388,0,MAIN
LO 0389,0,MAIN
LO 0390,0,MAIN
LO 0421,0,MAIN
LO 0422,0,MAIN
LO 0577,0,MAIN
LO 0577-25,0,MAIN
LO 0760,0,MAIN
LO 0829,0,MAIN
LO 0833,0,MAIN
LO 0844,0,MAIN
LO 1000,0,MAIN
LO 1001,0,MAIN
LO 1002,0,MAIN
LO 1003,0,MAIN
LO 1004,0,MAIN
LO 1005,0,MAIN
LO 11-1848,0,MAIN
LO 11186,0,MAIN
LO 11-1860B,0,MAIN
LO 11-1860M,0,MAIN
LO 11-1872B,0,MAIN
LO 11-1962,0,MAIN
LO 11-1992,0,MAIN
LO 11-7104,0,MAIN
LO 11-7105,0,MAIN
LO 2002,0,MAIN
LO 2003,0,MAIN
LO 2004,0,MAIN
LO 2012-1,0,MAIN
LO 2021,0,MAIN
LO 2022,0,MAIN
LO 2023,0,MAIN
LO 2024,0,MAIN
LO 2025,11,MAIN
LO 2026,0,MAIN
LO 2027,0,MAIN
LO 2028,0,MAIN
LO 2029,0,MAIN
LO 2030,0,MAIN
LO 2031,0,MAIN
LO 2032,3,MAIN
MN 10978C,0,MAIN
MN 10979,1,MAIN
MN 10980,4,MAIN
MN 10983,0,MAIN
MN 10984,0,MAIN
MN 10985,0,MAIN
MN 10987,1,MAIN
MN 10989,0,MAIN
MN 10991,0,MAIN
MN 160390C,0,MAIN
MN 431047,0,MAIN
MN 431049,6,MAIN
OR 0004-20C,15,MAIN
OR 0005G-10,0,MAIN
OR 0006-100,0,MAIN
OR 0006G,0,MAIN
OR 0006G-10,15,MAIN
OR 0006G-10C,0,MAIN
OR 0006N-100,15,MAIN
OR 0006N-100C,0,MAIN
OR 0006N-10C,15,MAIN
OR 0008G,15,MAIN
OR 0008G-10C,0,MAIN
OR 0011-10,15,MAIN
OR 0011-100,2,MAIN
OR 0011-100C,0,MAIN
OR 0011G-10C,15,MAIN
OR 0012-1-10,0,MAIN
OR 0012G-10,0,MAIN
OR 0012G-20,1,MAIN
OR 0013-10,0,MAIN
OR 0013-10C,15,MAIN
OR 0014,0,MAIN
OR 0014-10,15,MAIN
OR 0014-100,0,MAIN
OR 0014G-10,0,MAIN
OR 0014G-1000,0,MAIN
OR 0014G-20,0,MAIN
OR 0015-10,0,MAIN
OR 0015-100,0,MAIN
OR 0016G-10,0,MAIN
OR 0018-10,0,MAIN
OR 0019-10,0,MAIN
OR 0019G-10,0,MAIN
OR 0034G-10,0,MAIN
OR 0034G-100,0,MAIN
OR 0040,0,MAIN
OR 0060-10,0,MAIN
OR 0060G-10,15,MAIN
OR 0060G-100,0,MAIN
OR 0060G-1000,0,MAIN
OR 0080-10,0,MAIN
OR 0080-100,15,MAIN
OR 0080-10C,15,MAIN
OR 0080G-10,15,MAIN
OR 0080G-100,15,MAIN
OR 0080G-1000,0,MAIN
OR 0080G-100C,0,MAIN
OR 0100,0,MAIN
OR 0100-10,15,MAIN
OR 0100-10C,0,MAIN
OR 0100G-10,0,MAIN
OR 0100G-100,0,MAIN
OR 0100G-1000,0,MAIN
OR 0100G-20,0,MAIN
OR 0100Y,0,MAIN
OR 0110,0,MAIN
OR 0112M-10,0,MAIN
OR 0116-10,0,MAIN
OR 0116G-10,0,MAIN
OR 0116G-20,7,MAIN
OR 0120-200,0,MAIN
OR 0122-1000,0,MAIN
OR 0124GC,0,MAIN
OR 0127-10,15,MAIN
OR 0127-100,0,MAIN
OR 0128-10,0,MAIN
OR 0129-10,0,MAIN
OR 0142-10,0,MAIN
OR 0142-10C,15,MAIN
OR 0151BN-10,0,MAIN
OR 0155.5-10,0,MAIN
OR 0216G-10,0,MAIN
OR 0216G-20C,15,MAIN
OR 0228G,0,MAIN
OR 0228G-10,0,MAIN
OR 0228G-100,0,MAIN
OR 0230G-10,0,MAIN
OR 0230G-20,15,MAIN
OR 0235,0,MAIN
OR 0235-25,0,MAIN
OR 0242G,0,MAIN
OR 0243G,0,MAIN
OR 0901G-100,0,MAIN
OR 0901G-20,15,MAIN
OR 0902G,0,MAIN
OR 0903G-10C,0,MAIN
OR 0903G-20,0,MAIN
OR 0904YK-10,0,MAIN
OR 0907-10,15,MAIN
OR 0907-100,0,MAIN
OR 0907-10C,0,MAIN
OR 0910G-10,0,MAIN
OR 0912-KT,0,MAIN
OR 10000-20C,15,MAIN
OR 10001,0,MAIN
OR 10002,0,MAIN
OR 10003-20C,15,MAIN
OR 10004-20C,15,MAIN
OR 10005-20C,15,MAIN
OR 10006-20,2,MAIN
OR 10007-20,1,MAIN
OR 10007-20C,15,MAIN
OR 10008,0,MAIN
OR 10009,0,MAIN
OR 10010,0,MAIN
OR 10011-20,0,MAIN
OR 10012-20,0,MAIN
OR 10014-20,0,MAIN
OR 10015,0,MAIN
OR 10016,0,MAIN
OR 10017,0,MAIN
OR 10018,0,MAIN
OR 10019,0,MAIN
OR 10020,0,MAIN
OR 10021,0,MAIN
OR 10022Y,0,MAIN
OR 10023,0,MAIN
OR 10025,0,MAIN
OR 10026,0,MAIN
OR 10027,0,MAIN
OR 10028,0,MAIN
OR 10029MG-K10,0,MAIN
OR 1002G-KT,0,MAIN
OR 1002-KT,0,MAIN
OR 10030MN-K10,0,MAIN
OR 10031MN-10,0,MAIN
OR 10032-10,0,MAIN
OR 10033G-10,0,MAIN
OR 10034-10,0,MAIN
OR 10036MG,0,MAIN
OR 10037G,0,MAIN
OR 10038G,0,MAIN
OR 10039,0,MAIN
OR 10040G,0,MAIN
OR 10041G,0,MAIN
OR 10042MY,0,MAIN
OR 10043MG,0,MAIN
OR 10044G,0,MAIN
OR 10045G,0,MAIN
OR 10046,0,MAIN
OR 10047,0,MAIN
OR 10048,0,MAIN
OR 10049AG,0,MAIN
OR 10050-10,0,MAIN
OR 10051-10,0,MAIN
OR 10053MN-10,0,MAIN
OR 10054-20C,15,MAIN
OR 10057C,15,MAIN
OR 10062-10,0,MAIN
OR 10073C,13,MAIN
OR 10074-20C,15,MAIN
OR 10075C,5,MAIN
OR 10077KT,15,MAIN
OR 10078,2,MAIN
OR 10079,1,MAIN
OR 10081,1,MAIN
OR 1008-10,0,MAIN
OR 10082,5,MAIN
OR 10083EZ,10,MAIN
OR 10084EZ,15,MAIN
OR 10084EZ-10,0,MAIN
OR 10085,2,MAIN
OR 1008G-10C,0,MAIN
OR 1008Y,0,MAIN
OR 1010,0,MAIN
OR 1010-10,0,MAIN
OR 1010G-100,0,MAIN
OR 1010G-1000,0,MAIN
OR 1010G-10C,15,MAIN
OR 1011,0,MAIN
OR 1011-10,0,MAIN
OR 1011-100,0,MAIN
OR 1011G-10,0,MAIN
OR 1011G-100,15,MAIN
OR 1011G-100C,0,MAIN
OR 1011G-10C,0,MAIN
OR 1011G-20C,15,MAIN
OR 1011G-OV-2,0,MAIN
OR 1012-10,0,MAIN
OR 1012-100,0,MAIN
OR 1012G-10C,15,MAIN
OR 1012Y-10,0,MAIN
OR 1013-100C,15,MAIN
OR 1013-10C,15,MAIN
OR 1013G-10,0,MAIN
OR 1013G-100,15,MAIN
OR 1013G-1000,0,MAIN
OR 1013G-100C,0,MAIN
OR 1013G-10C,15,MAIN
OR 1014G-100,0,MAIN
OR 1014G-10C,15,MAIN
OR 1014Y,0,MAIN
OR 1015-1000,0,MAIN
OR 1015-100C,0,MAIN
OR 1015-10C,15,MAIN
OR 1015B-10,0,MAIN
OR 1015B-100,0,MAIN
OR 1015G-10,0,MAIN
OR 1015G-100,15,MAIN
OR 1015G-10C,15,MAIN
OR 1015G-OV-10,0,MAIN
OR 1016G-10,0,MAIN
OR 1016G-100,15,MAIN
OR 1016G-100C,0,MAIN
OR 1016G-10C,15,MAIN
OR 1017-10,0,MAIN
OR 1017-100,0,MAIN
OR 1017B-100,0,MAIN
OR 1017G-100,15,MAIN
OR 1017G-1000,0,MAIN
OR 1017G-100C,0,MAIN
OR 1017G-10C,0,MAIN
OR 1017M,0,MAIN
OR 1018G,0,MAIN
OR 1019G,0,MAIN
OR 1019G-10,0,MAIN
OR 1020G,0,MAIN
OR 1020G-10,0,MAIN
OR 1021-134A,0,MAIN
OR 1022G-10,0,MAIN
OR 1042,0,MAIN
OR 1052-100,0,MAIN
OR 1111-1KT,0,MAIN
OR 1111-KT,0,MAIN
OR 1113,0,MAIN
OR 1113-100C,0,MAIN
OR 1113-10C,0,MAIN
OR 1113G-100,15,MAIN
OR 1113G-100C,0,MAIN
OR 1113G-10C,0,MAIN
OR 1113Y,0,MAIN
OR 1114G-10,0,MAIN
OR 1114G-10C,15,MAIN
OR 1115,0,MAIN
OR 1115-20,0,MAIN
OR 1115G-10,5,MAIN
OR 1115G-100,0,MAIN
OR 1116-10,0,MAIN
OR 1116G-10,0,MAIN
OR 1116G-100,0,MAIN
OR 1116G-10C,15,MAIN
OR 1117-100,0,MAIN
OR 1117G,5,MAIN
OR 1117G-10,0,MAIN
OR 1118G-10,15,MAIN
OR 1118G-20,0,MAIN
OR 1118Y,0,MAIN
OR 1119G-20,14,MAIN
OR 1124G,0,MAIN
OR 1155,0,MAIN
OR 1155-10,15,MAIN
OR 1155-10C,0,MAIN
OR 1155G-10,0,MAIN
OR 1156,15,MAIN
OR 1156-10C,0,MAIN
OR 1156G,0,MAIN
OR 1157-100,15,MAIN
OR 1157-10C,0,MAIN
OR 1157G-100,0,MAIN
OR 1208G-20,4,MAIN
OR 1211-10,15,MAIN
OR 1211-100,0,MAIN
OR 1211-10C,0,MAIN
OR 1211G-10,0,MAIN
OR 1211G-100,15,MAIN
OR 1211G-100C,0,MAIN
OR 1211G-10C,15,MAIN
OR 1212-500,0,MAIN
OR 1212G-10,0,MAIN
OR 1212G-10C,0,MAIN
OR 1212G-20,0,MAIN
OR 1219G,0,MAIN
OR 1220G,0,MAIN
OR 1258,15,MAIN
OR 2005-KT,0,MAIN
OR 2006C,15,MAIN
OR 2007,0,MAIN
OR 2010,0,MAIN
OR 2010-10,0,MAIN
OR 2010-100,0,MAIN
OR 2010G-10,0,MAIN
OR 2010G-100,0,MAIN
OR 2010G-10C,15,MAIN
OR 2011-20,0,MAIN
OR 2012-20,0,MAIN
OR 2125G-10,0,MAIN
OR 2128GC,15,MAIN
OR 2132,0,MAIN
OR 2134,0,MAIN
OR 2142G,0,MAIN
OR 2143G,0,MAIN
OR 2146G,0,MAIN
OR 2146N,0,MAIN
OR 2147G,15,MAIN
OR 2147G-10C,0,MAIN
OR 2147G-50,0,MAIN
OR 2148G-10,0,MAIN
OR 2149MG,15,MAIN
OR 2149MG-10C,0,MAIN
OR 2150MG,0,MAIN
OR 2150MG-100,0,MAIN
OR 2150MG-10C,15,MAIN
OR 2150MG-20,15,MAIN
OR 2150MG-20C,0,MAIN
OR 2151MG,0,MAIN
OR 2151MG-100,0,MAIN
OR 2152MG,15,MAIN
OR 2152MG-10C,15,MAIN
OR 3000,0,MAIN
OR 3001,0,MAIN
OR 3002,0,MAIN
OR 3003,0,MAIN
OR 3006-100C,15,MAIN
OR 3006-10C,15,MAIN
OR 3006G-100,0,MAIN
OR 3006G-10C,15,MAIN
OR 3007-100,0,MAIN
OR 3007G-10,15,MAIN
OR 3007G-100,15,MAIN
OR 3007G-1000,0,MAIN
OR 3007G-100C,0,MAIN
OR 3007G-10C,15,MAIN
OR 3008G,0,MAIN
OR 3010-20,0,MAIN
OR 6007AG,0,MAIN
OR 6009AG,0,MAIN
OR 6019AG,0,MAIN
OR 6020AG,0,MAIN
OR 6025A,0,MAIN
OR 6030G-A,0,MAIN
OR 6046KT,0,MAIN
OR 7372MG,0,MAIN
OR 7373G,0,MAIN
OR 8001-20,2,MAIN
OR 8003,0,MAIN
OR 8003G,0,MAIN
OR 8003G-20,9,MAIN
OR 8058-KTC,15,MAIN
OR 8059-KTC,15,MAIN
OR 8060,0,MAIN
OR 8061-KT,0,MAIN
OR 8062,0,MAIN
OR 8063,0,MAIN
OR 8385-0520,0,MAIN
OR 9000S-10,0,MAIN
OR 9001S-10,0,MAIN
OR 9009KT,0,MAIN
OR 9011KTC,0,MAIN
OR 9012KT,0,MAIN
OR 9200KT,0,MAIN
OR 9202KTC,0,MAIN
OR 9260KTC,0,MAIN
OR 9270KTC,0,MAIN
OR 9280KTC,0,MAIN
OR 9579KTC,0,MAIN
OR 9580KTC,0,MAIN
OR 9581TKC,0,MAIN
OR 9582KTC,0,MAIN
OR 9583KTC,0,MAIN
OR 9602KTC,0,MAIN
OR 9603KTC,0,MAIN
OR 9604KTC,0,MAIN
OR 9605KTC,0,MAIN
OR 9616C,15,MAIN
OR 9618C,15,MAIN
OR 9623,0,MAIN
OR 9626-20,15,MAIN
OR 9626-20C,0,MAIN
OR 9627,0,MAIN
OR 9628C,15,MAIN
OR 9629,0,MAIN
OR 9630-10C,15,MAIN
OR 9631-10,0,MAIN
OR 9631-20,7,MAIN
OR 9632,0,MAIN
OR 9633,0,MAIN
OR 9634G,0,MAIN
OR 9635KT,0,MAIN
OR 9636-20C,11,MAIN
OR 9637,0,MAIN
OR 9640,0,MAIN
OR 9641,0,MAIN
OR 9642,0,MAIN
OR 9643,0,MAIN
OR 9644,9,MAIN
OR 9644-10,0,MAIN
OR 9645,0,MAIN
OR 9646G,0,MAIN
OR 9647,0,MAIN
OR 9648,0,MAIN
OR 9649-20,0,MAIN
OR 9650OG-20,0,MAIN
OR 9652,0,MAIN
OR 9653,9,MAIN
OR 9654,10,MAIN
OR 9655,0,MAIN
OR 9657,0,MAIN
OR 9658-20,0,MAIN
OR 9660,0,MAIN
OR 9661,0,MAIN
OR 9662,0,MAIN
OR 9663,0,MAIN
OR 9664,0,MAIN
OR 9666,0,MAIN
OR 9667,0,MAIN
OR 9668MG,0,MAIN
OR 9668MY,0,MAIN
OR 9670,0,MAIN
OR 9671,0,MAIN
OR 9672,0,MAIN
OR 9674,0,MAIN
OR 9675,0,MAIN
OR 9677,15,MAIN
OR 9678,0,MAIN
OR 9679,15,MAIN
OR 9680,0,MAIN
OR 9681,0,MAIN
OR 9682-20C,15,MAIN
OR 9683MG,0,MAIN
OR 9683MY,0,MAIN
OR 9684,0,MAIN
OR 9685MG,0,MAIN
OR 9685MY,0,MAIN
OR 9686,0,MAIN
OR 9687,3,MAIN
OR 9688,0,MAIN
OR 9689,0,MAIN
OR 9690,0,MAIN
OR 9691,0,MAIN
OR 9692,0,MAIN
OR 9693,0,MAIN
OR 9694,0,MAIN
OR 9695,0,MAIN
OR 9695KTC,0,MAIN
OR 9696,0,MAIN
OR 9696KTC,0,MAIN
OR 9697KTC,0,MAIN
OR 9698,0,MAIN
OR 9698KTC,0,MAIN
OR 9699,0,MAIN
OR 9700,0,MAIN
OR 9701,0,MAIN
OR 9702KT,0,MAIN
OR 9703KT,0,MAIN
OR 9704,0,MAIN
OR 9705C,15,MAIN
OR 9707KT,0,MAIN
OR 9712C,15,MAIN
OR 9714C,15,MAIN
OR 9715-20C,14,MAIN
OR 9716-20,10,MAIN
OR 9716C,15,MAIN
OR 9717,1,MAIN
OR 9719C,7,MAIN
OR 9720,0,MAIN
OR 9721,0,MAIN
OR 9723,0,MAIN
OR 9724,0,MAIN
OR 9725,0,MAIN
OR 9726,0,MAIN
OR 9729-10,0,MAIN
OR 9730KT,0,MAIN
OR 9734-20,0,MAIN
OR 9735-20,0,MAIN
OR 9736-20,0,MAIN
PR 10003,0,MAIN
PR 10004,0,MAIN
PR 502551R12,0,MAIN
PR 502551R134A,0,MAIN
PR 502552R12,0,MAIN
PR 502552R134A,0,MAIN
PR 502553R134A,0,MAIN
PR 502557R134A,0,MAIN
PR 502558R134,0,MAIN
PR 502559R134A,0,MAIN
PT 0002,15,MAIN
PT 0003,15,MAIN
PT 0004,0,MAIN
PU 1216Y,0,MAIN
PU 20038C,0,MAIN
PU 363BC,0,MAIN
PU 369AC,0,MAIN
PU 420AC,0,MAIN
PU 4609C,0,MAIN
PU 52000C,0,MAIN
PU 52001C,0,MAIN
PU 52002C,0,MAIN
PU 52004C,0,MAIN
PU 52007C,0,MAIN
PU 521C,0,MAIN
PU 542C,0,MAIN
PU 574C,0,MAIN
PU 576C,0,MAIN
PU 588C,0,MAIN
PU 9760R,0,MAIN
PU 9999Y,0,MAIN
RA 019C,2,MAIN
RA 101,0,MAIN
RA 1032,0,MAIN
RA 1035,0,MAIN
RA 1037,0,MAIN
RA 1039,0,MAIN
RA 1043,0,MAIN
RA 1049,0,MAIN
RA 1051C,2,MAIN
RA 1052C,15,MAIN
RA 1061C,15,MAIN
RA 1074,0,MAIN
RA 1077,0,MAIN
RA 1079,0,MAIN
RA 1081,0,MAIN
RA 1083,0,MAIN
RA 109,0,MAIN
RA 1090,0,MAIN
RA 1094C,0,MAIN
RA 1095,0,MAIN
RA 1108C,5,MAIN
RA 1109,0,MAIN
RA 1115,0,MAIN
RA 1117,0,MAIN
RA 1118,0,MAIN
RA 1124,0,MAIN
RA 1125,0,MAIN
RA 1128,0,MAIN
RA 1129,0,MAIN
RA 1135,0,MAIN
RA 1140C,15,MAIN
RA 1145,0,MAIN
RA 1148,0,MAIN
RA 1151,0,MAIN
RA 1152,0,MAIN
RA 1155C,15,MAIN
RA 1159,0,MAIN
RA 1162,0,MAIN
RA 1164C,12,MAIN
RA 1165C,0,MAIN
RA 1166C,0,MAIN
RA 1167,0,MAIN
RA 1168,0,MAIN
RA 1173,0,MAIN
RA 1178,0,MAIN
RA 1183,0,MAIN
RA 119,0,MAIN
RA 1190,0,MAIN
RA 1193C,15,MAIN
RA 1198,0,MAIN
RA 1199,0,MAIN
RA 1206,0,MAIN
RA 1211,0,MAIN
RA 1212C,14,MAIN
RA 1216,0,MAIN
RA 1242,0,MAIN
RA 1244,0,MAIN
RA 1272,0,MAIN
RA 1273C,15,MAIN
RA 1277,0,MAIN
RA 1278C,15,MAIN
RA 1279C,15,MAIN
RA 1285,0,MAIN
RA 1286,0,MAIN
RA 1290C,15,MAIN
RA 130,0,MAIN
RA 13000,0,MAIN
RA 13001C,15,MAIN
RA 13002C,15,MAIN
RA 13004C,14,MAIN
RA 13005C,15,MAIN
RA 13007C,15,MAIN
RA 13008,0,MAIN
RA 13009C,0,MAIN
RA 13012C,15,MAIN
RA 13013,0,MAIN
RA 13014,0,MAIN
RA 13015C,15,MAIN
RA 13016,0,MAIN
RA 13018C,7,MAIN
RA 13019C,15,MAIN
RA 1302,0,MAIN
RA 13021C,15,MAIN
RA 13022C,15,MAIN
RA 13023C,15,MAIN
RA 13024,0,MAIN
RA 13024C,0,MAIN
RA 13025C,15,MAIN
RA 13026,0,MAIN
RA 13027C,15,MAIN
RA 13028,0,MAIN
RA 13029C,15,MAIN
RA 13030C,15,MAIN
RA 13031C,15,MAIN
RA 13032C,15,MAIN
RA 13036,0,MAIN
RA 13037C,15,MAIN
RA 13039C,15,MAIN
RA 1303C,15,MAIN
RA 1304,0,MAIN
RA 13040C,15,MAIN
RA 13041C,15,MAIN
RA 13043,0,MAIN
RA 13044C,11,MAIN
RA 13046C,15,MAIN
RA 13047C,15,MAIN
RA 13049C,9,MAIN
RA 1304C,0,MAIN
RA 13050,0,MAIN
RA 13053C,15,MAIN
RA 13055C,15,MAIN
RA 13056,0,MAIN
RA 13057C,15,MAIN
RA 13058,0,MAIN
RA 13059,0,MAIN
RA 13061C,6,MAIN
RA 13064C,15,MAIN
RA 13065C,15,MAIN
RA 13066,0,MAIN
RA 13066C,0,MAIN
RA 13067,0,MAIN
RA 13067C,0,MAIN
RA 13068C,15,MAIN
RA 1307,0,MAIN
RA 13070C,3,MAIN
RA 13071C,15,MAIN
RA 13072,0,MAIN
RA 13073,0,MAIN
RA 13076C,15,MAIN
RA 13077C,15,MAIN
RA 13078C,15,MAIN
RA 13079C,0,MAIN
RA 13080,0,MAIN
RA 13080C,0,MAIN
RA 13081,0,MAIN
RA 13082C,15,MAIN
RA 13083C,0,MAIN
RA 13084C,15,MAIN
RA 13085,0,MAIN
RA 13085C,0,MAIN
RA 13087C,15,MAIN
RA 13088C,15,MAIN
RA 13090C,15,MAIN
RA 13091C,11,MAIN
RA 13093C,15,MAIN
RA 13095C,10,MAIN
RA 13096,0,MAIN
RA 13097C,15,MAIN
RA 13099C,15,MAIN
RA 1310,0,MAIN
RA 13100C,5,MAIN
RA 13101,0,MAIN
RA 13102,0,MAIN
RA 13104C,15,MAIN
RA 13105C,15,MAIN
RA 13106C,15,MAIN
RA 13107,0,MAIN
RA 13108,0,MAIN
RA 13109,0,MAIN
RA 1311,0,MAIN
RA 13110,0,MAIN
RA 13111,0,MAIN
RA 13112,0,MAIN
RA 13113C,9,MAIN
RA 13114,0,MAIN
RA 13116C,15,MAIN
RA 13119C,14,MAIN
RA 1312,0,MAIN
RA 13120C,15,MAIN
RA 13121C,15,MAIN
RA 13123C,15,MAIN
RA 13124C,15,MAIN
RA 13126C,15,MAIN
RA 13127C,15,MAIN
RA 13129C,15,MAIN
RA 1313,0,MAIN
RA 13131,0,MAIN
RA 13133C,15,MAIN
RA 13134C,15,MAIN
RA 13135,0,MAIN
RA 13136C,10,MAIN
RA 13137,0,MAIN
RA 13139C,15,MAIN
RA 13141C,15,MAIN
RA 13142C,15,MAIN
RA 13144,0,MAIN
RA 13146C,15,MAIN
RA 13148C,12,MAIN
RA 13150C,15,MAIN
RA 13151C,5,MAIN
RA 13152C,12,MAIN
RA 13155C,15,MAIN
RA 13157C,15,MAIN
RA 13158C,15,MAIN
RA 13159C,0,MAIN
RA 1316,0,MAIN
RA 13161C,15,MAIN
RA 13162C,15,MAIN
RA 13164,0,MAIN
RA 13165,0,MAIN
RA 13167C,15,MAIN
RA 13168,0,MAIN
RA 13168C,0,MAIN
RA 13169C,15,MAIN
RA 13174,0,MAIN
RA 13175,0,MAIN
RA 13177,0,MAIN
RA 13177C,0,MAIN
RA 13178,0,MAIN
RA 13179C,7,MAIN
RA 13181,0,MAIN
RA 13184C,15,MAIN
RA 13185C,9,MAIN
RA 13186C,15,MAIN
RA 13187C,15,MAIN
RA 13188C,15,MAIN
RA 13189C,15,MAIN
RA 1318C,13,MAIN
RA 1319,0,MAIN
RA 13191C,15,MAIN
RA 13194C,15,MAIN
RA 13197C,15,MAIN
RA 13199C,15,MAIN
RA 13200C,15,MAIN
RA 13201C,15,MAIN
RA 13202C,15,MAIN
RA 13203,0,MAIN
RA 13204C,15,MAIN
RA 13206C,15,MAIN
RA 13207C,7,MAIN
RA 13208C,15,MAIN
RA 13209,0,MAIN
RA 13210C,0,MAIN
RA 13211,0,MAIN
RA 13211C,0,MAIN
RA 13212C,0,MAIN
RA 13213C,5,MAIN
RA 13214,0,MAIN
RA 13215C,15,MAIN
RA 13217C,15,MAIN
RA 13219C,15,MAIN
RA 1322,0,MAIN
RA 13220C,15,MAIN
RA 13221C,15,MAIN
RA 13225C,15,MAIN
RA 13227C,15,MAIN
RA 13229C,15,MAIN
RA 13230C,15,MAIN
RA 13231C,15,MAIN
RA 13233C,11,MAIN
RA 13238,0,MAIN
RA 1323C,15,MAIN
RA 1324,0,MAIN
RA 13241C,15,MAIN
RA 13242,0,MAIN
RA 13244C,15,MAIN
RA 13245C,15,MAIN
RA 13247C,15,MAIN
RA 13248C,15,MAIN
RA 13249C,15,MAIN
RA 1325,0,MAIN
RA 13250C,15,MAIN
RA 13251C,15,MAIN
RA 13253C,15,MAIN
RA 13254C,15,MAIN
RA 13255,0,MAIN
RA 13256C,15,MAIN
RA 13257C,15,MAIN
RA 13258C,15,MAIN
RA 1326,0,MAIN
RA 13262,0,MAIN
RA 13263,0,MAIN
RA 13264C,14,MAIN
RA 13266C,15,MAIN
RA 13268,0,MAIN
RA 13270C,15,MAIN
RA 13271C,13,MAIN
RA 13272C,15,MAIN
RA 13273C,15,MAIN
RA 13274C,15,MAIN
RA 13275C,15,MAIN
RA 13276C,14,MAIN
RA 13277C,15,MAIN
RA 13278C,15,MAIN
RA 13279,0,MAIN
RA 13281C,4,MAIN
RA 13282,0,MAIN
RA 13283,0,MAIN
RA 13284C,0,MAIN
RA 13285,0,MAIN
RA 13285C,5,MAIN
RA 13286,0,MAIN
RA 13287,0,MAIN
RA 1329,0,MAIN
RA 13292,0,MAIN
RA 13293C,15,MAIN
RA 13296C,15,MAIN
RA 13300C,15,MAIN
RA 13301C,15,MAIN
RA 13302,0,MAIN
RA 13303C,0,MAIN
RA 13305,0,MAIN
RA 13306C,15,MAIN
RA 13308C,15,MAIN
RA 13313C,15,MAIN
RA 13314C,15,MAIN
RA 13315C,15,MAIN
RA 13316,0,MAIN
RA 13317C,15,MAIN
RA 13319C,15,MAIN
RA 13320C,15,MAIN
RA 13321C,15,MAIN
RA 13323C,15,MAIN
RA 13324C,15,MAIN
RA 13325C,15,MAIN
RA 13326C,15,MAIN
RA 13327C,5,MAIN
RA 13329,0,MAIN
RA 13329C,0,MAIN
RA 1333,0,MAIN
RA 13331C,15,MAIN
RA 13332C,15,MAIN
RA 13333C,15,MAIN
RA 13334,0,MAIN
RA 13335C,7,MAIN
RA 13336C,15,MAIN
RA 13337,0,MAIN
RA 13338C,15,MAIN
RA 13339C,15,MAIN
RA 13340,0,MAIN
RA 13341C,15,MAIN
RA 13342C,15,MAIN
RA 13344,0,MAIN
RA 13345C,15,MAIN
RA 13346C,15,MAIN
RA 13348C,15,MAIN
RA 13351C,15,MAIN
RA 13352C,15,MAIN
RA 13353C,15,MAIN
RA 13355,0,MAIN
RA 13356C,4,MAIN
RA 13358C,15,MAIN
RA 13359,0,MAIN
RA 13360C,15,MAIN
RA 13361C,15,MAIN
RA 13362C,15,MAIN
RA 13363C,15,MAIN
RA 13364C,15,MAIN
RA 13365C,15,MAIN
RA 13366C,0,MAIN
RA 13367C,15,MAIN
RA 13368C,3,MAIN
RA 13370C,15,MAIN
RA 13371C,15,MAIN
RA 13373C,15,MAIN
RA 13374C,5,MAIN
RA 13375,0,MAIN
RA 13376C,13,MAIN
RA 13377,0,MAIN
RA 13379C,0,MAIN
RA 13380C,0,MAIN
RA 13381,0,MAIN
RA 13382C,15,MAIN
RA 13383C,2,MAIN
RA 13384C,7,MAIN
RA 13387,0,MAIN
RA 13388C,15,MAIN
RA 13389C,15,MAIN
RA 13390,0,MAIN
RA 13391C,15,MAIN
RA 13393C,15,MAIN
RA 13394C,0,MAIN
RA 13395,0,MAIN
RA 13395C,4,MAIN
RA 13396C,15,MAIN
RA 13398C,15,MAIN
RA 13400C,15,MAIN
RA 13401C,15,MAIN
RA 13402C,15,MAIN
RA 13404C,15,MAIN
RA 13405C,15,MAIN
RA 1340C,15,MAIN
RA 13412C,15,MAIN
RA 13414C,15,MAIN
RA 13415C,15,MAIN
RA 13416,0,MAIN
RA 13418C,15,MAIN
RA 13419,0,MAIN
RA 13420C,15,MAIN
RA 13421C,0,MAIN
RA 13422C,0,MAIN
RA 13423C,15,MAIN
RA 13424C,15,MAIN
RA 13425C,15,MAIN
RA 13427,0,MAIN
RA 1342C,15,MAIN
RA 1343,0,MAIN
RA 13430C,15,MAIN
RA 13431C,15,MAIN
RA 13432C,15,MAIN
RA 13433C,15,MAIN
RA 13436C,15,MAIN
RA 13439,0,MAIN
RA 13439C,0,MAIN
RA 1344,0,MAIN
RA 13440C,15,MAIN
RA 13442,0,MAIN
RA 13443C,6,MAIN
RA 13445C,15,MAIN
RA 13448C,15,MAIN
RA 13449C,4,MAIN
RA 13450C,15,MAIN
RA 13451C,15,MAIN
RA 13453C,15,MAIN
RA 13454C,15,MAIN
RA 13455C,12,MAIN
RA 13457C,15,MAIN
RA 13458C,15,MAIN
RA 13459C,0,MAIN
RA 13460,0,MAIN
RA 13460C,0,MAIN
RA 13461C,15,MAIN
RA 13463C,15,MAIN
RA 13466C,15,MAIN
RA 13468C,15,MAIN
RA 13469C,15,MAIN
RA 1347,0,MAIN
RA 13470C,15,MAIN
RA 13471,0,MAIN
RA 13472,0,MAIN
RA 13473C,15,MAIN
RA 13476C,15,MAIN
RA 13477C,15,MAIN
RA 13478,0,MAIN
RA 13481C,15,MAIN
RA 13483,0,MAIN
RA 13484C,15,MAIN
RA 13486C,15,MAIN
RA 13489C,15,MAIN
RA 13490C,15,MAIN
RA 13492,0,MAIN
RA 13492C,0,MAIN
RA 13493C,15,MAIN
RA 13494C,15,MAIN
RA 13496,0,MAIN
RA 13497,0,MAIN
RA 13498C,15,MAIN
RA 13499C,15,MAIN
RA 13500C,15,MAIN
RA 13501C,15,MAIN
RA 13502,0,MAIN
RA 13503C,15,MAIN
RA 13504,0,MAIN
RA 13505C,0,MAIN
RA 13506C,8,MAIN
RA 13507C,14,MAIN
RA 13508C,15,MAIN
RA 13509C,15,MAIN
RA 13510C,15,MAIN
RA 13511C,15,MAIN
RA 13512C,15,MAIN
RA 13513C,2,MAIN
RA 13514C,14,MAIN
RA 13516C,15,MAIN
RA 13518,0,MAIN
RA 13519C,15,MAIN
RA 13520C,0,MAIN
RA 13521C,15,MAIN
RA 13522,0,MAIN
RA 13525C,15,MAIN
RA 13526,0,MAIN
RA 13527,0,MAIN
RA 13530C,15,MAIN
RA 13531C,15,MAIN
RA 13532C,15,MAIN
RA 13533C,15,MAIN
RA 13535C,15,MAIN
RA 13536C,15,MAIN
RA 13537C,15,MAIN
RA 13538,0,MAIN
RA 13539C,15,MAIN
RA 13540C,15,MAIN
RA 13541C,9,MAIN
RA 13542,0,MAIN
RA 13543,0,MAIN
RA 13544C,14,MAIN
RA 13545,0,MAIN
RA 13549C,6,MAIN
RA 13550C,15,MAIN
RA 13551C,7,MAIN
RA 13552C,15,MAIN
RA 13553C,15,MAIN
RA 13554C,15,MAIN
RA 13555C,15,MAIN
RA 13559C,15,MAIN
RA 13561C,15,MAIN
RA 13562C,15,MAIN
RA 13565C,15,MAIN
RA 13567,0,MAIN
RA 13568,0,MAIN
RA 13570C,15,MAIN
RA 13571,0,MAIN
RA 13571C,0,MAIN
RA 13572,0,MAIN
RA 13573,0,MAIN
RA 13574C,15,MAIN
RA 13575C,15,MAIN
RA 13576C,15,MAIN
RA 13577C,15,MAIN
RA 13579C,15,MAIN
RA 13580,0,MAIN
RA 13581,0,MAIN
RA 13582C,15,MAIN
RA 13583C,15,MAIN
RA 13584C,15,MAIN
RA 13585C,15,MAIN
RA 13586,0,MAIN
RA 13589C,15,MAIN
RA 13590C,7,MAIN
RA 13591C,15,MAIN
RA 13592C,15,MAIN
RA 13593C,15,MAIN
RA 13595C,15,MAIN
RA 13596C,15,MAIN
RA 13597,0,MAIN
RA 13598,0,MAIN
RA 13598C,0,MAIN
RA 13599C,15,MAIN
RA 13601,0,MAIN
RA 13602C,15,MAIN
RA 13603C,15,MAIN
RA 13604,0,MAIN
RA 13604C,0,MAIN
RA 13605,0,MAIN
RA 13606,0,MAIN
RA 13608C,1,MAIN
RA 13609C,0,MAIN
RA 13610,0,MAIN
RA 13611,0,MAIN
RA 13612C,15,MAIN
RA 13613C,15,MAIN
RA 13614C,15,MAIN
RA 13615,0,MAIN
RA 13616,0,MAIN
RA 13617,0,MAIN
RA 13617C,0,MAIN
RA 13618C,0,MAIN
RA 13620C,15,MAIN
RA 13622C,15,MAIN
RA 13623C,0,MAIN
RA 13624,0,MAIN
RA 13625,0,MAIN
RA 13626C,15,MAIN
RA 13628C,15,MAIN
RA 13629,0,MAIN
RA 13630C,15,MAIN
RA 13631C,15,MAIN
RA 13632C,15,MAIN
RA 13633C,15,MAIN
RA 13634,0,MAIN
RA 13635C,15,MAIN
RA 13641C,15,MAIN
RA 13642C,15,MAIN
RA 13643C,15,MAIN
RA 13644C,15,MAIN
RA 13645,0,MAIN
RA 13646C,0,MAIN
RA 13647,0,MAIN
RA 13650C,15,MAIN
RA 13653,0,MAIN
RA 13654,0,MAIN
RA 13655,0,MAIN
RA 13657C,15,MAIN
RA 13658,0,MAIN
RA 13658C,0,MAIN
RA 13659C,0,MAIN
RA 13660,0,MAIN
RA 13662C,15,MAIN
RA 13663C,15,MAIN
RA 13664,0,MAIN
RA 13665C,15,MAIN
RA 13666C,15,MAIN
RA 13670C,15,MAIN
RA 13671C,12,MAIN
RA 13672C,15,MAIN
RA 13674C,15,MAIN
RA 13676C,15,MAIN
RA 13678C,15,MAIN
RA 13679C,15,MAIN
RA 13680C,15,MAIN
RA 13682C,15,MAIN
RA 13683,0,MAIN
RA 13685C,14,MAIN
RA 13687C,11,MAIN
RA 13688C,15,MAIN
RA 13689C,15,MAIN
RA 13690C,15,MAIN
RA 13694C,10,MAIN
RA 13695C,15,MAIN
RA 13696C,15,MAIN
RA 13697,0,MAIN
RA 13699C,15,MAIN
RA 13700C,15,MAIN
RA 13701C,11,MAIN
RA 13703C,15,MAIN
RA 13704C,0,MAIN
RA 13705C,15,MAIN
RA 13707C,13,MAIN
RA 13709C,15,MAIN
RA 13710C,15,MAIN
RA 13711,0,MAIN
RA 13713,0,MAIN
RA 13714,0,MAIN
RA 13715,0,MAIN
RA 13716,0,MAIN
RA 13717C,15,MAIN
RA 13718C,15,MAIN
RA 13719,0,MAIN
RA 1372,0,MAIN
RA 13720,0,MAIN
RA 13721C,15,MAIN
RA 13722,0,MAIN
RA 13723,0,MAIN
RA 13723C,0,MAIN
RA 13725C,15,MAIN
RA 13748C,0,MAIN
RA 13749,0,MAIN
RA 13750,0,MAIN
RA 13751,0,MAIN
RA 13752,0,MAIN
RA 13753C,15,MAIN
RA 13754C,15,MAIN
RA 13755C,15,MAIN
RA 13759,0,MAIN
RA 13761C,15,MAIN
RA 13765,0,MAIN
RA 13766C,15,MAIN
RA 13767C,4,MAIN
RA 13768C,15,MAIN
RA 13769C,0,MAIN
RA 13770C,15,MAIN
RA 13771C,0,MAIN
RA 13772C,0,MAIN
RA 13773C,15,MAIN
RA 13776,0,MAIN
RA 13778C,15,MAIN
RA 13780C,15,MAIN
RA 13782C,0,MAIN
RA 13786C,15,MAIN
RA 13787C,12,MAIN
RA 13788,0,MAIN
RA 13790,0,MAIN
RA 13790C,0,MAIN
RA 13791C,15,MAIN
RA 13793,0,MAIN
RA 13795,0,MAIN
RA 13797C,15,MAIN
RA 13798,0,MAIN
RA 13799C,15,MAIN
RA 138,0,MAIN
RA 13801,0,MAIN
RA 13801C,0,MAIN
RA 13802,0,MAIN
RA 13803,0,MAIN
RA 13804C,7,MAIN
RA 13805C,15,MAIN
RA 13810,0,MAIN
RA 13814,0,MAIN
RA 13816,0,MAIN
RA 13817C,15,MAIN
RA 13822,0,MAIN
RA 13823,0,MAIN
RA 13825C,15,MAIN
RA 13826C,15,MAIN
RA 13827,0,MAIN
RA 13828C,10,MAIN
RA 1383,0,MAIN
RA 13832C,0,MAIN
RA 1384,0,MAIN
RA 13840C,0,MAIN
RA 13842C,12,MAIN
RA 13844,0,MAIN
RA 13845C,15,MAIN
RA 13847,0,MAIN
RA 13850C,13,MAIN
RA 13852C,0,MAIN
RA 13853C,0,MAIN
RA 13857C,15,MAIN
RA 13858,0,MAIN
RA 13859C,15,MAIN
RA 13860C,15,MAIN
RA 13862C,15,MAIN
RA 13863C,0,MAIN
RA 13865C,15,MAIN
RA 13868C,15,MAIN
RA 13869C,15,MAIN
RA 1387,0,MAIN
RA 13870C,15,MAIN
RA 13871C,15,MAIN
RA 13875C,15,MAIN
RA 13876C,0,MAIN
RA 13878C,15,MAIN
RA 13879C,0,MAIN
RA 1388,0,MAIN
RA 13880C,8,MAIN
RA 13900C,15,MAIN
RA 13905C,15,MAIN
RA 1391,0,MAIN
RA 13914C,12,MAIN
RA 13915C,0,MAIN
RA 13916C,15,MAIN
RA 1392,0,MAIN
RA 13920C,0,MAIN
RA 13924C,14,MAIN
RA 13925C,15,MAIN
RA 13927C,7,MAIN
RA 1393,0,MAIN
RA 13930C,14,MAIN
RA 13936C,0,MAIN
RA 13937C,0,MAIN
RA 13955C,15,MAIN
RA 13961C,15,MAIN
RA 1396C,15,MAIN
RA 1399,0,MAIN
RA 140,0,MAIN
RA 1400,0,MAIN
RA 14001C,0,MAIN
RA 1400C,12,MAIN
RA 1401C,15,MAIN
RA 1407,0,MAIN
RA 1409C,15,MAIN
RA 1421,0,MAIN
RA 1422,0,MAIN
RA 1424,0,MAIN
RA 1424C,0,MAIN
RA 1426C,15,MAIN
RA 1430,0,MAIN
RA 1432,0,MAIN
RA 1433,0,MAIN
RA 1444,0,MAIN
RA 1446,0,MAIN
RA 1448,0,MAIN
RA 1451C,15,MAIN
RA 1452C,15,MAIN
RA 1453C,15,MAIN
RA 1454C,15,MAIN
RA 1455,0,MAIN
RA 1456C,7,MAIN
RA 1458,0,MAIN
RA 1463,0,MAIN
RA 1469,0,MAIN
RA 147,0,MAIN
RA 1475,0,MAIN
RA 1476,0,MAIN
RA 1477C,15,MAIN
RA 1482C,15,MAIN
RA 1483,0,MAIN
RA 1485C,15,MAIN
RA 1486C,15,MAIN
RA 1488C,8,MAIN
RA 1489,0,MAIN
RA 1489C,0,MAIN
RA 1494C,15,MAIN
RA 1504,0,MAIN
RA 1515C,15,MAIN
RA 1516,0,MAIN
RA 1516C,0,MAIN
RA 1517C,15,MAIN
RA 1519C,15,MAIN
RA 1520C,15,MAIN
RA 1521C,15,MAIN
RA 1522C,15,MAIN
RA 1523C,0,MAIN
RA 1528,0,MAIN
RA 153,0,MAIN
RA 1530C,15,MAIN
RA 1533C,15,MAIN
RA 1538,0,MAIN
RA 1544,0,MAIN
RA 1545,0,MAIN
RA 1548C,15,MAIN
RA 155,0,MAIN
RA 1550C,15,MAIN
RA 1551C,15,MAIN
RA 1552C,15,MAIN
RA 1553C,15,MAIN
RA 1555C,15,MAIN
RA 1556,0,MAIN
RA 1557,0,MAIN
RA 1558,0,MAIN
RA 1559,0,MAIN
RA 1561,0,MAIN
RA 1568C,15,MAIN
RA 1571,0,MAIN
RA 1572,0,MAIN
RA 1573C,15,MAIN
RA 1574C,13,MAIN
RA 1575,0,MAIN
RA 1577,0,MAIN
RA 16001C,15,MAIN
RA 1608,0,MAIN
RA 1609C,15,MAIN
RA 1610,0,MAIN
RA 161C,0,MAIN
RA 1622,0,MAIN
RA 1626,0,MAIN
RA 1628,0,MAIN
RA 162C,15,MAIN
RA 1687C,15,MAIN
RA 1688C,15,MAIN
RA 169,0,MAIN
RA 1694,0,MAIN
RA 1694C,0,MAIN
RA 1696C,0,MAIN
RA 170,0,MAIN
RA 1700,0,MAIN
RA 1702C,15,MAIN
RA 1704,0,MAIN
RA 1707C,15,MAIN
RA 1709,0,MAIN
RA 1711,0,MAIN
RA 1718C,15,MAIN
RA 1721C,15,MAIN
RA 1722,0,MAIN
RA 1722C,0,MAIN
RA 1724,0,MAIN
RA 1725C,15,MAIN
RA 1726C,15,MAIN
RA 1728C,14,MAIN
RA 1729,0,MAIN
RA 1732C,15,MAIN
RA 1736,0,MAIN
RA 1737C,12,MAIN
RA 1738,0,MAIN
RA 174,0,MAIN
RA 1746C,15,MAIN
RA 1749,0,MAIN
RA 1750,0,MAIN
RA 1750C,0,MAIN
RA 1751,0,MAIN
RA 1752C,3,MAIN
RA 1755C,15,MAIN
RA 1764,0,MAIN
RA 1774C,15,MAIN
RA 1775,0,MAIN
RA 1777,0,MAIN
RA 1778C,15,MAIN
RA 1779,0,MAIN
RA 178,0,MAIN
RA 1787,0,MAIN
RA 1790C,9,MAIN
RA 1791C,15,MAIN
RA 1799,0,MAIN
RA 1809,0,MAIN
RA 1815,0,MAIN
RA 1819,0,MAIN
RA 1823,0,MAIN
RA 1824C,15,MAIN
RA 1826C,15,MAIN
RA 1830C,15,MAIN
RA 1831C,15,MAIN
RA 1838,0,MAIN
RA 1839C,15,MAIN
RA 1841C,15,MAIN
RA 1847,0,MAIN
RA 1850C,15,MAIN
RA 1851,0,MAIN
RA 1854C,10,MAIN
RA 1857,0,MAIN
RA 1859C,15,MAIN
RA 1862C,15,MAIN
RA 188,0,MAIN
RA 1885C,12,MAIN
RA 1888C,15,MAIN
RA 1889C,15,MAIN
RA 1892,0,MAIN
RA 1897C,15,MAIN
RA 1904,0,MAIN
RA 1905C,15,MAIN
RA 1906,0,MAIN
RA 1907,0,MAIN
RA 1907C,15,MAIN
RA 1909C,15,MAIN
RA 1910C,15,MAIN
RA 1912C,15,MAIN
RA 1918,0,MAIN
RA 1924,0,MAIN
RA 1924C,15,MAIN
RA 1927,0,MAIN
RA 199,0,MAIN
RA 1994C,15,MAIN
RA 1995C,15,MAIN
RA 1996C,15,MAIN
RA 1998C,15,MAIN
RA 20000,0,MAIN
RA 20001,0,MAIN
RA 20005C,0,MAIN
RA 20008C,0,MAIN
RA 20010,0,MAIN
RA 20010C,0,MAIN
RA 20011,0,MAIN
RA 20012C,8,MAIN
RA 20013,0,MAIN
RA 20016,0,MAIN
RA 20021,0,MAIN
RA 20031,0,MAIN
RA 20032,0,MAIN
RA 20034,0,MAIN
RA 20035,0,MAIN
RA 20036,0,MAIN
RA 20038C,8,MAIN
RA 2003C,15,MAIN
RA 20040,0,MAIN
RA 20042,0,MAIN
RA 20048,0,MAIN
RA 20049C,0,MAIN
RA 20051C,2,MAIN
RA 20052,0,MAIN
RA 20053,0,MAIN
RA 20054,0,MAIN
RA 2008,0,MAIN
RA 2010,0,MAIN
RA 2023,0,MAIN
RA 2024,0,MAIN
RA 2030,0,MAIN
RA 2031,0,MAIN
RA 2032,0,MAIN
RA 2034C,15,MAIN
RA 2038C,0,MAIN
RA 204,0,MAIN
RA 2042C,15,MAIN
RA 2043,0,MAIN
RA 2043C,5,MAIN
RA 2044C,4,MAIN
RA 2048,0,MAIN
RA 2051C,15,MAIN
RA 2054,0,MAIN
RA 2056,0,MAIN
RA 2057C,15,MAIN
RA 2058C,15,MAIN
RA 2062,0,MAIN
RA 2063,0,MAIN
RA 2065C,8,MAIN
RA 2068C,15,MAIN
RA 2069,0,MAIN
RA 206C,15,MAIN
RA 2071,0,MAIN
RA 2072,0,MAIN
RA 2073,0,MAIN
RA 2075C,8,MAIN
RA 2078,0,MAIN
RA 2082,0,MAIN
RA 2085,0,MAIN
RA 2087C,15,MAIN
RA 2089C,11,MAIN
RA 2090C,15,MAIN
RA 2097,0,MAIN
RA 2098,0,MAIN
RA 2099,0,MAIN
RA 21,0,MAIN
RA 2101C,15,MAIN
RA 2102C,15,MAIN
RA 2112,0,MAIN
RA 213,0,MAIN
RA 2136C,0,MAIN
RA 2138C,15,MAIN
RA 2139C,15,MAIN
RA 2140,0,MAIN
RA 2140C,15,MAIN
RA 2141C,15,MAIN
RA 2147C,15,MAIN
RA 2148C,15,MAIN
RA 2152,0,MAIN
RA 2153C,15,MAIN
RA 2157C,15,MAIN
RA 2159,0,MAIN
RA 2159C,1,MAIN
RA 2164,0,MAIN
RA 2165,0,MAIN
RA 2170C,15,MAIN
RA 2171C,15,MAIN
RA 2172C,15,MAIN
RA 2173C,15,MAIN
RA 2174C,15,MAIN
RA 2184C,13,MAIN
RA 2186C,15,MAIN
RA 2189,0,MAIN
RA 2190C,15,MAIN
RA 2191C,15,MAIN
RA 2195C,15,MAIN
RA 2196,0,MAIN
RA 2198C,15,MAIN
RA 2203C,15,MAIN
RA 2205,0,MAIN
RA 2205C,0,MAIN
RA 2206,0,MAIN
RA 2213,0,MAIN
RA 2214,0,MAIN
RA 2214C,0,MAIN
RA 2215C,15,MAIN
RA 222,0,MAIN
RA 2222C,15,MAIN
RA 2241C,15,MAIN
RA 2251,0,MAIN
RA 2256C,15,MAIN
RA 2257C,0,MAIN
RA 2258C,15,MAIN
RA 2259C,15,MAIN
RA 2261C,15,MAIN
RA 2262C,15,MAIN
RA 2263C,15,MAIN
RA 2264C,15,MAIN
RA 2265C,12,MAIN
RA 2268C,15,MAIN
RA 2270C,15,MAIN
RA 2278C,15,MAIN
RA 2279,0,MAIN
RA 2280,0,MAIN
RA 2282C,15,MAIN
RA 2283,0,MAIN
RA 2284C,15,MAIN
RA 2285C,10,MAIN
RA 2286,0,MAIN
RA 2287,0,MAIN
RA 2288,0,MAIN
RA 2289C,0,MAIN
RA 229,0,MAIN
RA 2290C,13,MAIN
RA 2291C,15,MAIN
RA 2292C,15,MAIN
RA 2294C,15,MAIN
RA 2295,0,MAIN
RA 2296C,2,MAIN
RA 2297,0,MAIN
RA 2298C,15,MAIN
RA 23,0,MAIN
RA 2300C,13,MAIN
RA 2305C,15,MAIN
RA 2306C,15,MAIN
RA 2307C,15,MAIN
RA 2308C,14,MAIN
RA 2309C,10,MAIN
RA 2311C,15,MAIN
RA 2312C,14,MAIN
RA 2317C,15,MAIN
RA 232,0,MAIN
RA 2320C,15,MAIN
RA 2321C,8,MAIN
RA 2323C,15,MAIN
RA 2324C,15,MAIN
RA 2325C,14,MAIN
RA 2328,0,MAIN
RA 2329C,15,MAIN
RA 233,0,MAIN
RA 2331C,15,MAIN
RA 2334C,15,MAIN
RA 2335C,7,MAIN
RA 2336C,15,MAIN
RA 2337C,9,MAIN
RA 2338C,15,MAIN
RA 2339C,15,MAIN
RA 234,0,MAIN
RA 2340,0,MAIN
RA 2340C,0,MAIN
RA 2342C,15,MAIN
RA 2343C,15,MAIN
RA 2344,0,MAIN
RA 2346C,15,MAIN
RA 2347C,15,MAIN
RA 2350C,15,MAIN
RA 2351C,15,MAIN
RA 2354C,15,MAIN
RA 2356C,9,MAIN
RA 2358,0,MAIN
RA 2362C,11,MAIN
RA 2368C,5,MAIN
RA 2369,0,MAIN
RA 2369C,15,MAIN
RA 2370C,15,MAIN
RA 2375C,15,MAIN
RA 2376C,0,MAIN
RA 2377C,15,MAIN
RA 2381,0,MAIN
RA 2386,0,MAIN
RA 2387C,7,MAIN
RA 2389C,15,MAIN
RA 2393,0,MAIN
RA 2400C,7,MAIN
RA 2402C,15,MAIN
RA 2403C,15,MAIN
RA 2407,0,MAIN
RA 2408,0,MAIN
RA 2409C,15,MAIN
RA 2410C,15,MAIN
RA 2412C,15,MAIN
RA 2413,0,MAIN
RA 2414C,15,MAIN
RA 2415C,15,MAIN
RA 2417C,15,MAIN
RA 2418C,2,MAIN
RA 2419C,15,MAIN
RA 2421C,14,MAIN
RA 2423C,0,MAIN
RA 2424C,0,MAIN
RA 2425C,15,MAIN
RA 2426,0,MAIN
RA 2428C,15,MAIN
RA 2430C,4,MAIN
RA 2434C,15,MAIN
RA 2436C,0,MAIN
RA 2441C,14,MAIN
RA 2442C,15,MAIN
RA 2443C,15,MAIN
RA 2445,0,MAIN
RA 2447C,14,MAIN
RA 2448C,15,MAIN
RA 2450,0,MAIN
RA 2450C,0,MAIN
RA 2451C,15,MAIN
RA 2452C,11,MAIN
RA 2454C,15,MAIN
RA 2455C,15,MAIN
RA 2456C,15,MAIN
RA 2458C,15,MAIN
RA 2459C,15,MAIN
RA 246,0,MAIN
RA 2462C,15,MAIN
RA 2464C,14,MAIN
RA 2465C,15,MAIN
RA 2468C,15,MAIN
RA 2469C,15,MAIN
RA 2470C,15,MAIN
RA 2471,0,MAIN
RA 2476,0,MAIN
RA 2479C,14,MAIN
RA 2480C,15,MAIN
RA 2481C,15,MAIN
RA 2482,0,MAIN
RA 2490,0,MAIN
RA 2491C,15,MAIN
RA 2492,0,MAIN
RA 2493,0,MAIN
RA 2498,0,MAIN
RA 250,0,MAIN
RA 2509,0,MAIN
RA 2513C,0,MAIN
RA 2514,0,MAIN
RA 2520C,15,MAIN
RA 2533,0,MAIN
RA 2537C,7,MAIN
RA 2538,0,MAIN
RA 2538C,0,MAIN
RA 2541,0,MAIN
RA 2542C,15,MAIN
RA 2543C,9,MAIN
RA 2556C,7,MAIN
RA 256,0,MAIN
RA 2561,0,MAIN
RA 2563C,15,MAIN
RA 2565C,7,MAIN
RA 2568,0,MAIN
RA 2571C,15,MAIN
RA 2572C,15,MAIN
RA 2574C,15,MAIN
RA 2575C,15,MAIN
RA 2576C,15,MAIN
RA 2578C,15,MAIN
RA 2580C,15,MAIN
RA 2581C,15,MAIN
RA 2583,0,MAIN
RA 2584C,15,MAIN
RA 2585C,15,MAIN
RA 2588C,15,MAIN
RA 2590,0,MAIN
RA 2593,0,MAIN
RA 2594C,12,MAIN
RA 2595,0,MAIN
RA 2596C,15,MAIN
RA 2603,0,MAIN
RA 2603C,3,MAIN
RA 2605C,15,MAIN
RA 2606,0,MAIN
RA 2607,0,MAIN
RA 2608C,15,MAIN
RA 2609C,15,MAIN
RA 2610C,15,MAIN
RA 2611,0,MAIN
RA 2611C,0,MAIN
RA 2616,0,MAIN
RA 2617C,15,MAIN
RA 2619,0,MAIN
RA 2620C,15,MAIN
RA 2621,0,MAIN
RA 2622C,15,MAIN
RA 2623C,11,MAIN
RA 2626C,15,MAIN
RA 2627,0,MAIN
RA 263,0,MAIN
RA 2635C,15,MAIN
RA 2639,0,MAIN
RA 2645C,15,MAIN
RA 2648C,15,MAIN
RA 2649,0,MAIN
RA 2651C,15,MAIN
RA 2652C,15,MAIN
RA 2671,0,MAIN
RA 2672C,15,MAIN
RA 2673C,15,MAIN
RA 2674C,15,MAIN
RA 2675C,14,MAIN
RA 2676,0,MAIN
RA 2677C,15,MAIN
RA 2680C,15,MAIN
RA 2681,0,MAIN
RA 2682C,0,MAIN
RA 2683C,15,MAIN
RA 2689C,15,MAIN
RA 2691C,1,MAIN
RA 2692C,15,MAIN
RA 2693C,13,MAIN
RA 2694C,15,MAIN
RA 2696C,15,MAIN
RA 27,0,MAIN
RA 2700,0,MAIN
RA 2701,0,MAIN
RA 2702C,15,MAIN
RA 2703C,15,MAIN
RA 2707C,15,MAIN
RA 2710C,15,MAIN
RA 2711C,15,MAIN
RA 2712C,15,MAIN
RA 2713C,0,MAIN
RA 2714C,15,MAIN
RA 2715,0,MAIN
RA 2716,0,MAIN
RA 2719C,15,MAIN
RA 2722C,0,MAIN
RA 2723C,14,MAIN
RA 2726,0,MAIN
RA 2727C,15,MAIN
RA 2728C,15,MAIN
RA 2730,0,MAIN
RA 2731C,15,MAIN
RA 2733C,0,MAIN
RA 2738C,15,MAIN
RA 2740C,15,MAIN
RA 2741C,15,MAIN
RA 2742,0,MAIN
RA 2745,0,MAIN
RA 2747C,15,MAIN
RA 2748,0,MAIN
RA 2754C,15,MAIN
RA 2755,0,MAIN
RA 2756C,7,MAIN
RA 2757C,11,MAIN
RA 2758C,15,MAIN
RA 2759C,15,MAIN
RA 2761C,13,MAIN
RA 2762C,15,MAIN
RA 2764C,15,MAIN
RA 2765C,14,MAIN
RA 2767C,15,MAIN
RA 2768C,3,MAIN
RA 2770C,15,MAIN
RA 2771C,15,MAIN
RA 2773C,15,MAIN
RA 2774C,8,MAIN
RA 2776C,15,MAIN
RA 2777C,15,MAIN
RA 2778C,15,MAIN
RA 2779C,14,MAIN
RA 2780C,15,MAIN
RA 2781C,15,MAIN
RA 2782C,15,MAIN
RA 2783C,15,MAIN
RA 2784C,15,MAIN
RA 2785C,15,MAIN
RA 2786C,0,MAIN
RA 2788C,15,MAIN
RA 2789C,15,MAIN
RA 2790C,15,MAIN
RA 2792C,15,MAIN
RA 2793C,11,MAIN
RA 2794,0,MAIN
RA 2795C,15,MAIN
RA 2796C,15,MAIN
RA 2797C,0,MAIN
RA 2799C,0,MAIN
RA 2802C,15,MAIN
RA 2805C,15,MAIN
RA 2806C,15,MAIN
RA 2807C,15,MAIN
RA 2808C,15,MAIN
RA 2811,0,MAIN
RA 2812C,11,MAIN
RA 2813C,15,MAIN
RA 2816C,15,MAIN
RA 2817C,15,MAIN
RA 2818C,15,MAIN
RA 2820,0,MAIN
RA 2822C,15,MAIN
RA 2825C,0,MAIN
RA 2827C,15,MAIN
RA 2828,0,MAIN
RA 2830C,15,MAIN
RA 2832C,15,MAIN
RA 2836C,6,MAIN
RA 2837C,15,MAIN
RA 2838C,13,MAIN
RA 2839C,15,MAIN
RA 2840C,15,MAIN
RA 2841C,15,MAIN
RA 2842,0,MAIN
RA 2842C,0,MAIN
RA 2843C,2,MAIN
RA 2845,0,MAIN
RA 2845C,1,MAIN
RA 2850C,15,MAIN
RA 2852C,15,MAIN
RA 2853C,0,MAIN
RA 2854C,8,MAIN
RA 2855C,15,MAIN
RA 2856C,15,MAIN
RA 2857,0,MAIN
RA 2857C,0,MAIN
RA 2859C,15,MAIN
RA 2861C,15,MAIN
RA 2862,0,MAIN
RA 2863,0,MAIN
RA 2864C,15,MAIN
RA 2866C,15,MAIN
RA 2868C,8,MAIN
RA 2870,0,MAIN
RA 2871,0,MAIN
RA 2873C,15,MAIN
RA 2878C,15,MAIN
RA 2879C,15,MAIN
RA 2881C,15,MAIN
RA 2882C,15,MAIN
RA 2883C,15,MAIN
RA 2884,0,MAIN
RA 2886C,15,MAIN
RA 2887C,15,MAIN
RA 2888,0,MAIN
RA 289,0,MAIN
RA 2890C,15,MAIN
RA 2891C,15,MAIN
RA 2892C,15,MAIN
RA 2893C,15,MAIN
RA 2894C,15,MAIN
RA 2895,0,MAIN
RA 2896C,0,MAIN
RA 2897C,15,MAIN
RA 2898C,15,MAIN
RA 2904C,15,MAIN
RA 2906,0,MAIN
RA 2906C,0,MAIN
RA 2907,0,MAIN
RA 2908,0,MAIN
RA 2909C,15,MAIN
RA 2912,0,MAIN
RA 2913,0,MAIN
RA 2914,0,MAIN
RA 2916C,15,MAIN
RA 2917C,15,MAIN
RA 2918C,15,MAIN
RA 2919C,15,MAIN
RA 292,0,MAIN
RA 2920C,11,MAIN
RA 2921C,15,MAIN
RA 2922C,15,MAIN
RA 2923C,15,MAIN
RA 2924,0,MAIN
RA 2925C,15,MAIN
RA 2926C,15,MAIN
RA 2927C,15,MAIN
RA 2928C,15,MAIN
RA 2929C,15,MAIN
RA 2930C,9,MAIN
RA 2933C,15,MAIN
RA 2934,0,MAIN
RA 2934C,0,MAIN
RA 2935C,15,MAIN
RA 2936C,15,MAIN
RA 2937C,15,MAIN
RA 2938C,15,MAIN
RA 2939C,15,MAIN
RA 2940,0,MAIN
RA 2941C,15,MAIN
RA 2942C,0,MAIN
RA 2947,0,MAIN
RA 2947C,0,MAIN
RA 2948C,15,MAIN
RA 2950C,15,MAIN
RA 2952C,15,MAIN
RA 2953,0,MAIN
RA 2954C,15,MAIN
RA 2955C,15,MAIN
RA 2956C,15,MAIN
RA 2957C,15,MAIN
RA 2959,0,MAIN
RA 2959C,0,MAIN
RA 2960,0,MAIN
RA 2961C,15,MAIN
RA 2962C,15,MAIN
RA 2963,0,MAIN
RA 2964C,15,MAIN
RA 2966C,15,MAIN
RA 2968C,15,MAIN
RA 2969C,14,MAIN
RA 2970,0,MAIN
RA 2971C,15,MAIN
RA 2973C,15,MAIN
RA 2975C,15,MAIN
RA 2976C,15,MAIN
RA 2978C,7,MAIN
RA 2979C,11,MAIN
RA 298,0,MAIN
RA 2980C,15,MAIN
RA 2981C,15,MAIN
RA 2984C,15,MAIN
RA 2985C,15,MAIN
RA 2987,0,MAIN
RA 2988C,15,MAIN
RA 2989C,15,MAIN
RA 2990C,15,MAIN
RA 2992C,15,MAIN
RA 2993,0,MAIN
RA 2994C,15,MAIN
RA 2995C,15,MAIN
RA 2998C,15,MAIN
RA 2999C,15,MAIN
RA 312,0,MAIN
RA 312C,0,MAIN
RA 314C,15,MAIN
RA 332,0,MAIN
RA 333,0,MAIN
RA 337,0,MAIN
RA 340,0,MAIN
RA 364,0,MAIN
RA 369,0,MAIN
RA 39,0,MAIN
RA 390,0,MAIN
RA 401,0,MAIN
RA 433C,0,MAIN
RA 434C,0,MAIN
RA 438,0,MAIN
RA 442,0,MAIN
RA 444,0,MAIN
RA 453C,15,MAIN
RA 46,0,MAIN
RA 472,0,MAIN
RA 473,0,MAIN
RA 477,0,MAIN
RA 478,0,MAIN
RA 480,0,MAIN
RA 50,0,MAIN
RA 500,0,MAIN
RA 5000C,4,MAIN
RA 5006,0,MAIN
RA 5014,0,MAIN
RA 50C,0,MAIN
RA 511,0,MAIN
RA 539,0,MAIN
RA 546,0,MAIN
RA 547,0,MAIN
RA 556C,15,MAIN
RA 558,0,MAIN
RA 560,0,MAIN
RA 570,0,MAIN
RA 572,0,MAIN
RA 58,0,MAIN
RA 583,0,MAIN
RA 612,0,MAIN
RA 618C,15,MAIN
RA 622C,15,MAIN
RA 633,0,MAIN
RA 658,0,MAIN
RA 670,0,MAIN
RA 671,0,MAIN
RA 674,0,MAIN
RA 677,0,MAIN
RA 677C,0,MAIN
RA 68,0,MAIN
RA 683,0,MAIN
RA 700,0,MAIN
RA 705,0,MAIN
RA 705C,0,MAIN
RA 709C,15,MAIN
RA 710,0,MAIN
RA 712,0,MAIN
RA 716C,15,MAIN
RA 717,0,MAIN
RA 719,0,MAIN
RA 729,0,MAIN
RA 730,0,MAIN
RA 730C,0,MAIN
RA 738C,15,MAIN
RA 741C,15,MAIN
RA 743,0,MAIN
RA 747,0,MAIN
RA 750,0,MAIN
RA 767C,15,MAIN
RA 768,0,MAIN
RA 77,0,MAIN
RA 781,0,MAIN
RA 788,0,MAIN
RA 78C,15,MAIN
RA 8115,0,MAIN
RA 824,0,MAIN
RA 825,0,MAIN
RA 83,0,MAIN
RA 836,0,MAIN
RA 837,0,MAIN
RA 840,0,MAIN
RA 840C,0,MAIN
RA 850,0,MAIN
RA 853,0,MAIN
RA 856,0,MAIN
RA 858,0,MAIN
RA 865,0,MAIN
RA 866,0,MAIN
RA 870,0,MAIN
RA 881,0,MAIN
RA 885,0,MAIN
RA 886C,7,MAIN
RA 897C,6,MAIN
RA 901,0,MAIN
RA 907,0,MAIN
RA 917,0,MAIN
RA 920,0,MAIN
RA 921,0,MAIN
RA 921C,0,MAIN
RA 924,0,MAIN
RA 928,0,MAIN
RA 931,0,MAIN
RA 932,0,MAIN
RA 935,0,MAIN
RA 939,0,MAIN
RA 94,0,MAIN
RA 942,0,MAIN
RA 944,0,MAIN
RA 945C,15,MAIN
RA 951C,8,MAIN
RA 952,0,MAIN
RA 954,0,MAIN
RA 959,0,MAIN
RA 959C,0,MAIN
RA 962,0,MAIN
RA 965,0,MAIN
RA 974,0,MAIN
RA 975C,1,MAIN
RA 977,0,MAIN
RA 979,0,MAIN
RA 980,0,MAIN
RA 981,0,MAIN
RA 982,0,MAIN
RD 0008C,15,MAIN
RD 0049C,15,MAIN
RD 0071C,15,MAIN
RD 0088C,15,MAIN
RD 0096C,15,MAIN
RD 0160C,0,MAIN
RD 0201C,15,MAIN
RD 0211C,15,MAIN
RD 0212C,15,MAIN
RD 0224C,15,MAIN
RD 0225C,15,MAIN
RD 0234C,15,MAIN
RD 0236C,15,MAIN
RD 0414C,15,MAIN
RD 0684C,15,MAIN
RD 0687C,15,MAIN
RD 0688C,15,MAIN
RD 0818C,15,MAIN
RD 0819,0,MAIN
RD 0846C,0,MAIN
RD 0851C,15,MAIN
RD 0854C,15,MAIN
RD 0953C,15,MAIN
RD 0954C,0,MAIN
RD 0968C,15,MAIN
RD 0991C,15,MAIN
RD 0992C,0,MAIN
RD 10000C,15,MAIN
RD 10002C,15,MAIN
RD 10003C,15,MAIN
RD 10004C,15,MAIN
RD 10005C,15,MAIN
RD 10010C,0,MAIN
RD 10011C,15,MAIN
RD 10012C,15,MAIN
RD 10016C,15,MAIN
RD 10017C,15,MAIN
RD 10018C,15,MAIN
RD 10019C,15,MAIN
RD 10020C,15,MAIN
RD 10021C,15,MAIN
RD 10026C,15,MAIN
RD 10029C,2,MAIN
RD 10030C,15,MAIN
RD 10031C,15,MAIN
RD 10032C,15,MAIN
RD 10033C,15,MAIN
RD 10035C,15,MAIN
RD 10037C,15,MAIN
RD 10038C,15,MAIN
RD 10039,0,MAIN
RD 10039BC,15,MAIN
RD 10039KTC,15,MAIN
RD 10040C,15,MAIN
RD 10041C,15,MAIN
RD 10042KTC,0,MAIN
RD 10043C,15,MAIN
RD 10044C,15,MAIN
RD 10045C,15,MAIN
RD 10048C,15,MAIN
RD 10051C,0,MAIN
RD 10052C,15,MAIN
RD 10053C,15,MAIN
RD 10054C,15,MAIN
RD 10055C,15,MAIN
RD 10056C,15,MAIN
RD 10059C,15,MAIN
RD 10060C,15,MAIN
RD 10063C,15,MAIN
RD 10065C,15,MAIN
RD 10066C,15,MAIN
RD 10068C,15,MAIN
RD 10070C,15,MAIN
RD 10071C,15,MAIN
RD 10072C,15,MAIN
RD 10073C,12,MAIN
RD 10074C,15,MAIN
RD 10075C,0,MAIN
RD 10076C,15,MAIN
RD 10077C,15,MAIN
RD 10078C,15,MAIN
RD 10079C,15,MAIN
RD 10082C,0,MAIN
RD 10083C,15,MAIN
RD 10084C,15,MAIN
RD 10088C,15,MAIN
RD 10089C,15,MAIN
RD 10090C,0,MAIN
RD 10091C,15,MAIN
RD 10092C,15,MAIN
RD 10093C,15,MAIN
RD 10095C,15,MAIN
RD 10096C,0,MAIN
RD 10097C,15,MAIN
RD 10099,0,MAIN
RD 10100C,15,MAIN
RD 10101C,15,MAIN
RD 10103C,15,MAIN
RD 10105C,15,MAIN
RD 10106C,15,MAIN
RD 10108C,0,MAIN
RD 10109C,15,MAIN
RD 10110C,15,MAIN
RD 10111C,15,MAIN
RD 10112C,15,MAIN
RD 10113C,15,MAIN
RD 10114C,15,MAIN
RD 10115C,15,MAIN
RD 10116C,15,MAIN
RD 10118C,15,MAIN
RD 10119C,15,MAIN
RD 10120C,15,MAIN
RD 10121C,15,MAIN
RD 10122BC,15,MAIN
RD 10122KTC,15,MAIN
RD 10123C,1,MAIN
RD 10125C,15,MAIN
RD 10126C,15,MAIN
RD 10127C,15,MAIN
RD 10129C,15,MAIN
RD 10130C,15,MAIN
RD 10131C,15,MAIN
RD 10133C,15,MAIN
RD 10134C,15,MAIN
RD 10135C,15,MAIN
RD 10136BC,15,MAIN
RD 10136KTC,15,MAIN
RD 10137C,10,MAIN
RD 10138C,15,MAIN
RD 10139C,15,MAIN
RD 10140C,0,MAIN
RD 10141C,15,MAIN
RD 10142C,2,MAIN
RD 10143C,1,MAIN
RD 10144C,15,MAIN
RD 10145C,15,MAIN
RD 10146C,15,MAIN
RD 10147C,0,MAIN
RD 10148C,15,MAIN
RD 10149C,15,MAIN
RD 10150C,15,MAIN
RD 10151,0,MAIN
RD 10152C,15,MAIN
RD 10153C,0,MAIN
RD 10154C,15,MAIN
RD 10155C,0,MAIN
RD 10156C,15,MAIN
RD 10157C,15,MAIN
RD 10158C,15,MAIN
RD 10159C,15,MAIN
RD 10160C,15,MAIN
RD 10161C,15,MAIN
RD 10163C,15,MAIN
RD 10164C,15,MAIN
RD 10167C,15,MAIN
RD 10168C,15,MAIN
RD 10170C,8,MAIN
RD 10171C,15,MAIN
RD 10172C,15,MAIN
RD 10173C,15,MAIN
RD 10175C,0,MAIN
RD 10176C,15,MAIN
RD 10177C,15,MAIN
RD 10179C,15,MAIN
RD 10180C,15,MAIN
RD 10182C,0,MAIN
RD 10183C,0,MAIN
RD 10184C,15,MAIN
RD 10185C,15,MAIN
RD 10186C,15,MAIN
RD 10187,0,MAIN
RD 10188C,15,MAIN
RD 10189,0,MAIN
RD 10190C,15,MAIN
RD 10692C,15,MAIN
RD 10730C,15,MAIN
RD 10731C,0,MAIN
RD 10880C,15,MAIN
RD 10881,0,MAIN
RD 10882C,15,MAIN
RD 10883C,0,MAIN
RD 10884C,15,MAIN
RD 10885C,0,MAIN
RD 10887C,15,MAIN
RD 10888C,15,MAIN
RD 10890C,15,MAIN
RD 10891C,15,MAIN
RD 10892C,15,MAIN
RD 10893C,15,MAIN
RD 10894C,15,MAIN
RD 10895C,15,MAIN
RD 10898KTC,15,MAIN
RD 10899C,15,MAIN
RD 10901C,15,MAIN
RD 10902C,15,MAIN
RD 10903C,15,MAIN
RD 10907C,1,MAIN
RD 10908C,0,MAIN
RD 10909C,15,MAIN
RD 10909KTC,15,MAIN
RD 10911C,2,MAIN
RD 10911KTC,15,MAIN
RD 10914KTC,15,MAIN
RD 10915C,15,MAIN
RD 10917C,15,MAIN
RD 10918C,15,MAIN
RD 10919C,15,MAIN
RD 10920KTC,8,MAIN
RD 10921KTC,15,MAIN
RD 10923C,0,MAIN
RD 10925C,15,MAIN
RD 10926C,15,MAIN
RD 10927C,15,MAIN
RD 10928C,15,MAIN
RD 10929C,15,MAIN
RD 10930C,2,MAIN
RD 10931C,15,MAIN
RD 10932BC,15,MAIN
RD 10933BC,0,MAIN
RD 10934C,15,MAIN
RD 10935C,15,MAIN
RD 10936C,15,MAIN
RD 10937C,15,MAIN
RD 10938HC,15,MAIN
RD 10938KTC,15,MAIN
RD 10939C,15,MAIN
RD 10940,0,MAIN
RD 10941C,15,MAIN
RD 10942C,15,MAIN
RD 10943KTC,15,MAIN
RD 10945C,15,MAIN
RD 10946C,15,MAIN
RD 10946KTC,15,MAIN
RD 10948C,15,MAIN
RD 10970C,15,MAIN
RD 10971C,15,MAIN
RD 10973BC,0,MAIN
RD 10974C,15,MAIN
RD 10975C,15,MAIN
RD 10976C,15,MAIN
RD 10977C,15,MAIN
RD 10978C,15,MAIN
RD 10979C,15,MAIN
RD 10981KTC,15,MAIN
RD 10982C,15,MAIN
RD 10983,1,MAIN
RD 10984C,15,MAIN
RD 10986C,15,MAIN
RD 10987C,15,MAIN
RD 10990C,1,MAIN
RD 10991C,15,MAIN
RD 10995C,15,MAIN
RD 10996C,0,MAIN
RD 10997C,4,MAIN
RD 10999C,15,MAIN
RD 11001C,15,MAIN
RD 11002C,15,MAIN
RD 11003C,15,MAIN
RD 11004C,9,MAIN
RD 11005C,15,MAIN
RD 11006C,15,MAIN
RD 11007C,15,MAIN
RD 11008C,15,MAIN
RD 11009C,15,MAIN
RD 11010C,15,MAIN
RD 11012,0,MAIN
RD 11015C,15,MAIN
RD 11016C,15,MAIN
RD 11017C,15,MAIN
RD 11019C,15,MAIN
RD 11024C,9,MAIN
RD 11025C,15,MAIN
RD 11026C,15,MAIN
RD 11027C,15,MAIN
RD 11030KTC,15,MAIN
RD 11031KTC,15,MAIN
RD 11032KTC,0,MAIN
RD 11033KTC,15,MAIN
RD 11034KTC,15,MAIN
RD 11036KTC,15,MAIN
RD 1103C,15,MAIN
RD 11040C,15,MAIN
RD 11043C,15,MAIN
RD 11044C,0,MAIN
RD 11045C,15,MAIN
RD 11046C,0,MAIN
RD 11047C,0,MAIN
RD 11048C,15,MAIN
RD 11049C,15,MAIN
RD 11050C,0,MAIN
RD 11051KTC,15,MAIN
RD 11052C,15,MAIN
RD 11054C,15,MAIN
RD 11055C,15,MAIN
RD 11056C,15,MAIN
RD 11057C,15,MAIN
RD 11061C,1,MAIN
RD 11065HC,4,MAIN
RD 11067KTC,15,MAIN
RD 11068C,15,MAIN
RD 11069C,15,MAIN
RD 11070C,15,MAIN
RD 11071C,15,MAIN
RD 11072C,15,MAIN
RD 11073C,15,MAIN
RD 11074C,15,MAIN
RD 11075KTC,15,MAIN
RD 11076KTC,15,MAIN
RD 11078C,8,MAIN
RD 11079C,15,MAIN
RD 11083KTC,15,MAIN
RD 11085KTC,15,MAIN
RD 11086KTC,15,MAIN
RD 11087C,15,MAIN
RD 11088C,15,MAIN
RD 11089C,12,MAIN
RD 11090C,15,MAIN
RD 11091C,15,MAIN
RD 11092KTC,15,MAIN
RD 11093C,15,MAIN
RD 11095C,15,MAIN
RD 11096KTC,15,MAIN
RD 11097KTC,15,MAIN
RD 11098C,15,MAIN
RD 11099C,15,MAIN
RD 11100,0,MAIN
RD 11101,0,MAIN
RD 11102C,15,MAIN
RD 11103C,7,MAIN
RD 11105C,15,MAIN
RD 11107C,15,MAIN
RD 11108C,15,MAIN
RD 11110C,15,MAIN
RD 11113KTC,15,MAIN
RD 11114C,15,MAIN
RD 11115C,15,MAIN
RD 11116C,15,MAIN
RD 11117KTC,15,MAIN
RD 11118HC,15,MAIN
RD 11118KTC,15,MAIN
RD 11120FC,15,MAIN
RD 11120KTC,15,MAIN
RD 11121C,15,MAIN
RD 11124KTC,15,MAIN
RD 11128C,15,MAIN
RD 11129KTC,15,MAIN
RD 1112C,15,MAIN
RD 11130,0,MAIN
RD 11131C,15,MAIN
RD 11132C,15,MAIN
RD 11133C,15,MAIN
RD 11134C,15,MAIN
RD 11135C,15,MAIN
RD 11136C,15,MAIN
RD 11137C,15,MAIN
RD 1113C,15,MAIN
RD 11141C,0,MAIN
RD 11142C,15,MAIN
RD 11143C,15,MAIN
RD 11144C,2,MAIN
RD 11145C,15,MAIN
RD 11146C,15,MAIN
RD 11148C,15,MAIN
RD 11149C,0,MAIN
RD 11150C,1,MAIN
RD 11151C,4,MAIN
RD 11152C,0,MAIN
RD 11153C,0,MAIN
RD 11154C,15,MAIN
RD 11156C,0,MAIN
RD 11157C,15,MAIN
RD 11158,0,MAIN
RD 11159KTC,15,MAIN
RD 11160KTC,15,MAIN
RD 11161C,15,MAIN
RD 11162KTC,15,MAIN
RD 11163KTC,15,MAIN
RD 11165C,0,MAIN
RD 11167C,15,MAIN
RD 11168KTC,15,MAIN
RD 11169C,15,MAIN
RD 11170C,15,MAIN
RD 11171KTC,15,MAIN
RD 11172C,15,MAIN
RD 11174KTC,15,MAIN
RD 11175KTC,15,MAIN
RD 11176KTC,15,MAIN
RD 11177KTC,15,MAIN
RD 11178C,15,MAIN
RD 11179KTC,15,MAIN
RD 11182C,8,MAIN
RD 11183C,15,MAIN
RD 11184KTC,13,MAIN
RD 11185C,15,MAIN
RD 11186C,15,MAIN
RD 11187C,15,MAIN
RD 11188C,15,MAIN
RD 11189C,15,MAIN
RD 11190,5,MAIN
RD 11191,0,MAIN
RD 11192,0,MAIN
RD 11193,0,MAIN
RD 11194C,15,MAIN
RD 11195C,15,MAIN
RD 11196C,15,MAIN
RD 11197C,15,MAIN
RD 11198C,15,MAIN
RD 11199C,15,MAIN
RD 1119C,15,MAIN
RD 11200,0,MAIN
RD 11201C,2,MAIN
RD 11202C,15,MAIN
RD 11203C,15,MAIN
RD 11204,0,MAIN
RD 11205C,1,MAIN
RD 11206C,0,MAIN
RD 11207,0,MAIN
RD 11208,0,MAIN
RD 11209C,15,MAIN
RD 11210,0,MAIN
RD 11211,0,MAIN
RD 11212C,2,MAIN
RD 11213C,0,MAIN
RD 11214C,15,MAIN
RD 11215C,15,MAIN
RD 11216C,15,MAIN
RD 11217C,15,MAIN
RD 11218C,15,MAIN
RD 11219C,0,MAIN
RD 1121C,0,MAIN
RD 11220C,15,MAIN
RD 11221C,0,MAIN
RD 11222C,15,MAIN
RD 11223KTC,15,MAIN
RD 11224C,15,MAIN
RD 11225KTC,15,MAIN
RD 11226C,15,MAIN
RD 11229KTC,15,MAIN
RD 1122C,15,MAIN
RD 11232,0,MAIN
RD 11233KTC,15,MAIN
RD 11234C,15,MAIN
RD 11236KTC,15,MAIN
RD 1123C,15,MAIN
RD 11240C,15,MAIN
RD 11242C,15,MAIN
RD 11243C,15,MAIN
RD 11245C,15,MAIN
RD 11246C,15,MAIN
RD 11247KTC,15,MAIN
RD 1124C,0,MAIN
RD 11250KTC,15,MAIN
RD 11251KT,0,MAIN
RD 112534C,15,MAIN
RD 11254KTC,15,MAIN
RD 11255KTC,15,MAIN
RD 11256C,15,MAIN
RD 11257C,0,MAIN
RD 11258C,0,MAIN
RD 11259KTC,15,MAIN
RD 11260KTC,15,MAIN
RD 11261KTC,15,MAIN
RD 11262,0,MAIN
RD 11263KTC,15,MAIN
RD 11264C,15,MAIN
RD 11265C,10,MAIN
RD 11267C,15,MAIN
RD 11268C,15,MAIN
RD 11269,0,MAIN
RD 11270C,0,MAIN
RD 11271C,15,MAIN
RD 11272C,0,MAIN
RD 11273,0,MAIN
RD 11274,0,MAIN
RD 11275,0,MAIN
RD 11276C,15,MAIN
RD 11277,0,MAIN
RD 11279C,15,MAIN
RD 11280C,15,MAIN
RD 11281KTC,15,MAIN
RD 11282KTC,15,MAIN
RD 11283KTC,0,MAIN
RD 11284KTC,15,MAIN
RD 11286KTC,15,MAIN
RD 11288KTC,15,MAIN
RD 11289,0,MAIN
RD 1128C,0,MAIN
RD 11294,0,MAIN
RD 11295C,15,MAIN
RD 11296C,15,MAIN
RD 11297C,15,MAIN
RD 11298,0,MAIN
RD 11299KTC,0,MAIN
RD 1129C,15,MAIN
RD 11302KTC,15,MAIN
RD 11303C,15,MAIN
RD 11304C,15,MAIN
RD 11310KTC,15,MAIN
RD 11312,0,MAIN
RD 11315KTC,15,MAIN
RD 11318C,0,MAIN
RD 1131C,15,MAIN
RD 11320KTC,15,MAIN
RD 11321C,0,MAIN
RD 11322KTC,15,MAIN
RD 11323C,15,MAIN
RD 11325C,15,MAIN
RD 11326KTC,0,MAIN
RD 11327KTC,15,MAIN
RD 11329,0,MAIN
RD 11335,0,MAIN
RD 11336C,15,MAIN
RD 11337,1,MAIN
RD 11338C,15,MAIN
RD 11339KTC,15,MAIN
RD 1133C,0,MAIN
RD 11340,0,MAIN
RD 11342,7,MAIN
RD 11343,0,MAIN
RD 11344,0,MAIN
RD 11345KTC,15,MAIN
RD 11346,0,MAIN
RD 11347,0,MAIN
RD 11349C,0,MAIN
RD 1134C,15,MAIN
RD 11350C,0,MAIN
RD 11352C,15,MAIN
RD 11356KTC,0,MAIN
RD 11357KTC,15,MAIN
RD 11358C,15,MAIN
RD 11359C,0,MAIN
RD 11360C,15,MAIN
RD 11362C,0,MAIN
RD 11365C,15,MAIN
RD 11366C,15,MAIN
RD 11367C,0,MAIN
RD 11368C,0,MAIN
RD 11369C,0,MAIN
RD 1136C,0,MAIN
RD 11370C,0,MAIN
RD 11378C,0,MAIN
RD 11379C,0,MAIN
RD 1137C,15,MAIN
RD 11381C,0,MAIN
RD 11386,1,MAIN
RD 1148C,15,MAIN
RD 1149C,15,MAIN
RD 1152C,15,MAIN
RD 1153C,15,MAIN
RD 1157,0,MAIN
RD 1158C,0,MAIN
RD 1159C,15,MAIN
RD 1160AC,15,MAIN
RD 1162C,0,MAIN
RD 1163C,0,MAIN
RD 1165C,15,MAIN
RD 1167C,0,MAIN
RD 1168C,15,MAIN
RD 1169C,15,MAIN
RD 1170C,15,MAIN
RD 1171,0,MAIN
RD 1175C,0,MAIN
RD 1176,0,MAIN
RD 1178C,0,MAIN
RD 1180,0,MAIN
RD 1199C,15,MAIN
RD 1200C,15,MAIN
RD 1201C,0,MAIN
RD 1218C,15,MAIN
RD 1219C,15,MAIN
RD 1221C,0,MAIN
RD 1222C,0,MAIN
RD 1224C,15,MAIN
RD 1225C,15,MAIN
RD 1226C,15,MAIN
RD 1227C,15,MAIN
RD 1233C,15,MAIN
RD 1235C,15,MAIN
RD 1249C,15,MAIN
RD 1253C,0,MAIN
RD 1278C,0,MAIN
RD 1282C,1,MAIN
RD 1300C,15,MAIN
RD 1301C,15,MAIN
RD 1302C,15,MAIN
RD 1304C,15,MAIN
RD 1307C,15,MAIN
RD 1309C,0,MAIN
RD 1311C,15,MAIN
RD 1312C,15,MAIN
RD 1318C,9,MAIN
RD 1323C,0,MAIN
RD 1324C,15,MAIN
RD 1328C,15,MAIN
RD 1329C,0,MAIN
RD 1331C,15,MAIN
RD 1346C,15,MAIN
RD 1512C,15,MAIN
RD 1530C,15,MAIN
RD 1531,0,MAIN
RD 1553C,1,MAIN
RD 1568C,10,MAIN
RD 1577C,15,MAIN
RD 1580C,15,MAIN
RD 1587C,15,MAIN
RD 1595C,15,MAIN
RD 1606C,0,MAIN
RD 1611C,0,MAIN
RD 1612C,15,MAIN
RD 1617C,1,MAIN
RD 1622C,15,MAIN
RD 1624C,15,MAIN
RD 1628C,15,MAIN
RD 1632C,15,MAIN
RD 1637C,15,MAIN
RD 1638C,12,MAIN
RD 1652C,15,MAIN
RD 1672C,0,MAIN
RD 1678C,15,MAIN
RD 1682C,15,MAIN
RD 1683C,15,MAIN
RD 1685C,15,MAIN
RD 1686C,0,MAIN
RD 1689C,11,MAIN
RD 1697SC,0,MAIN
RD 1710C,15,MAIN
RD 1711C,15,MAIN
RD 1726C,15,MAIN
RD 1727C,0,MAIN
RD 1729C,15,MAIN
RD 1738C,3,MAIN
RD 1740C,15,MAIN
RD 1756C,15,MAIN
RD 1770C,15,MAIN
RD 1772C,15,MAIN
RD 1775C,15,MAIN
RD 1784C,15,MAIN
RD 1789SC,15,MAIN
RD 1791C,15,MAIN
RD 1792C,15,MAIN
RD 1797C,15,MAIN
RD 1800C,15,MAIN
RD 1801C,15,MAIN
RD 1805C,1,MAIN
RD 1817C,8,MAIN
RD 1819SC,0,MAIN
RD 1852C,15,MAIN
RD 1950C,0,MAIN
RD 1951C,15,MAIN
RD 1952,0,MAIN
RD 1953KTC,7,MAIN
RD 21-4001C,0,MAIN
RD 2147SC,0,MAIN
RD 2148SC,15,MAIN
RD 2150C,15,MAIN
RD 2151C,15,MAIN
RD 2152C,15,MAIN
RD 2159C,15,MAIN
RD 2172C,15,MAIN
RD 2173C,15,MAIN
RD 2180SC,15,MAIN
RD 2185C,15,MAIN
RD 2194C,15,MAIN
RD 2195C,15,MAIN
RD 2200C,15,MAIN
RD 2203SC,15,MAIN
RD 2204C,15,MAIN
RD 2205C,15,MAIN
RD 2234C,15,MAIN
RD 2400C,0,MAIN
RD 2496C,15,MAIN
RD 2500C,15,MAIN
RD 2501C,15,MAIN
RD 2502C,15,MAIN
RD 2705C,15,MAIN
RD 3153C,15,MAIN
RD 3167C,15,MAIN
RD 3173C,15,MAIN
RD 3174C,15,MAIN
RD 3178C,15,MAIN
RD 3643C,15,MAIN
RD 3661C,0,MAIN
RD 3721C,15,MAIN
RD 3915C,15,MAIN
RD 3930C,1,MAIN
RD 3953C,15,MAIN
RD 4007C,15,MAIN
RD 4017C,0,MAIN
RD 4072C,0,MAIN
RD 4076C,0,MAIN
RD 4078C,15,MAIN
RD 4081C,15,MAIN
RD 4083C,15,MAIN
RD 4088C,0,MAIN
RD 4090C,15,MAIN
RD 4093C,15,MAIN
RD 4095C,0,MAIN
RD 4102C,15,MAIN
RD 4105,0,MAIN
RD 4106C,15,MAIN
RD 4107C,15,MAIN
RD 4113C,0,MAIN
RD 4127C,0,MAIN
RD 4130,0,MAIN
RD 4131SC,15,MAIN
RD 4134,0,MAIN
RD 4173C,15,MAIN
RD 4174C,15,MAIN
RD 4183C,0,MAIN
RD 4191C,0,MAIN
RD 4192,0,MAIN
RD 4195C,15,MAIN
RD 4197C,15,MAIN
RD 4199C,0,MAIN
RD 4200C,15,MAIN
RD 4201C,0,MAIN
RD 4202C,15,MAIN
RD 4271C,15,MAIN
RD 4274C,15,MAIN
RD 4283C,0,MAIN
RD 4284C,15,MAIN
RD 4285C,15,MAIN
RD 4286C,15,MAIN
RD 4287C,0,MAIN
RD 4290C,15,MAIN
RD 4291C,15,MAIN
RD 4293C,15,MAIN
RD 4294C,15,MAIN
RD 4295,0,MAIN
RD 4305C,2,MAIN
RD 4306C,15,MAIN
RD 4313C,0,MAIN
RD 4315C,15,MAIN
RD 4318C,15,MAIN
RD 4320C,15,MAIN
RD 4324C,15,MAIN
RD 4326C,15,MAIN
RD 4327C,15,MAIN
RD 4339C,15,MAIN
RD 4340C,0,MAIN
RD 4373,0,MAIN
RD 4439C,15,MAIN
RD 5000C,15,MAIN
RD 5000KTU,15,MAIN
RD 5001KTU,10,MAIN
RD 5026C,15,MAIN
RD 5027C,15,MAIN
RD 5036C,0,MAIN
RD 5037C,15,MAIN
RD 5041C,15,MAIN
RD 5042C,0,MAIN
RD 5046C,15,MAIN
RD 5047C,15,MAIN
RD 5048C,15,MAIN
RD 5049C,15,MAIN
RD 5061C,15,MAIN
RD 5069C,0,MAIN
RD 5071C,0,MAIN
RD 5086C,1,MAIN
RD 5100C,15,MAIN
RD 5103C,15,MAIN
RD 5104C,15,MAIN
RD 5111C,15,MAIN
RD 5154C,15,MAIN
RD 5203C,15,MAIN
RD 5210C,4,MAIN
RD 5211C,15,MAIN
RD 5250C,15,MAIN
RD 5259C,15,MAIN
RD 5300,0,MAIN
RD 5454C,0,MAIN
RD 5455C,0,MAIN
RD 5682C,15,MAIN
RD 6018C,0,MAIN
RD 6019C,3,MAIN
RD 6067C,15,MAIN
RD 6068C,3,MAIN
RD 6069C,15,MAIN
RD 6070C,15,MAIN
RD 6071C,15,MAIN
RD 6150C,15,MAIN
RD 6166C,15,MAIN
RD 6168C,0,MAIN
RD 6174C,0,MAIN
RD 6175C,0,MAIN
RD 6176C,0,MAIN
RD 6177C,0,MAIN
RD 6254C,15,MAIN
RD 6255C,0,MAIN
RD 6256C,15,MAIN
RD 6257C,15,MAIN
RD 6258C,15,MAIN
RD 6413C,14,MAIN
RD 6414,0,MAIN
RD 6420C,0,MAIN
RD 6421C,1,MAIN
RD 6422C,15,MAIN
RD 6668C,0,MAIN
RD 6676C,15,MAIN
RD 6729C,15,MAIN
RD 7106C,15,MAIN
RD 7107C,15,MAIN
RD 7119C,15,MAIN
RD 7122C,0,MAIN
RD 7124C,15,MAIN
RD 7127,0,MAIN
RD 7127C,15,MAIN
RD 7129C,0,MAIN
RD 7130C,15,MAIN
RD 7133C,15,MAIN
RD 7134C,15,MAIN
RD 7138C,15,MAIN
RD 7143C,0,MAIN
RD 7147C,15,MAIN
RD 7150C,0,MAIN
RD 7152C,15,MAIN
RD 7155C,15,MAIN
RD 7157C,15,MAIN
RD 7164C,0,MAIN
RD 7173C,15,MAIN
RD 7174,0,MAIN
RD 7187SC,15,MAIN
RD 7188C,15,MAIN
RD 7190,0,MAIN
RD 7191,0,MAIN
RD 7194C,15,MAIN
RD 7195C,0,MAIN
RD 7196C,0,MAIN
RD 7197SC,15,MAIN
RD 7198C,15,MAIN
RD 7200C,0,MAIN
RD 7201C,15,MAIN
RD 7202SC,15,MAIN
RD 7203C,0,MAIN
RD 7206C,15,MAIN
RD 7207SC,15,MAIN
RD 7208C,15,MAIN
RD 7210C,15,MAIN
RD 7211SC,15,MAIN
RD 7213C,15,MAIN
RD 7253C,0,MAIN
RD 7393C,15,MAIN
RD 7394C,0,MAIN
RD 7395C,15,MAIN
RD 7396C,15,MAIN
RD 7532C,12,MAIN
RD 8042C,6,MAIN
RD 8048C,15,MAIN
RD 8103C,15,MAIN
RD 8128C,0,MAIN
RD 8135C,15,MAIN
RD 8137C,15,MAIN
RD 8138C,15,MAIN
RD 8139C,15,MAIN
RD 8163C,0,MAIN
RD 8175C,15,MAIN
RD 8193C,2,MAIN
RD 8200C,15,MAIN
RD 8204C,0,MAIN
RD 8209C,15,MAIN
RD 8214C,15,MAIN
RD 8215C,15,MAIN
RD 8238C,0,MAIN
RD 8240C,15,MAIN
RD 8256C,0,MAIN
RD 8281C,15,MAIN
RD 8282C,15,MAIN
RD 8294C,15,MAIN
RD 8301C,15,MAIN
RD 8310C,15,MAIN
RD 8311C,15,MAIN
RD 8324C,15,MAIN
RD 8334,0,MAIN
RD 8335C,15,MAIN
RD 8336C,15,MAIN
RD 8605C,15,MAIN
RD 8751C,0,MAIN
RD 8754C,1,MAIN
RD 8755C,1,MAIN
RD 8768C,15,MAIN
RD 8769C,0,MAIN
RD 8770C,15,MAIN
RD 8813C,15,MAIN
RD 8814C,0,MAIN
RD 8815C,15,MAIN
RD 8816C,15,MAIN
RD 8817C,3,MAIN
RD 8818C,15,MAIN
RD 8819C,0,MAIN
RD 8820C,15,MAIN
RD 8821C,0,MAIN
RD 8843C,10,MAIN
RD 9019C,15,MAIN
RD 9033C,0,MAIN
RD 9086C,15,MAIN
RD 9103C,0,MAIN
RD 9107C,15,MAIN
RD 9110C,12,MAIN
RD 9111C,15,MAIN
RD 9115C,0,MAIN
RD 9117C,0,MAIN
RD 9127C,0,MAIN
RD 9143C,15,MAIN
RD 9146C,15,MAIN
RD 9149C,15,MAIN
RD 9169C,15,MAIN
RD 9173C,15,MAIN
RD 9177C,0,MAIN
RD 9178C,15,MAIN
RD 9182C,15,MAIN
RD 9184,0,MAIN
RD 9187C,15,MAIN
RD 9200C,15,MAIN
RD 9201C,0,MAIN
RD 9213C,15,MAIN
RD 9272C,15,MAIN
RD 9273C,15,MAIN
RD 9306C,0,MAIN
RD 9307C,0,MAIN
RD 9308C,0,MAIN
RD 9309C,0,MAIN
RD 9312C,7,MAIN
RD 9314C,15,MAIN
RD 9318C,0,MAIN
RD 9327C,15,MAIN
RD 9330C,0,MAIN
RD 9331,0,MAIN
RD 9332,0,MAIN
RD 9333,0,MAIN
RD 9334,0,MAIN
RD 9901C,15,MAIN
RD 9902C,15,MAIN
RD 9903C,15,MAIN
RD 9904C,15,MAIN
RD 9907C,15,MAIN
RD 9908C,15,MAIN
RD 9909,0,MAIN
RD 9911,0,MAIN
RD 9912,0,MAIN
RD 9913,0,MAIN
RD 9914,0,MAIN
RD 9915,0,MAIN
RD 9969C,15,MAIN
RD 9970C,15,MAIN
RD 9971C,15,MAIN
RD 9972C,15,MAIN
RD 9974C,15,MAIN
RD 9976C,15,MAIN
RD 9978C,15,MAIN
RD 9979C,15,MAIN
RD 9980C,15,MAIN
RD 9981C,15,MAIN
RD 9982C,15,MAIN
RD 9983C,15,MAIN
RD 9984C,15,MAIN
RD 9987C,1,MAIN
RD 9988C,15,MAIN
RD 9993C,15,MAIN
RD 9994C,0,MAIN
RD 9996C,15,MAIN
RD 9997C,15,MAIN
RD 9998C,4,MAIN
RD 9999C,15,MAIN
RE 0959C,15,MAIN
RE 1002,0,MAIN
RE 1003,0,MAIN
RE 1004,0,MAIN
RE 1005,0,MAIN
RE 1006,0,MAIN
RE 1007,0,MAIN
RE 1008C,15,MAIN
RE 1010,0,MAIN
RE 1011C,15,MAIN
RE 1012,0,MAIN
RE 1014C,0,MAIN
RE 1016,0,MAIN
RE 1017C,0,MAIN
RE 11486,0,MAIN
RE 11921C,0,MAIN
RE 11930C,15,MAIN
RE 2378,0,MAIN
RE 2383,0,MAIN
RE 2384,0,MAIN
RE 2387,0,MAIN
RE 2388,1,MAIN
RE 2390,0,MAIN
RE 2624,0,MAIN
RE 2933,0,MAIN
RE 3000,0,MAIN
RE 4009,0,MAIN
RE 4012,0,MAIN
RE 4015,0,MAIN
RE 4016,0,MAIN
RE 4121-24VC,0,MAIN
RE 4121C,15,MAIN
RE 4122,0,MAIN
RE 4123,0,MAIN
RE 4125,0,MAIN
RE 4129,0,MAIN
RE 4137C,0,MAIN
RE 4146,0,MAIN
RE 4147,0,MAIN
RE 4401,0,MAIN
RE 4404,0,MAIN
RE 4420,1,MAIN
RE 4471,0,MAIN
RE 4475,0,MAIN
RE 4476C,15,MAIN
RE 4477,0,MAIN
RE 4707,0,MAIN
RE 4708,0,MAIN
RE 4723,0,MAIN
RE 4800C,15,MAIN
RE 4801,0,MAIN
RE 4802,0,MAIN
RE 4874,0,MAIN
RE 4875C,0,MAIN
RE 4877,8,MAIN
RE 4877C,1,MAIN
RE 4878,0,MAIN
RE 4884,0,MAIN
RE 4886,0,MAIN
RE 4888,0,MAIN
RE 4890,0,MAIN
RE 4892,0,MAIN
RE 4893,0,MAIN
RE 4902,0,MAIN
RE 4904,0,MAIN
RE 4906,0,MAIN
RE 4907,0,MAIN
RE 4909,0,MAIN
RE 4911,0,MAIN
RE 4913C,0,MAIN
RE 4919,0,MAIN
RE 5000C,15,MAIN
RE 5001,0,MAIN
RE 6704KTC,10,MAIN
RE 7001,0,MAIN
RE 7002,0,MAIN
RE 7011,0,MAIN
RE 7012,15,MAIN
RE 7021,0,MAIN
RE 7022,0,MAIN
RE 8000-24V,0,MAIN
RE 8000C,15,MAIN
RE 8390,0,MAIN
RE 8391,0,MAIN
RE 8392,0,MAIN
RE 8396,0,MAIN
RE 8397C,15,MAIN
RE 8398,0,MAIN
RE 8399C,0,MAIN
RE 8400,0,MAIN
RE 8401,0,MAIN
RE 8402C,15,MAIN
RE 8405,0,MAIN
RE 8406,0,MAIN
RE 8407,0,MAIN
RE 8408C,0,MAIN
RE 8410C,15,MAIN
RE 8411,0,MAIN
RE 8412,0,MAIN
RE 8413,0,MAIN
RE 8414,0,MAIN
RE 8415,0,MAIN
RE 8416,0,MAIN
RE 8417,0,MAIN
RE 8418,0,MAIN
RE 8419C,15,MAIN
RE 8420,0,MAIN
RE 8421,0,MAIN
RE 8422,1,MAIN
RE 8423C,15,MAIN
RE 8425C,15,MAIN
RE 8426,0,MAIN
RE 8427,0,MAIN
RE 8428,0,MAIN
RE 8433C,0,MAIN
RE 8434C,15,MAIN
RE 8435,10,MAIN
RE 8437C,15,MAIN
RE 8438C,11,MAIN
RE 8439C,15,MAIN
RE 8442,9,MAIN
RE 8443,4,MAIN
RE 8446,0,MAIN
RE 8447,0,MAIN
RE 8448,1,MAIN
RE 8449,5,MAIN
RE 8450,1,MAIN
RE 8451,0,MAIN
RE 8452,0,MAIN
RE 8453,0,MAIN
RE 8455,0,MAIN
RE 8456,0,MAIN
RE 8457,0,MAIN
RE 8458,0,MAIN
RG 0002,15,MAIN
RG 0004,0,MAIN
RG 0005,0,MAIN
RG 0006,0,MAIN
RG 0008,0,MAIN
RG 0009,0,MAIN
RL 0002,15,MAIN
RL 0006B,15,MAIN
RL 0006BC,0,MAIN
RL 0008B,15,MAIN
RL 0008BC,0,MAIN
RL 0010B,15,MAIN
RL 0010BC,0,MAIN
RL 0012B,15,MAIN
RL 0012BC,0,MAIN
RL 0014B,0,MAIN
RL 0015,15,MAIN
RL 0025,15,MAIN
RL 0030,5,MAIN
RL 0040,0,MAIN
RL 0050,0,MAIN
RL 0060,0,MAIN
RL 0060B,15,MAIN
RL 0060BC,0,MAIN
RL 0060RB,0,MAIN
RL 0061,0,MAIN
RL 0064,0,MAIN
RL 0080B,15,MAIN
RL 0080BC,0,MAIN
RL 0080RB,0,MAIN
RL 0100B,14,MAIN
RL 0100BC,0,MAIN
RL 0100RB,0,MAIN
RL 0120B,0,MAIN
RL 0120RB,0,MAIN
RL 0125,0,MAIN
RL 0732,0,MAIN
RL 1000B,15,MAIN
RL 1000BC,0,MAIN
RL 1006-50EZ,15,MAIN
RL 1008-50EZ,15,MAIN
RL 1010-50EZ,5,MAIN
RL 1012-50EZ,15,MAIN
RL 1050-100,0,MAIN
RL 1050B,15,MAIN
RL 1050BC,0,MAIN
RL 1050RB-300,0,MAIN
RL 1051B,0,MAIN
RL 1200B,15,MAIN
RL 1200BC,0,MAIN
RL 1250B,15,MAIN
RL 1250BC,0,MAIN
RL 1400,0,MAIN
RL 1450B-100,0,MAIN
RL 2000,15,MAIN
RL 2000-10,15,MAIN
RL 2000C,0,MAIN
RL 2004,0,MAIN
RL 2005,0,MAIN
RL 2200,15,MAIN
RL 2200C,0,MAIN
RL 2250,1,MAIN
RL 2250-50,15,MAIN
RL 2250-50C,0,MAIN
RL 2250-825,0,MAIN
RL 2300,15,MAIN
RL 2300C,0,MAIN
RL 2350,0,MAIN
RL 2350-50,15,MAIN
RL 2350-50C,0,MAIN
RL 2400,15,MAIN
RL 2400C,0,MAIN
RL 2450,15,MAIN
RL 2450-50,15,MAIN
RL 2500,15,MAIN
RL 2500C,0,MAIN
RL 2550,0,MAIN
RL 2550-50,15,MAIN
RL 2600,0,MAIN
RL 2700,0,MAIN
RL 2702,0,MAIN
RL 2703,0,MAIN
RL 2704,0,MAIN
RL 2900,0,MAIN
RL 3000,15,MAIN
RL 3000-10,13,MAIN
RL 3000C,0,MAIN
RL 3004,0,MAIN
RL 3005,0,MAIN
RL 3800,0,MAIN
RL 3801,0,MAIN
RL 3802,0,MAIN
RL 3803,0,MAIN
RL 4000,15,MAIN
RL 4000-10,6,MAIN
RL 4000C,0,MAIN
RL 4004,0,MAIN
RL 4005,0,MAIN
RL 4812,0,MAIN
RL 5000,12,MAIN
RL 5000C,0,MAIN
RL 5004,0,MAIN
RL 5005,0,MAIN
RL 5551,0,MAIN
RL 5801,0,MAIN
RL 5901,0,MAIN
RL 5908,0,MAIN
RL 5909,0,MAIN
RL 5915,0,MAIN
RL 5924,0,MAIN
RL 5925,0,MAIN
RL 5927,0,MAIN
RL 5934,0,MAIN
RL 6000B,15,MAIN
RL 6000BC,0,MAIN
RL 6050-100,0,MAIN
RL 6050RB-50,15,MAIN
RL 6050RB-500,0,MAIN
RL 6050RB-50C,0,MAIN
RL 6051B,0,MAIN
RL 7000-50,0,MAIN
RL 7000-825,0,MAIN
RL 7100-50,0,MAIN
RL 7100-725,0,MAIN
RL 7200-50,0,MAIN
RL 7200-600,0,MAIN
RL 7300-425,0,MAIN
RL 7300-50,0,MAIN
RL 8000B,15,MAIN
RL 8000BC,0,MAIN
RL 8050-100,0,MAIN
RL 8050B,15,MAIN
RL 8050BC,0,MAIN
RL 8050RB-500,0,MAIN
RL 9300,0,MAIN
RM 0540,0,MAIN
RM 2508,0,MAIN
RM 3326,0,MAIN
RM 3347C,15,MAIN
RM 3356,0,MAIN
RM 3777C,15,MAIN
RM 3901C,0,MAIN
RM 3909,1,MAIN
RM 3938C,15,MAIN
RM 3946,0,MAIN
RM 7140,0,MAIN
RM 7169,0,MAIN
RM 7174C,15,MAIN
RM 9049C,15,MAIN
RM 9073C,15,MAIN
RM 9074C,15,MAIN
RM 9075C,15,MAIN
RM 9088,0,MAIN
RM 9089,0,MAIN
RM 9096,0,MAIN
RM 9101,0,MAIN
RM 9102,0,MAIN
RM 9103,0,MAIN
RM 9104,0,MAIN
RM 9105,0,MAIN
RM 9106,0,MAIN
RM 9108C,15,MAIN
RM 9109C,10,MAIN
RM 9111,0,MAIN
RM 9116,0,MAIN
RM 9117C,15,MAIN
RM 9123,0,MAIN
RM 9136C,10,MAIN
RM 9138C,15,MAIN
RM 9140,0,MAIN
RM 9150,0,MAIN
RM 9159C,15,MAIN
RM 9163,0,MAIN
RM 9170,0,MAIN
RM 9172C,12,MAIN
RM 9175C,15,MAIN
RM 9176,0,MAIN
RM 9178,0,MAIN
RM 9179C,11,MAIN
RM 9180C,15,MAIN
RM 9181,0,MAIN
RM 9182C,15,MAIN
RM 9183,0,MAIN
RM 9184C,11,MAIN
RO 0001B,15,MAIN
RO 0002B,15,MAIN
RO 0100B,15,MAIN
RO 0101B,15,MAIN
RO 0102,0,MAIN
RO 0120B,15,MAIN
RO 0125B,15,MAIN
RO 0200B,15,MAIN
RO 0300B,15,MAIN
RO 0394,15,MAIN
RO 0394-1,0,MAIN
RO 0500B,0,MAIN
RO 0550B,15,MAIN
RO 0600B,15,MAIN
RO 0671,15,MAIN
RO 0706B,0,MAIN
RO 0707B,0,MAIN
RO 0801B,0,MAIN
RO 0802B,15,MAIN
RO 0900B,15,MAIN
RO 0900H,15,MAIN
RO 0901B,15,MAIN
RO 0901H,15,MAIN
RO 0902B,15,MAIN
RO 0902H,6,MAIN
RO 0903,1,MAIN
RO 0904B,0,MAIN
RO 0908B,15,MAIN
RO 0909B,15,MAIN
RO 0911B,15,MAIN
RO 0913B,0,MAIN
RO 0914B,0,MAIN
RO 0915B,0,MAIN
RO 0916,15,MAIN
RO 0916B,0,MAIN
RO 0917B,0,MAIN
RO 0918B,0,MAIN
RO 10000,0,MAIN
RO 10001,0,MAIN
RO 10002,0,MAIN
RO 10003,0,MAIN
RO 10004,0,MAIN
RO 10005,0,MAIN
RO 10006,0,MAIN
RO 10007,0,MAIN
RO 10008,0,MAIN
RO 10009,0,MAIN
RO 10011,0,MAIN
RO 10012,0,MAIN
RO 10013,0,MAIN
RO 10014,0,MAIN
RO 10015,0,MAIN
RO 10016,0,MAIN
RO 10017,15,MAIN
RO 10018,0,MAIN
RO 10019,0,MAIN
RO 10020,0,MAIN
RO 10021,0,MAIN
RO 10022,0,MAIN
RO 10023,0,MAIN
RO 10024B,0,MAIN
RO 10025,15,MAIN
RO 10026,12,MAIN
RO 10027,0,MAIN
RO 10028,3,MAIN
RO 10029,15,MAIN
RO 10030,15,MAIN
RO 10031,0,MAIN
RO 10032,0,MAIN
RO 10033,0,MAIN
RO 10034,0,MAIN
RO 10035,0,MAIN
RO 10036,0,MAIN
RO 10038,0,MAIN
RO 1061,0,MAIN
RO 1065,0,MAIN
RO 1081,15,MAIN
RO 1116,15,MAIN
RO 1117,15,MAIN
RO 6312B,15,MAIN
RO 6536,15,MAIN
RO 6537,15,MAIN
RO 6540,15,MAIN
RO 6813,15,MAIN
RO 6814B,15,MAIN
RO 6817,15,MAIN
RO 9141,0,MAIN
RO 9142,0,MAIN
RO 9143,0,MAIN
RO 9144,0,MAIN
RO 9145,0,MAIN
RO 9146,0,MAIN
RO 9147,0,MAIN
RO 9148,0,MAIN
RO 9149,0,MAIN
RO 9150,0,MAIN
RO 9151,0,MAIN
RO 9152,0,MAIN
RO 9153,0,MAIN
RO 9154,0,MAIN
RO 9155,0,MAIN
RO 9156,0,MAIN
RO 9157,0,MAIN
RO 9158,0,MAIN
RO 9159,0,MAIN
RO 9943,0,MAIN
RO 9944,0,MAIN
RO 9952,15,MAIN
RO 9956,15,MAIN
RO 9957,0,MAIN
RO 9980,15,MAIN
RO 9981,15,MAIN
RO 9984,0,MAIN
RO 9990,15,MAIN
RO 9992,0,MAIN
RO 9993,0,MAIN
RO 9994,0,MAIN
RO 9997,0,MAIN
RO 9998,0,MAIN
RO 9999,0,MAIN
RS 0841,0,MAIN
RS 2180,0,MAIN
RS 2420,0,MAIN
RS 2500,15,MAIN
RS 25000,15,MAIN
RS 2501,14,MAIN
RS 2502,14,MAIN
RS 2503,15,MAIN
RS 2504,15,MAIN
RS 2505,15,MAIN
RS 2506,15,MAIN
RS 2507,15,MAIN
RS 2508,15,MAIN
RS 2509,15,MAIN
RS 2510,15,MAIN
RS 2511,0,MAIN
RS 2512,10,MAIN
RS 2513,15,MAIN
RS 2514,15,MAIN
RS 2515,15,MAIN
RS 2516,15,MAIN
RS 2517,15,MAIN
RS 2518,15,MAIN
RS 2519,15,MAIN
RS 2520,15,MAIN
RS 2521,6,MAIN
RS 2522,15,MAIN
RS 2523,15,MAIN
RS 2524,15,MAIN
RS 2525,15,MAIN
RS 2526,15,MAIN
RS 2527,15,MAIN
RS 2528,7,MAIN
RS 2529,15,MAIN
RS 2530,15,MAIN
RS 2531,15,MAIN
RS 2532,15,MAIN
RS 2540,15,MAIN
RS 2541,15,MAIN
RS 2542,15,MAIN
RS 2543,9,MAIN
RS 2544,15,MAIN
RS 2545,14,MAIN
RS 2546,15,MAIN
RS 2547,15,MAIN
RS 2548,15,MAIN
RS 2549,15,MAIN
RS 2550,15,MAIN
RS 2551,15,MAIN
RS 2552,15,MAIN
RS 2553,15,MAIN
RS 2554,15,MAIN
RS 2555,15,MAIN
RS 2556,15,MAIN
RS 2557,15,MAIN
RS 2559,15,MAIN
RS 2560,15,MAIN
RS 2561,15,MAIN
RS 2562,15,MAIN
RS 2563,15,MAIN
RS 2564,15,MAIN
RS 2570,15,MAIN
RS 2571,15,MAIN
RS 2572,15,MAIN
RS 2580,15,MAIN
RS 25800,0,MAIN
RS 2581,15,MAIN
RS 2582,15,MAIN
RS 2583,15,MAIN
RS 2584,15,MAIN
RS 2585,5,MAIN
RS 2586,0,MAIN
RS 2587,0,MAIN
RS 2588,5,MAIN
RS 2589,0,MAIN
RS 2590,15,MAIN
RS 2591,15,MAIN
RS 2592,15,MAIN
RS 2593,15,MAIN
RS 2594,15,MAIN
RS 2595,15,MAIN
RS 2600,15,MAIN
RS 2601,15,MAIN
RS 2602,15,MAIN
RS 2603,15,MAIN
RS 2604,15,MAIN
RS 2605,15,MAIN
RS 2606,15,MAIN
RS 2607,15,MAIN
RS 2608,15,MAIN
RS 2610,15,MAIN
RS 2620,15,MAIN
RS 2621,15,MAIN
RS 2622,15,MAIN
RS 2623,15,MAIN
RS 2624,15,MAIN
RS 2625,0,MAIN
RS 2630,15,MAIN
RS 2631,8,MAIN
RS 2632,15,MAIN
RS 2633,15,MAIN
RS 2640,15,MAIN
RS 2641,15,MAIN
RS 2642,4,MAIN
RS 2643,15,MAIN
RS 2644,8,MAIN
RS 2645,9,MAIN
RS 2646,0,MAIN
RS 2647,14,MAIN
RS 2648,5,MAIN
RS 2650,15,MAIN
RS 2651,15,MAIN
RS 2652,15,MAIN
RS 2653,15,MAIN
RS 2660,15,MAIN
RS 2661,6,MAIN
RS 2670,15,MAIN
RS 2671,15,MAIN
RS 2672,15,MAIN
RS 2673,15,MAIN
RS 2674,15,MAIN
RS 2675,6,MAIN
RS 2676,0,MAIN
RS 2677,5,MAIN
RS 2678,13,MAIN
RS 2680,15,MAIN
RS 2681,15,MAIN
RS 2682,15,MAIN
RS 2683,15,MAIN
RS 2684,10,MAIN
RS 2690,15,MAIN
RS 2700,15,MAIN
RS 2701,13,MAIN
RS 2702,15,MAIN
RS 2703,12,MAIN
RS 2704,15,MAIN
RS 2705,11,MAIN
RS 2706,15,MAIN
RS 2707,15,MAIN
RS 2708,15,MAIN
RS 2709,15,MAIN
RS 2710,6,MAIN
RS 2711,0,MAIN
RS 2712,0,MAIN
RS 2713,15,MAIN
RS 2714,15,MAIN
RS 2715,15,MAIN
RS 2716,15,MAIN
RS 2717,15,MAIN
RS 2718,15,MAIN
RS 2719,13,MAIN
RS 2720,15,MAIN
RS 2721,15,MAIN
RS 2722,15,MAIN
RS 2723,15,MAIN
RS 2724,0,MAIN
RS 2725,15,MAIN
RS 2726,15,MAIN
RS 2727,15,MAIN
RS 2728,0,MAIN
RS 2729,0,MAIN
RS 2730,15,MAIN
RS 2731,15,MAIN
RS 2732,14,MAIN
RS 2733,15,MAIN
RS 2734,15,MAIN
RS 2735,15,MAIN
RS 2736,15,MAIN
RS 2737,5,MAIN
RS 2740,15,MAIN
RS 2741,15,MAIN
RS 2742,0,MAIN
RS 2743,0,MAIN
RS 2750,9,MAIN
RS 2751,0,MAIN
RS 2752,0,MAIN
RS 2754,15,MAIN
RS 2755,0,MAIN
RS 2756,0,MAIN
RS 2758,15,MAIN
RS 2759,5,MAIN
RS 2760,15,MAIN
RS 2761,15,MAIN
RS 2804,1,MAIN
RS 2805,0,MAIN
RS 2809,3,MAIN
RS 2955,0,MAIN
RS 3320,0,MAIN
RS 3321,0,MAIN
RS 3322,4,MAIN
RS 3323,0,MAIN
RS 3900,15,MAIN
RS 3901,15,MAIN
RS 3902,15,MAIN
RS 3902C,0,MAIN
RS 3903,15,MAIN
RS 3904,0,MAIN
RS 3905,0,MAIN
RS 3906,15,MAIN
RS 3907,0,MAIN
RS 3908,5,MAIN
RS 3909,5,MAIN
RS 3910,15,MAIN
RS 3911,5,MAIN
RS 3912,0,MAIN
RS 3913,0,MAIN
RS 3914,0,MAIN
RS 9201,0,MAIN
RS 9566,0,MAIN
RS 9619,0,MAIN
RS 9621,0,MAIN
RS 9623,0,MAIN
RV 0001,0,MAIN
RV 0002,0,MAIN
SB 1000C,15,MAIN
SB 1001C,15,MAIN
SB 1003,0,MAIN
SB 1004,0,MAIN
SB 1005,0,MAIN
SB 9600,0,MAIN
SC 1000C,15,MAIN
SC 1139,0,MAIN
SC 4605-0470,0,MAIN
SC 8 X 5/8 BLACK,15,MAIN
SC 8-32X5/8,15,MAIN
SC 8X3/8 PHILPAN BLK,15,MAIN
SC LOCK NUT,15,MAIN
SS 0701,0,MAIN
SS 0703,0,MAIN
SS 0704,0,MAIN
SS 0705C,15,MAIN
SS 0705-R134AC,15,MAIN
SS 0706,15,MAIN
SS 0707,0,MAIN
SS 0707-R134A,0,MAIN
SS 0708,0,MAIN
SS 0709,0,MAIN
SS 0709-R134A,0,MAIN
SS 0710,0,MAIN
SS 0711,15,MAIN
SS 0712C,15,MAIN
SS 0712-R134A,0,MAIN
SS 0712-R134AC,14,MAIN
SS 0713,0,MAIN
SS 0715,0,MAIN
SS 0717C,15,MAIN
SS 0717-R134AC,15,MAIN
SS 0720,15,MAIN
SS 0722,0,MAIN
SS 0724-R134AWOGSKT,0,MAIN
SS 0724-R134WGSKT,0,MAIN
SS 0724WOGSKT,0,MAIN
SS 0725,0,MAIN
SS 0725-R134A,0,MAIN
SS 0726-R134A,0,MAIN
SS 0731-R134AC,15,MAIN
SS 0740,15,MAIN
SS 0741KTC,0,MAIN
SS 0742KTC,15,MAIN
SS 0743KTC,15,MAIN
SS 0745KTC,0,MAIN
SS 0830C,15,MAIN
SS 0830-R134AC,15,MAIN
SS 0831,15,MAIN
SS 0831-R134A,5,MAIN
SS 0834-R134AC,15,MAIN
SS 0835C,15,MAIN
SS 0835-R134AC,15,MAIN
SS 0836 R134AC,15,MAIN
SS 0836C,15,MAIN
SS 0838,15,MAIN
SS 0838-R134AC,15,MAIN
SS 0841-R134A,0,MAIN
SS 0844,6,MAIN
SS 0846-R134AC,15,MAIN
SS 0847C,15,MAIN
SS 0847-R134A,14,MAIN
SS 0848,0,MAIN
SS 0850,0,MAIN
SS 0853-R134AC,15,MAIN
SS 0854-R134AC,15,MAIN
SS 0855C,15,MAIN
SS 0857C,15,MAIN
SS 0857-R134AC,15,MAIN
SS 0858,12,MAIN
SS 0859,0,MAIN
SS 0860C,15,MAIN
SS 0861,0,MAIN
SS 0868,15,MAIN
SS 0868C,15,MAIN
SS 0868-R134AC,15,MAIN
SS 0869,0,MAIN
SS 0869-R134A,0,MAIN
SS 0871,0,MAIN
SS 0872C,15,MAIN
SS 0873,0,MAIN
SS 0874,0,MAIN
SS 0875,15,MAIN
SS 0877,0,MAIN
SS 0878,0,MAIN
SS 0879-R134AC,0,MAIN
SS 0880-R134AC,0,MAIN
SS 0881-R134A,0,MAIN
SS 0882,0,MAIN
SS 0883,0,MAIN
SS 0884,0,MAIN
SS 0885,0,MAIN
SS 0886C,15,MAIN
SS 0889,0,MAIN
SS 0890,0,MAIN
SS 0891,0,MAIN
SS 0892C,0,MAIN
SS 0893,0,MAIN
SS 0896,15,MAIN
SS 0897,0,MAIN
SS 0898C,15,MAIN
SS 0899,0,MAIN
SS 0900C,15,MAIN
SS 0901,0,MAIN
SS 0902C,15,MAIN
SS 0903-R134AC,15,MAIN
SS 0904-R134A,3,MAIN
SS 0904-R134AC,15,MAIN
SS 0905-R134A,0,MAIN
SS 0906C,15,MAIN
SS 0907-R134A,0,MAIN
SS 0909-R134A,0,MAIN
SS 0910-KT,0,MAIN
SS 0911,0,MAIN
SS 0912,0,MAIN
SS 7400,0,MAIN
SS 7421,0,MAIN
SS 7431,0,MAIN
SS 7444,0,MAIN
SS 7451,0,MAIN
SS 7467,0,MAIN
SS 7475,0,MAIN
SS 7477 R134A,0,MAIN
SS 7477C,15,MAIN
SS 7479,0,MAIN
SS 7480,0,MAIN
SS 7481,0,MAIN
SS 7483,0,MAIN
SS 7484,0,MAIN
SS 7487,0,MAIN
SS 7488,0,MAIN
SS 7492,0,MAIN
SS 7493,0,MAIN
SS 7494,0,MAIN
SS 7495,0,MAIN
SS 7497,0,MAIN
SS 7498,0,MAIN
SS 7499,0,MAIN
SS 7500,0,MAIN
SS 7501,0,MAIN
SS 7502,0,MAIN
SS 7503,0,MAIN
SS 7504,0,MAIN
SS 7505,0,MAIN
SS 7506,0,MAIN
SS 7507,0,MAIN
SS LP-1,15,MAIN
SS LP-2C,15,MAIN
SW 0001,0,MAIN
SW 0002,0,MAIN
SW 0004,0,MAIN
SW 0045,0,MAIN
SW 0068,0,MAIN
SW 0561C,15,MAIN
SW 0561-R134AC,15,MAIN
SW 10000C,15,MAIN
SW 10001C,15,MAIN
SW 10003C,15,MAIN
SW 10006C,15,MAIN
SW 10007C,15,MAIN
SW 10008C,15,MAIN
SW 1000C,15,MAIN
SW 10011C,0,MAIN
SW 10015,0,MAIN
SW 10016,0,MAIN
SW 10017,0,MAIN
SW 10018,0,MAIN
SW 10019,0,MAIN
SW 1002,0,MAIN
SW 10020,0,MAIN
SW 10021,0,MAIN
SW 10024,0,MAIN
SW 10025,0,MAIN
SW 10026C,15,MAIN
SW 10027C,15,MAIN
SW 10029,0,MAIN
SW 1003,0,MAIN
SW 10033,0,MAIN
SW 10035C,15,MAIN
SW 10037,0,MAIN
SW 10038,0,MAIN
SW 10039,0,MAIN
SW 10041C,0,MAIN
SW 10051,0,MAIN
SW 10060C,6,MAIN
SW 10061,0,MAIN
SW 10068C,15,MAIN
SW 10069C,0,MAIN
SW 10078C,15,MAIN
SW 10079,0,MAIN
SW 10080C,15,MAIN
SW 10081C,15,MAIN
SW 10082C,15,MAIN
SW 10083C,15,MAIN
SW 10084C,15,MAIN
SW 10087C,15,MAIN
SW 10093C,15,MAIN
SW 10099,6,MAIN
SW 10100C,0,MAIN
SW 10101C,15,MAIN
SW 10102C,0,MAIN
SW 10107,0,MAIN
SW 10108,0,MAIN
SW 1015C,15,MAIN
SW 1016C,15,MAIN
SW 1017C,15,MAIN
SW 1018C,15,MAIN
SW 1019C,15,MAIN
SW 1020C,15,MAIN
SW 1024C,0,MAIN
SW 1034C,15,MAIN
SW 1039A,0,MAIN
SW 1061C,15,MAIN
SW 1069,2,MAIN
SW 1077C,15,MAIN
SW 1094,15,MAIN
SW 1098,0,MAIN
SW 10P15C-SCS,0,MAIN
SW 11000C,15,MAIN
SW 11001C,15,MAIN
SW 11002C,15,MAIN
SW 11003,0,MAIN
SW 11004C,15,MAIN
SW 11005C,15,MAIN
SW 11006C,0,MAIN
SW 11007C,15,MAIN
SW 11008C,15,MAIN
SW 11009C,15,MAIN
SW 1101,0,MAIN
SW 11010C,0,MAIN
SW 11052C,15,MAIN
SW 11097C,15,MAIN
SW 11101C,15,MAIN
SW 11103C,15,MAIN
SW 11109C,15,MAIN
SW 11117C,15,MAIN
SW 11118C,15,MAIN
SW 11123C,0,MAIN
SW 11123KT,0,MAIN
SW 11123KTC,0,MAIN
SW 11138,1,MAIN
SW 11139KT,0,MAIN
SW 11140KT,0,MAIN
SW 11141,0,MAIN
SW 11142,0,MAIN
SW 11143,0,MAIN
SW 11144,0,MAIN
SW 11145,0,MAIN
SW 11146,0,MAIN
SW 11148,0,MAIN
SW 11149,0,MAIN
SW 11150C,10,MAIN
SW 11151C,15,MAIN
SW 11152,0,MAIN
SW 11153,0,MAIN
SW 11155,0,MAIN
SW 11156C,15,MAIN
SW 11158C,0,MAIN
SW 11160C,2,MAIN
SW 11161C,0,MAIN
SW 11162C,15,MAIN
SW 11163C,15,MAIN
SW 11164C,15,MAIN
SW 11165C,15,MAIN
SW 11166C,15,MAIN
SW 11167C,15,MAIN
SW 11168,0,MAIN
SW 1117,0,MAIN
SW 11170C,15,MAIN
SW 11171,1,MAIN
SW 11172C,15,MAIN
SW 11173C,15,MAIN
SW 11175C,15,MAIN
SW 11176C,13,MAIN
SW 11177C,15,MAIN
SW 11178C,15,MAIN
SW 11179C,15,MAIN
SW 11180C,15,MAIN
SW 11181C,15,MAIN
SW 11183,0,MAIN
SW 11184,7,MAIN
SW 11186,4,MAIN
SW 11187,0,MAIN
SW 11188C,15,MAIN
SW 11189C,15,MAIN
SW 11190C,0,MAIN
SW 11191,0,MAIN
SW 11192C,15,MAIN
SW 11193,7,MAIN
SW 11194C,15,MAIN
SW 11195,1,MAIN
SW 11196C,15,MAIN
SW 11197,0,MAIN
SW 11198,0,MAIN
SW 11198C,0,MAIN
SW 11199C,0,MAIN
SW 11200C,0,MAIN
SW 11201C,0,MAIN
SW 11203C,15,MAIN
SW 11204C,0,MAIN
SW 11205C,15,MAIN
SW 11206C,0,MAIN
SW 11207,0,MAIN
SW 11208C,0,MAIN
SW 11209,0,MAIN
SW 11210,0,MAIN
SW 11212C,15,MAIN
SW 11214,0,MAIN
SW 11215C,15,MAIN
SW 11216C,15,MAIN
SW 11217C,0,MAIN
SW 11218C,15,MAIN
SW 11219C,15,MAIN
SW 11220C,15,MAIN
SW 11221C,0,MAIN
SW 11222C,0,MAIN
SW 11223C,15,MAIN
SW 11224C,15,MAIN
SW 11225C,15,MAIN
SW 11226C,15,MAIN
SW 11227C,15,MAIN
SW 11228,0,MAIN
SW 11229C,0,MAIN
SW 1122C,15,MAIN
SW 1122-R134AC,15,MAIN
SW 11230C,15,MAIN
SW 11231C,0,MAIN
SW 11232C,15,MAIN
SW 11233C,15,MAIN
SW 11234C,15,MAIN
SW 11235C,15,MAIN
SW 11236C,0,MAIN
SW 11237C,15,MAIN
SW 11238C,15,MAIN
SW 11239C,15,MAIN
SW 11240C,15,MAIN
SW 11241C,3,MAIN
SW 11242C,15,MAIN
SW 11244C,15,MAIN
SW 11245C,15,MAIN
SW 11247C,9,MAIN
SW 11248C,0,MAIN
SW 11249C,15,MAIN
SW 11250C,15,MAIN
SW 11251C,15,MAIN
SW 11252C,15,MAIN
SW 11253C,15,MAIN
SW 11254C,15,MAIN
SW 11255C,15,MAIN
SW 11256C,15,MAIN
SW 11257C,15,MAIN
SW 11258C,0,MAIN
SW 11259C,15,MAIN
SW 11260C,0,MAIN
SW 11261C,0,MAIN
SW 11262C,15,MAIN
SW 11263C,15,MAIN
SW 11264C,0,MAIN
SW 11266C,15,MAIN
SW 11267C,15,MAIN
SW 11268C,15,MAIN
SW 11269C,15,MAIN
SW 11270C,0,MAIN
SW 11271C,15,MAIN
SW 11272C,0,MAIN
SW 11273C,0,MAIN
SW 11275C,15,MAIN
SW 11276C,15,MAIN
SW 11277KTC,15,MAIN
SW 11278C,0,MAIN
SW 11280C,15,MAIN
SW 11283,0,MAIN
SW 11286C,15,MAIN
SW 11287,0,MAIN
SW 11288C,15,MAIN
SW 11290C,15,MAIN
SW 11291C,3,MAIN
SW 11292C,15,MAIN
SW 11293C,15,MAIN
SW 11295C,15,MAIN
SW 11296C,1,MAIN
SW 11298C,13,MAIN
SW 11299C,15,MAIN
SW 11300C,15,MAIN
SW 11301C,15,MAIN
SW 11302C,15,MAIN
SW 11303C,15,MAIN
SW 11304,0,MAIN
SW 11305C,15,MAIN
SW 11306C,15,MAIN
SW 11307C,0,MAIN
SW 11308C,15,MAIN
SW 11309C,15,MAIN
SW 11310C,0,MAIN
SW 11311C,15,MAIN
SW 11312C,15,MAIN
SW 11313C,0,MAIN
SW 11314C,15,MAIN
SW 11317C,0,MAIN
SW 11318C,15,MAIN
SW 11319,0,MAIN
SW 11320C,15,MAIN
SW 11321,0,MAIN
SW 11321C,0,MAIN
SW 11322C,15,MAIN
SW 11323C,15,MAIN
SW 11325C,15,MAIN
SW 11326C,0,MAIN
SW 11327C,15,MAIN
SW 11329C,0,MAIN
SW 11330,0,MAIN
SW 11331,0,MAIN
SW 11332C,0,MAIN
SW 11333,0,MAIN
SW 11334C,15,MAIN
SW 11335C,9,MAIN
SW 11336C,15,MAIN
SW 11337C,15,MAIN
SW 11338C,15,MAIN
SW 11339C,15,MAIN
SW 11340C,15,MAIN
SW 11341C,15,MAIN
SW 11342C,10,MAIN
SW 11343C,0,MAIN
SW 11344C,15,MAIN
SW 11345C,15,MAIN
SW 11346C,15,MAIN
SW 11347C,0,MAIN
SW 11348C,15,MAIN
SW 11349C,15,MAIN
SW 1134C,0,MAIN
SW 11350C,10,MAIN
SW 11351C,15,MAIN
SW 11352C,15,MAIN
SW 11353C,15,MAIN
SW 11355C,0,MAIN
SW 11356C,14,MAIN
SW 11357C,15,MAIN
SW 11359C,15,MAIN
SW 1135C,15,MAIN
SW 11361C,15,MAIN
SW 11362C,15,MAIN
SW 11363C,15,MAIN
SW 11364C,15,MAIN
SW 11366C,15,MAIN
SW 11367C,15,MAIN
SW 11368C,15,MAIN
SW 11369C,15,MAIN
SW 11371,0,MAIN
SW 11371C,0,MAIN
SW 11372C,15,MAIN
SW 11374C,15,MAIN
SW 11376C,15,MAIN
SW 11377C,15,MAIN
SW 11378C,0,MAIN
SW 11379C,15,MAIN
SW 1137C,15,MAIN
SW 1138,0,MAIN
SW 11380C,0,MAIN
SW 11381C,15,MAIN
SW 11382C,0,MAIN
SW 11383C,0,MAIN
SW 11384C,15,MAIN
SW 11386C,0,MAIN
SW 11387C,15,MAIN
SW 11388C,15,MAIN
SW 11390,0,MAIN
SW 11391C,15,MAIN
SW 11392C,15,MAIN
SW 11393C,15,MAIN
SW 11395,0,MAIN
SW 11396,0,MAIN
SW 11398C,15,MAIN
SW 11399C,15,MAIN
SW 11400C,15,MAIN
SW 11401C,15,MAIN
SW 11402,0,MAIN
SW 11403C,15,MAIN
SW 11404C,0,MAIN
SW 11405C,15,MAIN
SW 11406C,15,MAIN
SW 11408C,15,MAIN
SW 11409C,15,MAIN
SW 11410,0,MAIN
SW 11412,0,MAIN
SW 11412C,0,MAIN
SW 11413C,15,MAIN
SW 11414C,15,MAIN
SW 11415C,15,MAIN
SW 11416C,15,MAIN
SW 11417C,15,MAIN
SW 11418,4,MAIN
SW 11419C,15,MAIN
SW 1141C,15,MAIN
SW 11420C,15,MAIN
SW 11421C,15,MAIN
SW 11422C,15,MAIN
SW 11423C,15,MAIN
SW 11424,6,MAIN
SW 11425C,15,MAIN
SW 11426C,0,MAIN
SW 11427C,0,MAIN
SW 11428C,10,MAIN
SW 11429C,2,MAIN
SW 1142C,0,MAIN
SW 11430C,15,MAIN
SW 11431C,15,MAIN
SW 11432C,15,MAIN
SW 11433C,0,MAIN
SW 11434C,15,MAIN
SW 11435C,15,MAIN
SW 11436,0,MAIN
SW 11437C,0,MAIN
SW 11438C,15,MAIN
SW 11439C,15,MAIN
SW 1143C,15,MAIN
SW 11440C,15,MAIN
SW 11441C,13,MAIN
SW 11442C,15,MAIN
SW 11443C,0,MAIN
SW 11444C,15,MAIN
SW 11445C,15,MAIN
SW 11446C,15,MAIN
SW 11447C,15,MAIN
SW 11449C,15,MAIN
SW 11450C,15,MAIN
SW 11451C,15,MAIN
SW 11452C,15,MAIN
SW 11453C,15,MAIN
SW 11454C,15,MAIN
SW 11455C,15,MAIN
SW 11456C,15,MAIN
SW 11457C,15,MAIN
SW 11458C,15,MAIN
SW 11459C,15,MAIN
SW 11460C,15,MAIN
SW 11461C,15,MAIN
SW 11462,0,MAIN
SW 11463C,15,MAIN
SW 11464C,1,MAIN
SW 11465C,15,MAIN
SW 11466C,15,MAIN
SW 11467C,0,MAIN
SW 11468C,13,MAIN
SW 11469C,15,MAIN
SW 11470C,15,MAIN
SW 11471,0,MAIN
SW 11472C,15,MAIN
SW 11473C,15,MAIN
SW 11474C,15,MAIN
SW 11475C,15,MAIN
SW 11476C,15,MAIN
SW 11478C,15,MAIN
SW 11480C,15,MAIN
SW 11481C,0,MAIN
SW 11483C,15,MAIN
SW 11484C,15,MAIN
SW 11485C,15,MAIN
SW 11486C,15,MAIN
SW 11487,0,MAIN
SW 11487C,0,MAIN
SW 11488C,15,MAIN
SW 11489C,15,MAIN
SW 11490,0,MAIN
SW 11491C,15,MAIN
SW 11492C,15,MAIN
SW 11493C,15,MAIN
SW 11494C,15,MAIN
SW 11495,2,MAIN
SW 11495C,0,MAIN
SW 11496,0,MAIN
SW 11497C,15,MAIN
SW 11498C,15,MAIN
SW 11499C,15,MAIN
SW 11500C,15,MAIN
SW 11501,0,MAIN
SW 11502,0,MAIN
SW 11503,0,MAIN
SW 11504,0,MAIN
SW 11505,0,MAIN
SW 11506,0,MAIN
SW 11507,0,MAIN
SW 11508,0,MAIN
SW 11509C,15,MAIN
SW 11510,0,MAIN
SW 11511,0,MAIN
SW 11512,0,MAIN
SW 11513,0,MAIN
SW 11514,0,MAIN
SW 11515,0,MAIN
SW 11517C,15,MAIN
SW 11518C,0,MAIN
SW 11519C,15,MAIN
SW 11520C,0,MAIN
SW 11521,0,MAIN
SW 11522C,15,MAIN
SW 11523C,9,MAIN
SW 11524C,15,MAIN
SW 11525C,15,MAIN
SW 11528C,15,MAIN
SW 11529C,15,MAIN
SW 11530C,0,MAIN
SW 11531,0,MAIN
SW 11532C,15,MAIN
SW 11534C,15,MAIN
SW 11535C,9,MAIN
SW 11538C,15,MAIN
SW 11539C,15,MAIN
SW 11540C,15,MAIN
SW 11541C,13,MAIN
SW 11542C,15,MAIN
SW 11543C,15,MAIN
SW 11544C,15,MAIN
SW 11547C,0,MAIN
SW 11548C,15,MAIN
SW 11549C,15,MAIN
SW 11551C,15,MAIN
SW 11552C,15,MAIN
SW 11553C,15,MAIN
SW 11554C,15,MAIN
SW 11555C,15,MAIN
SW 11556C,15,MAIN
SW 11558C,15,MAIN
SW 11559C,1,MAIN
SW 11560C,0,MAIN
SW 11561C,0,MAIN
SW 11562C,15,MAIN
SW 11563C,15,MAIN
SW 11565C,0,MAIN
SW 11566C,15,MAIN
SW 11567,0,MAIN
SW 11568C,15,MAIN
SW 11570C,15,MAIN
SW 11571C,14,MAIN
SW 11572C,15,MAIN
SW 11573C,15,MAIN
SW 11574C,9,MAIN
SW 11575C,15,MAIN
SW 11576C,15,MAIN
SW 11577C,15,MAIN
SW 11578C,0,MAIN
SW 11580C,15,MAIN
SW 11581C,8,MAIN
SW 11582C,15,MAIN
SW 11583C,15,MAIN
SW 11584C,15,MAIN
SW 11585C,15,MAIN
SW 11586C,12,MAIN
SW 11590C,15,MAIN
SW 11591C,15,MAIN
SW 11593C,15,MAIN
SW 11595C,15,MAIN
SW 11598,0,MAIN
SW 11601C,15,MAIN
SW 11602C,15,MAIN
SW 11604C,0,MAIN
SW 11605C,15,MAIN
SW 11606C,0,MAIN
SW 11607C,15,MAIN
SW 11608C,0,MAIN
SW 11609C,15,MAIN
SW 11610C,15,MAIN
SW 11611C,15,MAIN
SW 11612C,15,MAIN
SW 11613,1,MAIN
SW 11616C,15,MAIN
SW 11618C,15,MAIN
SW 11619,0,MAIN
SW 11620,0,MAIN
SW 11622,0,MAIN
SW 11623,0,MAIN
SW 11624C,15,MAIN
SW 11625C,15,MAIN
SW 11626,0,MAIN
SW 11627,0,MAIN
SW 11629,0,MAIN
SW 11630,0,MAIN
SW 11631,0,MAIN
SW 11632C,13,MAIN
SW 11633,0,MAIN
SW 11633C,0,MAIN
SW 11634,0,MAIN
SW 11635,0,MAIN
SW 11636,0,MAIN
SW 11637,0,MAIN
SW 11638,0,MAIN
SW 11639,0,MAIN
SW 11642C,15,MAIN
SW 11646C,15,MAIN
SW 11648C,15,MAIN
SW 11649C,15,MAIN
SW 11651,0,MAIN
SW 11652,0,MAIN
SW 11653C,15,MAIN
SW 11654C,15,MAIN
SW 11655C,15,MAIN
SW 11656C,15,MAIN
SW 11657C,0,MAIN
SW 11658,0,MAIN
SW 11659C,1,MAIN
SW 11660,0,MAIN
SW 11661,0,MAIN
SW 11662,0,MAIN
SW 11662C,1,MAIN
SW 11663C,15,MAIN
SW 11664,0,MAIN
SW 11665,0,MAIN
SW 11666,0,MAIN
SW 11667,0,MAIN
SW 11670,0,MAIN
SW 11671,0,MAIN
SW 11672C,15,MAIN
SW 11674,1,MAIN
SW 11675,0,MAIN
SW 11676C,15,MAIN
SW 11677C,15,MAIN
SW 11678C,11,MAIN
SW 11681KTC,15,MAIN
SW 11683C,15,MAIN
SW 11684,8,MAIN
SW 11685C,15,MAIN
SW 11686C,15,MAIN
SW 11690,0,MAIN
SW 11691,0,MAIN
SW 11692,0,MAIN
SW 11693C,0,MAIN
SW 11694C,15,MAIN
SW 11695,4,MAIN
SW 11696C,13,MAIN
SW 11697C,15,MAIN
SW 11699,0,MAIN
SW 11699C,0,MAIN
SW 11700,0,MAIN
SW 11702C,15,MAIN
SW 11703C,15,MAIN
SW 11705C,0,MAIN
SW 11706,11,MAIN
SW 11707C,5,MAIN
SW 11708C,0,MAIN
SW 11709,0,MAIN
SW 11711C,15,MAIN
SW 11712,0,MAIN
SW 11713C,15,MAIN
SW 11714C,15,MAIN
SW 11715,0,MAIN
SW 11717C,15,MAIN
SW 11718C,15,MAIN
SW 11720C,15,MAIN
SW 11721C,15,MAIN
SW 11725C,0,MAIN
SW 11726,10,MAIN
SW 11727,0,MAIN
SW 11728,0,MAIN
SW 11729,0,MAIN
SW 11730C,0,MAIN
SW 11733,0,MAIN
SW 11733C,0,MAIN
SW 11734C,15,MAIN
SW 11738C,0,MAIN
SW 11739C,0,MAIN
SW 11744C,9,MAIN
SW 11745C,15,MAIN
SW 11747C,15,MAIN
SW 11748C,15,MAIN
SW 11749C,15,MAIN
SW 11750C,0,MAIN
SW 11752C,15,MAIN
SW 11753C,15,MAIN
SW 11754C,0,MAIN
SW 11755,15,MAIN
SW 11756C,6,MAIN
SW 11758C,0,MAIN
SW 11759C,0,MAIN
SW 11761C,0,MAIN
SW 11763C,0,MAIN
SW 11765C,0,MAIN
SW 11766C,0,MAIN
SW 11769C,0,MAIN
SW 11770C,0,MAIN
SW 11777C,0,MAIN
SW 11779C,0,MAIN
SW 11780C,8,MAIN
SW 11783C,0,MAIN
SW 11784C,1,MAIN
SW 11786C,0,MAIN
SW 11788C,0,MAIN
SW 11789C,0,MAIN
SW 11792C,0,MAIN
SW 11793C,0,MAIN
SW 11796C,0,MAIN
SW 11800C,0,MAIN
SW 11802C,0,MAIN
SW 11803C,15,MAIN
SW 11805C,15,MAIN
SW 11806C,15,MAIN
SW 11812C,0,MAIN
SW 11813C,0,MAIN
SW 11814C,0,MAIN
SW 11907,0,MAIN
SW 11909,0,MAIN
SW 11911,0,MAIN
SW 11912C,0,MAIN
SW 11922C,0,MAIN
SW 11931C,15,MAIN
SW 11939,0,MAIN
SW 11940,0,MAIN
SW 11947C,0,MAIN
SW 11948C,0,MAIN
SW 11953C,0,MAIN
SW 11956C,0,MAIN
SW 11959C,0,MAIN
SW 11960,2,MAIN
SW 11961,3,MAIN
SW 11962,5,MAIN
SW 11963C,0,MAIN
SW 11964,3,MAIN
SW 11966,0,MAIN
SW 11966C,0,MAIN
SW 11968,4,MAIN
SW 11969,3,MAIN
SW 11970,6,MAIN
SW 11971,2,MAIN
SW 11972,6,MAIN
SW 11973,6,MAIN
SW 11974,8,MAIN
SW 11977,8,MAIN
SW 11978,4,MAIN
SW 11981,4,MAIN
SW 11982,3,MAIN
SW 11983,5,MAIN
SW 11984,3,MAIN
SW 11985C,0,MAIN
SW 11991,2,MAIN
SW 11996,1,MAIN
SW 11997,3,MAIN
SW 11998,0,MAIN
SW 11999,2,MAIN
SW 12001,2,MAIN
SW 12003,1,MAIN
SW 12004,1,MAIN
SW 12005,1,MAIN
SW 12006,1,MAIN
SW 12008,1,MAIN
SW 12010,2,MAIN
SW 12011,6,MAIN
SW 12012,1,MAIN
SW 12013,1,MAIN
SW 12014,1,MAIN
SW 12015,1,MAIN
SW 12016,5,MAIN
SW 12019,0,MAIN
SW 12020,8,MAIN
SW 12022,0,MAIN
SW 12023,1,MAIN
SW 12025,10,MAIN
SW 12027,4,MAIN
SW 12028,3,MAIN
SW 12030,1,MAIN
SW 12031,0,MAIN
SW 12035,0,MAIN
SW 12036,10,MAIN
SW 12037,7,MAIN
SW 12038,0,MAIN
SW 12039,2,MAIN
SW 12040,6,MAIN
SW 12041,0,MAIN
SW 12044,3,MAIN
SW 12046,1,MAIN
SW 12047,0,MAIN
SW 12048,0,MAIN
SW 12049,1,MAIN
SW 12052,1,MAIN
SW 12053,0,MAIN
SW 12054,1,MAIN
SW 12056,0,MAIN
SW 12069C,0,MAIN
SW 12071C,0,MAIN
SW 12080C,0,MAIN
SW 12105,0,MAIN
SW 12-2143,0,MAIN
SW 12-2161,0,MAIN
SW 13-2215,0,MAIN
SW 13-2217,0,MAIN
SW 1352,0,MAIN
SW 2000,9,MAIN
SW 2062,0,MAIN
SW 2122KTC,15,MAIN
SW 2142,0,MAIN
SW 2147C,15,MAIN
SW 2154,0,MAIN
SW 2155C,15,MAIN
SW 2350C,15,MAIN
SW 2400C,15,MAIN
SW 2450C,15,MAIN
SW 2500C,15,MAIN
SW 2501,0,MAIN
SW 2503C,15,MAIN
SW 2550,0,MAIN
SW 2650C,15,MAIN
SW 2700,0,MAIN
SW 2830C,15,MAIN
SW 2962C,15,MAIN
SW 3004C,15,MAIN
SW 3122C,15,MAIN
SW 3123C,15,MAIN
SW 3129,0,MAIN
SW 3221C,15,MAIN
SW 4001C,15,MAIN
SW 4002C,15,MAIN
SW 4003C,15,MAIN
SW 4004C,15,MAIN
SW 4070C,15,MAIN
SW 4082C,15,MAIN
SW 4085C,15,MAIN
SW 4086C,15,MAIN
SW 4087C,15,MAIN
SW 46863,0,MAIN
SW 50-2500,0,MAIN
SW 51-5623C,15,MAIN
SW 5203C,15,MAIN
SW 5208C,15,MAIN
SW 5500C,2,MAIN
SW 5503,0,MAIN
SW 5506C,0,MAIN
SW 5507C,15,MAIN
SW 5508C,15,MAIN
SW 5759,1,MAIN
SW 5759C,3,MAIN
SW 6007-12TK,0,MAIN
SW 6007-24TK,0,MAIN
SW 6011,1,MAIN
SW 6011OI,0,MAIN
SW 6490,15,MAIN
SW 6490C,15,MAIN
SW 6491,0,MAIN
SW 6491C,0,MAIN
SW 6493C,15,MAIN
SW 6494,15,MAIN
SW 6494C,15,MAIN
SW 6495C,15,MAIN
SW 6497C,15,MAIN
SW 6499,6,MAIN
SW 7004C,15,MAIN
SW 7061,0,MAIN
SW 7062,0,MAIN
SW 7069,0,MAIN
SW 7086,0,MAIN
SW 7087,0,MAIN
SW 7088,0,MAIN
SW 71R-7650C,7,MAIN
SW 8003,15,MAIN
SW 8003C,0,MAIN
SW 8004,15,MAIN
SW 8004C,0,MAIN
SW 8005,15,MAIN
SW 8006,15,MAIN
SW 8007,0,MAIN
SW 8008,0,MAIN
SW 8100C,15,MAIN
SW 8101C,15,MAIN
SW 8102,0,MAIN
SW 8393C,15,MAIN
SW 8394C,15,MAIN
SW 8395C,15,MAIN
SW 8396C,15,MAIN
SW 8403C,15,MAIN
SW 8431C,0,MAIN
SW 8444,3,MAIN
SW 8513,0,MAIN
SW 9000,0,MAIN
SW 9050C,15,MAIN
SW 9052C,15,MAIN
SW 9053C,15,MAIN
SW 9055C,15,MAIN
SW 9056C,15,MAIN
SW 9057,3,MAIN
SW 9059C,15,MAIN
SW 9061C,0,MAIN
SW 9064,0,MAIN
SW 9066C,15,MAIN
SW 9071,0,MAIN
SW 9600C,15,MAIN
SW 9701C,15,MAIN
SW 9726C,15,MAIN
SW 9728C,15,MAIN
SW 9801C,15,MAIN
SW 9929,0,MAIN
SW 9935C,15,MAIN
SW 9938C,15,MAIN
SW 9940C,0,MAIN
SW 9943C,15,MAIN
SW 9945C,0,MAIN
SW 9946C,0,MAIN
SW 9947C,0,MAIN
SW 9949C,15,MAIN
SW 9950,0,MAIN
SW 9951C,15,MAIN
SW 9952C,15,MAIN
SW 9953C,15,MAIN
SW 9954C,15,MAIN
SW 9955C,15,MAIN
SW 9956C,4,MAIN
SW 9957C,15,MAIN
SW 9958C,15,MAIN
SW 9959C,15,MAIN
SW 9960C,15,MAIN
SW 9961C,15,MAIN
SW 9962C,15,MAIN
SW 9963C,15,MAIN
SW 9964C,15,MAIN
SW 9965C,15,MAIN
SW 9966C,15,MAIN
SW 9967C,15,MAIN
SW 9968C,15,MAIN
SW 9969C,15,MAIN
SW 9970C,15,MAIN
SW 9971C,15,MAIN
SW 9972C,0,MAIN
SW 9973C,0,MAIN
SW 9974C,0,MAIN
SW 9976C,15,MAIN
SW 9977C,0,MAIN
SW 9978C,15,MAIN
SW 9979C,0,MAIN
SW 9982,0,MAIN
SW 9983,0,MAIN
SW 9984,0,MAIN
SW 9985,0,MAIN
SW 9986,0,MAIN
SW 9987,0,MAIN
SW 9988,0,MAIN
SW 9989,0,MAIN
SW 9993,0,MAIN
SW 9994,0,MAIN
SW 9995,0,MAIN
SW 9996,0,MAIN
SW 9997,0,MAIN
SW 9998,0,MAIN
SW 9999,0,MAIN
TA 0006,0,MAIN
TA 0007,0,MAIN
TA 0008,0,MAIN
TA 0009,0,MAIN
TA 0010,0,MAIN
TA 0011,0,MAIN
TA 0012,0,MAIN
TC 11482,7,MAIN
TC 11836C,0,MAIN
TC 11839C,0,MAIN
TC 11840C,0,MAIN
TC 11862C,0,MAIN
TC 11864C,0,MAIN
TC 11930,9,MAIN
TC 11931,3,MAIN
TC 11932,0,MAIN
TO 00110-20,15,MAIN
TO 0020C,15,MAIN
TO 0022,0,MAIN
TO 0023,0,MAIN
TO 0024,1,MAIN
TO 0030,0,MAIN
TO 0033,0,MAIN
TO 0034,0,MAIN
TO 0035,0,MAIN
TO 0047,0,MAIN
TO 0048,0,MAIN
TO 0049,0,MAIN
TO 0050,0,MAIN
TO 0051,0,MAIN
TO 0052,0,MAIN
TO 0053,0,MAIN
TO 0054,0,MAIN
TO 0055,0,MAIN
TO 0056,0,MAIN
TO 0082,0,MAIN
TO 0083,0,MAIN
TO 0100,0,MAIN
TO 0101,0,MAIN
TO 0102,0,MAIN
TO 0103,0,MAIN
TO 0131,0,MAIN
TO 0132,0,MAIN
TO 0135,0,MAIN
TO 0187,0,MAIN
TO 0272C,0,MAIN
TO 0274C,0,MAIN
TO 0291,0,MAIN
TO 0300C,0,MAIN
TO 0333C,0,MAIN
TO 0340,0,MAIN
TO 0346,0,MAIN
TO 0349,0,MAIN
TO 0354C,15,MAIN
TO 0358C,15,MAIN
TO 0372,0,MAIN
TO 0375C,15,MAIN
TO 0377,0,MAIN
TO 0378,0,MAIN
TO 0379,0,MAIN
TO 0396,0,MAIN
TO 0412,0,MAIN
TO 0429,0,MAIN
TO 0430,0,MAIN
TO 0431,0,MAIN
TO 0454,0,MAIN
TO 0457,0,MAIN
TO 0473,0,MAIN
TO 0484,15,MAIN
TO 0486,0,MAIN
TO 0499,0,MAIN
TO 0555,0,MAIN
TO 0587,0,MAIN
TO 0588,0,MAIN
TO 0589,0,MAIN
TO 0589C,0,MAIN
TO 0773,0,MAIN
TO 0774,0,MAIN
TO 0790,0,MAIN
TO 0791,0,MAIN
TO 0800,0,MAIN
TO 0902,0,MAIN
TO 0903,0,MAIN
TO 0906,0,MAIN
TO 0908,0,MAIN
TO 0923,0,MAIN
TO 0925C,15,MAIN
TO 0927,0,MAIN
TO 10001,0,MAIN
TO 10002,1,MAIN
TO 10005,0,MAIN
TO 1002,0,MAIN
TO 1008,0,MAIN
TO 1009,0,MAIN
TO 1011,0,MAIN
TO 1023,0,MAIN
TO 1045,0,MAIN
TO 1046C,15,MAIN
TO 1048,0,MAIN
TO 1052,0,MAIN
TO 1060,0,MAIN
TO 1061,0,MAIN
TO 1075,0,MAIN
TO 10861,0,MAIN
TO 1120,2,MAIN
TO 1121,0,MAIN
TO 1122,0,MAIN
TO 1123,0,MAIN
TO 1124,0,MAIN
TO 1125,5,MAIN
TO 1127,0,MAIN
TO 1128,0,MAIN
TO 1129,0,MAIN
TO 1129-1,0,MAIN
TO 1130,0,MAIN
TO 1131,0,MAIN
TO 1132,0,MAIN
TO 1133,0,MAIN
TO 1134,0,MAIN
TO 1136,10,MAIN
TO 1138,0,MAIN
TO 1139,0,MAIN
TO 1141,0,MAIN
TO 1142,0,MAIN
TO 11743,0,MAIN
TO 11744,0,MAIN
TO 11745,0,MAIN
TO 11746,0,MAIN
TO 11747,0,MAIN
TO 11748,15,MAIN
TO 11749,0,MAIN
TO 11750,0,MAIN
TO 11751,0,MAIN
TO 11752,1,MAIN
TO 11754,1,MAIN
TO 11755,0,MAIN
TO 11756,0,MAIN
TO 11757,0,MAIN
TO 11758,0,MAIN
TO 11759,0,MAIN
TO 11760,0,MAIN
TO 11761,0,MAIN
TO 11762,0,MAIN
TO 11763,0,MAIN
TO 11764,0,MAIN
TO 11765,0,MAIN
TO 11766,0,MAIN
TO 11767,0,MAIN
TO 11768,0,MAIN
TO 11769,0,MAIN
TO 11770,0,MAIN
TO 11771,0,MAIN
TO 11772,0,MAIN
TO 11773,0,MAIN
TO 11774,0,MAIN
TO 11776,0,MAIN
TO 11777,0,MAIN
TO 11778,0,MAIN
TO 11779,0,MAIN
TO 11780C,15,MAIN
TO 11781C,15,MAIN
TO 11782,0,MAIN
TO 11783,0,MAIN
TO 11784,0,MAIN
TO 11785,0,MAIN
TO 11786,0,MAIN
TO 11787,0,MAIN
TO 11788,0,MAIN
TO 11790,0,MAIN
TO 11791,0,MAIN
TO 11792,0,MAIN
TO 11793,0,MAIN
TO 11794,0,MAIN
TO 11797,0,MAIN
TO 11799,0,MAIN
TO 11801,0,MAIN
TO 11802,0,MAIN
TO 11803,0,MAIN
TO 11804,0,MAIN
TO 11805,0,MAIN
TO 11806,0,MAIN
TO 11807,0,MAIN
TO 11808,0,MAIN
TO 11809,0,MAIN
TO 11810,0,MAIN
TO 11812,0,MAIN
TO 11813,0,MAIN
TO 11814,0,MAIN
TO 11815,0,MAIN
TO 11816,0,MAIN
TO 11817,0,MAIN
TO 11818,0,MAIN
TO 11819,0,MAIN
TO 11821,0,MAIN
TO 11825,4,MAIN
TO 11827,10,MAIN
TO 11828,0,MAIN
TO 11829,0,MAIN
TO 11830,3,MAIN
TO 11831,5,MAIN
TO 11833,1,MAIN
TO 11834,1,MAIN
TO 11835,1,MAIN
TO 11837,3,MAIN
TO 11839,1,MAIN
TO 11840,0,MAIN
TO 11841,0,MAIN
TO 11842,0,MAIN
TO 11843,0,MAIN
TO 11844,0,MAIN
TO 11845,0,MAIN
TO 11846,0,MAIN
TO 1207,0,MAIN
TO 1211,0,MAIN
TO 1212C,0,MAIN
TO 1233C,0,MAIN
TO 1234,0,MAIN
TO 1267,0,MAIN
TO 1268,0,MAIN
TO 1269,0,MAIN
TO 1270,0,MAIN
TO 1273,0,MAIN
TO 1274,0,MAIN
TO 1290C,15,MAIN
TO 1300C,15,MAIN
TO 1306,0,MAIN
TO 1307,0,MAIN
TO 1310,0,MAIN
TO 1317,0,MAIN
TO 1318,0,MAIN
TO 1319,0,MAIN
TO 1326,0,MAIN
TO 1327,0,MAIN
TO 1328,0,MAIN
TO 1333,0,MAIN
TO 1340,0,MAIN
TO 1361C,0,MAIN
TO 1362C,0,MAIN
TO 1364C,0,MAIN
TO 1408,0,MAIN
TO 1409,0,MAIN
TO 1416,0,MAIN
TO 1490,0,MAIN
TO 1491,0,MAIN
TO 1492,0,MAIN
TO 1496,0,MAIN
TO 15366,0,MAIN
TO 15384EZ,5,MAIN
TO 15385EZ,0,MAIN
TO 1546,0,MAIN
TO 1602C,0,MAIN
TO 1604C,15,MAIN
TO 16600,0,MAIN
TO 1661C,15,MAIN
TO 1662C,15,MAIN
TO 1663C,15,MAIN
TO 1664C,0,MAIN
TO 1665C,0,MAIN
TO 1666C,0,MAIN
TO 1667,0,MAIN
TO 1668,0,MAIN
TO 1669,0,MAIN
TO 1670C,0,MAIN
TO 1671C,15,MAIN
TO 1672,0,MAIN
TO 1673C,7,MAIN
TO 1674,0,MAIN
TO 1675C,0,MAIN
TO 1676C,0,MAIN
TO 1677C,0,MAIN
TO 1678,0,MAIN
TO 1679,0,MAIN
TO 1680,0,MAIN
TO 1681,0,MAIN
TO 1682C,0,MAIN
TO 1683,0,MAIN
TO 1684,0,MAIN
TO 1685,0,MAIN
TO 1686C,0,MAIN
TO 1688C,0,MAIN
TO 1689,0,MAIN
TO 1690,0,MAIN
TO 1691,0,MAIN
TO 1692C,0,MAIN
TO 1693,0,MAIN
TO 1694C,0,MAIN
TO 1695,0,MAIN
TO 1696,0,MAIN
TO 1697C,0,MAIN
TO 1698C,0,MAIN
TO 1699C,0,MAIN
TO 1700C,0,MAIN
TO 1701C,0,MAIN
TO 1702C,0,MAIN
TO 1703C,15,MAIN
TO 1704,0,MAIN
TO 1721C,14,MAIN
TO 1722C,5,MAIN
TO 1723C,15,MAIN
TO 1724,0,MAIN
TO 1727-50C,15,MAIN
TO 1727C,15,MAIN
TO 17419,0,MAIN
TO 18190,0,MAIN
TO 18191,0,MAIN
TO 1963C,0,MAIN
TO 1964C,0,MAIN
TO 1965,0,MAIN
TO 1966,0,MAIN
TO 1967,0,MAIN
TO 2000,0,MAIN
TO 2002,0,MAIN
TO 2014,0,MAIN
TO 2031,0,MAIN
TO 2121,0,MAIN
TO 2220,0,MAIN
TO 2221,0,MAIN
TO 2223,0,MAIN
TO 2224,0,MAIN
TO 2224-E,0,MAIN
TO 2226,0,MAIN
TO 2227,0,MAIN
TO 2234C,0,MAIN
TO 2237,0,MAIN
TO 2238,0,MAIN
TO 2239,0,MAIN
TO 2239-001A,0,MAIN
TO 2239-220,0,MAIN
TO 2241,1,MAIN
TO 2242,0,MAIN
TO 2275,2,MAIN
TO 2300,0,MAIN
TO 2334C,0,MAIN
TO 2374C,15,MAIN
TO 2375C,0,MAIN
TO 2400,0,MAIN
TO 2634C,15,MAIN
TO 2635C,15,MAIN
TO 2734C,15,MAIN
TO 2754,0,MAIN
TO 2755,0,MAIN
TO 2830,0,MAIN
TO 2834C,15,MAIN
TO 2934C,15,MAIN
TO 3000C,15,MAIN
TO 3001KTC,15,MAIN
TO 3002KT,0,MAIN
TO 3003KT,0,MAIN
TO 3047A,0,MAIN
TO 3050,0,MAIN
TO 3066,0,MAIN
TO 3096,0,MAIN
TO 3098C,10,MAIN
TO 3099C,15,MAIN
TO 3100C,15,MAIN
TO 3101C,15,MAIN
TO 3103,0,MAIN
TO 3163,0,MAIN
TO 3166C,0,MAIN
TO 3177,0,MAIN
TO 3199,0,MAIN
TO 3199G,0,MAIN
TO 3253,0,MAIN
TO 3300,0,MAIN
TO 3301,0,MAIN
TO 3302,0,MAIN
TO 3303,0,MAIN
TO 3305,0,MAIN
TO 3306,0,MAIN
TO 3308,0,MAIN
TO 3309,0,MAIN
TO 3310,0,MAIN
TO 3312,0,MAIN
TO 3313C,1,MAIN
TO 3322,0,MAIN
TO 34560,0,MAIN
TO 3463,0,MAIN
TO 3466,0,MAIN
TO 34750,0,MAIN
TO 3477,0,MAIN
TO 3503,0,MAIN
TO 3512,0,MAIN
TO 3515,0,MAIN
TO 3591,0,MAIN
TO 3610-J,0,MAIN
TO 3665,0,MAIN
TO 3666C,0,MAIN
TO 3692,0,MAIN
TO 3693,0,MAIN
TO 3694,0,MAIN
TO 3695,0,MAIN
TO 3696,0,MAIN
TO 3697,0,MAIN
TO 3698C,15,MAIN
TO 3699C,15,MAIN
TO 3710,0,MAIN
TO 3710-E50,0,MAIN
TO 3710-E50P,0,MAIN
TO 3710-E60,0,MAIN
TO 3710-F,0,MAIN
TO 3710-P,0,MAIN
TO 3710-Z,0,MAIN
TO 3711,0,MAIN
TO 3712,0,MAIN
TO 3713,0,MAIN
TO 3714,0,MAIN
TO 3715,0,MAIN
TO 3716,0,MAIN
TO 3718,0,MAIN
TO 3772G,0,MAIN
TO 3801,0,MAIN
TO 3802,0,MAIN
TO 3803,0,MAIN
TO 40134A,0,MAIN
TO 40232,0,MAIN
TO 40400,0,MAIN
TO 41067,0,MAIN
TO 4215,0,MAIN
TO 4216,0,MAIN
TO 4361C,15,MAIN
TO 4362C,15,MAIN
TO 4364C,0,MAIN
TO 4430,0,MAIN
TO 4601C,0,MAIN
TO 4602C,0,MAIN
TO 4603C,0,MAIN
TO 4604C,6,MAIN
TO 4721C,0,MAIN
TO 4722C,0,MAIN
TO 4723C,0,MAIN
TO 4724C,0,MAIN
TO 4961C,0,MAIN
TO 4962C,0,MAIN
TO 4964C,0,MAIN
TO 5000-KT,0,MAIN
TO 5002,0,MAIN
TO 5003C,15,MAIN
TO 5004C,15,MAIN
TO 5005C,0,MAIN
TO 5075,0,MAIN
TO 5076,0,MAIN
TO 5077,0,MAIN
TO 5079,0,MAIN
TO 5079B,0,MAIN
TO 5080,0,MAIN
TO 5081,1,MAIN
TO 5082,0,MAIN
TO 5086,0,MAIN
TO 5088,0,MAIN
TO 5090,0,MAIN
TO 5103,0,MAIN
TO 5195,0,MAIN
TO 5200,0,MAIN
TO 5215,0,MAIN
TO 5216,0,MAIN
TO 52341,0,MAIN
TO 5351,0,MAIN
TO 5424,0,MAIN
TO 5434,0,MAIN
TO 5495,0,MAIN
TO 5500,0,MAIN
TO 5510C,15,MAIN
TO 5530C,15,MAIN
TO 5550,0,MAIN
TO 6001,0,MAIN
TO 6008,0,MAIN
TO 6009,0,MAIN
TO 6010,0,MAIN
TO 6011,0,MAIN
TO 6012,0,MAIN
TO 62010,0,MAIN
TO 66434-R,0,MAIN
TO 66534-R,0,MAIN
TO 67011,0,MAIN
TO 68296,0,MAIN
TO 68396,0,MAIN
TO 6900,0,MAIN
TO 6901,0,MAIN
TO 6902,0,MAIN
TO 6903,0,MAIN
TO 6904,0,MAIN
TO 6905,0,MAIN
TO 6906,0,MAIN
TO 6907,0,MAIN
TO 6908,0,MAIN
TO 6909,0,MAIN
TO 6910,0,MAIN
TO 69100,0,MAIN
TO 6911,0,MAIN
TO 6915,0,MAIN
TO 6916,0,MAIN
TO 7001,0,MAIN
TO 70027,0,MAIN
TO 70040,0,MAIN
TO 70048,0,MAIN
TO 70051,0,MAIN
TO 70053,0,MAIN
TO 70062,0,MAIN
TO 70063,0,MAIN
TO 7017,0,MAIN
TO 7018,0,MAIN
TO 7032,0,MAIN
TO 7033,0,MAIN
TO 7051,0,MAIN
TO 7052,0,MAIN
TO 7069,0,MAIN
TO 7092,0,MAIN
TO 7094,0,MAIN
TO 71100,0,MAIN
TO 71200,0,MAIN
TO 71300,0,MAIN
TO 71475,0,MAIN
TO 71500-001B,0,MAIN
TO 71500-001C-1,0,MAIN
TO 71500C,15,MAIN
TO 71500RKT,0,MAIN
TO 71501,0,MAIN
TO 71502,0,MAIN
TO 71502P,0,MAIN
TO 71503,0,MAIN
TO 71503P,0,MAIN
TO 71504,0,MAIN
TO 71504P,0,MAIN
TO 71505,0,MAIN
TO 71505P,0,MAIN
TO 71506,0,MAIN
TO 71507,0,MAIN
TO 71508,0,MAIN
TO 71509,0,MAIN
TO 71550,15,MAIN
TO 71551,0,MAIN
TO 71552,0,MAIN
TO 71553,0,MAIN
TO 71559,0,MAIN
TO 71671,0,MAIN
TO 71688,0,MAIN
TO 71689,0,MAIN
TO 71690,0,MAIN
TO 71691,0,MAIN
TO 71733,0,MAIN
TO 7372,0,MAIN
TO 75002,0,MAIN
TO 75007,0,MAIN
TO 75008,0,MAIN
TO 75009,0,MAIN
TO 75010,0,MAIN
TO 75012,0,MAIN
TO 75013,0,MAIN
TO 75020,0,MAIN
TO 75021,0,MAIN
TO 75022,0,MAIN
TO 75024-60,0,MAIN
TO 75027,0,MAIN
TO 75033,0,MAIN
TO 75036,0,MAIN
TO 75041,0,MAIN
TO 75046,0,MAIN
TO 75075,0,MAIN
TO 75076,0,MAIN
TO 75077,0,MAIN
TO 75081,0,MAIN
TO 75136,0,MAIN
TO 75140,0,MAIN
TO 75149,0,MAIN
TO 7600C,3,MAIN
TO 7601C,0,MAIN
TO 7602C,13,MAIN
TO 7603C,7,MAIN
TO 7604C,0,MAIN
TO 7610C,1,MAIN
TO 7611C,0,MAIN
TO 7612C,0,MAIN
TO 7613C,0,MAIN
TO 7614C,0,MAIN
TO 7615C,2,MAIN
TO 7616C,15,MAIN
TO 7617C,0,MAIN
TO 7618C,5,MAIN
TO 7619C,0,MAIN
TO 7620C,7,MAIN
TO 7621,2,MAIN
TO 7621C,0,MAIN
TO 7622C,10,MAIN
TO 7623C,15,MAIN
TO 7624C,2,MAIN
TO 7625C,15,MAIN
TO 7626C,15,MAIN
TO 7627C,0,MAIN
TO 7628C,0,MAIN
TO 7629C,0,MAIN
TO 80011,0,MAIN
TO 80013,1,MAIN
TO 8010,0,MAIN
TO 80111,0,MAIN
TO 8015,0,MAIN
TO 8034,0,MAIN
TO 8134,0,MAIN
TO 8135,0,MAIN
TO 8136,0,MAIN
TO 8490,0,MAIN
TO 85000,0,MAIN
TO 8531,0,MAIN
TO 8560,0,MAIN
TO 8917,0,MAIN
TO 9001,1,MAIN
TO 9006202R,0,MAIN
TO 90066,0,MAIN
TO 9010,0,MAIN
TO 90262,0,MAIN
TO 9033,0,MAIN
TO 9036,0,MAIN
TO 90474,0,MAIN
TO 9077,0,MAIN
TO 9078,0,MAIN
TO 9079,0,MAIN
TO 91253,0,MAIN
TO 91337,0,MAIN
TO 91503,0,MAIN
TO 9163,0,MAIN
TO 9166,0,MAIN
TO 9177,0,MAIN
TO 9199,0,MAIN
TO 9310,0,MAIN
TO 9350,0,MAIN
TO 93553E,0,MAIN
TO 93859,0,MAIN
TO 93860,0,MAIN
TO 93865,0,MAIN
TO 93866,0,MAIN
TO 93867,0,MAIN
TO 9401,0,MAIN
TO 9402,0,MAIN
TO 9403,0,MAIN
TO 9406,0,MAIN
TO 9407,0,MAIN
TO 9408,0,MAIN
TO 9409,0,MAIN
TO 9410,0,MAIN
TO 9411,0,MAIN
TO 9412,0,MAIN
TO 9413,0,MAIN
TO 9414,0,MAIN
TO 9415,0,MAIN
TO 9416,0,MAIN
TO 9417,0,MAIN
TO 9418,0,MAIN
TO 9419,0,MAIN
TO 9420,0,MAIN
TO 9421,0,MAIN
TO 9422,0,MAIN
TO 9423,0,MAIN
TO 9424,0,MAIN
TO 9425,0,MAIN
TO 9426,0,MAIN
TO 9427,0,MAIN
TO 9428,0,MAIN
TO 9429,0,MAIN
TO 9430,0,MAIN
TO 9431,0,MAIN
TO 9432,0,MAIN
TO 9433,0,MAIN
TO 9434,0,MAIN
TO 9435,0,MAIN
TO 9436,0,MAIN
TO 9437,0,MAIN
TO 9438,0,MAIN
TO 9439,0,MAIN
TO 9440,0,MAIN
TO 9441,0,MAIN
TO 9442,0,MAIN
TO 9443,0,MAIN
TO 9444,0,MAIN
TO 9445,0,MAIN
TO 9446,0,MAIN
TO 9447,0,MAIN
TO 9448,0,MAIN
TO 9449,0,MAIN
TO 9450,0,MAIN
TO 9451,0,MAIN
TO 9452,0,MAIN
TO 9453,0,MAIN
TO 9454,0,MAIN
TO 9455,0,MAIN
TO 9456,0,MAIN
TO 9457,0,MAIN
TO 9458,0,MAIN
TO 9459,0,MAIN
TO 9460,0,MAIN
TO 9461,0,MAIN
TO 9462,0,MAIN
TO 9463,0,MAIN
TO 9466,0,MAIN
TO 9477,0,MAIN
TO 9499,0,MAIN
TO 9527,0,MAIN
TO 9528,0,MAIN
TO 9529,0,MAIN
TO 9530,0,MAIN
TO 9531,0,MAIN
TO 9532,0,MAIN
TO 9533,0,MAIN
TO 9534,0,MAIN
TO 9535,0,MAIN
TO 9536,0,MAIN
TO 9537,0,MAIN
TO 9538,0,MAIN
TO 9539,0,MAIN
TO 9540,0,MAIN
TO 9541,0,MAIN
TO 9542,0,MAIN
TO 9543,0,MAIN
TO 9544,0,MAIN
TO 9545,0,MAIN
TO 9546,0,MAIN
TO 9547,0,MAIN
TO 9548,0,MAIN
TO 9549,0,MAIN
TO 9550,0,MAIN
TO 9551,0,MAIN
TO 9552,0,MAIN
TO 9553,0,MAIN
TO 9554,0,MAIN
TO 9555,0,MAIN
TO 9556,0,MAIN
TO 9557,0,MAIN
TO 9558,0,MAIN
TO 9559,0,MAIN
TO 9560,0,MAIN
TO 9561,0,MAIN
TO 9562,0,MAIN
TO 9563,0,MAIN
TO 9564,0,MAIN
TO 9565,0,MAIN
TO 9566,0,MAIN
TO 9567,0,MAIN
TO 9568,0,MAIN
TO 9569,0,MAIN
TO 9570,0,MAIN
TO 9571,0,MAIN
TO 9572,0,MAIN
TO 9573,0,MAIN
TO 9574,0,MAIN
TO 9575,0,MAIN
TO 9576,0,MAIN
TO 9577,0,MAIN
TO 9578,0,MAIN
TO 9579,0,MAIN
TO 9580,0,MAIN
TO 9581,0,MAIN
TO 9582,0,MAIN
TO 9583,0,MAIN
TO 9584,0,MAIN
TO 9585,0,MAIN
TO 9586,0,MAIN
TO 9587,0,MAIN
TO 9588,0,MAIN
TO 9589,0,MAIN
TO 9590,0,MAIN
TO 9591,0,MAIN
TO 9592,0,MAIN
TO 9593,0,MAIN
TO 9594,0,MAIN
TO 9595,0,MAIN
TO 9596,0,MAIN
TO 9597,0,MAIN
TO 9598,0,MAIN
TO 9599,0,MAIN
TO 9600,0,MAIN
TO 9622C,0,MAIN
TO 9632C,0,MAIN
TO 9635,0,MAIN
TO 9636,0,MAIN
TO 9676,0,MAIN
TO 9677,0,MAIN
TO 9678,0,MAIN
TO 9679,0,MAIN
TO 9680,0,MAIN
TO 9681,0,MAIN
TO 9682,0,MAIN
TO 9683,0,MAIN
TO 9684,0,MAIN
TO 9685,0,MAIN
TO 9686,0,MAIN
TO 9687,0,MAIN
TO 9688,0,MAIN
TO 9689,0,MAIN
TO 9690,0,MAIN
TO 9691,0,MAIN
TO 9692,0,MAIN
TO 9693,0,MAIN
TO 9694,0,MAIN
TO 9695,0,MAIN
TO 9696,0,MAIN
TO 9697,0,MAIN
TO 9698,0,MAIN
TO 9699,0,MAIN
TO 9700,0,MAIN
TO 9701,0,MAIN
TO 9702,0,MAIN
TO 9703,0,MAIN
TO 9704,0,MAIN
TO 9705,0,MAIN
TO 9706,0,MAIN
TO 9707,0,MAIN
TO 9708,0,MAIN
TO 9709,0,MAIN
TO 9710,0,MAIN
TO 9711,0,MAIN
TO 9712,0,MAIN
TO 9713,0,MAIN
TO 9714,0,MAIN
TO 9715,0,MAIN
TO 9716,0,MAIN
TO 9717,0,MAIN
TO 9718,0,MAIN
TO 9719,0,MAIN
TO 9720,0,MAIN
TO 9721,0,MAIN
TO 9722,0,MAIN
TO 9723,0,MAIN
TO 9724,0,MAIN
TO 9725,0,MAIN
TO 9726,0,MAIN
TO 9727,0,MAIN
TO 9728,0,MAIN
TO 9729,0,MAIN
TO 9730,0,MAIN
TO 9746,0,MAIN
TO 98134,0,MAIN
TO 98210A,0,MAIN
TO 98230,0,MAIN
TO 98234,0,MAIN
TO 98250,0,MAIN
TO 98350,0,MAIN
TO 98500,0,MAIN
TO 9909,0,MAIN
TO 9922,0,MAIN
TO 9930,0,MAIN
TO 9931,0,MAIN
TO 9932,0,MAIN
TO 9941,0,MAIN
TO 9942,0,MAIN
TO 9943,0,MAIN
TO 9944,0,MAIN
TO 9945,0,MAIN
TO 9949,0,MAIN
TO 9950,0,MAIN
TO 9951,0,MAIN
TO 9953,0,MAIN
TO 9964,0,MAIN
TO 9965,0,MAIN
TO 9970,0,MAIN
TO 9971,0,MAIN
TO 9989,0,MAIN
TO 9999,0,MAIN
TW 0001-100,15,MAIN
TW 0002-100,0,MAIN
TW 0003-100,15,MAIN
UN 0120,0,MAIN
UN 0808,0,MAIN
UN 0880HVA,0,MAIN
UN 0881HVA,0,MAIN
UN 0882,0,MAIN
UN 0882-24V,0,MAIN
UN 0886-24VC,15,MAIN
UN 0886C,15,MAIN
UN 0887-24VC,15,MAIN
UN 0887C,15,MAIN
UN 0888-24VC,15,MAIN
UN 0888C,15,MAIN
UN 0889-24VC,15,MAIN
UN 0889C,15,MAIN
UN 0890C,15,MAIN
UN 0890KTC,1,MAIN
UN 0891-24VC,0,MAIN
UN 0891C,15,MAIN
UN 0894-24VC,15,MAIN
UN 0894C,15,MAIN
UN 0894KTC,1,MAIN
UN 0895-24VC,15,MAIN
UN 0895C,15,MAIN
UN 0896-24VC,0,MAIN
UN 0896C,0,MAIN
UN 0897C,4,MAIN
UN 0899,9,MAIN
UN 0900,0,MAIN
UN 0901,0,MAIN
UN 0902,0,MAIN
UN 0903,0,MAIN
UN 0904HVA,0,MAIN
UN 0905,0,MAIN
UN 0906HVA,0,MAIN
UN 2467-24VU,5,MAIN
UN 2467U,4,MAIN
UN 4000,0,MAIN
UN 400-24VU,0,MAIN
UN 400U,0,MAIN
UN 601,0,MAIN
VC 2901C,0,MAIN
VC 2902C,15,MAIN
VC 2903C,15,MAIN
VC 2904C,15,MAIN
VC 2905C,15,MAIN
VC 2906C,15,MAIN
VC 2907C,15,MAIN
VC 2908C,15,MAIN
VC 2909C,15,MAIN
VC 2910C,15,MAIN
VC 2911C,15,MAIN
VC 2912C,15,MAIN
VC 2913C,15,MAIN
VC 2914C,15,MAIN
VC 2915C,0,MAIN
VC 2917C,0,MAIN
VC 2918C,0,MAIN
VC 2919,1,MAIN
VC 2921C,0,MAIN
VC 7346,0,MAIN
VP 0001C,0,MAIN
VP 0003,0,MAIN
VP 0010C,0,MAIN
VP 0012,0,MAIN
VP 0025,0,MAIN
VP 0026,0,MAIN
VR 0002,0,MAIN
WH 0001,15,MAIN
WH 0002,0,MAIN
WH 0004,0,MAIN
WH 1423,0,MAIN
WH 1423M-24V,0,MAIN
WP 10001C,0,MAIN
WP 10002C,0,MAIN
WP 10003C,0,MAIN
WP 10004C,0,MAIN
WP 10007C,0,MAIN
WP 10008C,0,MAIN
WP 10009C,0,MAIN
WP 10010C,0,MAIN
WP 10011C,0,MAIN
WP 10014C,0,MAIN
WP 10016C,0,MAIN
WP 10017C,0,MAIN
WP 10020C,0,MAIN
WP 10021C,0,MAIN
WP 10022C,0,MAIN
WP 10023C,0,MAIN
WP 10024C,0,MAIN
WP 10025C,0,MAIN
WP 10026C,0,MAIN
WP 10028C,0,MAIN
WP 10030C,0,MAIN
WP 10035C,0,MAIN
WP 10038C,0,MAIN
WP 10039C,0,MAIN
WP 10040C,0,MAIN
WP 10041C,0,MAIN
WP 10043C,0,MAIN
WP 10044C,0,MAIN
WP 10045C,0,MAIN
WP 10047C,0,MAIN
WP 10048C,0,MAIN
WP 10049C,0,MAIN
WP 10050C,0,MAIN
WP 10051C,0,MAIN
WP 10052C,0,MAIN
WP 10055C,0,MAIN
WP 10057C,0,MAIN
WP 10058C,0,MAIN
WP 10061C,0,MAIN
WP 10062C,0,MAIN
WP 10063C,0,MAIN
WP 10065C,0,MAIN
WP 10066C,0,MAIN
WP 10067C,0,MAIN
WP 10068C,0,MAIN
WP 10071C,0,MAIN
WP 10072C,0,MAIN
WP 10074C,0,MAIN
WP 10076C,0,MAIN
WP 10079C,0,MAIN
WP 10081C,0,MAIN
WP 10085C,0,MAIN
WP 10086C,0,MAIN
WP 10087C,0,MAIN
WP 10089C,0,MAIN
WP 10090C,0,MAIN
WP 10091C,0,MAIN
WP 10098C,0,MAIN
WP 10109C,0,MAIN
WP 10111C,0,MAIN
WP 10112C,0,MAIN
WP 10113C,0,MAIN
WP 10114C,0,MAIN
WP 10115C,0,MAIN
WP 10121C,0,MAIN
WP 10122C,0,MAIN
WP 10123C,0,MAIN
WP 10124C,0,MAIN
WP 10125C,0,MAIN
WP 10129C,0,MAIN
WP 10135C,0,MAIN
WP 10138C,0,MAIN
WP 10140C,0,MAIN
WP 10141C,0,MAIN
WP 10142C,0,MAIN
WP 10145C,0,MAIN
WP 10146C,0,MAIN
WP 10147C,0,MAIN
WP 10148C,0,MAIN
WP 10150C,0,MAIN
WP 10152C,0,MAIN
WP 10153C,0,MAIN
WP 10157C,0,MAIN
WP 10160C,0,MAIN
WP 10161C,0,MAIN
WP 10164C,0,MAIN
WP 10165C,0,MAIN
WP 10166C,0,MAIN
WP 10168C,0,MAIN
WP 10169C,0,MAIN
WP 10171C,0,MAIN
WP 10172C,0,MAIN
WP 10173C,0,MAIN
WP 10176C,0,MAIN
WP 10178C,0,MAIN
WP 10181C,0,MAIN
WP 10183C,0,MAIN
WP 10186C,0,MAIN
WP 10187C,0,MAIN
WP 10190C,0,MAIN
WP 10193C,0,MAIN
WP 10194C,0,MAIN
WP 10195C,0,MAIN
WP 10197C,0,MAIN
WP 10198C,0,MAIN
WP 10199C,0,MAIN
WP 10200C,0,MAIN
WP 10202C,0,MAIN
WP 10203C,0,MAIN
WP 10205C,0,MAIN
WP 10226C,0,MAIN
WP 10227C,0,MAIN
WP 10228C,0,MAIN
WP 10229C,0,MAIN
WP 10230C,0,MAIN
WP 10231C,0,MAIN
WP 10232C,0,MAIN
WP 10234C,0,MAIN
WP 10235C,0,MAIN
WP 10236C,0,MAIN
WP 10237C,0,MAIN
WP 10238C,0,MAIN
WP 10239C,0,MAIN
WP 10240C,0,MAIN
WP 10241C,0,MAIN
WP 10242C,0,MAIN
WP 10243C,0,MAIN
WP 10244C,0,MAIN
WP 10246C,0,MAIN
WP 10250C,0,MAIN
WP 10252C,0,MAIN
WP 10254C,0,MAIN
WP 10255C,0,MAIN
WP 10257C,0,MAIN
WP 10258C,0,MAIN
WP 10259C,0,MAIN
WP 10260C,0,MAIN
WP 10261C,0,MAIN
WP 10262C,0,MAIN
WP 10263C,0,MAIN
WP 10264C,0,MAIN
WP 10265C,0,MAIN
WP 10267C,0,MAIN
WP 10268C,0,MAIN
WP 10269C,0,MAIN
WP 10270C,0,MAIN
WP 10271C,0,MAIN
WP 10272C,0,MAIN
WP 10273C,0,MAIN
WP 10274C,0,MAIN
WP 10275C,0,MAIN
WP 10277C,0,MAIN
WP 10278C,0,MAIN
WP 10279C,0,MAIN
WP 10280C,0,MAIN
WP 10282C,0,MAIN
WP 10283C,0,MAIN
WP 10285C,0,MAIN
WP 10287C,0,MAIN
WP 10288C,0,MAIN
WP 10290C,0,MAIN
WP 10291C,0,MAIN
WP 10294C,0,MAIN
WP 10295C,0,MAIN
WP 10296C,0,MAIN
WP 10297C,0,MAIN
WP 10298C,0,MAIN
WP 10299C,0,MAIN
WP 10300C,0,MAIN
WP 10301C,0,MAIN
WP 10302C,0,MAIN
WP 10304C,0,MAIN
WP 10305C,0,MAIN
WP 10306C,0,MAIN
WP 10307C,0,MAIN
WP 10308C,0,MAIN
WP 10309C,0,MAIN
